pair_id,split,fold,image_a,image_b,identity_a,identity_b,same_identity,cosine_similarity,euclidean_distance,valid
dev_train_0001,dev_train,,Aaron_Peirsol_0001,Aaron_Peirsol_0002,Aaron_Peirsol,Aaron_Peirsol,true,0.7938807606697083,0.6420580744743347,True
dev_train_0002,dev_train,,Aaron_Peirsol_0003,Aaron_Peirsol_0004,Aaron_Peirsol,Aaron_Peirsol,true,0.6541827321052551,0.831645667552948,True
dev_train_0003,dev_train,,Aaron_Sorkin_0001,Aaron_Sorkin_0002,Aaron_Sorkin,Aaron_Sorkin,true,0.6737658381462097,0.807755172252655,True
dev_train_0004,dev_train,,Abdel_Nasser_Assidi_0001,Abdel_Nasser_Assidi_0002,Abdel_Nasser_Assidi,Abdel_Nasser_Assidi,true,0.8411042094230652,0.5637300610542297,True
dev_train_0005,dev_train,,Abdullah_0001,Abdullah_0003,Abdullah,Abdullah,true,0.7044191956520081,0.7688702940940857,True
dev_train_0006,dev_train,,Abdullah_0002,Abdullah_0004,Abdullah,Abdullah,true,0.7406425476074219,0.7202187180519104,True
dev_train_0007,dev_train,,Abdullah_al-Attiyah_0001,Abdullah_al-Attiyah_0003,Abdullah_al-Attiyah,Abdullah_al-Attiyah,true,0.7802041172981262,0.663017213344574,True
dev_train_0008,dev_train,,Abdullah_al-Attiyah_0002,Abdullah_al-Attiyah_0003,Abdullah_al-Attiyah,Abdullah_al-Attiyah,true,0.8462359309196472,0.5545523166656494,True
dev_train_0009,dev_train,,Abel_Pacheco_0001,Abel_Pacheco_0004,Abel_Pacheco,Abel_Pacheco,true,0.7085217237472534,0.7635159492492676,True
dev_train_0010,dev_train,,Abel_Pacheco_0003,Abel_Pacheco_0004,Abel_Pacheco,Abel_Pacheco,true,0.6750249266624451,0.8061949014663696,True
dev_train_0011,dev_train,,Adam_Sandler_0001,Adam_Sandler_0003,Adam_Sandler,Adam_Sandler,true,0.7028400301933289,0.7709214687347412,True
dev_train_0012,dev_train,,Adam_Sandler_0001,Adam_Sandler_0004,Adam_Sandler,Adam_Sandler,true,0.5865103006362915,0.9093841910362244,True
dev_train_0013,dev_train,,Adam_Sandler_0002,Adam_Sandler_0004,Adam_Sandler,Adam_Sandler,true,0.6225718259811401,0.8688247203826904,True
dev_train_0014,dev_train,,Adam_Scott_0001,Adam_Scott_0002,Adam_Scott,Adam_Scott,true,0.4184272289276123,1.078492283821106,True
dev_train_0015,dev_train,,Adolfo_Aguilar_Zinser_0001,Adolfo_Aguilar_Zinser_0003,Adolfo_Aguilar_Zinser,Adolfo_Aguilar_Zinser,true,0.7014022469520569,0.7727841734886169,True
dev_train_0016,dev_train,,Ahmed_Chalabi_0002,Ahmed_Chalabi_0004,Ahmed_Chalabi,Ahmed_Chalabi,true,0.7814985513687134,0.6610618829727173,True
dev_train_0017,dev_train,,Ai_Sugiyama_0002,Ai_Sugiyama_0004,Ai_Sugiyama,Ai_Sugiyama,true,0.7202599048614502,0.7479841113090515,True
dev_train_0018,dev_train,,Aicha_El_Ouafi_0001,Aicha_El_Ouafi_0003,Aicha_El_Ouafi,Aicha_El_Ouafi,true,0.6775714159011841,0.8030300140380859,True
dev_train_0019,dev_train,,Aicha_El_Ouafi_0002,Aicha_El_Ouafi_0003,Aicha_El_Ouafi,Aicha_El_Ouafi,true,0.7004876136779785,0.7739669680595398,True
dev_train_0020,dev_train,,Akbar_Hashemi_Rafsanjani_0001,Akbar_Hashemi_Rafsanjani_0003,Akbar_Hashemi_Rafsanjani,Akbar_Hashemi_Rafsanjani,true,0.7343147993087769,0.7289517521858215,True
dev_train_0021,dev_train,,Akhmed_Zakayev_0001,Akhmed_Zakayev_0003,Akhmed_Zakayev,Akhmed_Zakayev,true,0.8323780298233032,0.5790025591850281,True
dev_train_0022,dev_train,,Akhmed_Zakayev_0002,Akhmed_Zakayev_0003,Akhmed_Zakayev,Akhmed_Zakayev,true,0.8057570457458496,0.6232864856719971,True
dev_train_0023,dev_train,,Al_Gore_0001,Al_Gore_0003,Al_Gore,Al_Gore,true,0.6284322142601013,0.8620530962944031,True
dev_train_0024,dev_train,,Alan_Ball_0001,Alan_Ball_0002,Alan_Ball,Alan_Ball,true,0.9009085893630981,0.44517722725868225,True
dev_train_0025,dev_train,,Alberto_Fujimori_0001,Alberto_Fujimori_0002,Alberto_Fujimori,Alberto_Fujimori,true,0.6233671307563782,0.8679088950157166,True
dev_train_0026,dev_train,,Alberto_Ruiz_Gallardon_0001,Alberto_Ruiz_Gallardon_0002,Alberto_Ruiz_Gallardon,Alberto_Ruiz_Gallardon,true,0.6633522510528564,0.8205459713935852,True
dev_train_0027,dev_train,,Albrecht_Mentz_0001,Albrecht_Mentz_0002,Albrecht_Mentz,Albrecht_Mentz,true,0.7962484359741211,0.6383598446846008,True
dev_train_0028,dev_train,,Alec_Baldwin_0001,Alec_Baldwin_0002,Alec_Baldwin,Alec_Baldwin,true,0.6827496290206909,0.7965555787086487,True
dev_train_0029,dev_train,,Alec_Baldwin_0001,Alec_Baldwin_0004,Alec_Baldwin,Alec_Baldwin,true,0.7458370923995972,0.7129697799682617,True
dev_train_0030,dev_train,,Alec_Baldwin_0002,Alec_Baldwin_0003,Alec_Baldwin,Alec_Baldwin,true,0.5375615954399109,0.9617051482200623,True
dev_train_0031,dev_train,,Alec_Baldwin_0003,Alec_Baldwin_0004,Alec_Baldwin,Alec_Baldwin,true,0.6158419847488403,0.8765363693237305,True
dev_train_0032,dev_train,,Alejandro_Toledo_0020,Alejandro_Toledo_0038,Alejandro_Toledo,Alejandro_Toledo,true,0.7478303909301758,0.7101684212684631,True
dev_train_0033,dev_train,,Alex_Barros_0001,Alex_Barros_0002,Alex_Barros,Alex_Barros,true,0.4406789541244507,1.0576589107513428,True
dev_train_0034,dev_train,,Alex_Sink_0002,Alex_Sink_0003,Alex_Sink,Alex_Sink,true,0.6824021935462952,0.7969915866851807,True
dev_train_0035,dev_train,,Alexandra_Stevenson_0001,Alexandra_Stevenson_0002,Alexandra_Stevenson,Alexandra_Stevenson,true,0.700884997844696,0.7734533548355103,True
dev_train_0036,dev_train,,Alexandra_Stevenson_0001,Alexandra_Stevenson_0003,Alexandra_Stevenson,Alexandra_Stevenson,true,0.7368844747543335,0.7254178524017334,True
dev_train_0037,dev_train,,Alexandra_Vodjanikova_0001,Alexandra_Vodjanikova_0002,Alexandra_Vodjanikova,Alexandra_Vodjanikova,true,0.5555474758148193,0.9428176283836365,True
dev_train_0038,dev_train,,Ali_Abbas_0001,Ali_Abbas_0002,Ali_Abbas,Ali_Abbas,true,0.6571828722953796,0.8280304074287415,True
dev_train_0039,dev_train,,Ali_Khamenei_0001,Ali_Khamenei_0002,Ali_Khamenei,Ali_Khamenei,true,0.7649410367012024,0.6856515407562256,True
dev_train_0040,dev_train,,Alice_Fisher_0001,Alice_Fisher_0002,Alice_Fisher,Alice_Fisher,true,0.8231199979782104,0.5947772860527039,True
dev_train_0041,dev_train,,Alicia_Silverstone_0001,Alicia_Silverstone_0002,Alicia_Silverstone,Alicia_Silverstone,true,0.4881493151187897,1.0117813348770142,True
dev_train_0042,dev_train,,Alimzhan_Tokhtakhounov_0001,Alimzhan_Tokhtakhounov_0002,Alimzhan_Tokhtakhounov,Alimzhan_Tokhtakhounov,true,0.8217941522598267,0.5970023274421692,True
dev_train_0043,dev_train,,Alison_Lohman_0001,Alison_Lohman_0002,Alison_Lohman,Alison_Lohman,true,0.5257795453071594,0.973879337310791,True
dev_train_0044,dev_train,,Alvaro_Noboa_0001,Alvaro_Noboa_0002,Alvaro_Noboa,Alvaro_Noboa,true,0.612697422504425,0.8801165223121643,True
dev_train_0045,dev_train,,Alvaro_Noboa_0002,Alvaro_Noboa_0003,Alvaro_Noboa,Alvaro_Noboa,true,0.6854746341705322,0.7931272387504578,True
dev_train_0046,dev_train,,Alvaro_Silva_Calderon_0003,Alvaro_Silva_Calderon_0004,Alvaro_Silva_Calderon,Alvaro_Silva_Calderon,true,0.7632731795310974,0.6880798935890198,True
dev_train_0047,dev_train,,Amanda_Beard_0001,Amanda_Beard_0002,Amanda_Beard,Amanda_Beard,true,0.7504938244819641,0.7064082026481628,True
dev_train_0048,dev_train,,Amber_Tamblyn_0001,Amber_Tamblyn_0002,Amber_Tamblyn,Amber_Tamblyn,true,0.6708105206489563,0.8114055395126343,True
dev_train_0049,dev_train,,Amelia_Vega_0002,Amelia_Vega_0004,Amelia_Vega,Amelia_Vega,true,0.7115201354026794,0.7595787048339844,True
dev_train_0050,dev_train,,Amelia_Vega_0005,Amelia_Vega_0007,Amelia_Vega,Amelia_Vega,true,0.6671298742294312,0.8159291744232178,True
dev_train_0051,dev_train,,Amelia_Vega_0006,Amelia_Vega_0007,Amelia_Vega,Amelia_Vega,true,0.619091272354126,0.872821569442749,True
dev_train_0052,dev_train,,Amer_al-Saadi_0001,Amer_al-Saadi_0002,Amer_al-Saadi,Amer_al-Saadi,true,0.7413613796234131,0.7192198634147644,True
dev_train_0053,dev_train,,Ana_Guevara_0001,Ana_Guevara_0005,Ana_Guevara,Ana_Guevara,true,0.7228537797927856,0.7445082068443298,True
dev_train_0054,dev_train,,Ana_Guevara_0001,Ana_Guevara_0006,Ana_Guevara,Ana_Guevara,true,0.7043904662132263,0.7689077854156494,True
dev_train_0055,dev_train,,Ana_Guevara_0002,Ana_Guevara_0006,Ana_Guevara,Ana_Guevara,true,0.6895145177841187,0.7880170941352844,True
dev_train_0056,dev_train,,Ana_Guevara_0003,Ana_Guevara_0006,Ana_Guevara,Ana_Guevara,true,0.7330329418182373,0.7307080626487732,True
dev_train_0057,dev_train,,Anastasia_Myskina_0001,Anastasia_Myskina_0002,Anastasia_Myskina,Anastasia_Myskina,true,0.6427904963493347,0.8452332019805908,True
dev_train_0058,dev_train,,Anastasia_Myskina_0002,Anastasia_Myskina_0003,Anastasia_Myskina,Anastasia_Myskina,true,0.6776810884475708,0.8028934001922607,True
dev_train_0059,dev_train,,Anders_Fogh_Rasmussen_0001,Anders_Fogh_Rasmussen_0002,Anders_Fogh_Rasmussen,Anders_Fogh_Rasmussen,true,0.6677922010421753,0.8151170611381531,True
dev_train_0060,dev_train,,Anders_Fogh_Rasmussen_0003,Anders_Fogh_Rasmussen_0004,Anders_Fogh_Rasmussen,Anders_Fogh_Rasmussen,true,0.701323390007019,0.7728864550590515,True
dev_train_0061,dev_train,,Andre_Agassi_0009,Andre_Agassi_0018,Andre_Agassi,Andre_Agassi,true,0.5896593332290649,0.9059146642684937,True
dev_train_0062,dev_train,,Andrew_Weissmann_0001,Andrew_Weissmann_0003,Andrew_Weissmann,Andrew_Weissmann,true,0.814592182636261,0.6089465022087097,True
dev_train_0063,dev_train,,Andy_Roddick_0003,Andy_Roddick_0015,Andy_Roddick,Andy_Roddick,true,0.6292209625244141,0.8611375689506531,True
dev_train_0064,dev_train,,Andy_Roddick_0009,Andy_Roddick_0014,Andy_Roddick,Andy_Roddick,true,0.44505345821380615,1.0535145998001099,True
dev_train_0065,dev_train,,Andy_Roddick_0012,Andy_Roddick_0015,Andy_Roddick,Andy_Roddick,true,0.5555470585823059,0.9428179860115051,True
dev_train_0066,dev_train,,Angela_Bassett_0002,Angela_Bassett_0006,Angela_Bassett,Angela_Bassett,true,0.5351561307907104,0.9642032384872437,True
dev_train_0067,dev_train,,Angelina_Jolie_0003,Angelina_Jolie_0015,Angelina_Jolie,Angelina_Jolie,true,0.7711085677146912,0.6765965819358826,True
dev_train_0068,dev_train,,Angelina_Jolie_0004,Angelina_Jolie_0016,Angelina_Jolie,Angelina_Jolie,true,0.4780814051628113,1.0216834545135498,True
dev_train_0069,dev_train,,Angelina_Jolie_0008,Angelina_Jolie_0015,Angelina_Jolie,Angelina_Jolie,true,0.646183431148529,0.841209352016449,True
dev_train_0070,dev_train,,Angelina_Jolie_0009,Angelina_Jolie_0017,Angelina_Jolie,Angelina_Jolie,true,0.6155956983566284,0.8768174052238464,True
dev_train_0071,dev_train,,Angelina_Jolie_0016,Angelina_Jolie_0017,Angelina_Jolie,Angelina_Jolie,true,0.6495663523674011,0.8371781706809998,True
dev_train_0072,dev_train,,Anibal_Ibarra_0002,Anibal_Ibarra_0003,Anibal_Ibarra,Anibal_Ibarra,true,0.7237392067909241,0.7433179020881653,True
dev_train_0073,dev_train,,Anna_Kournikova_0005,Anna_Kournikova_0009,Anna_Kournikova,Anna_Kournikova,true,0.4905754327774048,1.009380578994751,True
dev_train_0074,dev_train,,Annette_Bening_0001,Annette_Bening_0002,Annette_Bening,Annette_Bening,true,0.7685278654098511,0.6804000735282898,True
dev_train_0075,dev_train,,Anthony_Hopkins_0001,Anthony_Hopkins_0002,Anthony_Hopkins,Anthony_Hopkins,true,0.6955464482307434,0.7803249359130859,True
dev_train_0076,dev_train,,Antonio_Banderas_0002,Antonio_Banderas_0003,Antonio_Banderas,Antonio_Banderas,true,0.48357588052749634,1.0162913799285889,True
dev_train_0077,dev_train,,Antonio_Banderas_0002,Antonio_Banderas_0004,Antonio_Banderas,Antonio_Banderas,true,0.4944821894168854,1.005502700805664,True
dev_train_0078,dev_train,,Antony_Leung_0002,Antony_Leung_0003,Antony_Leung,Antony_Leung,true,0.6613852381706238,0.8229396939277649,True
dev_train_0079,dev_train,,Anwar_Ibrahim_0001,Anwar_Ibrahim_0002,Anwar_Ibrahim,Anwar_Ibrahim,true,0.6085066795349121,0.8848653435707092,True
dev_train_0080,dev_train,,Arantxa_Sanchez-Vicario_0001,Arantxa_Sanchez-Vicario_0002,Arantxa_Sanchez-Vicario,Arantxa_Sanchez-Vicario,true,0.71714186668396,0.7521411180496216,True
dev_train_0081,dev_train,,Ari_Fleischer_0001,Ari_Fleischer_0013,Ari_Fleischer,Ari_Fleischer,true,0.7139507532119751,0.7563720345497131,True
dev_train_0082,dev_train,,Ari_Fleischer_0002,Ari_Fleischer_0004,Ari_Fleischer,Ari_Fleischer,true,0.7155866622924805,0.7542058825492859,True
dev_train_0083,dev_train,,Ari_Fleischer_0004,Ari_Fleischer_0006,Ari_Fleischer,Ari_Fleischer,true,0.6528647541999817,0.8332290053367615,True
dev_train_0084,dev_train,,Ari_Fleischer_0008,Ari_Fleischer_0013,Ari_Fleischer,Ari_Fleischer,true,0.7278624176979065,0.7377500534057617,True
dev_train_0085,dev_train,,Arianna_Huffington_0001,Arianna_Huffington_0002,Arianna_Huffington,Arianna_Huffington,true,0.48931562900543213,1.0106279850006104,True
dev_train_0086,dev_train,,Arianna_Huffington_0002,Arianna_Huffington_0003,Arianna_Huffington,Arianna_Huffington,true,0.6726505756378174,0.8091347217559814,True
dev_train_0087,dev_train,,Arminio_Fraga_0002,Arminio_Fraga_0006,Arminio_Fraga,Arminio_Fraga,true,0.6856349110603333,0.7929251790046692,True
dev_train_0088,dev_train,,Arnold_Palmer_0001,Arnold_Palmer_0002,Arnold_Palmer,Arnold_Palmer,true,0.7124024629592896,0.7584161758422852,True
dev_train_0089,dev_train,,Arnold_Palmer_0001,Arnold_Palmer_0003,Arnold_Palmer,Arnold_Palmer,true,0.7023447155952454,0.771563708782196,True
dev_train_0090,dev_train,,Arnoldo_Aleman_0001,Arnoldo_Aleman_0003,Arnoldo_Aleman,Arnoldo_Aleman,true,0.7142599821090698,0.7559629678726196,True
dev_train_0091,dev_train,,Arnoldo_Aleman_0002,Arnoldo_Aleman_0004,Arnoldo_Aleman,Arnoldo_Aleman,true,0.7079926133155823,0.7642086744308472,True
dev_train_0092,dev_train,,Aron_Ralston_0001,Aron_Ralston_0002,Aron_Ralston,Aron_Ralston,true,0.09730282425880432,1.3436496257781982,True
dev_train_0093,dev_train,,Art_Hoffmann_0001,Art_Hoffmann_0002,Art_Hoffmann,Art_Hoffmann,true,0.849340558052063,0.5489253401756287,True
dev_train_0094,dev_train,,Arturo_Gatti_0001,Arturo_Gatti_0002,Arturo_Gatti,Arturo_Gatti,true,0.683431088924408,0.7956995964050293,True
dev_train_0095,dev_train,,Arturo_Gatti_0002,Arturo_Gatti_0003,Arturo_Gatti,Arturo_Gatti,true,0.7326300740242004,0.7312591075897217,True
dev_train_0096,dev_train,,Arye_Mekel_0001,Arye_Mekel_0002,Arye_Mekel,Arye_Mekel,true,0.8251135349273682,0.5914162397384644,True
dev_train_0097,dev_train,,Asa_Hutchinson_0001,Asa_Hutchinson_0002,Asa_Hutchinson,Asa_Hutchinson,true,0.6011366844177246,0.8931555151939392,True
dev_train_0098,dev_train,,Atal_Bihari_Vajpayee_0010,Atal_Bihari_Vajpayee_0020,Atal_Bihari_Vajpayee,Atal_Bihari_Vajpayee,true,0.49605339765548706,1.0039387941360474,True
dev_train_0099,dev_train,,Atal_Bihari_Vajpayee_0017,Atal_Bihari_Vajpayee_0024,Atal_Bihari_Vajpayee,Atal_Bihari_Vajpayee,true,0.6688873767852783,0.8137722611427307,True
dev_train_0100,dev_train,,Augusto_Roa_Bastos_0001,Augusto_Roa_Bastos_0002,Augusto_Roa_Bastos,Augusto_Roa_Bastos,true,0.6285243034362793,0.8619463443756104,True
dev_train_0101,dev_train,,Azra_Akin_0001,Azra_Akin_0004,Azra_Akin,Azra_Akin,true,0.831279993057251,0.5808958411216736,True
dev_train_0102,dev_train,,Barbara_Walters_0001,Barbara_Walters_0003,Barbara_Walters,Barbara_Walters,true,0.7477043271064758,0.710345983505249,True
dev_train_0103,dev_train,,Barbara_Walters_0001,Barbara_Walters_0004,Barbara_Walters,Barbara_Walters,true,0.6344197392463684,0.855079174041748,True
dev_train_0104,dev_train,,Barbara_Walters_0003,Barbara_Walters_0004,Barbara_Walters,Barbara_Walters,true,0.5954421162605286,0.8995086550712585,True
dev_train_0105,dev_train,,Barbra_Streisand_0001,Barbra_Streisand_0002,Barbra_Streisand,Barbra_Streisand,true,0.5678503513336182,0.9296770691871643,True
dev_train_0106,dev_train,,Barbra_Streisand_0002,Barbra_Streisand_0003,Barbra_Streisand,Barbra_Streisand,true,0.6699426770210266,0.8124743700027466,True
dev_train_0107,dev_train,,Barrett_Jackman_0001,Barrett_Jackman_0002,Barrett_Jackman,Barrett_Jackman,true,0.8585276007652283,0.5319255590438843,True
dev_train_0108,dev_train,,Barry_Zito_0001,Barry_Zito_0002,Barry_Zito,Barry_Zito,true,0.5673567056655884,0.9302079081535339,True
dev_train_0109,dev_train,,Bashar_Assad_0001,Bashar_Assad_0003,Bashar_Assad,Bashar_Assad,true,0.7022414207458496,0.7716976404190063,True
dev_train_0110,dev_train,,Bashar_Assad_0003,Bashar_Assad_0004,Bashar_Assad,Bashar_Assad,true,0.7787073254585266,0.6652708649635315,True
dev_train_0111,dev_train,,Ben_Glisan_0001,Ben_Glisan_0002,Ben_Glisan,Ben_Glisan,true,0.6742866039276123,0.8071101307868958,True
dev_train_0112,dev_train,,Ben_Howland_0001,Ben_Howland_0002,Ben_Howland,Ben_Howland,true,0.7533998489379883,0.702282190322876,True
dev_train_0113,dev_train,,Benazir_Bhutto_0001,Benazir_Bhutto_0002,Benazir_Bhutto,Benazir_Bhutto,true,0.8038660883903503,0.6263129115104675,True
dev_train_0114,dev_train,,Benazir_Bhutto_0002,Benazir_Bhutto_0005,Benazir_Bhutto,Benazir_Bhutto,true,0.5059928894042969,0.993989109992981,True
dev_train_0115,dev_train,,Bernard_Landry_0001,Bernard_Landry_0002,Bernard_Landry,Bernard_Landry,true,0.6093987822532654,0.8838566541671753,True
dev_train_0116,dev_train,,Bernard_Landry_0001,Bernard_Landry_0004,Bernard_Landry,Bernard_Landry,true,0.6093714237213135,0.8838875889778137,True
dev_train_0117,dev_train,,Bernard_Law_0001,Bernard_Law_0002,Bernard_Law,Bernard_Law,true,0.7443978786468506,0.7149855494499207,True
dev_train_0118,dev_train,,Bernard_Law_0002,Bernard_Law_0005,Bernard_Law,Bernard_Law,true,0.6772295236587524,0.803455650806427,True
dev_train_0119,dev_train,,Bernardo_Segura_0001,Bernardo_Segura_0002,Bernardo_Segura,Bernardo_Segura,true,0.08102568238973618,1.3557096719741821,True
dev_train_0120,dev_train,,Beth_Jones_0001,Beth_Jones_0002,Beth_Jones,Beth_Jones,true,0.4830043613910675,1.0168535709381104,True
dev_train_0121,dev_train,,Bijan_Darvish_0001,Bijan_Darvish_0003,Bijan_Darvish,Bijan_Darvish,true,0.6710668206214905,0.8110895752906799,True
dev_train_0122,dev_train,,Bijan_Namdar_Zangeneh_0001,Bijan_Namdar_Zangeneh_0002,Bijan_Namdar_Zangeneh,Bijan_Namdar_Zangeneh,true,0.8528739809989929,0.5424500107765198,True
dev_train_0123,dev_train,,Bill_Belichick_0001,Bill_Belichick_0002,Bill_Belichick,Bill_Belichick,true,0.745830237865448,0.7129793167114258,True
dev_train_0124,dev_train,,Bill_Callahan_0001,Bill_Callahan_0002,Bill_Callahan,Bill_Callahan,true,0.6200635433197021,0.8717069625854492,True
dev_train_0125,dev_train,,Bill_Callahan_0001,Bill_Callahan_0003,Bill_Callahan,Bill_Callahan,true,0.7456393241882324,0.7132470607757568,True
dev_train_0126,dev_train,,Bill_Clinton_0004,Bill_Clinton_0020,Bill_Clinton,Bill_Clinton,true,0.6690804362297058,0.8135350346565247,True
dev_train_0127,dev_train,,Bill_Gates_0003,Bill_Gates_0011,Bill_Gates,Bill_Gates,true,0.6246818900108337,0.8663927316665649,True
dev_train_0128,dev_train,,Bill_Gates_0004,Bill_Gates_0015,Bill_Gates,Bill_Gates,true,0.6391453146934509,0.8495348691940308,True
dev_train_0129,dev_train,,Bill_Graham_0001,Bill_Graham_0007,Bill_Graham,Bill_Graham,true,0.5539120435714722,0.9445506930351257,True
dev_train_0130,dev_train,,Bill_Graham_0008,Bill_Graham_0009,Bill_Graham,Bill_Graham,true,0.7003095746040344,0.7741968035697937,True
dev_train_0131,dev_train,,Bill_Nelson_0001,Bill_Nelson_0002,Bill_Nelson,Bill_Nelson,true,0.7781813144683838,0.6660610437393188,True
dev_train_0132,dev_train,,Bill_Simon_0004,Bill_Simon_0015,Bill_Simon,Bill_Simon,true,0.49900421500205994,1.000995397567749,True
dev_train_0133,dev_train,,Bill_Simon_0005,Bill_Simon_0013,Bill_Simon,Bill_Simon,true,0.5288177132606506,0.9707546830177307,True
dev_train_0134,dev_train,,Billy_Crystal_0003,Billy_Crystal_0005,Billy_Crystal,Billy_Crystal,true,0.5631465315818787,0.9347229599952698,True
dev_train_0135,dev_train,,Billy_Crystal_0003,Billy_Crystal_0006,Billy_Crystal,Billy_Crystal,true,0.5447046160697937,0.95424884557724,True
dev_train_0136,dev_train,,Billy_Crystal_0005,Billy_Crystal_0006,Billy_Crystal,Billy_Crystal,true,0.7249597311019897,0.7416742444038391,True
dev_train_0137,dev_train,,Billy_Graham_0001,Billy_Graham_0002,Billy_Graham,Billy_Graham,true,0.7191542387008667,0.7494609951972961,True
dev_train_0138,dev_train,,Binyamin_Ben-Eliezer_0002,Binyamin_Ben-Eliezer_0005,Binyamin_Ben-Eliezer,Binyamin_Ben-Eliezer,true,0.7006667852401733,0.773735523223877,True
dev_train_0139,dev_train,,Binyamin_Ben-Eliezer_0003,Binyamin_Ben-Eliezer_0007,Binyamin_Ben-Eliezer,Binyamin_Ben-Eliezer,true,0.7191278338432312,0.7494958639144897,True
dev_train_0140,dev_train,,Bo_Ryan_0001,Bo_Ryan_0002,Bo_Ryan,Bo_Ryan,true,0.693336009979248,0.7831526398658752,True
dev_train_0141,dev_train,,Bob_Beauprez_0001,Bob_Beauprez_0002,Bob_Beauprez,Bob_Beauprez,true,0.7403422594070435,0.7206354737281799,True
dev_train_0142,dev_train,,Bob_Geldof_0001,Bob_Geldof_0002,Bob_Geldof,Bob_Geldof,true,0.6788360476493835,0.8014535903930664,True
dev_train_0143,dev_train,,Bob_Graham_0001,Bob_Graham_0005,Bob_Graham,Bob_Graham,true,0.6844412684440613,0.7944290637969971,True
dev_train_0144,dev_train,,Bob_Graham_0001,Bob_Graham_0006,Bob_Graham,Bob_Graham,true,0.7347103357315063,0.7284088730812073,True
dev_train_0145,dev_train,,Bob_Graham_0002,Bob_Graham_0004,Bob_Graham,Bob_Graham,true,0.5799777507781982,0.9165393710136414,True
dev_train_0146,dev_train,,Bob_Graham_0003,Bob_Graham_0005,Bob_Graham,Bob_Graham,true,0.7877292633056641,0.6515684723854065,True
dev_train_0147,dev_train,,Bob_Huggins_0001,Bob_Huggins_0002,Bob_Huggins,Bob_Huggins,true,0.5640234351158142,0.9337842464447021,True
dev_train_0148,dev_train,,Bob_Stoops_0005,Bob_Stoops_0007,Bob_Stoops,Bob_Stoops,true,0.8885002136230469,0.47222837805747986,True
dev_train_0149,dev_train,,Bobby_Robson_0001,Bobby_Robson_0002,Bobby_Robson,Bobby_Robson,true,0.7048203945159912,0.7683483958244324,True
dev_train_0150,dev_train,,Boris_Berezovsky_0001,Boris_Berezovsky_0002,Boris_Berezovsky,Boris_Berezovsky,true,0.7043571472167969,0.7689510583877563,True
dev_train_0151,dev_train,,Branko_Crvenkovski_0001,Branko_Crvenkovski_0003,Branko_Crvenkovski,Branko_Crvenkovski,true,0.608891487121582,0.8844303488731384,True
dev_train_0152,dev_train,,Brendan_Hansen_0001,Brendan_Hansen_0002,Brendan_Hansen,Brendan_Hansen,true,0.6572032570838928,0.8280057907104492,True
dev_train_0153,dev_train,,Brooke_Shields_0001,Brooke_Shields_0002,Brooke_Shields,Brooke_Shields,true,0.6891186237335205,0.7885195016860962,True
dev_train_0154,dev_train,,Bruce_Van_De_Velde_0001,Bruce_Van_De_Velde_0002,Bruce_Van_De_Velde,Bruce_Van_De_Velde,true,0.7477848529815674,0.7102325558662415,True
dev_train_0155,dev_train,,Bruce_Weber_0001,Bruce_Weber_0002,Bruce_Weber,Bruce_Weber,true,0.7272704839706421,0.7385520935058594,True
dev_train_0156,dev_train,,Bud_Selig_0001,Bud_Selig_0002,Bud_Selig,Bud_Selig,true,0.5110377669334412,0.9889006614685059,True
dev_train_0157,dev_train,,Bud_Selig_0001,Bud_Selig_0004,Bud_Selig,Bud_Selig,true,0.6571542024612427,0.8280650973320007,True
dev_train_0158,dev_train,,Bulent_Ecevit_0002,Bulent_Ecevit_0004,Bulent_Ecevit,Bulent_Ecevit,true,0.8928909301757812,0.462837278842926,True
dev_train_0159,dev_train,,Bulent_Ecevit_0002,Bulent_Ecevit_0005,Bulent_Ecevit,Bulent_Ecevit,true,0.8498141765594482,0.5480618476867676,True
dev_train_0160,dev_train,,Bulent_Ecevit_0003,Bulent_Ecevit_0006,Bulent_Ecevit,Bulent_Ecevit,true,0.6698350310325623,0.812606930732727,True
dev_train_0161,dev_train,,Cameron_Diaz_0003,Cameron_Diaz_0004,Cameron_Diaz,Cameron_Diaz,true,0.6857060790061951,0.7928354144096375,True
dev_train_0162,dev_train,,Candie_Kung_0001,Candie_Kung_0002,Candie_Kung,Candie_Kung,true,0.6938121914863586,0.7825442552566528,True
dev_train_0163,dev_train,,Candie_Kung_0002,Candie_Kung_0003,Candie_Kung,Candie_Kung,true,0.6732887029647827,0.8083456158638,True
dev_train_0164,dev_train,,Carla_Myers_0001,Carla_Myers_0002,Carla_Myers,Carla_Myers,true,0.5409547686576843,0.9581704139709473,True
dev_train_0165,dev_train,,Carlos_Menem_0001,Carlos_Menem_0003,Carlos_Menem,Carlos_Menem,true,0.7262675762176514,0.739908754825592,True
dev_train_0166,dev_train,,Carlos_Menem_0006,Carlos_Menem_0012,Carlos_Menem,Carlos_Menem,true,0.74738609790802,0.7107938528060913,True
dev_train_0167,dev_train,,Carlos_Ruiz_0002,Carlos_Ruiz_0003,Carlos_Ruiz,Carlos_Ruiz,true,0.603226900100708,0.8908122181892395,True
dev_train_0168,dev_train,,Carlos_Vives_0001,Carlos_Vives_0002,Carlos_Vives,Carlos_Vives,true,0.8766281604766846,0.4967331886291504,True
dev_train_0169,dev_train,,Carlos_Vives_0002,Carlos_Vives_0003,Carlos_Vives,Carlos_Vives,true,0.8131910562515259,0.6112430691719055,True
dev_train_0170,dev_train,,Carly_Fiorina_0001,Carly_Fiorina_0002,Carly_Fiorina,Carly_Fiorina,true,0.5646739602088928,0.9330874681472778,True
dev_train_0171,dev_train,,Carly_Fiorina_0001,Carly_Fiorina_0003,Carly_Fiorina,Carly_Fiorina,true,0.6080209016799927,0.8854141235351562,True
dev_train_0172,dev_train,,Carmen_Electra_0001,Carmen_Electra_0006,Carmen_Electra,Carmen_Electra,true,0.6941114664077759,0.7821618914604187,True
dev_train_0173,dev_train,,Carol_Moseley_Braun_0001,Carol_Moseley_Braun_0002,Carol_Moseley_Braun,Carol_Moseley_Braun,true,0.5835642218589783,0.9126179814338684,True
dev_train_0174,dev_train,,Carolina_Kluft_0001,Carolina_Kluft_0003,Carolina_Kluft,Carolina_Kluft,true,0.5458877682685852,0.9530081152915955,True
dev_train_0175,dev_train,,Caroline_Kennedy_0001,Caroline_Kennedy_0003,Caroline_Kennedy,Caroline_Kennedy,true,0.8113536238670349,0.6142416000366211,True
dev_train_0176,dev_train,,Carson_Palmer_0002,Carson_Palmer_0004,Carson_Palmer,Carson_Palmer,true,0.6634635329246521,0.8204102516174316,True
dev_train_0177,dev_train,,Cate_Blanchett_0002,Cate_Blanchett_0003,Cate_Blanchett,Cate_Blanchett,true,0.621481716632843,0.8700785636901855,True
dev_train_0178,dev_train,,Cate_Blanchett_0002,Cate_Blanchett_0004,Cate_Blanchett,Cate_Blanchett,true,0.6320728063583374,0.8578195571899414,True
dev_train_0179,dev_train,,Catherine_Deneuve_0002,Catherine_Deneuve_0005,Catherine_Deneuve,Catherine_Deneuve,true,0.6701160669326782,0.8122609853744507,True
dev_train_0180,dev_train,,Catherine_Zeta-Jones_0001,Catherine_Zeta-Jones_0004,Catherine_Zeta-Jones,Catherine_Zeta-Jones,true,0.6016769409179688,0.8925504684448242,True
dev_train_0181,dev_train,,Catherine_Zeta-Jones_0001,Catherine_Zeta-Jones_0008,Catherine_Zeta-Jones,Catherine_Zeta-Jones,true,0.5383412837982178,0.9608941078186035,True
dev_train_0182,dev_train,,Catherine_Zeta-Jones_0004,Catherine_Zeta-Jones_0009,Catherine_Zeta-Jones,Catherine_Zeta-Jones,true,0.5589489936828613,0.9392029047012329,True
dev_train_0183,dev_train,,Catherine_Zeta-Jones_0006,Catherine_Zeta-Jones_0009,Catherine_Zeta-Jones,Catherine_Zeta-Jones,true,0.6378792524337769,0.8510237336158752,True
dev_train_0184,dev_train,,Catherine_Zeta-Jones_0008,Catherine_Zeta-Jones_0010,Catherine_Zeta-Jones,Catherine_Zeta-Jones,true,0.7027168273925781,0.771081268787384,True
dev_train_0185,dev_train,,Cecilia_Bolocco_0001,Cecilia_Bolocco_0003,Cecilia_Bolocco,Cecilia_Bolocco,true,0.5151161551475525,0.9847679138183594,True
dev_train_0186,dev_train,,Cesar_Gaviria_0002,Cesar_Gaviria_0005,Cesar_Gaviria,Cesar_Gaviria,true,0.7074213027954102,0.7649558782577515,True
dev_train_0187,dev_train,,Cesar_Gaviria_0004,Cesar_Gaviria_0008,Cesar_Gaviria,Cesar_Gaviria,true,0.7750654220581055,0.6707229614257812,True
dev_train_0188,dev_train,,Cesar_Gaviria_0006,Cesar_Gaviria_0007,Cesar_Gaviria,Cesar_Gaviria,true,0.705636739730835,0.7672852873802185,True
dev_train_0189,dev_train,,Charles_Grassley_0001,Charles_Grassley_0002,Charles_Grassley,Charles_Grassley,true,0.6565927863121033,0.8287426829338074,True
dev_train_0190,dev_train,,Charles_Moose_0001,Charles_Moose_0003,Charles_Moose,Charles_Moose,true,-0.016454292461276054,1.425801157951355,True
dev_train_0191,dev_train,,Charles_Moose_0004,Charles_Moose_0010,Charles_Moose,Charles_Moose,true,0.7201747298240662,0.7480981349945068,True
dev_train_0192,dev_train,,Charles_Moose_0004,Charles_Moose_0011,Charles_Moose,Charles_Moose,true,0.6532114744186401,0.8328127264976501,True
dev_train_0193,dev_train,,Charles_Schumer_0001,Charles_Schumer_0002,Charles_Schumer,Charles_Schumer,true,0.5705239176750183,0.9267967343330383,True
dev_train_0194,dev_train,,Charlotte_Rampling_0001,Charlotte_Rampling_0002,Charlotte_Rampling,Charlotte_Rampling,true,0.5568280220031738,0.9414584040641785,True
dev_train_0195,dev_train,,Chen_Liang_Yu_0001,Chen_Liang_Yu_0002,Chen_Liang_Yu,Chen_Liang_Yu,true,0.650274932384491,0.8363314270973206,True
dev_train_0196,dev_train,,Cherie_Blair_0001,Cherie_Blair_0002,Cherie_Blair,Cherie_Blair,true,0.4730641543865204,1.0265825986862183,True
dev_train_0197,dev_train,,Cherie_Blair_0001,Cherie_Blair_0003,Cherie_Blair,Cherie_Blair,true,0.5921212434768677,0.9031929969787598,True
dev_train_0198,dev_train,,Cherie_Blair_0002,Cherie_Blair_0004,Cherie_Blair,Cherie_Blair,true,0.5796319246292114,0.9169166684150696,True
dev_train_0199,dev_train,,Cherie_Blair_0003,Cherie_Blair_0004,Cherie_Blair,Cherie_Blair,true,0.6157285571098328,0.8766657114028931,True
dev_train_0200,dev_train,,Choi_Sung-hong_0001,Choi_Sung-hong_0004,Choi_Sung-hong,Choi_Sung-hong,true,0.6135749816894531,0.8791188597679138,True
dev_train_0201,dev_train,,Choi_Sung-hong_0003,Choi_Sung-hong_0004,Choi_Sung-hong,Choi_Sung-hong,true,0.704801619052887,0.7683727145195007,True
dev_train_0202,dev_train,,Chris_Cooper_0001,Chris_Cooper_0002,Chris_Cooper,Chris_Cooper,true,0.6792100071907043,0.8009870052337646,True
dev_train_0203,dev_train,,Chris_Rock_0001,Chris_Rock_0002,Chris_Rock,Chris_Rock,true,0.73589688539505,0.7267779111862183,True
dev_train_0204,dev_train,,Chris_Tucker_0001,Chris_Tucker_0002,Chris_Tucker,Chris_Tucker,true,0.6515737175941467,0.8347769975662231,True
dev_train_0205,dev_train,,Christian_Fittipaldi_0001,Christian_Fittipaldi_0002,Christian_Fittipaldi,Christian_Fittipaldi,true,0.5872806906700134,0.9085365533828735,True
dev_train_0206,dev_train,,Christine_Gregoire_0002,Christine_Gregoire_0003,Christine_Gregoire,Christine_Gregoire,true,0.6888362765312195,0.7888773083686829,True
dev_train_0207,dev_train,,Christopher_Patten_0001,Christopher_Patten_0002,Christopher_Patten,Christopher_Patten,true,0.6283746957778931,0.8621198534965515,True
dev_train_0208,dev_train,,Christopher_Walken_0001,Christopher_Walken_0004,Christopher_Walken,Christopher_Walken,true,0.7678936719894409,0.6813315749168396,True
dev_train_0209,dev_train,,Christopher_Walken_0002,Christopher_Walken_0004,Christopher_Walken,Christopher_Walken,true,0.7347687482833862,0.7283285856246948,True
dev_train_0210,dev_train,,Chuck_Amato_0001,Chuck_Amato_0002,Chuck_Amato,Chuck_Amato,true,0.8264281153678894,0.5891891121864319,True
dev_train_0211,dev_train,,Chuck_Yeager_0001,Chuck_Yeager_0002,Chuck_Yeager,Chuck_Yeager,true,0.8069792985916138,0.6213222742080688,True
dev_train_0212,dev_train,,Chung_Mong-hun_0001,Chung_Mong-hun_0002,Chung_Mong-hun,Chung_Mong-hun,true,0.07296176254749298,1.3616447448730469,True
dev_train_0213,dev_train,,Cindy_Margolis_0001,Cindy_Margolis_0002,Cindy_Margolis,Cindy_Margolis,true,0.6207054853439331,0.8709701895713806,True
dev_train_0214,dev_train,,Ciro_Gomes_0002,Ciro_Gomes_0003,Ciro_Gomes,Ciro_Gomes,true,0.7381346821784973,0.7236924171447754,True
dev_train_0215,dev_train,,Ciro_Gomes_0002,Ciro_Gomes_0004,Ciro_Gomes,Ciro_Gomes,true,0.6828003525733948,0.7964919209480286,True
dev_train_0216,dev_train,,Ciro_Gomes_0003,Ciro_Gomes_0004,Ciro_Gomes,Ciro_Gomes,true,0.681405246257782,0.7982414960861206,True
dev_train_0217,dev_train,,Claire_Hentzen_0001,Claire_Hentzen_0002,Claire_Hentzen,Claire_Hentzen,true,0.8647711873054504,0.5200554728507996,True
dev_train_0218,dev_train,,Clara_Harris_0001,Clara_Harris_0004,Clara_Harris,Clara_Harris,true,0.6967343091964722,0.7788013219833374,True
dev_train_0219,dev_train,,Clara_Harris_0002,Clara_Harris_0004,Clara_Harris,Clara_Harris,true,0.7124877572059631,0.7583037614822388,True
dev_train_0220,dev_train,,Claudia_Pechstein_0001,Claudia_Pechstein_0002,Claudia_Pechstein,Claudia_Pechstein,true,0.6865800619125366,0.7917322516441345,True
dev_train_0221,dev_train,,Claudia_Schiffer_0001,Claudia_Schiffer_0003,Claudia_Schiffer,Claudia_Schiffer,true,0.7959859371185303,0.6387708187103271,True
dev_train_0222,dev_train,,Clint_Eastwood_0001,Clint_Eastwood_0005,Clint_Eastwood,Clint_Eastwood,true,0.7582874298095703,0.6952878832817078,True
dev_train_0223,dev_train,,Clint_Eastwood_0001,Clint_Eastwood_0006,Clint_Eastwood,Clint_Eastwood,true,0.6783968210220337,0.8020015358924866,True
dev_train_0224,dev_train,,Clint_Eastwood_0003,Clint_Eastwood_0006,Clint_Eastwood,Clint_Eastwood,true,0.6645408868789673,0.819096028804779,True
dev_train_0225,dev_train,,Colin_Farrell_0001,Colin_Farrell_0007,Colin_Farrell,Colin_Farrell,true,0.5580458045005798,0.9401640295982361,True
dev_train_0226,dev_train,,Colin_Farrell_0003,Colin_Farrell_0007,Colin_Farrell,Colin_Farrell,true,0.6552848219871521,0.8303195238113403,True
dev_train_0227,dev_train,,Colin_Jackson_0001,Colin_Jackson_0002,Colin_Jackson,Colin_Jackson,true,0.7896521091461182,0.6486107110977173,True
dev_train_0228,dev_train,,Colin_Montgomerie_0002,Colin_Montgomerie_0004,Colin_Montgomerie,Colin_Montgomerie,true,0.5233147144317627,0.976406991481781,True
dev_train_0229,dev_train,,Colin_Montgomerie_0002,Colin_Montgomerie_0005,Colin_Montgomerie,Colin_Montgomerie,true,0.661439836025238,0.8228732943534851,True
dev_train_0230,dev_train,,Colin_Powell_0038,Colin_Powell_0212,Colin_Powell,Colin_Powell,true,0.709643542766571,0.7620453238487244,True
dev_train_0231,dev_train,,Colin_Powell_0074,Colin_Powell_0205,Colin_Powell,Colin_Powell,true,0.7576760053634644,0.6961666941642761,True
dev_train_0232,dev_train,,Colin_Powell_0120,Colin_Powell_0166,Colin_Powell,Colin_Powell,true,0.7368231415748596,0.7255023717880249,True
dev_train_0233,dev_train,,Conan_OBrien_0001,Conan_OBrien_0002,Conan_OBrien,Conan_OBrien,true,0.7001678943634033,0.7743799686431885,True
dev_train_0234,dev_train,,Constance_Marie_0002,Constance_Marie_0003,Constance_Marie,Constance_Marie,true,0.7876220345497131,0.6517330408096313,True
dev_train_0235,dev_train,,Coretta_Scott_King_0002,Coretta_Scott_King_0003,Coretta_Scott_King,Coretta_Scott_King,true,0.839749276638031,0.5661285519599915,True
dev_train_0236,dev_train,,Corinne_Coman_0001,Corinne_Coman_0002,Corinne_Coman,Corinne_Coman,true,0.7765048146247864,0.6685733199119568,True
dev_train_0237,dev_train,,Costas_Simitis_0001,Costas_Simitis_0003,Costas_Simitis,Costas_Simitis,true,0.6243672370910645,0.8667558431625366,True
dev_train_0238,dev_train,,Costas_Simitis_0002,Costas_Simitis_0004,Costas_Simitis,Costas_Simitis,true,-0.028518347069621086,1.4342373609542847,True
dev_train_0239,dev_train,,Cristina_Saralegui_0001,Cristina_Saralegui_0002,Cristina_Saralegui,Cristina_Saralegui,true,0.7043955326080322,0.7689012885093689,True
dev_train_0240,dev_train,,Cruz_Bustamante_0001,Cruz_Bustamante_0004,Cruz_Bustamante,Cruz_Bustamante,true,0.7358503937721252,0.726841926574707,True
dev_train_0241,dev_train,,Dalai_Lama_0001,Dalai_Lama_0002,Dalai_Lama,Dalai_Lama,true,0.8030186891555786,0.6276644468307495,True
dev_train_0242,dev_train,,Dale_Earnhardt_Jr_0001,Dale_Earnhardt_Jr_0002,Dale_Earnhardt_Jr,Dale_Earnhardt_Jr,true,0.6721563339233398,0.8097452521324158,True
dev_train_0243,dev_train,,Dale_Earnhardt_Jr_0001,Dale_Earnhardt_Jr_0003,Dale_Earnhardt_Jr,Dale_Earnhardt_Jr,true,0.5770806074142456,0.9196949601173401,True
dev_train_0244,dev_train,,Damon_van_Dam_0001,Damon_van_Dam_0002,Damon_van_Dam,Damon_van_Dam,true,0.626939058303833,0.8637835383415222,True
dev_train_0245,dev_train,,Dan_Morales_0001,Dan_Morales_0002,Dan_Morales,Dan_Morales,true,0.672587513923645,0.8092126846313477,True
dev_train_0246,dev_train,,Dan_Morales_0001,Dan_Morales_0003,Dan_Morales,Dan_Morales,true,0.6630775332450867,0.8208805918693542,True
dev_train_0247,dev_train,,Daniel_Day-Lewis_0001,Daniel_Day-Lewis_0002,Daniel_Day-Lewis,Daniel_Day-Lewis,true,0.6085774898529053,0.8847852945327759,True
dev_train_0248,dev_train,,Daniel_Day-Lewis_0001,Daniel_Day-Lewis_0003,Daniel_Day-Lewis,Daniel_Day-Lewis,true,0.6098959445953369,0.8832938075065613,True
dev_train_0249,dev_train,,Darrell_Issa_0001,Darrell_Issa_0002,Darrell_Issa,Darrell_Issa,true,0.6452345252037048,0.8423367142677307,True
dev_train_0250,dev_train,,Darrell_Porter_0001,Darrell_Porter_0002,Darrell_Porter,Darrell_Porter,true,0.46014922857284546,1.0390868186950684,True
dev_train_0251,dev_train,,Darren_Clarke_0001,Darren_Clarke_0002,Darren_Clarke,Darren_Clarke,true,0.45525023341178894,1.0437910556793213,True
dev_train_0252,dev_train,,Daryl_Hannah_0001,Daryl_Hannah_0002,Daryl_Hannah,Daryl_Hannah,true,0.6469331979751587,0.8403176665306091,True
dev_train_0253,dev_train,,David_Anderson_0001,David_Anderson_0002,David_Anderson,David_Anderson,true,0.7246258854866028,0.7421243190765381,True
dev_train_0254,dev_train,,David_Anderson_0002,David_Anderson_0004,David_Anderson,David_Anderson,true,0.5729793906211853,0.9241436123847961,True
dev_train_0255,dev_train,,David_Beckham_0004,David_Beckham_0017,David_Beckham,David_Beckham,true,0.6276581883430481,0.8629505038261414,True
dev_train_0256,dev_train,,David_Beckham_0004,David_Beckham_0024,David_Beckham,David_Beckham,true,0.638849139213562,0.8498834371566772,True
dev_train_0257,dev_train,,David_Beckham_0005,David_Beckham_0010,David_Beckham,David_Beckham,true,0.5958784222602844,0.8990232944488525,True
dev_train_0258,dev_train,,David_Caruso_0001,David_Caruso_0002,David_Caruso,David_Caruso,true,0.6719112992286682,0.8100478053092957,True
dev_train_0259,dev_train,,David_Coulthard_0001,David_Coulthard_0002,David_Coulthard,David_Coulthard,true,0.6968478560447693,0.7786555290222168,True
dev_train_0260,dev_train,,David_Dodge_0001,David_Dodge_0002,David_Dodge,David_Dodge,true,0.588788628578186,0.9068753123283386,True
dev_train_0261,dev_train,,David_Heymann_0001,David_Heymann_0002,David_Heymann,David_Heymann,true,0.8115779161453247,0.6138765215873718,True
dev_train_0262,dev_train,,David_Hyde_Pierce_0003,David_Hyde_Pierce_0004,David_Hyde_Pierce,David_Hyde_Pierce,true,0.6053874492645264,0.8883834481239319,True
dev_train_0263,dev_train,,David_Myers_0001,David_Myers_0002,David_Myers,David_Myers,true,0.6472156643867493,0.8399814963340759,True
dev_train_0264,dev_train,,David_Nalbandian_0004,David_Nalbandian_0009,David_Nalbandian,David_Nalbandian,true,0.6305425763130188,0.8596015572547913,True
dev_train_0265,dev_train,,David_Spade_0001,David_Spade_0002,David_Spade,David_Spade,true,0.5635461211204529,0.9342953562736511,True
dev_train_0266,dev_train,,David_Wells_0001,David_Wells_0002,David_Wells,David_Wells,true,0.6770657300949097,0.8036596179008484,True
dev_train_0267,dev_train,,David_Wells_0002,David_Wells_0005,David_Wells,David_Wells,true,0.5549055337905884,0.9434983134269714,True
dev_train_0268,dev_train,,Dean_Barkley_0001,Dean_Barkley_0004,Dean_Barkley,Dean_Barkley,true,0.6716383099555969,0.8103846907615662,True
dev_train_0269,dev_train,,Dean_Barkley_0002,Dean_Barkley_0003,Dean_Barkley,Dean_Barkley,true,0.6751912236213684,0.8059885501861572,True
dev_train_0270,dev_train,,Debbie_Reynolds_0001,Debbie_Reynolds_0003,Debbie_Reynolds,Debbie_Reynolds,true,0.799791157245636,0.6327857971191406,True
dev_train_0271,dev_train,,Debra_Brown_0001,Debra_Brown_0002,Debra_Brown,Debra_Brown,true,0.6924571990966797,0.7842739224433899,True
dev_train_0272,dev_train,,Demi_Moore_0001,Demi_Moore_0002,Demi_Moore,Demi_Moore,true,0.7493972182273865,0.7079588174819946,True
dev_train_0273,dev_train,,Demi_Moore_0002,Demi_Moore_0003,Demi_Moore,Demi_Moore,true,0.5059164762496948,0.9940659403800964,True
dev_train_0274,dev_train,,Demi_Moore_0002,Demi_Moore_0004,Demi_Moore,Demi_Moore,true,0.6102471351623535,0.8828963041305542,True
dev_train_0275,dev_train,,Dennis_Erickson_0001,Dennis_Erickson_0002,Dennis_Erickson,Dennis_Erickson,true,0.7626328468322754,0.6890097260475159,True
dev_train_0276,dev_train,,Dennis_Kucinich_0002,Dennis_Kucinich_0005,Dennis_Kucinich,Dennis_Kucinich,true,0.6445974707603455,0.8430926203727722,True
dev_train_0277,dev_train,,Dennis_Kucinich_0006,Dennis_Kucinich_0007,Dennis_Kucinich,Dennis_Kucinich,true,0.7230899930000305,0.7441907525062561,True
dev_train_0278,dev_train,,Derek_Lowe_0001,Derek_Lowe_0002,Derek_Lowe,Derek_Lowe,true,0.6455242037773132,0.8419927358627319,True
dev_train_0279,dev_train,,Desiree_Lemosi_0001,Desiree_Lemosi_0002,Desiree_Lemosi,Desiree_Lemosi,true,0.6071639657020569,0.8863814473152161,True
dev_train_0280,dev_train,,Dexter_Jackson_0001,Dexter_Jackson_0002,Dexter_Jackson,Dexter_Jackson,true,0.6873337626457214,0.7907796502113342,True
dev_train_0281,dev_train,,Diana_Krall_0001,Diana_Krall_0003,Diana_Krall,Diana_Krall,true,0.6944323182106018,0.7817515134811401,True
dev_train_0282,dev_train,,Diana_Krall_0001,Diana_Krall_0006,Diana_Krall,Diana_Krall,true,0.7155851721763611,0.7542080283164978,True
dev_train_0283,dev_train,,Diana_Krall_0002,Diana_Krall_0004,Diana_Krall,Diana_Krall,true,0.6619952321052551,0.8221979737281799,True
dev_train_0284,dev_train,,Diana_Munz_0002,Diana_Munz_0003,Diana_Munz,Diana_Munz,true,0.7660494446754456,0.6840330958366394,True
dev_train_0285,dev_train,,Dianne_Feinstein_0002,Dianne_Feinstein_0003,Dianne_Feinstein,Dianne_Feinstein,true,0.6328985691070557,0.8568564057350159,True
dev_train_0286,dev_train,,Dick_Cheney_0001,Dick_Cheney_0011,Dick_Cheney,Dick_Cheney,true,0.6777583360671997,0.8027971982955933,True
dev_train_0287,dev_train,,Dick_Cheney_0001,Dick_Cheney_0014,Dick_Cheney,Dick_Cheney,true,0.6813369989395142,0.7983270287513733,True
dev_train_0288,dev_train,,Dolly_Parton_0001,Dolly_Parton_0002,Dolly_Parton,Dolly_Parton,true,0.8078752756118774,0.6198786497116089,True
dev_train_0289,dev_train,,Dolma_Tsering_0001,Dolma_Tsering_0002,Dolma_Tsering,Dolma_Tsering,true,0.8108336925506592,0.615087628364563,True
dev_train_0290,dev_train,,Don_Nickles_0001,Don_Nickles_0002,Don_Nickles,Don_Nickles,true,0.03782720863819122,1.3872078657150269,True
dev_train_0291,dev_train,,Don_Siegelman_0002,Don_Siegelman_0003,Don_Siegelman,Don_Siegelman,true,0.7919009923934937,0.6451342105865479,True
dev_train_0292,dev_train,,Donald_Evans_0001,Donald_Evans_0002,Donald_Evans,Donald_Evans,true,0.7745401859283447,0.6715055704116821,True
dev_train_0293,dev_train,,Donald_Fehr_0003,Donald_Fehr_0004,Donald_Fehr,Donald_Fehr,true,0.7716327905654907,0.6758214235305786,True
dev_train_0294,dev_train,,Doris_Roberts_0001,Doris_Roberts_0002,Doris_Roberts,Doris_Roberts,true,0.7560122609138489,0.6985526084899902,True
dev_train_0295,dev_train,,Doug_Duncan_0001,Doug_Duncan_0002,Doug_Duncan,Doug_Duncan,true,0.7544384002685547,0.7008019685745239,True
dev_train_0296,dev_train,,Drew_Barrymore_0001,Drew_Barrymore_0002,Drew_Barrymore,Drew_Barrymore,true,0.49453455209732056,1.0054506063461304,True
dev_train_0297,dev_train,,Duane_Lee_Chapman_0001,Duane_Lee_Chapman_0002,Duane_Lee_Chapman,Duane_Lee_Chapman,true,0.6902417540550232,0.7870938181877136,True
dev_train_0298,dev_train,,Dwayne_Johnson_0001,Dwayne_Johnson_0002,Dwayne_Johnson,Dwayne_Johnson,true,0.8853372931480408,0.4788794219493866,True
dev_train_0299,dev_train,,Eddy_Merckx_0001,Eddy_Merckx_0002,Eddy_Merckx,Eddy_Merckx,true,0.7947238683700562,0.640743613243103,True
dev_train_0300,dev_train,,Edie_Falco_0001,Edie_Falco_0002,Edie_Falco,Edie_Falco,true,0.4657304286956787,1.0337016582489014,True
dev_train_0301,dev_train,,Edmund_Hillary_0002,Edmund_Hillary_0003,Edmund_Hillary,Edmund_Hillary,true,0.7159130573272705,0.7537730932235718,True
dev_train_0302,dev_train,,Edmund_Stoiber_0002,Edmund_Stoiber_0003,Edmund_Stoiber,Edmund_Stoiber,true,0.6804792284965515,0.7994007468223572,True
dev_train_0303,dev_train,,Eduard_Shevardnadze_0001,Eduard_Shevardnadze_0003,Eduard_Shevardnadze,Eduard_Shevardnadze,true,0.8061761856079102,0.6226136088371277,True
dev_train_0304,dev_train,,Eduard_Shevardnadze_0003,Eduard_Shevardnadze_0004,Eduard_Shevardnadze,Eduard_Shevardnadze,true,0.7738083004951477,0.6725946068763733,True
dev_train_0305,dev_train,,Eduardo_Duhalde_0005,Eduardo_Duhalde_0011,Eduardo_Duhalde,Eduardo_Duhalde,true,0.7375521063804626,0.7244970202445984,True
dev_train_0306,dev_train,,Edward_Kennedy_0001,Edward_Kennedy_0002,Edward_Kennedy,Edward_Kennedy,true,0.6774493455886841,0.8031820058822632,True
dev_train_0307,dev_train,,Edward_Said_0001,Edward_Said_0002,Edward_Said,Edward_Said,true,0.5119084715843201,0.9880197048187256,True
dev_train_0308,dev_train,,Edwina_Currie_0002,Edwina_Currie_0003,Edwina_Currie,Edwina_Currie,true,0.8100622296333313,0.6163404583930969,True
dev_train_0309,dev_train,,Eileen_Coparropa_0002,Eileen_Coparropa_0003,Eileen_Coparropa,Eileen_Coparropa,true,0.73567795753479,0.7270793318748474,True
dev_train_0310,dev_train,,Elena_Bovina_0001,Elena_Bovina_0002,Elena_Bovina,Elena_Bovina,true,0.6616831421852112,0.8225775361061096,True
dev_train_0311,dev_train,,Elijah_Wood_0002,Elijah_Wood_0003,Elijah_Wood,Elijah_Wood,true,0.6450947523117065,0.8425025343894958,True
dev_train_0312,dev_train,,Elizabeth_Dole_0001,Elizabeth_Dole_0003,Elizabeth_Dole,Elizabeth_Dole,true,0.7131595611572266,0.7574172616004944,True
dev_train_0313,dev_train,,Elizabeth_Hurley_0001,Elizabeth_Hurley_0002,Elizabeth_Hurley,Elizabeth_Hurley,true,0.5179309248924255,0.981905460357666,True
dev_train_0314,dev_train,,Elizabeth_Hurley_0002,Elizabeth_Hurley_0003,Elizabeth_Hurley,Elizabeth_Hurley,true,0.5962866544723511,0.8985692262649536,True
dev_train_0315,dev_train,,Elizabeth_Hurley_0004,Elizabeth_Hurley_0005,Elizabeth_Hurley,Elizabeth_Hurley,true,0.6723846197128296,0.8094632625579834,True
dev_train_0316,dev_train,,Elizabeth_Shue_0001,Elizabeth_Shue_0002,Elizabeth_Shue,Elizabeth_Shue,true,0.7064802646636963,0.7661849856376648,True
dev_train_0317,dev_train,,Ellen_DeGeneres_0001,Ellen_DeGeneres_0002,Ellen_DeGeneres,Ellen_DeGeneres,true,0.653486967086792,0.8324819207191467,True
dev_train_0318,dev_train,,Elton_John_0001,Elton_John_0007,Elton_John,Elton_John,true,0.4945526421070099,1.0054326057434082,True
dev_train_0319,dev_train,,Elton_John_0003,Elton_John_0005,Elton_John,Elton_John,true,0.6862200498580933,0.7921867966651917,True
dev_train_0320,dev_train,,Elvis_Presley_0001,Elvis_Presley_0002,Elvis_Presley,Elvis_Presley,true,0.5850692987442017,0.910967230796814,True
dev_train_0321,dev_train,,Emanuel_Ginobili_0002,Emanuel_Ginobili_0004,Emanuel_Ginobili,Emanuel_Ginobili,true,0.6252778172492981,0.8657045364379883,True
dev_train_0322,dev_train,,Emile_Lahoud_0001,Emile_Lahoud_0002,Emile_Lahoud,Emile_Lahoud,true,0.6663116216659546,0.816931426525116,True
dev_train_0323,dev_train,,Emily_Robison_0001,Emily_Robison_0002,Emily_Robison,Emily_Robison,true,0.589140772819519,0.906486988067627,True
dev_train_0324,dev_train,,Emma_Thompson_0001,Emma_Thompson_0002,Emma_Thompson,Emma_Thompson,true,0.5164912939071655,0.9833704233169556,True
dev_train_0325,dev_train,,Emma_Thompson_0001,Emma_Thompson_0003,Emma_Thompson,Emma_Thompson,true,0.48648300766944885,1.0134268999099731,True
dev_train_0326,dev_train,,Emmanuelle_Beart_0001,Emmanuelle_Beart_0002,Emmanuelle_Beart,Emmanuelle_Beart,true,0.7297580242156982,0.7351762056350708,True
dev_train_0327,dev_train,,Emmanuelle_Beart_0002,Emmanuelle_Beart_0003,Emmanuelle_Beart,Emmanuelle_Beart,true,0.6915600895881653,0.7854170203208923,True
dev_train_0328,dev_train,,Emmit_Smith_0001,Emmit_Smith_0002,Emmit_Smith,Emmit_Smith,true,0.8442803621292114,0.5580675601959229,True
dev_train_0329,dev_train,,Enrique_Bolanos_0001,Enrique_Bolanos_0002,Enrique_Bolanos,Enrique_Bolanos,true,0.5548378229141235,0.9435700178146362,True
dev_train_0330,dev_train,,Enrique_Bolanos_0002,Enrique_Bolanos_0005,Enrique_Bolanos,Enrique_Bolanos,true,0.5875563621520996,0.9082330465316772,True
dev_train_0331,dev_train,,Enrique_Bolanos_0004,Enrique_Bolanos_0005,Enrique_Bolanos,Enrique_Bolanos,true,0.5975546836853027,0.8971570134162903,True
dev_train_0332,dev_train,,Eric_Clapton_0001,Eric_Clapton_0002,Eric_Clapton,Eric_Clapton,true,0.6624774932861328,0.8216112852096558,True
dev_train_0333,dev_train,,Eric_Rosser_0001,Eric_Rosser_0002,Eric_Rosser,Eric_Rosser,true,0.7612729072570801,0.6909806132316589,True
dev_train_0334,dev_train,,Erika_Harold_0002,Erika_Harold_0005,Erika_Harold,Erika_Harold,true,0.7822251915931702,0.6599619388580322,True
dev_train_0335,dev_train,,Ernesto_Zedillo_0001,Ernesto_Zedillo_0002,Ernesto_Zedillo,Ernesto_Zedillo,true,0.6540234684944153,0.8318372368812561,True
dev_train_0336,dev_train,,Ernie_Els_0001,Ernie_Els_0003,Ernie_Els,Ernie_Els,true,0.6804800629615784,0.7993997931480408,True
dev_train_0337,dev_train,,Ethan_Hawke_0001,Ethan_Hawke_0004,Ethan_Hawke,Ethan_Hawke,true,0.6633350253105164,0.8205668926239014,True
dev_train_0338,dev_train,,Ethan_Hawke_0002,Ethan_Hawke_0004,Ethan_Hawke,Ethan_Hawke,true,0.6731224060058594,0.8085512518882751,True
dev_train_0339,dev_train,,Ethan_Hawke_0003,Ethan_Hawke_0004,Ethan_Hawke,Ethan_Hawke,true,-0.03370067477226257,1.437846064567566,True
dev_train_0340,dev_train,,Eunice_Barber_0001,Eunice_Barber_0002,Eunice_Barber,Eunice_Barber,true,0.623120129108429,0.8681934475898743,True
dev_train_0341,dev_train,,Eva_Dimas_0001,Eva_Dimas_0002,Eva_Dimas,Eva_Dimas,true,0.6732966303825378,0.8083359599113464,True
dev_train_0342,dev_train,,Evander_Holyfield_0001,Evander_Holyfield_0002,Evander_Holyfield,Evander_Holyfield,true,0.7545571327209473,0.7006325125694275,True
dev_train_0343,dev_train,,Eve_Pelletier_0001,Eve_Pelletier_0002,Eve_Pelletier,Eve_Pelletier,true,0.7199289798736572,0.7484263181686401,True
dev_train_0344,dev_train,,Farouk_al-Sharaa_0001,Farouk_al-Sharaa_0003,Farouk_al-Sharaa,Farouk_al-Sharaa,true,0.8003701567649841,0.6318699717521667,True
dev_train_0345,dev_train,,Farouk_al-Sharaa_0002,Farouk_al-Sharaa_0003,Farouk_al-Sharaa,Farouk_al-Sharaa,true,0.6300379633903503,0.8601883053779602,True
dev_train_0346,dev_train,,Federico_Trillo_0001,Federico_Trillo_0003,Federico_Trillo,Federico_Trillo,true,0.5677261352539062,0.929810643196106,True
dev_train_0347,dev_train,,Felix_Mantilla_0001,Felix_Mantilla_0002,Felix_Mantilla,Felix_Mantilla,true,0.5382053256034851,0.9610355496406555,True
dev_train_0348,dev_train,,Fernando_Gonzalez_0002,Fernando_Gonzalez_0006,Fernando_Gonzalez,Fernando_Gonzalez,true,0.5498564839363098,0.9488344788551331,True
dev_train_0349,dev_train,,Fernando_Gonzalez_0004,Fernando_Gonzalez_0007,Fernando_Gonzalez,Fernando_Gonzalez,true,0.5702279806137085,0.9271159768104553,True
dev_train_0350,dev_train,,Fernando_Henrique_Cardoso_0001,Fernando_Henrique_Cardoso_0003,Fernando_Henrique_Cardoso,Fernando_Henrique_Cardoso,true,0.620553731918335,0.8711442947387695,True
dev_train_0351,dev_train,,Fidel_Castro_0004,Fidel_Castro_0014,Fidel_Castro,Fidel_Castro,true,0.5958680510520935,0.8990350365638733,True
dev_train_0352,dev_train,,Flavia_Delaroli_0001,Flavia_Delaroli_0002,Flavia_Delaroli,Flavia_Delaroli,true,0.5847787857055664,0.9112862348556519,True
dev_train_0353,dev_train,,Frances_Fisher_0001,Frances_Fisher_0002,Frances_Fisher,Frances_Fisher,true,0.6094082593917847,0.883845865726471,True
dev_train_0354,dev_train,,Francis_Ford_Coppola_0001,Francis_Ford_Coppola_0002,Francis_Ford_Coppola,Francis_Ford_Coppola,true,0.7148232460021973,0.7552175521850586,True
dev_train_0355,dev_train,,Francisco_Flores_0003,Francisco_Flores_0004,Francisco_Flores,Francisco_Flores,true,0.8521039485931396,0.5438678860664368,True
dev_train_0356,dev_train,,Frank_Griswold_0001,Frank_Griswold_0002,Frank_Griswold,Frank_Griswold,true,0.7451738119125366,0.7138994336128235,True
dev_train_0357,dev_train,,Frank_Solich_0001,Frank_Solich_0002,Frank_Solich,Frank_Solich,true,0.8343944549560547,0.5755094289779663,True
dev_train_0358,dev_train,,Frank_Solich_0003,Frank_Solich_0004,Frank_Solich,Frank_Solich,true,0.7440597414970398,0.715458333492279,True
dev_train_0359,dev_train,,Franz_Muentefering_0001,Franz_Muentefering_0003,Franz_Muentefering,Franz_Muentefering,true,0.5794137120246887,0.9171546697616577,True
dev_train_0360,dev_train,,Franz_Muentefering_0001,Franz_Muentefering_0004,Franz_Muentefering,Franz_Muentefering,true,0.5509495735168457,0.9476817846298218,True
dev_train_0361,dev_train,,Franz_Muentefering_0002,Franz_Muentefering_0003,Franz_Muentefering,Franz_Muentefering,true,0.6132522225379944,0.8794859647750854,True
dev_train_0362,dev_train,,Fred_Thompson_0002,Fred_Thompson_0003,Fred_Thompson,Fred_Thompson,true,0.7569881677627563,0.6971539258956909,True
dev_train_0363,dev_train,,Fujio_Cho_0001,Fujio_Cho_0005,Fujio_Cho,Fujio_Cho,true,0.6929543614387512,0.7836397290229797,True
dev_train_0364,dev_train,,Gabriel_Valdes_0001,Gabriel_Valdes_0002,Gabriel_Valdes,Gabriel_Valdes,true,0.6728817224502563,0.8088489770889282,True
dev_train_0365,dev_train,,Garry_Kasparov_0001,Garry_Kasparov_0002,Garry_Kasparov,Garry_Kasparov,true,0.7767293453216553,0.6682374477386475,True
dev_train_0366,dev_train,,Gary_Carter_0001,Gary_Carter_0002,Gary_Carter,Gary_Carter,true,0.8099140524864197,0.6165807843208313,True
dev_train_0367,dev_train,,Gary_Carter_0001,Gary_Carter_0003,Gary_Carter,Gary_Carter,true,0.6620727181434631,0.8221036791801453,True
dev_train_0368,dev_train,,Gary_Forsee_0001,Gary_Forsee_0002,Gary_Forsee,Gary_Forsee,true,0.7150784730911255,0.7548795938491821,True
dev_train_0369,dev_train,,Gary_Locke_0001,Gary_Locke_0002,Gary_Locke,Gary_Locke,true,0.7247607707977295,0.7419424653053284,True
dev_train_0370,dev_train,,George_Clooney_0002,George_Clooney_0008,George_Clooney,George_Clooney,true,0.46470701694488525,1.0346912145614624,True
dev_train_0371,dev_train,,George_Clooney_0003,George_Clooney_0009,George_Clooney,George_Clooney,true,0.5347806811332703,0.9645923972129822,True
dev_train_0372,dev_train,,George_Clooney_0005,George_Clooney_0007,George_Clooney,George_Clooney,true,0.7740470170974731,0.6722396016120911,True
dev_train_0373,dev_train,,George_Galloway_0001,George_Galloway_0004,George_Galloway,George_Galloway,true,0.6746938228607178,0.8066055178642273,True
dev_train_0374,dev_train,,George_HW_Bush_0001,George_HW_Bush_0010,George_HW_Bush,George_HW_Bush,true,0.43655920028686523,1.061546802520752,True
dev_train_0375,dev_train,,George_HW_Bush_0005,George_HW_Bush_0013,George_HW_Bush,George_HW_Bush,true,0.6772758364677429,0.8033980131149292,True
dev_train_0376,dev_train,,George_HW_Bush_0010,George_HW_Bush_0013,George_HW_Bush,George_HW_Bush,true,0.6134925484657288,0.8792126774787903,True
dev_train_0377,dev_train,,George_Lopez_0001,George_Lopez_0004,George_Lopez,George_Lopez,true,0.6185253858566284,0.8734696507453918,True
dev_train_0378,dev_train,,George_P_Bush_0001,George_P_Bush_0002,George_P_Bush,George_P_Bush,true,0.7252016067504883,0.7413479685783386,True
dev_train_0379,dev_train,,George_Pataki_0001,George_Pataki_0005,George_Pataki,George_Pataki,true,0.6591278314590454,0.8256781101226807,True
dev_train_0380,dev_train,,George_Roy_Hill_0001,George_Roy_Hill_0002,George_Roy_Hill,George_Roy_Hill,true,0.7622591853141785,0.689551830291748,True
dev_train_0381,dev_train,,George_Voinovich_0001,George_Voinovich_0002,George_Voinovich,George_Voinovich,true,0.6182878613471985,0.873741626739502,True
dev_train_0382,dev_train,,George_Voinovich_0001,George_Voinovich_0003,George_Voinovich,George_Voinovich,true,0.5362282991409302,0.9630905389785767,True
dev_train_0383,dev_train,,Gerardo_Gambala_0001,Gerardo_Gambala_0002,Gerardo_Gambala,Gerardo_Gambala,true,0.7485125064849854,0.7092073559761047,True
dev_train_0384,dev_train,,Gerry_Parsky_0001,Gerry_Parsky_0002,Gerry_Parsky,Gerry_Parsky,true,0.7095310688018799,0.7621929049491882,True
dev_train_0385,dev_train,,Gian_Marco_0002,Gian_Marco_0003,Gian_Marco,Gian_Marco,true,0.603373110294342,0.8906479477882385,True
dev_train_0386,dev_train,,Gil_de_Ferran_0002,Gil_de_Ferran_0003,Gil_de_Ferran,Gil_de_Ferran,true,0.39265838265419006,1.1021267175674438,True
dev_train_0387,dev_train,,Gisele_Bundchen_0001,Gisele_Bundchen_0002,Gisele_Bundchen,Gisele_Bundchen,true,0.6105544567108154,0.8825480937957764,True
dev_train_0388,dev_train,,Gloria_Allred_0001,Gloria_Allred_0002,Gloria_Allred,Gloria_Allred,true,0.6931860446929932,0.7833441495895386,True
dev_train_0389,dev_train,,Gloria_Macapagal_Arroyo_0029,Gloria_Macapagal_Arroyo_0040,Gloria_Macapagal_Arroyo,Gloria_Macapagal_Arroyo,true,0.6606480479240417,0.8238349556922913,True
dev_train_0390,dev_train,,Gloria_Trevi_0001,Gloria_Trevi_0003,Gloria_Trevi,Gloria_Trevi,true,0.5126111507415771,0.9873083829879761,True
dev_train_0391,dev_train,,Gloria_Trevi_0002,Gloria_Trevi_0004,Gloria_Trevi,Gloria_Trevi,true,0.5688498020172119,0.9286013841629028,True
dev_train_0392,dev_train,,Gloria_Trevi_0003,Gloria_Trevi_0004,Gloria_Trevi,Gloria_Trevi,true,0.5665618181228638,0.9310619831085205,True
dev_train_0393,dev_train,,Goldie_Hawn_0002,Goldie_Hawn_0006,Goldie_Hawn,Goldie_Hawn,true,-0.013795796781778336,1.4239352941513062,True
dev_train_0394,dev_train,,Gonzalo_Sanchez_de_Lozada_0003,Gonzalo_Sanchez_de_Lozada_0010,Gonzalo_Sanchez_de_Lozada,Gonzalo_Sanchez_de_Lozada,true,0.4999525249004364,1.0000474452972412,True
dev_train_0395,dev_train,,Gonzalo_Sanchez_de_Lozada_0004,Gonzalo_Sanchez_de_Lozada_0008,Gonzalo_Sanchez_de_Lozada,Gonzalo_Sanchez_de_Lozada,true,0.7625758051872253,0.6890925168991089,True
dev_train_0396,dev_train,,Gonzalo_Sanchez_de_Lozada_0007,Gonzalo_Sanchez_de_Lozada_0008,Gonzalo_Sanchez_de_Lozada,Gonzalo_Sanchez_de_Lozada,true,0.6638498902320862,0.819939136505127,True
dev_train_0397,dev_train,,Goran_Persson_0001,Goran_Persson_0002,Goran_Persson,Goran_Persson,true,0.6460665464401245,0.8413483500480652,True
dev_train_0398,dev_train,,Grady_Irvin_Jr_0001,Grady_Irvin_Jr_0002,Grady_Irvin_Jr,Grady_Irvin_Jr,true,0.7405509352684021,0.7203459143638611,True
dev_train_0399,dev_train,,Grant_Hackett_0002,Grant_Hackett_0003,Grant_Hackett,Grant_Hackett,true,0.762934148311615,0.6885724067687988,True
dev_train_0400,dev_train,,Greg_Rusedski_0001,Greg_Rusedski_0004,Greg_Rusedski,Greg_Rusedski,true,0.6660066246986389,0.8173046708106995,True
dev_train_0401,dev_train,,Greg_Rusedski_0002,Greg_Rusedski_0004,Greg_Rusedski,Greg_Rusedski,true,0.7888172268867493,0.6498966217041016,True
dev_train_0402,dev_train,,Greg_Rusedski_0003,Greg_Rusedski_0004,Greg_Rusedski,Greg_Rusedski,true,0.7882465720176697,0.6507740616798401,True
dev_train_0403,dev_train,,Gregg_Popovich_0003,Gregg_Popovich_0004,Gregg_Popovich,Gregg_Popovich,true,0.6441298127174377,0.8436471223831177,True
dev_train_0404,dev_train,,Guillaume_Soro_0001,Guillaume_Soro_0002,Guillaume_Soro,Guillaume_Soro,true,0.7224300503730774,0.7450771331787109,True
dev_train_0405,dev_train,,Guillermo_Canas_0001,Guillermo_Canas_0002,Guillermo_Canas,Guillermo_Canas,true,0.7850461006164551,0.6556736826896667,True
dev_train_0406,dev_train,,Guillermo_Canas_0001,Guillermo_Canas_0004,Guillermo_Canas,Guillermo_Canas,true,0.6790856122970581,0.8011422157287598,True
dev_train_0407,dev_train,,Guillermo_Canas_0002,Guillermo_Canas_0004,Guillermo_Canas,Guillermo_Canas,true,0.6163613200187683,0.8759436011314392,True
dev_train_0408,dev_train,,Guillermo_Coria_0019,Guillermo_Coria_0029,Guillermo_Coria,Guillermo_Coria,true,0.6719803214073181,0.8099624514579773,True
dev_train_0409,dev_train,,Guillermo_Coria_0021,Guillermo_Coria_0027,Guillermo_Coria,Guillermo_Coria,true,0.7172800898551941,0.7519574761390686,True
dev_train_0410,dev_train,,Guillermo_Ortiz_0001,Guillermo_Ortiz_0002,Guillermo_Ortiz,Guillermo_Ortiz,true,0.7697463035583496,0.6786068677902222,True
dev_train_0411,dev_train,,Gunter_Pleuger_0002,Gunter_Pleuger_0005,Gunter_Pleuger,Gunter_Pleuger,true,0.7800900340080261,0.6631893515586853,True
dev_train_0412,dev_train,,Gustavo_Kuerten_0001,Gustavo_Kuerten_0002,Gustavo_Kuerten,Gustavo_Kuerten,true,0.8276269435882568,0.5871508717536926,True
dev_train_0413,dev_train,,Gustavo_Kuerten_0002,Gustavo_Kuerten_0003,Gustavo_Kuerten,Gustavo_Kuerten,true,0.6260197162628174,0.8648470640182495,True
dev_train_0414,dev_train,,Habib_Rizieq_0004,Habib_Rizieq_0005,Habib_Rizieq,Habib_Rizieq,true,0.7785434722900391,0.6655171513557434,True
dev_train_0415,dev_train,,Hal_Gehman_0001,Hal_Gehman_0003,Hal_Gehman,Hal_Gehman,true,0.7057456374168396,0.767143189907074,True
dev_train_0416,dev_train,,Hal_Sutton_0001,Hal_Sutton_0002,Hal_Sutton,Hal_Sutton,true,0.6576129198074341,0.8275107741355896,True
dev_train_0417,dev_train,,Halle_Berry_0001,Halle_Berry_0010,Halle_Berry,Halle_Berry,true,0.5863488912582397,0.9095616340637207,True
dev_train_0418,dev_train,,Halle_Berry_0007,Halle_Berry_0015,Halle_Berry,Halle_Berry,true,0.7147587537765503,0.7553029656410217,True
dev_train_0419,dev_train,,Halle_Berry_0010,Halle_Berry_0016,Halle_Berry,Halle_Berry,true,0.5567441582679749,0.9415475130081177,True
dev_train_0420,dev_train,,Hamid_Karzai_0001,Hamid_Karzai_0002,Hamid_Karzai,Hamid_Karzai,true,0.7344603538513184,0.7287517786026001,True
dev_train_0421,dev_train,,Hamzah_Haz_0001,Hamzah_Haz_0002,Hamzah_Haz,Hamzah_Haz,true,0.7330827116966248,0.7306397557258606,True
dev_train_0422,dev_train,,Hanan_Ashrawi_0001,Hanan_Ashrawi_0002,Hanan_Ashrawi,Hanan_Ashrawi,true,0.7176422476768494,0.7514755725860596,True
dev_train_0423,dev_train,,Hans_Blix_0002,Hans_Blix_0003,Hans_Blix,Hans_Blix,true,0.15636390447616577,1.298950433731079,True
dev_train_0424,dev_train,,Hans_Blix_0006,Hans_Blix_0036,Hans_Blix,Hans_Blix,true,0.6734312176704407,0.8081693649291992,True
dev_train_0425,dev_train,,Hans_Blix_0014,Hans_Blix_0036,Hans_Blix,Hans_Blix,true,0.6613638401031494,0.8229655623435974,True
dev_train_0426,dev_train,,Harbhajan_Singh_0001,Harbhajan_Singh_0002,Harbhajan_Singh,Harbhajan_Singh,true,0.7280887365341187,0.7374433279037476,True
dev_train_0427,dev_train,,Hashim_Thaci_0001,Hashim_Thaci_0002,Hashim_Thaci,Hashim_Thaci,true,0.7245747447013855,0.7421930432319641,True
dev_train_0428,dev_train,,Hassan_Nasrallah_0001,Hassan_Nasrallah_0002,Hassan_Nasrallah,Hassan_Nasrallah,true,0.6732101440429688,0.8084427118301392,True
dev_train_0429,dev_train,,Heath_Ledger_0001,Heath_Ledger_0002,Heath_Ledger,Heath_Ledger,true,0.5471506714820862,0.9516820311546326,True
dev_train_0430,dev_train,,Hector_Babenco_0001,Hector_Babenco_0002,Hector_Babenco,Hector_Babenco,true,0.6375024914741516,0.8514664173126221,True
dev_train_0431,dev_train,,Hee-Won_Han_0001,Hee-Won_Han_0003,Hee-Won_Han,Hee-Won_Han,true,0.6141115427017212,0.8785082697868347,True
dev_train_0432,dev_train,,Heidi_Klum_0001,Heidi_Klum_0003,Heidi_Klum,Heidi_Klum,true,0.6911565661430359,0.7859305143356323,True
dev_train_0433,dev_train,,Helen_Clark_0003,Helen_Clark_0004,Helen_Clark,Helen_Clark,true,0.6647130250930786,0.8188858032226562,True
dev_train_0434,dev_train,,Henrique_Meirelles_0001,Henrique_Meirelles_0002,Henrique_Meirelles,Henrique_Meirelles,true,0.6930178999900818,0.7835586667060852,True
dev_train_0435,dev_train,,Herta_Daeubler-Gmelin_0001,Herta_Daeubler-Gmelin_0002,Herta_Daeubler-Gmelin,Herta_Daeubler-Gmelin,true,0.7974847555160522,0.6364201307296753,True
dev_train_0436,dev_train,,Hideki_Matsui_0001,Hideki_Matsui_0002,Hideki_Matsui,Hideki_Matsui,true,0.5370705723762512,0.9622156023979187,True
dev_train_0437,dev_train,,Hilary_Duff_0001,Hilary_Duff_0003,Hilary_Duff,Hilary_Duff,true,0.6290435791015625,0.8613435626029968,True
dev_train_0438,dev_train,,Hilary_Duff_0002,Hilary_Duff_0003,Hilary_Duff,Hilary_Duff,true,0.5372378826141357,0.9620416760444641,True
dev_train_0439,dev_train,,Hillary_Clinton_0001,Hillary_Clinton_0014,Hillary_Clinton,Hillary_Clinton,true,0.5843268632888794,0.9117820262908936,True
dev_train_0440,dev_train,,Hillary_Clinton_0008,Hillary_Clinton_0014,Hillary_Clinton,Hillary_Clinton,true,0.7224327325820923,0.7450736165046692,True
dev_train_0441,dev_train,,Hilmi_Ozkok_0001,Hilmi_Ozkok_0002,Hilmi_Ozkok,Hilmi_Ozkok,true,0.8548539876937866,0.5387876033782959,True
dev_train_0442,dev_train,,Hipolito_Mejia_0001,Hipolito_Mejia_0003,Hipolito_Mejia,Hipolito_Mejia,true,0.6673935651779175,0.815605878829956,True
dev_train_0443,dev_train,,Hisao_Oguchi_0001,Hisao_Oguchi_0002,Hisao_Oguchi,Hisao_Oguchi,true,0.721086323261261,0.7468785047531128,True
dev_train_0444,dev_train,,Holly_Hunter_0002,Holly_Hunter_0003,Holly_Hunter,Holly_Hunter,true,0.8021583557128906,0.6290337443351746,True
dev_train_0445,dev_train,,Holly_Hunter_0002,Holly_Hunter_0005,Holly_Hunter,Holly_Hunter,true,0.6668922305107117,0.8162203431129456,True
dev_train_0446,dev_train,,Holly_Hunter_0004,Holly_Hunter_0007,Holly_Hunter,Holly_Hunter,true,0.724682092666626,0.7420483231544495,True
dev_train_0447,dev_train,,Hootie_Johnson_0001,Hootie_Johnson_0002,Hootie_Johnson,Hootie_Johnson,true,0.6044158935546875,0.8894762992858887,True
dev_train_0448,dev_train,,Hosni_Mubarak_0008,Hosni_Mubarak_0009,Hosni_Mubarak,Hosni_Mubarak,true,0.7538951635360718,0.7015766501426697,True
dev_train_0449,dev_train,,Hu_Jintao_0001,Hu_Jintao_0002,Hu_Jintao,Hu_Jintao,true,0.6495071053504944,0.8372489213943481,True
dev_train_0450,dev_train,,Hu_Jintao_0001,Hu_Jintao_0012,Hu_Jintao,Hu_Jintao,true,0.5803460478782654,0.9161376357078552,True
dev_train_0451,dev_train,,Hu_Jintao_0002,Hu_Jintao_0003,Hu_Jintao,Hu_Jintao,true,0.5648370385169983,0.9329126477241516,True
dev_train_0452,dev_train,,Hugh_Grant_0001,Hugh_Grant_0007,Hugh_Grant,Hugh_Grant,true,,,False
dev_train_0453,dev_train,,Hugh_Grant_0001,Hugh_Grant_0009,Hugh_Grant,Hugh_Grant,true,-0.001786244916729629,1.4154760837554932,True
dev_train_0454,dev_train,,Hun_Sen_0001,Hun_Sen_0002,Hun_Sen,Hun_Sen,true,0.66669762134552,0.8164587616920471,True
dev_train_0455,dev_train,,Hun_Sen_0001,Hun_Sen_0004,Hun_Sen,Hun_Sen,true,0.5874846577644348,0.9083119034767151,True
dev_train_0456,dev_train,,Ian_McKellen_0001,Ian_McKellen_0002,Ian_McKellen,Ian_McKellen,true,0.6846407055854797,0.7941779494285583,True
dev_train_0457,dev_train,,Ian_McKellen_0001,Ian_McKellen_0003,Ian_McKellen,Ian_McKellen,true,0.6060031056404114,0.8876901268959045,True
dev_train_0458,dev_train,,Ian_McKellen_0002,Ian_McKellen_0003,Ian_McKellen,Ian_McKellen,true,0.7193971276283264,0.7491366863250732,True
dev_train_0459,dev_train,,Ibrahim_Jaafari_0001,Ibrahim_Jaafari_0002,Ibrahim_Jaafari,Ibrahim_Jaafari,true,0.7407681941986084,0.7200443148612976,True
dev_train_0460,dev_train,,Igor_Ivanov_0005,Igor_Ivanov_0016,Igor_Ivanov,Igor_Ivanov,true,0.5938366651535034,0.9012916684150696,True
dev_train_0461,dev_train,,Ilan_Ramon_0001,Ilan_Ramon_0003,Ilan_Ramon,Ilan_Ramon,true,0.6335521340370178,0.8560934066772461,True
dev_train_0462,dev_train,,Inam-ul-Haq_0001,Inam-ul-Haq_0002,Inam-ul-Haq,Inam-ul-Haq,true,0.7253772616386414,0.741111159324646,True
dev_train_0463,dev_train,,Inocencio_Arias_0001,Inocencio_Arias_0002,Inocencio_Arias,Inocencio_Arias,true,0.6907593011856079,0.7864359021186829,True
dev_train_0464,dev_train,,Intisar_Ajouri_0002,Intisar_Ajouri_0003,Intisar_Ajouri,Intisar_Ajouri,true,0.8109155893325806,0.6149542331695557,True
dev_train_0465,dev_train,,Jack_Straw_0004,Jack_Straw_0022,Jack_Straw,Jack_Straw,true,0.701214075088501,0.7730278968811035,True
dev_train_0466,dev_train,,Jackie_Chan_0001,Jackie_Chan_0010,Jackie_Chan,Jackie_Chan,true,0.7031769156455994,0.770484447479248,True
dev_train_0467,dev_train,,Jackie_Chan_0007,Jackie_Chan_0012,Jackie_Chan,Jackie_Chan,true,0.5620222687721252,0.9359249472618103,True
dev_train_0468,dev_train,,Jacqueline_Obradors_0001,Jacqueline_Obradors_0002,Jacqueline_Obradors,Jacqueline_Obradors,true,0.804374635219574,0.625500500202179,True
dev_train_0469,dev_train,,Jada_Pinkett_Smith_0001,Jada_Pinkett_Smith_0002,Jada_Pinkett_Smith,Jada_Pinkett_Smith,true,0.682722806930542,0.7965893149375916,True
dev_train_0470,dev_train,,James_Caan_0001,James_Caan_0002,James_Caan,James_Caan,true,0.7666639089584351,0.6831340789794922,True
dev_train_0471,dev_train,,James_Cunningham_0001,James_Cunningham_0002,James_Cunningham,James_Cunningham,true,0.6929011344909668,0.7837076783180237,True
dev_train_0472,dev_train,,James_Cunningham_0002,James_Cunningham_0003,James_Cunningham,James_Cunningham,true,0.6227104067802429,0.8686650991439819,True
dev_train_0473,dev_train,,James_Gandolfini_0001,James_Gandolfini_0003,James_Gandolfini,James_Gandolfini,true,0.5867472290992737,0.9091235995292664,True
dev_train_0474,dev_train,,James_Jones_0001,James_Jones_0002,James_Jones,James_Jones,true,0.6243762969970703,0.8667453527450562,True
dev_train_0475,dev_train,,James_Parker_0001,James_Parker_0002,James_Parker,James_Parker,true,0.7660939693450928,0.6839677691459656,True
dev_train_0476,dev_train,,James_Schultz_0001,James_Schultz_0002,James_Schultz,James_Schultz,true,0.7645803689956665,0.6861772537231445,True
dev_train_0477,dev_train,,James_Traficant_0001,James_Traficant_0002,James_Traficant,James_Traficant,true,0.5791344046592712,0.9174590706825256,True
dev_train_0478,dev_train,,James_Traficant_0001,James_Traficant_0003,James_Traficant,James_Traficant,true,0.4658752381801605,1.0335617065429688,True
dev_train_0479,dev_train,,James_Wolfensohn_0001,James_Wolfensohn_0003,James_Wolfensohn,James_Wolfensohn,true,0.7172149419784546,0.7520439624786377,True
dev_train_0480,dev_train,,Jan-Michael_Gambill_0001,Jan-Michael_Gambill_0003,Jan-Michael_Gambill,Jan-Michael_Gambill,true,0.6632437705993652,0.8206781148910522,True
dev_train_0481,dev_train,,Jane_Fonda_0001,Jane_Fonda_0002,Jane_Fonda,Jane_Fonda,true,0.44830286502838135,1.05042564868927,True
dev_train_0482,dev_train,,Jane_Pauley_0001,Jane_Pauley_0002,Jane_Pauley,Jane_Pauley,true,0.6789624691009521,0.8012958765029907,True
dev_train_0483,dev_train,,Janet_Napolitano_0001,Janet_Napolitano_0004,Janet_Napolitano,Janet_Napolitano,true,0.7296790480613708,0.735283613204956,True
dev_train_0484,dev_train,,Janet_Napolitano_0002,Janet_Napolitano_0003,Janet_Napolitano,Janet_Napolitano,true,0.7452079653739929,0.7138516306877136,True
dev_train_0485,dev_train,,Jason_Jennings_0001,Jason_Jennings_0002,Jason_Jennings,Jason_Jennings,true,0.8600414991378784,0.5290719866752625,True
dev_train_0486,dev_train,,Jason_Kidd_0001,Jason_Kidd_0004,Jason_Kidd,Jason_Kidd,true,0.7104884386062622,0.7609356641769409,True
dev_train_0487,dev_train,,Jason_Kidd_0001,Jason_Kidd_0010,Jason_Kidd,Jason_Kidd,true,0.4056626856327057,1.0902636051177979,True
dev_train_0488,dev_train,,Jason_Kidd_0005,Jason_Kidd_0006,Jason_Kidd,Jason_Kidd,true,0.5987764000892639,0.895794153213501,True
dev_train_0489,dev_train,,Jason_Kidd_0006,Jason_Kidd_0009,Jason_Kidd,Jason_Kidd,true,-0.029876472428441048,1.4351838827133179,True
dev_train_0490,dev_train,,Jason_Kidd_0006,Jason_Kidd_0010,Jason_Kidd,Jason_Kidd,true,0.6005231738090515,0.8938421607017517,True
dev_train_0491,dev_train,,Javier_Solana_0002,Javier_Solana_0006,Javier_Solana,Javier_Solana,true,0.726605236530304,0.7394522428512573,True
dev_train_0492,dev_train,,Javier_Solana_0006,Javier_Solana_0007,Javier_Solana,Javier_Solana,true,0.6965771913528442,0.7790030241012573,True
dev_train_0493,dev_train,,Jay_Leno_0002,Jay_Leno_0003,Jay_Leno,Jay_Leno,true,0.7206276059150696,0.7474924325942993,True
dev_train_0494,dev_train,,Jayson_Williams_0001,Jayson_Williams_0002,Jayson_Williams,Jayson_Williams,true,0.7117244601249695,0.7593095898628235,True
dev_train_0495,dev_train,,Jean-Claude_Braquet_0001,Jean-Claude_Braquet_0002,Jean-Claude_Braquet,Jean-Claude_Braquet,true,0.7468562126159668,0.7115388512611389,True
dev_train_0496,dev_train,,Jean-David_Levitte_0003,Jean-David_Levitte_0004,Jean-David_Levitte,Jean-David_Levitte,true,0.6807511448860168,0.799060583114624,True
dev_train_0497,dev_train,,Jean-David_Levitte_0006,Jean-David_Levitte_0007,Jean-David_Levitte,Jean-David_Levitte,true,0.7311536073684692,0.7332755327224731,True
dev_train_0498,dev_train,,Jean-David_Levitte_0008,Jean-David_Levitte_0010,Jean-David_Levitte,Jean-David_Levitte,true,0.6609090566635132,0.8235180377960205,True
dev_train_0499,dev_train,,Jean-Francois_Pontal_0001,Jean-Francois_Pontal_0003,Jean-Francois_Pontal,Jean-Francois_Pontal,true,0.7274088263511658,0.7383646368980408,True
dev_train_0500,dev_train,,Jean-Sebastien_Giguere_0001,Jean-Sebastien_Giguere_0002,Jean-Sebastien_Giguere,Jean-Sebastien_Giguere,true,0.5903997421264648,0.9050969481468201,True
dev_train_0501,dev_train,,Jean_Brumley_0001,Jean_Brumley_0002,Jean_Brumley,Jean_Brumley,true,0.8012082576751709,0.6305422782897949,True
dev_train_0502,dev_train,,Jean_Chretien_0003,Jean_Chretien_0008,Jean_Chretien,Jean_Chretien,true,0.7431554794311523,0.7167209982872009,True
dev_train_0503,dev_train,,Jean_Chretien_0022,Jean_Chretien_0030,Jean_Chretien,Jean_Chretien,true,0.5868611931800842,0.9089981317520142,True
dev_train_0504,dev_train,,Jean_Chretien_0031,Jean_Chretien_0050,Jean_Chretien,Jean_Chretien,true,0.6237420439720154,0.8674768209457397,True
dev_train_0505,dev_train,,Jeanne_Moreau_0001,Jeanne_Moreau_0002,Jeanne_Moreau,Jeanne_Moreau,true,0.7427850365638733,0.7172377109527588,True
dev_train_0506,dev_train,,Jeb_Bush_0004,Jeb_Bush_0012,Jeb_Bush,Jeb_Bush,true,0.7327951192855835,0.731033444404602,True
dev_train_0507,dev_train,,Jeff_Van_Gundy_0001,Jeff_Van_Gundy_0003,Jeff_Van_Gundy,Jeff_Van_Gundy,true,0.545344352722168,0.9535781741142273,True
dev_train_0508,dev_train,,Jeffrey_Archer_0001,Jeffrey_Archer_0002,Jeffrey_Archer,Jeffrey_Archer,true,0.7115234136581421,0.7595742344856262,True
dev_train_0509,dev_train,,Jeffrey_Immelt_0001,Jeffrey_Immelt_0002,Jeffrey_Immelt,Jeffrey_Immelt,true,0.773930013179779,0.6724136471748352,True
dev_train_0510,dev_train,,Jeffrey_Jones_0001,Jeffrey_Jones_0002,Jeffrey_Jones,Jeffrey_Jones,true,0.8043208718299866,0.6255864500999451,True
dev_train_0511,dev_train,,Jennifer_Aniston_0005,Jennifer_Aniston_0013,Jennifer_Aniston,Jennifer_Aniston,true,0.6262074708938599,0.8646300435066223,True
dev_train_0512,dev_train,,Jennifer_Garner_0001,Jennifer_Garner_0006,Jennifer_Garner,Jennifer_Garner,true,0.5168191194534302,0.9830370545387268,True
dev_train_0513,dev_train,,Jennifer_Garner_0001,Jennifer_Garner_0010,Jennifer_Garner,Jennifer_Garner,true,0.5735796093940735,0.9234938025474548,True
dev_train_0514,dev_train,,Jennifer_Garner_0004,Jennifer_Garner_0005,Jennifer_Garner,Jennifer_Garner,true,0.6953907012939453,0.7805246710777283,True
dev_train_0515,dev_train,,Jennifer_Garner_0005,Jennifer_Garner_0011,Jennifer_Garner,Jennifer_Garner,true,0.71599280834198,0.7536673545837402,True
dev_train_0516,dev_train,,Jennifer_Lopez_0004,Jennifer_Lopez_0007,Jennifer_Lopez,Jennifer_Lopez,true,0.5667866468429565,0.9308204650878906,True
dev_train_0517,dev_train,,Jennifer_Lopez_0005,Jennifer_Lopez_0015,Jennifer_Lopez,Jennifer_Lopez,true,0.620180070400238,0.8715731501579285,True
dev_train_0518,dev_train,,Jennifer_Lopez_0010,Jennifer_Lopez_0021,Jennifer_Lopez,Jennifer_Lopez,true,0.5162764191627502,0.9835888743400574,True
dev_train_0519,dev_train,,Jerry_Regier_0002,Jerry_Regier_0003,Jerry_Regier,Jerry_Regier,true,0.6902956962585449,0.7870252132415771,True
dev_train_0520,dev_train,,Jessica_Lynch_0001,Jessica_Lynch_0002,Jessica_Lynch,Jessica_Lynch,true,0.5599985718727112,0.9380846619606018,True
dev_train_0521,dev_train,,Jia_Qinglin_0001,Jia_Qinglin_0002,Jia_Qinglin,Jia_Qinglin,true,0.7063193917274475,0.766395092010498,True
dev_train_0522,dev_train,,Jim_Carrey_0002,Jim_Carrey_0003,Jim_Carrey,Jim_Carrey,true,0.5984445214271545,0.8961646556854248,True
dev_train_0523,dev_train,,Jim_Edmonds_0001,Jim_Edmonds_0002,Jim_Edmonds,Jim_Edmonds,true,0.4945480227470398,1.0054372549057007,True
dev_train_0524,dev_train,,Jim_Furyk_0001,Jim_Furyk_0006,Jim_Furyk,Jim_Furyk,true,0.7751717567443848,0.6705643534660339,True
dev_train_0525,dev_train,,Jim_OBrien_0001,Jim_OBrien_0003,Jim_OBrien,Jim_OBrien,true,0.015180223621428013,1.4034385681152344,True
dev_train_0526,dev_train,,Jim_OBrien_0002,Jim_OBrien_0003,Jim_OBrien,Jim_OBrien,true,0.7812789082527161,0.6613942384719849,True
dev_train_0527,dev_train,,Jim_Tressel_0001,Jim_Tressel_0002,Jim_Tressel,Jim_Tressel,true,0.6137038469314575,0.8789723515510559,True
dev_train_0528,dev_train,,Jim_Tressel_0002,Jim_Tressel_0003,Jim_Tressel,Jim_Tressel,true,0.5567137598991394,0.9415798187255859,True
dev_train_0529,dev_train,,Jiri_Novak_0001,Jiri_Novak_0010,Jiri_Novak,Jiri_Novak,true,0.7388758659362793,0.7226675748825073,True
dev_train_0530,dev_train,,Jiri_Novak_0004,Jiri_Novak_0007,Jiri_Novak,Jiri_Novak,true,0.7779887914657593,0.6663500666618347,True
dev_train_0531,dev_train,,Jiri_Novak_0009,Jiri_Novak_0011,Jiri_Novak,Jiri_Novak,true,0.8195174932479858,0.6008036136627197,True
dev_train_0532,dev_train,,Jo_Dee_Messina_0001,Jo_Dee_Messina_0002,Jo_Dee_Messina,Jo_Dee_Messina,true,0.5666459798812866,0.930971622467041,True
dev_train_0533,dev_train,,Joan_Claybrook_0001,Joan_Claybrook_0002,Joan_Claybrook,Joan_Claybrook,true,0.7154908180236816,0.7543331384658813,True
dev_train_0534,dev_train,,Joan_Laporta_0002,Joan_Laporta_0007,Joan_Laporta,Joan_Laporta,true,0.5537422895431519,0.9447304010391235,True
dev_train_0535,dev_train,,Job_Cohen_0001,Job_Cohen_0002,Job_Cohen,Job_Cohen,true,0.8273704648017883,0.5875875353813171,True
dev_train_0536,dev_train,,Joe_Calzaghe_0001,Joe_Calzaghe_0002,Joe_Calzaghe,Joe_Calzaghe,true,0.7329925298690796,0.73076331615448,True
dev_train_0537,dev_train,,Joe_Dumars_0001,Joe_Dumars_0002,Joe_Dumars,Joe_Dumars,true,0.7501214742660522,0.7069350481033325,True
dev_train_0538,dev_train,,Joe_Gatti_0001,Joe_Gatti_0002,Joe_Gatti,Joe_Gatti,true,0.5818139314651489,0.9145339131355286,True
dev_train_0539,dev_train,,Joe_Torre_0002,Joe_Torre_0003,Joe_Torre,Joe_Torre,true,0.691823422908783,0.7850816249847412,True
dev_train_0540,dev_train,,Joe_Torre_0002,Joe_Torre_0004,Joe_Torre,Joe_Torre,true,0.6661185026168823,0.8171676397323608,True
dev_train_0541,dev_train,,Joerg_Haider_0001,Joerg_Haider_0002,Joerg_Haider,Joerg_Haider,true,0.7059972286224365,0.7668151259422302,True
dev_train_0542,dev_train,,John_Abizaid_0003,John_Abizaid_0009,John_Abizaid,John_Abizaid,true,0.7916588187217712,0.6455094814300537,True
dev_train_0543,dev_train,,John_Ashcroft_0018,John_Ashcroft_0021,John_Ashcroft,John_Ashcroft,true,0.6817887425422668,0.7977610230445862,True
dev_train_0544,dev_train,,John_Ashcroft_0025,John_Ashcroft_0027,John_Ashcroft,John_Ashcroft,true,0.6712214350700378,0.8108991384506226,True
dev_train_0545,dev_train,,John_Ashcroft_0035,John_Ashcroft_0053,John_Ashcroft,John_Ashcroft,true,0.5866173505783081,0.9092663526535034,True
dev_train_0546,dev_train,,John_Cusack_0001,John_Cusack_0002,John_Cusack,John_Cusack,true,0.6515771150588989,0.8347729444503784,True
dev_train_0547,dev_train,,John_F_Kennedy_Jr_0001,John_F_Kennedy_Jr_0002,John_F_Kennedy_Jr,John_F_Kennedy_Jr,true,0.6160507798194885,0.876298189163208,True
dev_train_0548,dev_train,,John_Kerry_0001,John_Kerry_0002,John_Kerry,John_Kerry,true,0.7725319266319275,0.6744895577430725,True
dev_train_0549,dev_train,,John_Kerry_0005,John_Kerry_0014,John_Kerry,John_Kerry,true,0.7309373021125793,0.7335703372955322,True
dev_train_0550,dev_train,,John_Manley_0002,John_Manley_0007,John_Manley,John_Manley,true,0.7446807622909546,0.7145897150039673,True
dev_train_0551,dev_train,,John_Manley_0003,John_Manley_0004,John_Manley,John_Manley,true,0.7458289861679077,0.7129811644554138,True
dev_train_0552,dev_train,,John_Manley_0004,John_Manley_0005,John_Manley,John_Manley,true,0.5746672749519348,0.922315239906311,True
dev_train_0553,dev_train,,John_McCain_0003,John_McCain_0004,John_McCain,John_McCain,true,0.6756171584129333,0.8054599761962891,True
dev_train_0554,dev_train,,John_McCain_0005,John_McCain_0006,John_McCain,John_McCain,true,0.6487208604812622,0.838187575340271,True
dev_train_0555,dev_train,,John_McCormack_0001,John_McCormack_0002,John_McCormack,John_McCormack,true,0.02248598262667656,1.3982231616973877,True
dev_train_0556,dev_train,,John_Paul_II_0003,John_Paul_II_0011,John_Paul_II,John_Paul_II,true,0.5895993709564209,0.9059808850288391,True
dev_train_0557,dev_train,,John_Reid_0001,John_Reid_0002,John_Reid,John_Reid,true,0.7106226086616516,0.7607593536376953,True
dev_train_0558,dev_train,,John_Rigas_0001,John_Rigas_0002,John_Rigas,John_Rigas,true,0.7134738564491272,0.7570021748542786,True
dev_train_0559,dev_train,,John_Rosa_0002,John_Rosa_0003,John_Rosa,John_Rosa,true,0.8471464514732361,0.5529079437255859,True
dev_train_0560,dev_train,,John_Ruiz_0001,John_Ruiz_0002,John_Ruiz,John_Ruiz,true,0.7158063054084778,0.7539147734642029,True
dev_train_0561,dev_train,,John_Snow_0002,John_Snow_0004,John_Snow,John_Snow,true,0.6570858359336853,0.8281475901603699,True
dev_train_0562,dev_train,,John_Snow_0004,John_Snow_0007,John_Snow,John_Snow,true,0.6645848155021667,0.8190422654151917,True
dev_train_0563,dev_train,,John_Snow_0008,John_Snow_0016,John_Snow,John_Snow,true,0.7166047692298889,0.7528549432754517,True
dev_train_0564,dev_train,,John_Snow_0014,John_Snow_0017,John_Snow,John_Snow,true,0.8163636326789856,0.606030285358429,True
dev_train_0565,dev_train,,John_Swofford_0001,John_Swofford_0003,John_Swofford,John_Swofford,true,0.83437180519104,0.5755488872528076,True
dev_train_0566,dev_train,,John_Taylor_0001,John_Taylor_0002,John_Taylor,John_Taylor,true,0.7273547649383545,0.738437831401825,True
dev_train_0567,dev_train,,John_Warner_0001,John_Warner_0002,John_Warner,John_Warner,true,0.0582096241414547,1.3724361658096313,True
dev_train_0568,dev_train,,John_Warner_0001,John_Warner_0004,John_Warner,John_Warner,true,0.7046102285385132,0.7686219811439514,True
dev_train_0569,dev_train,,John_Warner_0002,John_Warner_0003,John_Warner,John_Warner,true,0.015184157527983189,1.4034357070922852,True
dev_train_0570,dev_train,,Johnny_Tapia_0001,Johnny_Tapia_0003,Johnny_Tapia,Johnny_Tapia,true,0.6824776530265808,0.7968969345092773,True
dev_train_0571,dev_train,,Johnny_Tapia_0002,Johnny_Tapia_0003,Johnny_Tapia,Johnny_Tapia,true,0.7280498743057251,0.7374959588050842,True
dev_train_0572,dev_train,,Jon_Gruden_0002,Jon_Gruden_0007,Jon_Gruden,Jon_Gruden,true,0.7016262412071228,0.7724944353103638,True
dev_train_0573,dev_train,,Jonathan_Edwards_0002,Jonathan_Edwards_0004,Jonathan_Edwards,Jonathan_Edwards,true,0.5071550607681274,0.9928191900253296,True
dev_train_0574,dev_train,,Jonathan_Mostow_0001,Jonathan_Mostow_0002,Jonathan_Mostow,Jonathan_Mostow,true,0.6474269032478333,0.8397297859191895,True
dev_train_0575,dev_train,,Jong_Wook_Lee_0001,Jong_Wook_Lee_0003,Jong_Wook_Lee,Jong_Wook_Lee,true,0.7418043613433838,0.7186037302017212,True
dev_train_0576,dev_train,,Jorge_Batlle_0001,Jorge_Batlle_0003,Jorge_Batlle,Jorge_Batlle,true,0.57765132188797,0.9190741777420044,True
dev_train_0577,dev_train,,Jorge_Batlle_0002,Jorge_Batlle_0003,Jorge_Batlle,Jorge_Batlle,true,0.5770897269248962,0.9196851253509521,True
dev_train_0578,dev_train,,Joschka_Fischer_0014,Joschka_Fischer_0015,Joschka_Fischer,Joschka_Fischer,true,0.8336522579193115,0.5767974853515625,True
dev_train_0579,dev_train,,Jose_Canseco_0001,Jose_Canseco_0002,Jose_Canseco,Jose_Canseco,true,0.6518502235412598,0.8344457149505615,True
dev_train_0580,dev_train,,Jose_Manuel_Durao_Barroso_0001,Jose_Manuel_Durao_Barroso_0006,Jose_Manuel_Durao_Barroso,Jose_Manuel_Durao_Barroso,true,0.5615548491477966,0.9364242553710938,True
dev_train_0581,dev_train,,Jose_Manuel_Durao_Barroso_0002,Jose_Manuel_Durao_Barroso_0005,Jose_Manuel_Durao_Barroso,Jose_Manuel_Durao_Barroso,true,0.7529100179672241,0.7029795050621033,True
dev_train_0582,dev_train,,Jose_Manuel_Durao_Barroso_0003,Jose_Manuel_Durao_Barroso_0005,Jose_Manuel_Durao_Barroso,Jose_Manuel_Durao_Barroso,true,0.7488763332366943,0.7086941003799438,True
dev_train_0583,dev_train,,Jose_Maria_Aznar_0004,Jose_Maria_Aznar_0022,Jose_Maria_Aznar,Jose_Maria_Aznar,true,0.6430113315582275,0.844971776008606,True
dev_train_0584,dev_train,,Jose_Maria_Aznar_0014,Jose_Maria_Aznar_0020,Jose_Maria_Aznar,Jose_Maria_Aznar,true,0.7113508582115173,0.75980144739151,True
dev_train_0585,dev_train,,Jose_Mourinho_0001,Jose_Mourinho_0002,Jose_Mourinho,Jose_Mourinho,true,0.5932253003120422,0.9019697308540344,True
dev_train_0586,dev_train,,Jose_Sarney_0001,Jose_Sarney_0002,Jose_Sarney,Jose_Sarney,true,0.667079746723175,0.8159905672073364,True
dev_train_0587,dev_train,,Jose_Serra_0001,Jose_Serra_0009,Jose_Serra,Jose_Serra,true,0.7559179663658142,0.6986875534057617,True
dev_train_0588,dev_train,,Jose_Viegas_Filho_0001,Jose_Viegas_Filho_0002,Jose_Viegas_Filho,Jose_Viegas_Filho,true,0.7187098860740662,0.7500535845756531,True
dev_train_0589,dev_train,,Joseph_Biden_0001,Joseph_Biden_0003,Joseph_Biden,Joseph_Biden,true,0.6531926393508911,0.8328353762626648,True
dev_train_0590,dev_train,,Joseph_Biden_0002,Joseph_Biden_0003,Joseph_Biden,Joseph_Biden,true,0.6022228598594666,0.8919386267662048,True
dev_train_0591,dev_train,,Joseph_Blatter_0001,Joseph_Blatter_0002,Joseph_Blatter,Joseph_Blatter,true,0.6679642200469971,0.8149059414863586,True
dev_train_0592,dev_train,,Joseph_Estrada_0002,Joseph_Estrada_0004,Joseph_Estrada,Joseph_Estrada,true,0.8253803849220276,0.5909647345542908,True
dev_train_0593,dev_train,,Juan_Carlos_Ferrero_0002,Juan_Carlos_Ferrero_0009,Juan_Carlos_Ferrero,Juan_Carlos_Ferrero,true,0.6467021107673645,0.8405925631523132,True
dev_train_0594,dev_train,,Juan_Carlos_Ferrero_0007,Juan_Carlos_Ferrero_0018,Juan_Carlos_Ferrero,Juan_Carlos_Ferrero,true,0.6034488081932068,0.8905629515647888,True
dev_train_0595,dev_train,,Juan_Ignacio_Chela_0001,Juan_Ignacio_Chela_0003,Juan_Ignacio_Chela,Juan_Ignacio_Chela,true,0.7137659788131714,0.7566161751747131,True
dev_train_0596,dev_train,,Juan_Pablo_Montoya_0003,Juan_Pablo_Montoya_0005,Juan_Pablo_Montoya,Juan_Pablo_Montoya,true,0.5730091333389282,0.9241113662719727,True
dev_train_0597,dev_train,,Juan_Valencia_Osorio_0001,Juan_Valencia_Osorio_0002,Juan_Valencia_Osorio,Juan_Valencia_Osorio,true,0.47897619009017944,1.0208073854446411,True
dev_train_0598,dev_train,,Juanes_0001,Juanes_0002,Juanes,Juanes,true,0.7871384620666504,0.6524746417999268,True
dev_train_0599,dev_train,,Juanes_0001,Juanes_0003,Juanes,Juanes,true,0.7415258288383484,0.718991219997406,True
dev_train_0600,dev_train,,Juanes_0002,Juanes_0003,Juanes,Juanes,true,0.7098066210746765,0.7618312239646912,True
dev_train_0601,dev_train,,Judy_Genshaft_0001,Judy_Genshaft_0002,Judy_Genshaft,Judy_Genshaft,true,0.7356739640235901,0.7270848155021667,True
dev_train_0602,dev_train,,Juergen_Peters_0001,Juergen_Peters_0002,Juergen_Peters,Juergen_Peters,true,0.7372592687606812,0.7249010801315308,True
dev_train_0603,dev_train,,Julia_Tymoshenko_0001,Julia_Tymoshenko_0002,Julia_Tymoshenko,Julia_Tymoshenko,true,0.47028422355651855,1.0292868614196777,True
dev_train_0604,dev_train,,Julia_Tymoshenko_0001,Julia_Tymoshenko_0003,Julia_Tymoshenko,Julia_Tymoshenko,true,0.4412967264652252,1.0570745468139648,True
dev_train_0605,dev_train,,Julianne_Moore_0006,Julianne_Moore_0012,Julianne_Moore,Julianne_Moore,true,0.5711444020271301,0.9261270761489868,True
dev_train_0606,dev_train,,Julianne_Moore_0009,Julianne_Moore_0012,Julianne_Moore,Julianne_Moore,true,0.7014618515968323,0.7727071046829224,True
dev_train_0607,dev_train,,Julie_Taymor_0001,Julie_Taymor_0002,Julie_Taymor,Julie_Taymor,true,0.6940034627914429,0.782299816608429,True
dev_train_0608,dev_train,,Justin_Guarini_0001,Justin_Guarini_0003,Justin_Guarini,Justin_Guarini,true,0.5254777669906616,0.9741891622543335,True
dev_train_0609,dev_train,,Justin_Guarini_0002,Justin_Guarini_0003,Justin_Guarini,Justin_Guarini,true,0.7399508953094482,0.7211783528327942,True
dev_train_0610,dev_train,,Kate_Capshaw_0001,Kate_Capshaw_0002,Kate_Capshaw,Kate_Capshaw,true,0.5862012505531311,0.9097239375114441,True
dev_train_0611,dev_train,,Kate_Hudson_0002,Kate_Hudson_0004,Kate_Hudson,Kate_Hudson,true,-0.06397156417369843,1.4587470293045044,True
dev_train_0612,dev_train,,Kate_Winslet_0001,Kate_Winslet_0004,Kate_Winslet,Kate_Winslet,true,0.6013504266738892,0.8929160833358765,True
dev_train_0613,dev_train,,Kate_Winslet_0002,Kate_Winslet_0004,Kate_Winslet,Kate_Winslet,true,0.6678935885429382,0.8149924874305725,True
dev_train_0614,dev_train,,Katherine_Harris_0002,Katherine_Harris_0003,Katherine_Harris,Katherine_Harris,true,0.6390721201896667,0.8496209383010864,True
dev_train_0615,dev_train,,Kathleen_Glynn_0001,Kathleen_Glynn_0002,Kathleen_Glynn,Kathleen_Glynn,true,0.715715229511261,0.7540355324745178,True
dev_train_0616,dev_train,,Kathryn_Bigelow_0001,Kathryn_Bigelow_0002,Kathryn_Bigelow,Kathryn_Bigelow,true,0.44436806440353394,1.0541651248931885,True
dev_train_0617,dev_train,,Katie_Harman_0002,Katie_Harman_0003,Katie_Harman,Katie_Harman,true,0.5897375345230103,0.9058283567428589,True
dev_train_0618,dev_train,,Keanu_Reeves_0002,Keanu_Reeves_0005,Keanu_Reeves,Keanu_Reeves,true,0.48378172516822815,1.016088843345642,True
dev_train_0619,dev_train,,Keanu_Reeves_0002,Keanu_Reeves_0012,Keanu_Reeves,Keanu_Reeves,true,0.6097816824913025,0.8834232687950134,True
dev_train_0620,dev_train,,Keanu_Reeves_0004,Keanu_Reeves_0006,Keanu_Reeves,Keanu_Reeves,true,0.5107203722000122,0.9892216324806213,True
dev_train_0621,dev_train,,Kelli_White_0001,Kelli_White_0002,Kelli_White,Kelli_White,true,0.8344222903251648,0.5754611492156982,True
dev_train_0622,dev_train,,Kelly_Clarkson_0001,Kelly_Clarkson_0003,Kelly_Clarkson,Kelly_Clarkson,true,0.7091241478919983,0.7627264261245728,True
dev_train_0623,dev_train,,Kemal_Dervis_0001,Kemal_Dervis_0002,Kemal_Dervis,Kemal_Dervis,true,0.8497796058654785,0.5481249094009399,True
dev_train_0624,dev_train,,Ken_Watanabe_0001,Ken_Watanabe_0002,Ken_Watanabe,Ken_Watanabe,true,0.672177255153656,0.8097195029258728,True
dev_train_0625,dev_train,,Kent_Rominger_0001,Kent_Rominger_0002,Kent_Rominger,Kent_Rominger,true,0.8385035991668701,0.5683245658874512,True
dev_train_0626,dev_train,,Kevin_Spacey_0001,Kevin_Spacey_0005,Kevin_Spacey,Kevin_Spacey,true,0.775306761264801,0.6703629493713379,True
dev_train_0627,dev_train,,Kevin_Spacey_0002,Kevin_Spacey_0004,Kevin_Spacey,Kevin_Spacey,true,0.7784901261329651,0.6655974388122559,True
dev_train_0628,dev_train,,Kevin_Stallings_0001,Kevin_Stallings_0002,Kevin_Stallings,Kevin_Stallings,true,0.7358012199401855,0.7269096970558167,True
dev_train_0629,dev_train,,Kim_Clijsters_0004,Kim_Clijsters_0009,Kim_Clijsters,Kim_Clijsters,true,0.5843790769577026,0.9117247462272644,True
dev_train_0630,dev_train,,Kim_Ryong-sung_0003,Kim_Ryong-sung_0010,Kim_Ryong-sung,Kim_Ryong-sung,true,0.7568708062171936,0.6973222494125366,True
dev_train_0631,dev_train,,Kim_Ryong-sung_0004,Kim_Ryong-sung_0006,Kim_Ryong-sung,Kim_Ryong-sung,true,0.6990731358528137,0.7757924199104309,True
dev_train_0632,dev_train,,Kim_Ryong-sung_0004,Kim_Ryong-sung_0009,Kim_Ryong-sung,Kim_Ryong-sung,true,0.6620613932609558,0.8221175074577332,True
dev_train_0633,dev_train,,Kimi_Raikkonen_0001,Kimi_Raikkonen_0003,Kimi_Raikkonen,Kimi_Raikkonen,true,0.4819934070110321,1.0178472995758057,True
dev_train_0634,dev_train,,Kimi_Raikkonen_0002,Kimi_Raikkonen_0003,Kimi_Raikkonen,Kimi_Raikkonen,true,0.5063356161117554,0.9936442375183105,True
dev_train_0635,dev_train,,Kobe_Bryant_0001,Kobe_Bryant_0003,Kobe_Bryant,Kobe_Bryant,true,0.5945056676864624,0.900549054145813,True
dev_train_0636,dev_train,,Kobe_Bryant_0002,Kobe_Bryant_0003,Kobe_Bryant,Kobe_Bryant,true,0.6785979270935059,0.8017507791519165,True
dev_train_0637,dev_train,,Kurt_Busch_0001,Kurt_Busch_0002,Kurt_Busch,Kurt_Busch,true,0.6154775619506836,0.876952052116394,True
dev_train_0638,dev_train,,Kurt_Russell_0001,Kurt_Russell_0002,Kurt_Russell,Kurt_Russell,true,0.6395052671432495,0.8491109609603882,True
dev_train_0639,dev_train,,Laila_Ali_0001,Laila_Ali_0002,Laila_Ali,Laila_Ali,true,0.32158955931663513,1.164826512336731,True
dev_train_0640,dev_train,,Larry_Brown_0001,Larry_Brown_0002,Larry_Brown,Larry_Brown,true,0.5774929523468018,0.91924649477005,True
dev_train_0641,dev_train,,Larry_Brown_0003,Larry_Brown_0007,Larry_Brown,Larry_Brown,true,0.5142914056777954,0.9856050610542297,True
dev_train_0642,dev_train,,Larry_Johnson_0001,Larry_Johnson_0002,Larry_Johnson,Larry_Johnson,true,0.8045018911361694,0.6252970695495605,True
dev_train_0643,dev_train,,Larry_Lucchino_0001,Larry_Lucchino_0002,Larry_Lucchino,Larry_Lucchino,true,0.7334231734275818,0.7301737666130066,True
dev_train_0644,dev_train,,Lars_Von_Trier_0001,Lars_Von_Trier_0003,Lars_Von_Trier,Lars_Von_Trier,true,0.7406435012817383,0.7202173471450806,True
dev_train_0645,dev_train,,Laura_Bush_0004,Laura_Bush_0032,Laura_Bush,Laura_Bush,true,0.5538074374198914,0.9446613192558289,True
dev_train_0646,dev_train,,Laura_Bush_0011,Laura_Bush_0040,Laura_Bush,Laura_Bush,true,0.4452565014362335,1.0533219575881958,True
dev_train_0647,dev_train,,Laura_Bush_0013,Laura_Bush_0016,Laura_Bush,Laura_Bush,true,0.7045847177505493,0.7686550617218018,True
dev_train_0648,dev_train,,Lauren_Hutton_0001,Lauren_Hutton_0002,Lauren_Hutton,Lauren_Hutton,true,0.6063866019248962,0.8872579336166382,True
dev_train_0649,dev_train,,LeAnn_Rimes_0001,LeAnn_Rimes_0002,LeAnn_Rimes,LeAnn_Rimes,true,0.7336344718933105,0.7298843860626221,True
dev_train_0650,dev_train,,Leander_Paes_0001,Leander_Paes_0002,Leander_Paes,Leander_Paes,true,0.7028260827064514,0.7709395885467529,True
dev_train_0651,dev_train,,Lech_Walesa_0001,Lech_Walesa_0002,Lech_Walesa,Lech_Walesa,true,0.0031941665802150965,1.411953091621399,True
dev_train_0652,dev_train,,Lee_Hoi-chang_0001,Lee_Hoi-chang_0003,Lee_Hoi-chang,Lee_Hoi-chang,true,0.7429373264312744,0.7170253396034241,True
dev_train_0653,dev_train,,Lee_Jun_0001,Lee_Jun_0002,Lee_Jun,Lee_Jun,true,0.6399852633476257,0.8485454320907593,True
dev_train_0654,dev_train,,Lee_Soo-hyuck_0001,Lee_Soo-hyuck_0002,Lee_Soo-hyuck,Lee_Soo-hyuck,true,0.7519662380218506,0.7043206095695496,True
dev_train_0655,dev_train,,Lee_Soo-hyuck_0001,Lee_Soo-hyuck_0003,Lee_Soo-hyuck,Lee_Soo-hyuck,true,0.8046444654464722,0.6250689029693604,True
dev_train_0656,dev_train,,Lee_Tae-sik_0001,Lee_Tae-sik_0002,Lee_Tae-sik,Lee_Tae-sik,true,0.650542676448822,0.8360112905502319,True
dev_train_0657,dev_train,,Lennox_Lewis_0002,Lennox_Lewis_0003,Lennox_Lewis,Lennox_Lewis,true,0.7804508805274963,0.6626450419425964,True
dev_train_0658,dev_train,,Lenny_Wilkens_0002,Lenny_Wilkens_0003,Lenny_Wilkens,Lenny_Wilkens,true,0.7007661461830139,0.7736069560050964,True
dev_train_0659,dev_train,,Leonard_Hamilton_0001,Leonard_Hamilton_0002,Leonard_Hamilton,Leonard_Hamilton,true,0.71723473072052,0.7520177960395813,True
dev_train_0660,dev_train,,Lesley_McCulloch_0001,Lesley_McCulloch_0002,Lesley_McCulloch,Lesley_McCulloch,true,0.5420610904693604,0.9570150375366211,True
dev_train_0661,dev_train,,Li_Peng_0001,Li_Peng_0007,Li_Peng,Li_Peng,true,0.7996674180030823,0.6329812407493591,True
dev_train_0662,dev_train,,Li_Zhaoxing_0001,Li_Zhaoxing_0003,Li_Zhaoxing,Li_Zhaoxing,true,0.6132646203041077,0.8794719576835632,True
dev_train_0663,dev_train,,Li_Zhaoxing_0001,Li_Zhaoxing_0005,Li_Zhaoxing,Li_Zhaoxing,true,0.7549313902854919,0.7000980377197266,True
dev_train_0664,dev_train,,Li_Zhaoxing_0002,Li_Zhaoxing_0008,Li_Zhaoxing,Li_Zhaoxing,true,0.8184768557548523,0.602533221244812,True
dev_train_0665,dev_train,,Lim_Dong-won_0001,Lim_Dong-won_0002,Lim_Dong-won,Lim_Dong-won,true,0.7378490567207336,0.7240869998931885,True
dev_train_0666,dev_train,,Lionel_Richie_0001,Lionel_Richie_0002,Lionel_Richie,Lionel_Richie,true,0.6789803504943848,0.8012735247612,True
dev_train_0667,dev_train,,Lisa_Gottsegen_0001,Lisa_Gottsegen_0002,Lisa_Gottsegen,Lisa_Gottsegen,true,0.7628625631332397,0.6886762380599976,True
dev_train_0668,dev_train,,Lisa_Ling_0001,Lisa_Ling_0002,Lisa_Ling,Lisa_Ling,true,0.5751876831054688,0.9217508435249329,True
dev_train_0669,dev_train,,Liu_Mingkang_0001,Liu_Mingkang_0002,Liu_Mingkang,Liu_Mingkang,true,0.7569001317024231,0.69728022813797,True
dev_train_0670,dev_train,,Lleyton_Hewitt_0010,Lleyton_Hewitt_0012,Lleyton_Hewitt,Lleyton_Hewitt,true,0.7373606562614441,0.7247611880302429,True
dev_train_0671,dev_train,,Lon_Kruger_0001,Lon_Kruger_0002,Lon_Kruger,Lon_Kruger,true,0.6956915855407715,0.780139148235321,True
dev_train_0672,dev_train,,Lou_Piniella_0001,Lou_Piniella_0003,Lou_Piniella,Lou_Piniella,true,0.5783418416976929,0.9183225631713867,True
dev_train_0673,dev_train,,Ludivine_Sagnier_0001,Ludivine_Sagnier_0004,Ludivine_Sagnier,Ludivine_Sagnier,true,0.43975430727005005,1.0585325956344604,True
dev_train_0674,dev_train,,Luiz_Inacio_Lula_da_Silva_0012,Luiz_Inacio_Lula_da_Silva_0033,Luiz_Inacio_Lula_da_Silva,Luiz_Inacio_Lula_da_Silva,true,0.5925393104553223,0.9027300477027893,True
dev_train_0675,dev_train,,Luiz_Inacio_Lula_da_Silva_0017,Luiz_Inacio_Lula_da_Silva_0042,Luiz_Inacio_Lula_da_Silva,Luiz_Inacio_Lula_da_Silva,true,0.6571401953697205,0.8280819654464722,True
dev_train_0676,dev_train,,Luiz_Inacio_Lula_da_Silva_0025,Luiz_Inacio_Lula_da_Silva_0033,Luiz_Inacio_Lula_da_Silva,Luiz_Inacio_Lula_da_Silva,true,0.6797019243240356,0.8003726005554199,True
dev_train_0677,dev_train,,Luke_Walton_0001,Luke_Walton_0002,Luke_Walton,Luke_Walton,true,0.7484181523323059,0.7093402743339539,True
dev_train_0678,dev_train,,Lynne_Cheney_0001,Lynne_Cheney_0003,Lynne_Cheney,Lynne_Cheney,true,0.598680317401886,0.8959014415740967,True
dev_train_0679,dev_train,,Lynne_Cheney_0002,Lynne_Cheney_0003,Lynne_Cheney,Lynne_Cheney,true,0.7740395069122314,0.6722506880760193,True
dev_train_0680,dev_train,,Madonna_0002,Madonna_0005,Madonna,Madonna,true,0.6642003655433655,0.8195116519927979,True
dev_train_0681,dev_train,,Magdalena_Maleeva_0001,Magdalena_Maleeva_0002,Magdalena_Maleeva,Magdalena_Maleeva,true,0.6467368006706238,0.8405513763427734,True
dev_train_0682,dev_train,,Mahathir_Mohamad_0009,Mahathir_Mohamad_0010,Mahathir_Mohamad,Mahathir_Mohamad,true,0.71951824426651,0.7489749193191528,True
dev_train_0683,dev_train,,Mahathir_Mohamad_0011,Mahathir_Mohamad_0012,Mahathir_Mohamad,Mahathir_Mohamad,true,0.7349192500114441,0.728121817111969,True
dev_train_0684,dev_train,,Manuel_Poggiali_0001,Manuel_Poggiali_0002,Manuel_Poggiali,Manuel_Poggiali,true,0.5568618178367615,0.9414225220680237,True
dev_train_0685,dev_train,,Marc-Andre_Fleury_0001,Marc-Andre_Fleury_0002,Marc-Andre_Fleury,Marc-Andre_Fleury,true,0.859135627746582,0.5307812690734863,True
dev_train_0686,dev_train,,Marc_Grossman_0001,Marc_Grossman_0002,Marc_Grossman,Marc_Grossman,true,0.7559548020362854,0.6986347436904907,True
dev_train_0687,dev_train,,Marc_Grossman_0001,Marc_Grossman_0003,Marc_Grossman,Marc_Grossman,true,-0.0066859000362455845,1.4189332723617554,True
dev_train_0688,dev_train,,Marcelo_Ebrard_0001,Marcelo_Ebrard_0002,Marcelo_Ebrard,Marcelo_Ebrard,true,0.747981071472168,0.7099563479423523,True
dev_train_0689,dev_train,,Marco_Antonio_Barrera_0003,Marco_Antonio_Barrera_0006,Marco_Antonio_Barrera,Marco_Antonio_Barrera,true,0.7780567407608032,0.6662482023239136,True
dev_train_0690,dev_train,,Marcus_Gronholm_0001,Marcus_Gronholm_0002,Marcus_Gronholm,Marcus_Gronholm,true,0.5321652293205261,0.9673001766204834,True
dev_train_0691,dev_train,,Margaret_Thatcher_0001,Margaret_Thatcher_0002,Margaret_Thatcher,Margaret_Thatcher,true,0.653721809387207,0.83219975233078,True
dev_train_0692,dev_train,,Maria_Luisa_Mendonca_0001,Maria_Luisa_Mendonca_0002,Maria_Luisa_Mendonca,Maria_Luisa_Mendonca,true,0.6836711764335632,0.7953978776931763,True
dev_train_0693,dev_train,,Maria_Soledad_Alvear_Valenzuela_0001,Maria_Soledad_Alvear_Valenzuela_0005,Maria_Soledad_Alvear_Valenzuela,Maria_Soledad_Alvear_Valenzuela,true,0.6308326125144958,0.8592641353607178,True
dev_train_0694,dev_train,,Maria_Soledad_Alvear_Valenzuela_0002,Maria_Soledad_Alvear_Valenzuela_0003,Maria_Soledad_Alvear_Valenzuela,Maria_Soledad_Alvear_Valenzuela,true,0.5982436537742615,0.8963887691497803,True
dev_train_0695,dev_train,,Mariana_Pollack_0001,Mariana_Pollack_0002,Mariana_Pollack,Mariana_Pollack,true,0.8975296020507812,0.4527038335800171,True
dev_train_0696,dev_train,,Marie-Reine_Le_Gougne_0001,Marie-Reine_Le_Gougne_0002,Marie-Reine_Le_Gougne,Marie-Reine_Le_Gougne,true,0.5544548034667969,0.9439758658409119,True
dev_train_0697,dev_train,,Marilyn_Monroe_0001,Marilyn_Monroe_0002,Marilyn_Monroe,Marilyn_Monroe,true,0.5821599960327148,0.9141554236412048,True
dev_train_0698,dev_train,,Marina_Anissina_0001,Marina_Anissina_0002,Marina_Anissina,Marina_Anissina,true,0.8134995102882385,0.6107381582260132,True
dev_train_0699,dev_train,,Mark_Geragos_0001,Mark_Geragos_0002,Mark_Geragos,Mark_Geragos,true,0.6321698427200317,0.8577064275741577,True
dev_train_0700,dev_train,,Mark_Gottfried_0001,Mark_Gottfried_0002,Mark_Gottfried,Mark_Gottfried,true,0.7167635560035706,0.7526438236236572,True
dev_train_0701,dev_train,,Mark_Hamister_0001,Mark_Hamister_0002,Mark_Hamister,Mark_Hamister,true,0.8361213207244873,0.5725008845329285,True
dev_train_0702,dev_train,,Mark_Hurlbert_0002,Mark_Hurlbert_0005,Mark_Hurlbert,Mark_Hurlbert,true,0.707841157913208,0.7644068598747253,True
dev_train_0703,dev_train,,Mark_Schweiker_0001,Mark_Schweiker_0002,Mark_Schweiker,Mark_Schweiker,true,0.7214788198471069,0.7463529109954834,True
dev_train_0704,dev_train,,Mark_Warner_0001,Mark_Warner_0002,Mark_Warner,Mark_Warner,true,0.7598289847373962,0.6930671334266663,True
dev_train_0705,dev_train,,Martha_Beatriz_Roque_0001,Martha_Beatriz_Roque_0002,Martha_Beatriz_Roque,Martha_Beatriz_Roque,true,0.7231230735778809,0.7441464066505432,True
dev_train_0706,dev_train,,Martha_Bowen_0001,Martha_Bowen_0002,Martha_Bowen,Martha_Bowen,true,0.1598031371831894,1.2963000535964966,True
dev_train_0707,dev_train,,Martha_Lucia_Ramirez_0002,Martha_Lucia_Ramirez_0003,Martha_Lucia_Ramirez,Martha_Lucia_Ramirez,true,0.660434365272522,0.824094295501709,True
dev_train_0708,dev_train,,Martin_Brodeur_0001,Martin_Brodeur_0002,Martin_Brodeur,Martin_Brodeur,true,0.6052048206329346,0.8885890245437622,True
dev_train_0709,dev_train,,Martin_Hoellwarth_0001,Martin_Hoellwarth_0002,Martin_Hoellwarth,Martin_Hoellwarth,true,0.5847505927085876,0.9113170504570007,True
dev_train_0710,dev_train,,Martin_McCauley_0001,Martin_McCauley_0002,Martin_McCauley,Martin_McCauley,true,0.690544605255127,0.7867088913917542,True
dev_train_0711,dev_train,,Martin_Scorsese_0002,Martin_Scorsese_0006,Martin_Scorsese,Martin_Scorsese,true,0.7479549646377563,0.7099930047988892,True
dev_train_0712,dev_train,,Martin_Scorsese_0003,Martin_Scorsese_0006,Martin_Scorsese,Martin_Scorsese,true,0.7623151540756226,0.689470648765564,True
dev_train_0713,dev_train,,Martin_Scorsese_0004,Martin_Scorsese_0005,Martin_Scorsese,Martin_Scorsese,true,0.8327714204788208,0.5783226490020752,True
dev_train_0714,dev_train,,Martina_Hingis_0001,Martina_Hingis_0003,Martina_Hingis,Martina_Hingis,true,0.529890775680542,0.9696486592292786,True
dev_train_0715,dev_train,,Martina_McBride_0002,Martina_McBride_0004,Martina_McBride,Martina_McBride,true,0.5742548704147339,0.9227623343467712,True
dev_train_0716,dev_train,,Martina_McBride_0003,Martina_McBride_0004,Martina_McBride,Martina_McBride,true,0.6618631482124329,0.8223586082458496,True
dev_train_0717,dev_train,,Marty_Mornhinweg_0002,Marty_Mornhinweg_0003,Marty_Mornhinweg,Marty_Mornhinweg,true,0.684532642364502,0.7943140864372253,True
dev_train_0718,dev_train,,Mary-Kate_Olsen_0001,Mary-Kate_Olsen_0002,Mary-Kate_Olsen,Mary-Kate_Olsen,true,0.7413538098335266,0.719230592250824,True
dev_train_0719,dev_train,,Mary_Steenburgen_0002,Mary_Steenburgen_0003,Mary_Steenburgen,Mary_Steenburgen,true,0.5162026286125183,0.9836639165878296,True
dev_train_0720,dev_train,,Masahiko_Nagasawa_0001,Masahiko_Nagasawa_0002,Masahiko_Nagasawa,Masahiko_Nagasawa,true,0.6636435985565186,0.8201907277107239,True
dev_train_0721,dev_train,,Mathias_Reichhold_0001,Mathias_Reichhold_0003,Mathias_Reichhold,Mathias_Reichhold,true,0.8319175243377686,0.5797972679138184,True
dev_train_0722,dev_train,,Matt_Damon_0001,Matt_Damon_0004,Matt_Damon,Matt_Damon,true,0.7008114457130432,0.7735483646392822,True
dev_train_0723,dev_train,,Matt_Damon_0002,Matt_Damon_0004,Matt_Damon,Matt_Damon,true,0.6638485789299011,0.8199406862258911,True
dev_train_0724,dev_train,,Matt_Damon_0003,Matt_Damon_0004,Matt_Damon,Matt_Damon,true,0.5808086395263672,0.9156323671340942,True
dev_train_0725,dev_train,,Matthew_Perry_0003,Matthew_Perry_0005,Matthew_Perry,Matthew_Perry,true,0.4200904071331024,1.0769490003585815,True
dev_train_0726,dev_train,,Matthew_Perry_0003,Matthew_Perry_0006,Matthew_Perry,Matthew_Perry,true,0.5601955056190491,0.9378748536109924,True
dev_train_0727,dev_train,,Matthew_Perry_0006,Matthew_Perry_0007,Matthew_Perry,Matthew_Perry,true,0.6140748262405396,0.8785502910614014,True
dev_train_0728,dev_train,,Maureen_Fanning_0001,Maureen_Fanning_0002,Maureen_Fanning,Maureen_Fanning,true,0.7284322381019592,0.7369773983955383,True
dev_train_0729,dev_train,,Mel_Brooks_0001,Mel_Brooks_0002,Mel_Brooks,Mel_Brooks,true,0.5671519637107849,0.9304279685020447,True
dev_train_0730,dev_train,,Mel_Gibson_0001,Mel_Gibson_0002,Mel_Gibson,Mel_Gibson,true,0.639482319355011,0.8491381406784058,True
dev_train_0731,dev_train,,Mesut_Yilmaz_0001,Mesut_Yilmaz_0002,Mesut_Yilmaz,Mesut_Yilmaz,true,0.5862959623336792,0.9096197485923767,True
dev_train_0732,dev_train,,Mian_Khursheed_Mehmood_Kasuri_0002,Mian_Khursheed_Mehmood_Kasuri_0003,Mian_Khursheed_Mehmood_Kasuri,Mian_Khursheed_Mehmood_Kasuri,true,0.646237313747406,0.8411452770233154,True
dev_train_0733,dev_train,,Michael_Ballack_0001,Michael_Ballack_0003,Michael_Ballack,Michael_Ballack,true,0.5963559150695801,0.8984922170639038,True
dev_train_0734,dev_train,,Michael_Ballack_0002,Michael_Ballack_0003,Michael_Ballack,Michael_Ballack,true,0.7322909832000732,0.7317227125167847,True
dev_train_0735,dev_train,,Michael_Bloomberg_0001,Michael_Bloomberg_0016,Michael_Bloomberg,Michael_Bloomberg,true,0.6758039593696594,0.8052281141281128,True
dev_train_0736,dev_train,,Michael_Caine_0001,Michael_Caine_0004,Michael_Caine,Michael_Caine,true,0.7435047626495361,0.7162335515022278,True
dev_train_0737,dev_train,,Michael_Caine_0002,Michael_Caine_0004,Michael_Caine,Michael_Caine,true,0.5475338697433472,0.9512792825698853,True
dev_train_0738,dev_train,,Michael_Chiklis_0002,Michael_Chiklis_0004,Michael_Chiklis,Michael_Chiklis,true,0.5898898243904114,0.9056601524353027,True
dev_train_0739,dev_train,,Michael_Douglas_0003,Michael_Douglas_0005,Michael_Douglas,Michael_Douglas,true,0.7226762771606445,0.7447466254234314,True
dev_train_0740,dev_train,,Michael_Jordan_0001,Michael_Jordan_0003,Michael_Jordan,Michael_Jordan,true,0.5760563015937805,0.9208080172538757,True
dev_train_0741,dev_train,,Michael_Jordan_0001,Michael_Jordan_0004,Michael_Jordan,Michael_Jordan,true,0.6708368062973022,0.8113731741905212,True
dev_train_0742,dev_train,,Michael_Kostelnik_0001,Michael_Kostelnik_0002,Michael_Kostelnik,Michael_Kostelnik,true,,,False
dev_train_0743,dev_train,,Michael_Moore_0001,Michael_Moore_0003,Michael_Moore,Michael_Moore,true,0.6211263537406921,0.870486855506897,True
dev_train_0744,dev_train,,Michael_Patrick_King_0001,Michael_Patrick_King_0002,Michael_Patrick_King,Michael_Patrick_King,true,0.7599647045135498,0.6928713321685791,True
dev_train_0745,dev_train,,Michael_Powell_0002,Michael_Powell_0004,Michael_Powell,Michael_Powell,true,0.8061956763267517,0.6225824356079102,True
dev_train_0746,dev_train,,Michael_Winterbottom_0001,Michael_Winterbottom_0003,Michael_Winterbottom,Michael_Winterbottom,true,0.732666552066803,0.7312092185020447,True
dev_train_0747,dev_train,,Michael_Winterbottom_0002,Michael_Winterbottom_0003,Michael_Winterbottom,Michael_Winterbottom,true,0.8385705351829529,0.568206787109375,True
dev_train_0748,dev_train,,Mick_Jagger_0002,Mick_Jagger_0004,Mick_Jagger,Mick_Jagger,true,0.5399042367935181,0.959266185760498,True
dev_train_0749,dev_train,,Miguel_Estrada_0001,Miguel_Estrada_0002,Miguel_Estrada,Miguel_Estrada,true,0.6789464354515076,0.8013158440589905,True
dev_train_0750,dev_train,,Mike_Babcock_0001,Mike_Babcock_0002,Mike_Babcock,Mike_Babcock,true,0.7960718870162964,0.6386363506317139,True
dev_train_0751,dev_train,,Mike_Krzyzewski_0002,Mike_Krzyzewski_0004,Mike_Krzyzewski,Mike_Krzyzewski,true,0.7293905019760132,0.7356758713722229,True
dev_train_0752,dev_train,,Mike_Martz_0003,Mike_Martz_0005,Mike_Martz,Mike_Martz,true,0.7885873913764954,0.6502503156661987,True
dev_train_0753,dev_train,,Mike_Martz_0004,Mike_Martz_0005,Mike_Martz,Mike_Martz,true,0.8004396557807922,0.6317600607872009,True
dev_train_0754,dev_train,,Mike_Miller_0001,Mike_Miller_0002,Mike_Miller,Mike_Miller,true,0.42844483256340027,1.0691633224487305,True
dev_train_0755,dev_train,,Mike_Myers_0005,Mike_Myers_0007,Mike_Myers,Mike_Myers,true,0.5681287050247192,0.9293776154518127,True
dev_train_0756,dev_train,,Mike_Scioscia_0001,Mike_Scioscia_0002,Mike_Scioscia,Mike_Scioscia,true,0.7080962061882019,0.7640730142593384,True
dev_train_0757,dev_train,,Mike_Tyson_0001,Mike_Tyson_0003,Mike_Tyson,Mike_Tyson,true,0.6615147590637207,0.8227822184562683,True
dev_train_0758,dev_train,,Mikhail_Kasyanov_0001,Mikhail_Kasyanov_0002,Mikhail_Kasyanov,Mikhail_Kasyanov,true,0.7660665512084961,0.6840081214904785,True
dev_train_0759,dev_train,,Mikhail_Wehbe_0001,Mikhail_Wehbe_0004,Mikhail_Wehbe,Mikhail_Wehbe,true,0.6844937801361084,0.7943629026412964,True
dev_train_0760,dev_train,,Milo_Djukanovic_0001,Milo_Djukanovic_0003,Milo_Djukanovic,Milo_Djukanovic,true,0.6784328818321228,0.8019565939903259,True
dev_train_0761,dev_train,,Milo_Maestrecampo_0001,Milo_Maestrecampo_0002,Milo_Maestrecampo,Milo_Maestrecampo,true,0.7798894643783569,0.6634916067123413,True
dev_train_0762,dev_train,,Milo_Maestrecampo_0001,Milo_Maestrecampo_0003,Milo_Maestrecampo,Milo_Maestrecampo,true,0.7779609560966492,0.666391909122467,True
dev_train_0763,dev_train,,Milo_Maestrecampo_0002,Milo_Maestrecampo_0003,Milo_Maestrecampo,Milo_Maestrecampo,true,0.7672535181045532,0.6822704672813416,True
dev_train_0764,dev_train,,Miroljub_0001,Miroljub_0002,Miroljub,Miroljub,true,0.7819222807884216,0.6604207754135132,True
dev_train_0765,dev_train,,Miyako_Miyazaki_0001,Miyako_Miyazaki_0002,Miyako_Miyazaki,Miyako_Miyazaki,true,0.6293497085571289,0.860988199710846,True
dev_train_0766,dev_train,,Mohamed_Benaissa_0001,Mohamed_Benaissa_0002,Mohamed_Benaissa,Mohamed_Benaissa,true,0.6671969890594482,0.815846860408783,True
dev_train_0767,dev_train,,Mohammed_Al-Douri_0002,Mohammed_Al-Douri_0005,Mohammed_Al-Douri,Mohammed_Al-Douri,true,0.7375617027282715,0.7244837284088135,True
dev_train_0768,dev_train,,Monica_Bellucci_0001,Monica_Bellucci_0003,Monica_Bellucci,Monica_Bellucci,true,0.5786709189414978,0.9179642200469971,True
dev_train_0769,dev_train,,Monica_Seles_0002,Monica_Seles_0003,Monica_Seles,Monica_Seles,true,0.7702572345733643,0.6778535842895508,True
dev_train_0770,dev_train,,Monica_Seles_0004,Monica_Seles_0006,Monica_Seles,Monica_Seles,true,0.7860144972801208,0.6541949510574341,True
dev_train_0771,dev_train,,Monique_Garbrecht-Enfeldt_0001,Monique_Garbrecht-Enfeldt_0003,Monique_Garbrecht-Enfeldt,Monique_Garbrecht-Enfeldt,true,0.7173148393630981,0.7519111633300781,True
dev_train_0772,dev_train,,Monique_Garbrecht-Enfeldt_0002,Monique_Garbrecht-Enfeldt_0003,Monique_Garbrecht-Enfeldt,Monique_Garbrecht-Enfeldt,true,0.5094875693321228,0.9904670119285583,True
dev_train_0773,dev_train,,Morgan_Freeman_0001,Morgan_Freeman_0002,Morgan_Freeman,Morgan_Freeman,true,,,False
dev_train_0774,dev_train,,Moshe_Katsav_0001,Moshe_Katsav_0004,Moshe_Katsav,Moshe_Katsav,true,0.668466329574585,0.8142894506454468,True
dev_train_0775,dev_train,,Moshe_Katsav_0002,Moshe_Katsav_0003,Moshe_Katsav,Moshe_Katsav,true,0.7592874765396118,0.6938480138778687,True
dev_train_0776,dev_train,,Moshe_Katsav_0002,Moshe_Katsav_0004,Moshe_Katsav,Moshe_Katsav,true,0.6879212856292725,0.7900363206863403,True
dev_train_0777,dev_train,,Muhammad_Saeed_al-Sahhaf_0001,Muhammad_Saeed_al-Sahhaf_0005,Muhammad_Saeed_al-Sahhaf,Muhammad_Saeed_al-Sahhaf,true,0.5042597651481628,0.9957311749458313,True
dev_train_0778,dev_train,,Muhammad_Saeed_al-Sahhaf_0003,Muhammad_Saeed_al-Sahhaf_0004,Muhammad_Saeed_al-Sahhaf,Muhammad_Saeed_al-Sahhaf,true,0.5320742130279541,0.9673942923545837,True
dev_train_0779,dev_train,,Muhammad_Saeed_al-Sahhaf_0004,Muhammad_Saeed_al-Sahhaf_0005,Muhammad_Saeed_al-Sahhaf,Muhammad_Saeed_al-Sahhaf,true,0.5665255188941956,0.9311009645462036,True
dev_train_0780,dev_train,,Mukesh_Ambani_0001,Mukesh_Ambani_0003,Mukesh_Ambani,Mukesh_Ambani,true,0.6097657084465027,0.8834413290023804,True
dev_train_0781,dev_train,,Munir_Akram_0001,Munir_Akram_0002,Munir_Akram,Munir_Akram,true,0.8682226538658142,0.5133758187294006,True
dev_train_0782,dev_train,,Nabil_Shaath_0001,Nabil_Shaath_0003,Nabil_Shaath,Nabil_Shaath,true,0.5746595859527588,0.9223235845565796,True
dev_train_0783,dev_train,,Nadia_Petrova_0001,Nadia_Petrova_0005,Nadia_Petrova,Nadia_Petrova,true,,,False
dev_train_0784,dev_train,,Naji_Sabri_0004,Naji_Sabri_0008,Naji_Sabri,Naji_Sabri,true,0.6883540153503418,0.7894884943962097,True
dev_train_0785,dev_train,,Nancy_Demme_0001,Nancy_Demme_0002,Nancy_Demme,Nancy_Demme,true,0.7918565273284912,0.6452029347419739,True
dev_train_0786,dev_train,,Nancy_Reagan_0001,Nancy_Reagan_0002,Nancy_Reagan,Nancy_Reagan,true,0.5235227346420288,0.9761938452720642,True
dev_train_0787,dev_train,,Nancy_Sinatra_0001,Nancy_Sinatra_0002,Nancy_Sinatra,Nancy_Sinatra,true,0.4979129731655121,1.0020848512649536,True
dev_train_0788,dev_train,,Nanni_Moretti_0001,Nanni_Moretti_0002,Nanni_Moretti,Nanni_Moretti,true,0.5563087463378906,0.9420098662376404,True
dev_train_0789,dev_train,,Naomi_Watts_0012,Naomi_Watts_0014,Naomi_Watts,Naomi_Watts,true,0.5733055472373962,0.9237905144691467,True
dev_train_0790,dev_train,,Natasha_McElhone_0002,Natasha_McElhone_0003,Natasha_McElhone,Natasha_McElhone,true,0.8665376901626587,0.516647458076477,True
dev_train_0791,dev_train,,Nathalie_Baye_0001,Nathalie_Baye_0003,Nathalie_Baye,Nathalie_Baye,true,0.5920020937919617,0.9033248424530029,True
dev_train_0792,dev_train,,Nathalie_Baye_0002,Nathalie_Baye_0004,Nathalie_Baye,Nathalie_Baye,true,0.5577980875968933,0.9404275417327881,True
dev_train_0793,dev_train,,Nathan_Lane_0001,Nathan_Lane_0002,Nathan_Lane,Nathan_Lane,true,0.5840957760810852,0.9120354056358337,True
dev_train_0794,dev_train,,Nebojsa_Pavkovic_0001,Nebojsa_Pavkovic_0002,Nebojsa_Pavkovic,Nebojsa_Pavkovic,true,0.7355529069900513,0.7272511124610901,True
dev_train_0795,dev_train,,Nia_Vardalos_0003,Nia_Vardalos_0004,Nia_Vardalos,Nia_Vardalos,true,0.5621936321258545,0.9357419013977051,True
dev_train_0796,dev_train,,Nicholas_Tse_0001,Nicholas_Tse_0002,Nicholas_Tse,Nicholas_Tse,true,0.5944355726242065,0.9006268978118896,True
dev_train_0797,dev_train,,Nick_Nolte_0001,Nick_Nolte_0004,Nick_Nolte,Nick_Nolte,true,0.4417867660522461,1.0566108226776123,True
dev_train_0798,dev_train,,Nicolas_Cage_0001,Nicolas_Cage_0002,Nicolas_Cage,Nicolas_Cage,true,0.7631096839904785,0.6883172988891602,True
dev_train_0799,dev_train,,Nicolas_Escude_0001,Nicolas_Escude_0002,Nicolas_Escude,Nicolas_Escude,true,0.7250255346298218,0.741585373878479,True
dev_train_0800,dev_train,,Nicolas_Lapentti_0001,Nicolas_Lapentti_0002,Nicolas_Lapentti,Nicolas_Lapentti,true,0.7134803533554077,0.7569937705993652,True
dev_train_0801,dev_train,,Noelle_Bush_0002,Noelle_Bush_0004,Noelle_Bush,Noelle_Bush,true,0.7064530253410339,0.7662205696105957,True
dev_train_0802,dev_train,,Norah_Jones_0005,Norah_Jones_0013,Norah_Jones,Norah_Jones,true,0.6855331659317017,0.793053388595581,True
dev_train_0803,dev_train,,Norman_Jewison_0001,Norman_Jewison_0002,Norman_Jewison,Norman_Jewison,true,0.7263482809066772,0.7397996783256531,True
dev_train_0804,dev_train,,Norodom_Sihanouk_0001,Norodom_Sihanouk_0002,Norodom_Sihanouk,Norodom_Sihanouk,true,0.6771726012229919,0.8035265207290649,True
dev_train_0805,dev_train,,Norodom_Sihanouk_0002,Norodom_Sihanouk_0003,Norodom_Sihanouk,Norodom_Sihanouk,true,-0.08639370650053024,1.474037766456604,True
dev_train_0806,dev_train,,Nursultan_Nazarbayev_0001,Nursultan_Nazarbayev_0002,Nursultan_Nazarbayev,Nursultan_Nazarbayev,true,0.5733006000518799,0.9237958788871765,True
dev_train_0807,dev_train,,Oleksandr_Moroz_0001,Oleksandr_Moroz_0002,Oleksandr_Moroz,Oleksandr_Moroz,true,0.7589759230613708,0.6942969560623169,True
dev_train_0808,dev_train,,Olesya_Bonabarenko_0001,Olesya_Bonabarenko_0002,Olesya_Bonabarenko,Olesya_Bonabarenko,true,0.6044259071350098,0.8894651532173157,True
dev_train_0809,dev_train,,Oswaldo_Paya_0003,Oswaldo_Paya_0005,Oswaldo_Paya,Oswaldo_Paya,true,0.6476378440856934,0.8394787311553955,True
dev_train_0810,dev_train,,Oxana_Fedorova_0002,Oxana_Fedorova_0004,Oxana_Fedorova,Oxana_Fedorova,true,0.5654463768005371,0.9322592616081238,True
dev_train_0811,dev_train,,Paradorn_Srichaphan_0003,Paradorn_Srichaphan_0007,Paradorn_Srichaphan,Paradorn_Srichaphan,true,0.7516070604324341,0.7048304677009583,True
dev_train_0812,dev_train,,Paradorn_Srichaphan_0008,Paradorn_Srichaphan_0010,Paradorn_Srichaphan,Paradorn_Srichaphan,true,0.6981359124183655,0.7769994139671326,True
dev_train_0813,dev_train,,Pascal_Lamy_0001,Pascal_Lamy_0002,Pascal_Lamy,Pascal_Lamy,true,0.6968478560447693,0.778655469417572,True
dev_train_0814,dev_train,,Pat_Cox_0001,Pat_Cox_0002,Pat_Cox,Pat_Cox,true,0.7749145030975342,0.6709478497505188,True
dev_train_0815,dev_train,,Patricia_Clarkson_0001,Patricia_Clarkson_0002,Patricia_Clarkson,Patricia_Clarkson,true,0.8453981876373291,0.5560609102249146,True
dev_train_0816,dev_train,,Patricia_Clarkson_0001,Patricia_Clarkson_0003,Patricia_Clarkson,Patricia_Clarkson,true,0.7122218608856201,0.7586544156074524,True
dev_train_0817,dev_train,,Patricia_Heaton_0001,Patricia_Heaton_0002,Patricia_Heaton,Patricia_Heaton,true,0.6804717183113098,0.7994102239608765,True
dev_train_0818,dev_train,,Patrick_Ewing_0001,Patrick_Ewing_0002,Patrick_Ewing,Patrick_Ewing,true,0.6549139022827148,0.8307660818099976,True
dev_train_0819,dev_train,,Patrick_Roy_0001,Patrick_Roy_0002,Patrick_Roy,Patrick_Roy,true,0.5015354752540588,0.9984633922576904,True
dev_train_0820,dev_train,,Patrick_Stewart_0001,Patrick_Stewart_0002,Patrick_Stewart,Patrick_Stewart,true,,,False
dev_train_0821,dev_train,,Paul_Coppin_0001,Paul_Coppin_0002,Paul_Coppin,Paul_Coppin,true,0.6602906584739685,0.824268639087677,True
dev_train_0822,dev_train,,Paul_McCartney_0004,Paul_McCartney_0006,Paul_McCartney,Paul_McCartney,true,0.7579882144927979,0.6957181096076965,True
dev_train_0823,dev_train,,Paul_McNulty_0001,Paul_McNulty_0002,Paul_McNulty,Paul_McNulty,true,0.819428026676178,0.6009526252746582,True
dev_train_0824,dev_train,,Paul_ONeill_0008,Paul_ONeill_0009,Paul_ONeill,Paul_ONeill,true,0.5977302193641663,0.8969613313674927,True
dev_train_0825,dev_train,,Paul_Pierce_0001,Paul_Pierce_0002,Paul_Pierce,Paul_Pierce,true,0.5358430743217468,0.9634904861450195,True
dev_train_0826,dev_train,,Paul_Tagliabue_0001,Paul_Tagliabue_0003,Paul_Tagliabue,Paul_Tagliabue,true,0.6209010481834412,0.8707455992698669,True
dev_train_0827,dev_train,,Paul_Tagliabue_0002,Paul_Tagliabue_0003,Paul_Tagliabue,Paul_Tagliabue,true,0.7141847014427185,0.7560627460479736,True
dev_train_0828,dev_train,,Paul_Tagliabue_0002,Paul_Tagliabue_0004,Paul_Tagliabue,Paul_Tagliabue,true,0.7442057132720947,0.7152543067932129,True
dev_train_0829,dev_train,,Paul_Wolfowitz_0002,Paul_Wolfowitz_0010,Paul_Wolfowitz,Paul_Wolfowitz,true,0.7471272945404053,0.7111577987670898,True
dev_train_0830,dev_train,,Paul_Wolfowitz_0003,Paul_Wolfowitz_0007,Paul_Wolfowitz,Paul_Wolfowitz,true,0.6927193403244019,0.7839396595954895,True
dev_train_0831,dev_train,,Paul_Wolfowitz_0003,Paul_Wolfowitz_0008,Paul_Wolfowitz,Paul_Wolfowitz,true,0.6924449801445007,0.784289538860321,True
dev_train_0832,dev_train,,Paul_Wolfowitz_0005,Paul_Wolfowitz_0006,Paul_Wolfowitz,Paul_Wolfowitz,true,0.8123149871826172,0.6126745343208313,True
dev_train_0833,dev_train,,Paula_Radcliffe_0004,Paula_Radcliffe_0005,Paula_Radcliffe,Paula_Radcliffe,true,0.31228989362716675,1.1727831363677979,True
dev_train_0834,dev_train,,Penelope_Ann_Miller_0001,Penelope_Ann_Miller_0002,Penelope_Ann_Miller,Penelope_Ann_Miller,true,0.723206639289856,0.7440341711044312,True
dev_train_0835,dev_train,,Pete_Carroll_0001,Pete_Carroll_0002,Pete_Carroll,Pete_Carroll,true,0.6614669561386108,0.8228403329849243,True
dev_train_0836,dev_train,,Pete_Carroll_0002,Pete_Carroll_0003,Pete_Carroll,Pete_Carroll,true,0.6432466506958008,0.8446932435035706,True
dev_train_0837,dev_train,,Pete_Sampras_0003,Pete_Sampras_0018,Pete_Sampras,Pete_Sampras,true,0.6733157634735107,0.8083120584487915,True
dev_train_0838,dev_train,,Peter_Arnett_0002,Peter_Arnett_0003,Peter_Arnett,Peter_Arnett,true,0.6094465255737305,0.883802592754364,True
dev_train_0839,dev_train,,Peter_Bacanovic_0001,Peter_Bacanovic_0002,Peter_Bacanovic,Peter_Bacanovic,true,0.7471039295196533,0.7111907601356506,True
dev_train_0840,dev_train,,Peter_Hillary_0001,Peter_Hillary_0002,Peter_Hillary,Peter_Hillary,true,0.8588375449180603,0.5313425660133362,True
dev_train_0841,dev_train,,Peter_Struck_0001,Peter_Struck_0003,Peter_Struck,Peter_Struck,true,0.6697854995727539,0.8126678466796875,True
dev_train_0842,dev_train,,Peter_Struck_0001,Peter_Struck_0005,Peter_Struck,Peter_Struck,true,0.6649690866470337,0.8185731172561646,True
dev_train_0843,dev_train,,Petria_Thomas_0001,Petria_Thomas_0002,Petria_Thomas,Petria_Thomas,true,0.8208965063095093,0.5985040068626404,True
dev_train_0844,dev_train,,Philippe_Noiret_0001,Philippe_Noiret_0002,Philippe_Noiret,Philippe_Noiret,true,0.6164096593856812,0.8758885264396667,True
dev_train_0845,dev_train,,Prince_Charles_0002,Prince_Charles_0004,Prince_Charles,Prince_Charles,true,0.8100089430809021,0.6164268851280212,True
dev_train_0846,dev_train,,Prince_Claus_0001,Prince_Claus_0003,Prince_Claus,Prince_Claus,true,0.7138267755508423,0.7565358281135559,True
dev_train_0847,dev_train,,Prince_Edward_0001,Prince_Edward_0002,Prince_Edward,Prince_Edward,true,0.6276751160621643,0.8629308938980103,True
dev_train_0848,dev_train,,Prince_Harry_0001,Prince_Harry_0002,Prince_Harry,Prince_Harry,true,0.8233678340911865,0.5943605303764343,True
dev_train_0849,dev_train,,Prince_Naruhito_0002,Prince_Naruhito_0003,Prince_Naruhito,Prince_Naruhito,true,0.7092834115028381,0.7625177502632141,True
dev_train_0850,dev_train,,Prince_William_0001,Prince_William_0002,Prince_William,Prince_William,true,0.6122828722000122,0.8805874586105347,True
dev_train_0851,dev_train,,Princess_Anne_0001,Princess_Anne_0002,Princess_Anne,Princess_Anne,true,0.6294329762458801,0.8608913421630859,True
dev_train_0852,dev_train,,Princess_Caroline_0001,Princess_Caroline_0004,Princess_Caroline,Princess_Caroline,true,0.7679561376571655,0.681239902973175,True
dev_train_0853,dev_train,,Princess_Elisabeth_0001,Princess_Elisabeth_0002,Princess_Elisabeth,Princess_Elisabeth,true,0.6964677572250366,0.7791433930397034,True
dev_train_0854,dev_train,,Princess_Masako_0001,Princess_Masako_0002,Princess_Masako,Princess_Masako,true,0.7259977459907532,0.7402732372283936,True
dev_train_0855,dev_train,,Priscilla_Owen_0001,Priscilla_Owen_0002,Priscilla_Owen,Priscilla_Owen,true,0.5660609006881714,0.9315998554229736,True
dev_train_0856,dev_train,,Pupi_Avati_0002,Pupi_Avati_0003,Pupi_Avati,Pupi_Avati,true,0.8644102215766907,0.5207489728927612,True
dev_train_0857,dev_train,,Queen_Beatrix_0001,Queen_Beatrix_0004,Queen_Beatrix,Queen_Beatrix,true,0.6237138509750366,0.8675093054771423,True
dev_train_0858,dev_train,,Queen_Beatrix_0002,Queen_Beatrix_0003,Queen_Beatrix,Queen_Beatrix,true,0.6988672614097595,0.7760576605796814,True
dev_train_0859,dev_train,,Queen_Elizabeth_II_0004,Queen_Elizabeth_II_0011,Queen_Elizabeth_II,Queen_Elizabeth_II,true,0.6145722270011902,0.8779838681221008,True
dev_train_0860,dev_train,,Queen_Elizabeth_II_0005,Queen_Elizabeth_II_0013,Queen_Elizabeth_II,Queen_Elizabeth_II,true,0.7165597677230835,0.7529147863388062,True
dev_train_0861,dev_train,,Queen_Elizabeth_II_0006,Queen_Elizabeth_II_0007,Queen_Elizabeth_II,Queen_Elizabeth_II,true,0.5768820643424988,0.9199108481407166,True
dev_train_0862,dev_train,,Queen_Elizabeth_II_0006,Queen_Elizabeth_II_0011,Queen_Elizabeth_II,Queen_Elizabeth_II,true,0.5483422875404358,0.9504290819168091,True
dev_train_0863,dev_train,,Queen_Latifah_0001,Queen_Latifah_0003,Queen_Latifah,Queen_Latifah,true,0.6974278092384338,0.7779102921485901,True
dev_train_0864,dev_train,,Rainer_Schuettler_0001,Rainer_Schuettler_0004,Rainer_Schuettler,Rainer_Schuettler,true,0.5633403062820435,0.9345157146453857,True
dev_train_0865,dev_train,,Rainer_Schuettler_0003,Rainer_Schuettler_0004,Rainer_Schuettler,Rainer_Schuettler,true,0.4954219460487366,1.0045676231384277,True
dev_train_0866,dev_train,,Ralph_Lauren_0001,Ralph_Lauren_0002,Ralph_Lauren,Ralph_Lauren,true,0.7702206373214722,0.6779076457023621,True
dev_train_0867,dev_train,,Ranil_Wickremasinghe_0002,Ranil_Wickremasinghe_0003,Ranil_Wickremasinghe,Ranil_Wickremasinghe,true,0.6095852851867676,0.8836455941200256,True
dev_train_0868,dev_train,,Raoul_Ruiz_0001,Raoul_Ruiz_0004,Raoul_Ruiz,Raoul_Ruiz,true,0.8691080212593079,0.5116482973098755,True
dev_train_0869,dev_train,,Raoul_Ruiz_0003,Raoul_Ruiz_0004,Raoul_Ruiz,Raoul_Ruiz,true,0.7984534502029419,0.6348961591720581,True
dev_train_0870,dev_train,,Raquel_Welch_0001,Raquel_Welch_0002,Raquel_Welch,Raquel_Welch,true,0.8768740892410278,0.49623775482177734,True
dev_train_0871,dev_train,,Ray_Allen_0001,Ray_Allen_0002,Ray_Allen,Ray_Allen,true,0.6346611380577087,0.854796826839447,True
dev_train_0872,dev_train,,Ray_Allen_0002,Ray_Allen_0003,Ray_Allen,Ray_Allen,true,0.5411961674690247,0.9579184651374817,True
dev_train_0873,dev_train,,Raymond_Odierno_0001,Raymond_Odierno_0002,Raymond_Odierno,Raymond_Odierno,true,0.933648943901062,0.36428302526474,True
dev_train_0874,dev_train,,Rebekah_Chantay_Revels_0002,Rebekah_Chantay_Revels_0004,Rebekah_Chantay_Revels,Rebekah_Chantay_Revels,true,0.6767371296882629,0.8040683269500732,True
dev_train_0875,dev_train,,Rebekah_Chantay_Revels_0003,Rebekah_Chantay_Revels_0004,Rebekah_Chantay_Revels,Rebekah_Chantay_Revels,true,0.6685721278190613,0.8141595721244812,True
dev_train_0876,dev_train,,Recep_Tayyip_Erdogan_0002,Recep_Tayyip_Erdogan_0004,Recep_Tayyip_Erdogan,Recep_Tayyip_Erdogan,true,0.04275357350707054,1.3836520910263062,True
dev_train_0877,dev_train,,Recep_Tayyip_Erdogan_0002,Recep_Tayyip_Erdogan_0008,Recep_Tayyip_Erdogan,Recep_Tayyip_Erdogan,true,0.780933678150177,0.6619160175323486,True
dev_train_0878,dev_train,,Recep_Tayyip_Erdogan_0014,Recep_Tayyip_Erdogan_0029,Recep_Tayyip_Erdogan,Recep_Tayyip_Erdogan,true,0.7216686606407166,0.7460982799530029,True
dev_train_0879,dev_train,,Reggie_Miller_0001,Reggie_Miller_0002,Reggie_Miller,Reggie_Miller,true,0.740056037902832,0.7210326194763184,True
dev_train_0880,dev_train,,Ricardo_Lagos_0001,Ricardo_Lagos_0003,Ricardo_Lagos,Ricardo_Lagos,true,0.7525554895401001,0.7034834623336792,True
dev_train_0881,dev_train,,Ricardo_Lagos_0002,Ricardo_Lagos_0023,Ricardo_Lagos,Ricardo_Lagos,true,0.7185133695602417,0.7503155469894409,True
dev_train_0882,dev_train,,Ricardo_Lagos_0009,Ricardo_Lagos_0022,Ricardo_Lagos,Ricardo_Lagos,true,0.8045831322669983,0.6251670718193054,True
dev_train_0883,dev_train,,Ricardo_Lagos_0017,Ricardo_Lagos_0018,Ricardo_Lagos,Ricardo_Lagos,true,0.9042510390281677,0.4376049339771271,True
dev_train_0884,dev_train,,Ricardo_Monasterio_0001,Ricardo_Monasterio_0002,Ricardo_Monasterio,Ricardo_Monasterio,true,0.7672398090362549,0.6822906732559204,True
dev_train_0885,dev_train,,Ricardo_Sanchez_0003,Ricardo_Sanchez_0004,Ricardo_Sanchez,Ricardo_Sanchez,true,0.709358811378479,0.7624187469482422,True
dev_train_0886,dev_train,,Richard_Branson_0001,Richard_Branson_0002,Richard_Branson,Richard_Branson,true,0.6714317798614502,0.810639500617981,True
dev_train_0887,dev_train,,Richard_Gephardt_0001,Richard_Gephardt_0003,Richard_Gephardt,Richard_Gephardt,true,0.7145496010780334,0.7555798292160034,True
dev_train_0888,dev_train,,Richard_Gephardt_0002,Richard_Gephardt_0006,Richard_Gephardt,Richard_Gephardt,true,0.6925029158592224,0.7842156291007996,True
dev_train_0889,dev_train,,Richard_Haass_0001,Richard_Haass_0002,Richard_Haass,Richard_Haass,true,0.7018463015556335,0.7722094058990479,True
dev_train_0890,dev_train,,Richard_Krajicek_0002,Richard_Krajicek_0003,Richard_Krajicek,Richard_Krajicek,true,0.598858654499054,0.8957024812698364,True
dev_train_0891,dev_train,,Richard_Myers_0003,Richard_Myers_0004,Richard_Myers,Richard_Myers,true,,,False
dev_train_0892,dev_train,,Richard_Myers_0003,Richard_Myers_0014,Richard_Myers,Richard_Myers,true,,,False
dev_train_0893,dev_train,,Richard_Virenque_0003,Richard_Virenque_0004,Richard_Virenque,Richard_Virenque,true,0.5468131303787231,0.9520366787910461,True
dev_train_0894,dev_train,,Rick_Barnes_0001,Rick_Barnes_0002,Rick_Barnes,Rick_Barnes,true,0.6954855918884277,0.7804030776023865,True
dev_train_0895,dev_train,,Rick_Barnes_0001,Rick_Barnes_0003,Rick_Barnes,Rick_Barnes,true,0.7713906168937683,0.6761796474456787,True
dev_train_0896,dev_train,,Rick_Santorum_0002,Rick_Santorum_0003,Rick_Santorum,Rick_Santorum,true,0.6144377589225769,0.8781369924545288,True
dev_train_0897,dev_train,,Rick_Stansbury_0001,Rick_Stansbury_0002,Rick_Stansbury,Rick_Stansbury,true,0.7780710458755493,0.6662266254425049,True
dev_train_0898,dev_train,,Ricky_Martin_0001,Ricky_Martin_0002,Ricky_Martin,Ricky_Martin,true,0.6878469586372375,0.7901304960250854,True
dev_train_0899,dev_train,,Rio_Ferdinand_0001,Rio_Ferdinand_0002,Rio_Ferdinand,Rio_Ferdinand,true,0.5883238315582275,0.9073876738548279,True
dev_train_0900,dev_train,,Rob_Lowe_0001,Rob_Lowe_0003,Rob_Lowe,Rob_Lowe,true,0.7140350937843323,0.7562605142593384,True
dev_train_0901,dev_train,,Rob_Lowe_0002,Rob_Lowe_0003,Rob_Lowe,Rob_Lowe,true,0.7083947658538818,0.7636823058128357,True
dev_train_0902,dev_train,,Rob_Lowe_0003,Rob_Lowe_0004,Rob_Lowe,Rob_Lowe,true,0.7210380434989929,0.7469431757926941,True
dev_train_0903,dev_train,,Rob_Marshall_0004,Rob_Marshall_0006,Rob_Marshall,Rob_Marshall,true,0.8405225872993469,0.5647609233856201,True
dev_train_0904,dev_train,,Robbie_Williams_0001,Robbie_Williams_0003,Robbie_Williams,Robbie_Williams,true,0.5668802857398987,0.9307199120521545,True
dev_train_0905,dev_train,,Robert_Blackwill_0001,Robert_Blackwill_0002,Robert_Blackwill,Robert_Blackwill,true,0.0023796120658516884,1.4125299453735352,True
dev_train_0906,dev_train,,Robert_Bullock_0001,Robert_Bullock_0002,Robert_Bullock,Robert_Bullock,true,0.8181754946708679,0.6030333042144775,True
dev_train_0907,dev_train,,Robert_De_Niro_0001,Robert_De_Niro_0002,Robert_De_Niro,Robert_De_Niro,true,0.6815029382705688,0.7981191873550415,True
dev_train_0908,dev_train,,Robert_De_Niro_0001,Robert_De_Niro_0006,Robert_De_Niro,Robert_De_Niro,true,0.5867763757705688,0.909091591835022,True
dev_train_0909,dev_train,,Robert_De_Niro_0005,Robert_De_Niro_0006,Robert_De_Niro,Robert_De_Niro,true,0.6099682450294495,0.8832120895385742,True
dev_train_0910,dev_train,,Robert_Duvall_0001,Robert_Duvall_0007,Robert_Duvall,Robert_Duvall,true,0.7594072818756104,0.6936754584312439,True
dev_train_0911,dev_train,,Robert_Duvall_0003,Robert_Duvall_0006,Robert_Duvall,Robert_Duvall,true,0.8229666948318481,0.5950350165367126,True
dev_train_0912,dev_train,,Robert_Ehrlich_0001,Robert_Ehrlich_0002,Robert_Ehrlich,Robert_Ehrlich,true,0.5683225989341736,0.9291688799858093,True
dev_train_0913,dev_train,,Robert_Fico_0001,Robert_Fico_0002,Robert_Fico,Robert_Fico,true,0.7931385636329651,0.6432129144668579,True
dev_train_0914,dev_train,,Robert_Kocharian_0003,Robert_Kocharian_0004,Robert_Kocharian,Robert_Kocharian,true,0.747542142868042,0.7105743288993835,True
dev_train_0915,dev_train,,Robert_Mugabe_0001,Robert_Mugabe_0002,Robert_Mugabe,Robert_Mugabe,true,0.7818333506584167,0.6605552434921265,True
dev_train_0916,dev_train,,Robert_Stack_0001,Robert_Stack_0002,Robert_Stack,Robert_Stack,true,0.7279343008995056,0.7376526594161987,True
dev_train_0917,dev_train,,Robert_Witt_0001,Robert_Witt_0002,Robert_Witt,Robert_Witt,true,0.8272801637649536,0.5877411961555481,True
dev_train_0918,dev_train,,Robert_Zoellick_0002,Robert_Zoellick_0006,Robert_Zoellick,Robert_Zoellick,true,0.7740918397903442,0.6721727848052979,True
dev_train_0919,dev_train,,Roberto_Benigni_0001,Roberto_Benigni_0002,Roberto_Benigni,Roberto_Benigni,true,0.7149463891983032,0.7550545930862427,True
dev_train_0920,dev_train,,Roberto_Carlos_0001,Roberto_Carlos_0002,Roberto_Carlos,Roberto_Carlos,true,0.7102901339530945,0.7611961960792542,True
dev_train_0921,dev_train,,Robinson_Stevenin_0001,Robinson_Stevenin_0002,Robinson_Stevenin,Robinson_Stevenin,true,0.7827845811843872,0.6591137051582336,True
dev_train_0922,dev_train,,Roger_Federer_0004,Roger_Federer_0008,Roger_Federer,Roger_Federer,true,0.724363386631012,0.7424778938293457,True
dev_train_0923,dev_train,,Roger_Federer_0004,Roger_Federer_0012,Roger_Federer,Roger_Federer,true,0.764949381351471,0.6856393814086914,True
dev_train_0924,dev_train,,Roger_Moore_0003,Roger_Moore_0005,Roger_Moore,Roger_Moore,true,0.6353079080581665,0.8540399670600891,True
dev_train_0925,dev_train,,Rogerio_Romero_0001,Rogerio_Romero_0002,Rogerio_Romero,Rogerio_Romero,true,0.7874507308006287,0.651995837688446,True
dev_train_0926,dev_train,,Roh_Moo-hyun_0001,Roh_Moo-hyun_0031,Roh_Moo-hyun,Roh_Moo-hyun,true,0.7877566814422607,0.6515265107154846,True
dev_train_0927,dev_train,,Roh_Moo-hyun_0007,Roh_Moo-hyun_0015,Roh_Moo-hyun,Roh_Moo-hyun,true,0.7986624836921692,0.6345669031143188,True
dev_train_0928,dev_train,,Roman_Polanski_0002,Roman_Polanski_0005,Roman_Polanski,Roman_Polanski,true,0.7320780754089355,0.7320135831832886,True
dev_train_0929,dev_train,,Roseanne_Barr_0001,Roseanne_Barr_0002,Roseanne_Barr,Roseanne_Barr,true,0.5393373966217041,0.9598569869995117,True
dev_train_0930,dev_train,,Roseanne_Barr_0001,Roseanne_Barr_0003,Roseanne_Barr,Roseanne_Barr,true,0.5124449729919434,0.987476646900177,True
dev_train_0931,dev_train,,Ruben_Studdard_0001,Ruben_Studdard_0002,Ruben_Studdard,Ruben_Studdard,true,0.7885665893554688,0.6502822637557983,True
dev_train_0932,dev_train,,Rubens_Barrichello_0001,Rubens_Barrichello_0009,Rubens_Barrichello,Rubens_Barrichello,true,0.5968202948570251,0.8979751467704773,True
dev_train_0933,dev_train,,Rubens_Barrichello_0002,Rubens_Barrichello_0006,Rubens_Barrichello,Rubens_Barrichello,true,0.6621628403663635,0.8219940662384033,True
dev_train_0934,dev_train,,Rubens_Barrichello_0005,Rubens_Barrichello_0010,Rubens_Barrichello,Rubens_Barrichello,true,0.5630461573600769,0.9348302483558655,True
dev_train_0935,dev_train,,Rudolph_Giuliani_0006,Rudolph_Giuliani_0017,Rudolph_Giuliani,Rudolph_Giuliani,true,0.5956200957298279,0.899310827255249,True
dev_train_0936,dev_train,,Ruth_Dreifuss_0001,Ruth_Dreifuss_0002,Ruth_Dreifuss,Ruth_Dreifuss,true,0.677690863609314,0.8028812408447266,True
dev_train_0937,dev_train,,Ruth_Harlow_0001,Ruth_Harlow_0002,Ruth_Harlow,Ruth_Harlow,true,0.6967729330062866,0.7787517309188843,True
dev_train_0938,dev_train,,Saburo_Kawabuchi_0001,Saburo_Kawabuchi_0002,Saburo_Kawabuchi,Saburo_Kawabuchi,true,0.765244722366333,0.6852085590362549,True
dev_train_0939,dev_train,,Sachiko_Yamada_0001,Sachiko_Yamada_0004,Sachiko_Yamada,Sachiko_Yamada,true,0.5634853839874268,0.9343603849411011,True
dev_train_0940,dev_train,,Sachiko_Yamada_0002,Sachiko_Yamada_0003,Sachiko_Yamada,Sachiko_Yamada,true,0.7341369390487671,0.7291955351829529,True
dev_train_0941,dev_train,,Sachiko_Yamada_0002,Sachiko_Yamada_0004,Sachiko_Yamada,Sachiko_Yamada,true,0.5256460905075073,0.9740162491798401,True
dev_train_0942,dev_train,,Sachiko_Yamada_0003,Sachiko_Yamada_0004,Sachiko_Yamada,Sachiko_Yamada,true,0.5359886884689331,0.9633393287658691,True
dev_train_0943,dev_train,,Sadie_Frost_0002,Sadie_Frost_0003,Sadie_Frost,Sadie_Frost,true,0.4253608286380768,1.072044014930725,True
dev_train_0944,dev_train,,Saeb_Erekat_0001,Saeb_Erekat_0002,Saeb_Erekat,Saeb_Erekat,true,0.6007997989654541,0.8935326337814331,True
dev_train_0945,dev_train,,Sally_Ride_0001,Sally_Ride_0002,Sally_Ride,Sally_Ride,true,0.6295041441917419,0.8608087301254272,True
dev_train_0946,dev_train,,Sam_Bith_0001,Sam_Bith_0002,Sam_Bith,Sam_Bith,true,0.7533901333808899,0.7022960782051086,True
dev_train_0947,dev_train,,Sam_Torrance_0002,Sam_Torrance_0003,Sam_Torrance,Sam_Torrance,true,0.7524544596672058,0.7036271095275879,True
dev_train_0948,dev_train,,Samira_Makhmalbaf_0001,Samira_Makhmalbaf_0002,Samira_Makhmalbaf,Samira_Makhmalbaf,true,0.673857569694519,0.8076415657997131,True
dev_train_0949,dev_train,,Sammy_Sosa_0001,Sammy_Sosa_0002,Sammy_Sosa,Sammy_Sosa,true,0.5096140503883362,0.9903392791748047,True
dev_train_0950,dev_train,,Sandra_Bullock_0001,Sandra_Bullock_0004,Sandra_Bullock,Sandra_Bullock,true,0.6189122796058655,0.8730265498161316,True
dev_train_0951,dev_train,,Sandra_Bullock_0002,Sandra_Bullock_0004,Sandra_Bullock,Sandra_Bullock,true,0.5897155404090881,0.9058526158332825,True
dev_train_0952,dev_train,,Sandra_Bullock_0003,Sandra_Bullock_0004,Sandra_Bullock,Sandra_Bullock,true,0.6665298938751221,0.8166639804840088,True
dev_train_0953,dev_train,,Sarah_Hughes_0001,Sarah_Hughes_0002,Sarah_Hughes,Sarah_Hughes,true,0.5639263391494751,0.93388831615448,True
dev_train_0954,dev_train,,Sarah_Hughes_0001,Sarah_Hughes_0006,Sarah_Hughes,Sarah_Hughes,true,0.3848150372505188,1.1092203855514526,True
dev_train_0955,dev_train,,Sarah_Michelle_Gellar_0002,Sarah_Michelle_Gellar_0003,Sarah_Michelle_Gellar,Sarah_Michelle_Gellar,true,0.5875716209411621,0.9082162380218506,True
dev_train_0956,dev_train,,Scott_Peterson_0001,Scott_Peterson_0003,Scott_Peterson,Scott_Peterson,true,0.5746779441833496,0.9223036766052246,True
dev_train_0957,dev_train,,Scott_Peterson_0004,Scott_Peterson_0005,Scott_Peterson,Scott_Peterson,true,0.7180430889129639,0.750942051410675,True
dev_train_0958,dev_train,,Scott_Wolf_0001,Scott_Wolf_0002,Scott_Wolf,Scott_Wolf,true,0.7918137907981873,0.6452693343162537,True
dev_train_0959,dev_train,,Sean_Hayes_0001,Sean_Hayes_0002,Sean_Hayes,Sean_Hayes,true,0.8114905953407288,0.6140187382698059,True
dev_train_0960,dev_train,,Sebastien_Grosjean_0001,Sebastien_Grosjean_0003,Sebastien_Grosjean,Sebastien_Grosjean,true,0.8233371376991272,0.5944122672080994,True
dev_train_0961,dev_train,,Sebastien_Grosjean_0002,Sebastien_Grosjean_0004,Sebastien_Grosjean,Sebastien_Grosjean,true,0.5903902053833008,0.9051075577735901,True
dev_train_0962,dev_train,,Sepp_Blatter_0001,Sepp_Blatter_0002,Sepp_Blatter,Sepp_Blatter,true,0.6331138014793396,0.8566051721572876,True
dev_train_0963,dev_train,,Sepp_Blatter_0003,Sepp_Blatter_0004,Sepp_Blatter,Sepp_Blatter,true,0.7857784032821655,0.6545557379722595,True
dev_train_0964,dev_train,,Serena_Williams_0017,Serena_Williams_0052,Serena_Williams,Serena_Williams,true,0.6451637148857117,0.8424206972122192,True
dev_train_0965,dev_train,,Sergei_Ivanov_0001,Sergei_Ivanov_0005,Sergei_Ivanov,Sergei_Ivanov,true,0.6375982165336609,0.8513539433479309,True
dev_train_0966,dev_train,,Sergio_Garcia_0001,Sergio_Garcia_0002,Sergio_Garcia,Sergio_Garcia,true,0.706565797328949,0.7660735249519348,True
dev_train_0967,dev_train,,Sergio_Vieira_De_Mello_0005,Sergio_Vieira_De_Mello_0006,Sergio_Vieira_De_Mello,Sergio_Vieira_De_Mello,true,0.6315451860427856,0.8584343791007996,True
dev_train_0968,dev_train,,Shane_Warne_0001,Shane_Warne_0002,Shane_Warne,Shane_Warne,true,0.4672732949256897,1.0322080850601196,True
dev_train_0969,dev_train,,Sharon_Davis_0001,Sharon_Davis_0002,Sharon_Davis,Sharon_Davis,true,0.7330324053764343,0.730708658695221,True
dev_train_0970,dev_train,,Sharon_Frey_0001,Sharon_Frey_0002,Sharon_Frey,Sharon_Frey,true,0.7708420157432556,0.6769903302192688,True
dev_train_0971,dev_train,,Sheila_Copps_0001,Sheila_Copps_0003,Sheila_Copps,Sheila_Copps,true,0.624910295009613,0.8661291003227234,True
dev_train_0972,dev_train,,Sheila_Fraser_0001,Sheila_Fraser_0002,Sheila_Fraser,Sheila_Fraser,true,0.7667824029922485,0.6829606890678406,True
dev_train_0973,dev_train,,Sheryl_Crow_0003,Sheryl_Crow_0008,Sheryl_Crow,Sheryl_Crow,true,0.6403069496154785,0.8481662273406982,True
dev_train_0974,dev_train,,Shia_LaBeouf_0001,Shia_LaBeouf_0002,Shia_LaBeouf,Shia_LaBeouf,true,0.677971601486206,0.8025316596031189,True
dev_train_0975,dev_train,,Shimon_Peres_0002,Shimon_Peres_0006,Shimon_Peres,Shimon_Peres,true,0.6133622527122498,0.8793609142303467,True
dev_train_0976,dev_train,,Sila_Calderon_0001,Sila_Calderon_0003,Sila_Calderon,Sila_Calderon,true,0.6499484181404114,0.8367217183113098,True
dev_train_0977,dev_train,,Silvan_Shalom_0001,Silvan_Shalom_0006,Silvan_Shalom,Silvan_Shalom,true,0.6702138781547546,0.8121404647827148,True
dev_train_0978,dev_train,,Silvia_Farina_Elia_0001,Silvia_Farina_Elia_0002,Silvia_Farina_Elia,Silvia_Farina_Elia,true,0.7245765924453735,0.7421906590461731,True
dev_train_0979,dev_train,,Silvia_Farina_Elia_0001,Silvia_Farina_Elia_0003,Silvia_Farina_Elia,Silvia_Farina_Elia,true,0.6865088939666748,0.791822075843811,True
dev_train_0980,dev_train,,Slobodan_Milosevic_0002,Slobodan_Milosevic_0003,Slobodan_Milosevic,Slobodan_Milosevic,true,0.724622368812561,0.7421289682388306,True
dev_train_0981,dev_train,,Sonia_Gandhi_0001,Sonia_Gandhi_0003,Sonia_Gandhi,Sonia_Gandhi,true,0.7488753795623779,0.7086953520774841,True
dev_train_0982,dev_train,,Sonia_Gandhi_0002,Sonia_Gandhi_0003,Sonia_Gandhi,Sonia_Gandhi,true,0.6463099718093872,0.8410589098930359,True
dev_train_0983,dev_train,,Stacy_Dragila_0001,Stacy_Dragila_0002,Stacy_Dragila,Stacy_Dragila,true,0.6334909796714783,0.8561647534370422,True
dev_train_0984,dev_train,,Stephen_Daldry_0001,Stephen_Daldry_0002,Stephen_Daldry,Stephen_Daldry,true,0.6777254343032837,0.8028382658958435,True
dev_train_0985,dev_train,,Stephen_Friedman_0001,Stephen_Friedman_0002,Stephen_Friedman,Stephen_Friedman,true,0.5637593269348145,0.9340671300888062,True
dev_train_0986,dev_train,,Steve_Ballmer_0001,Steve_Ballmer_0002,Steve_Ballmer,Steve_Ballmer,true,0.6686117649078369,0.8141108155250549,True
dev_train_0987,dev_train,,Steve_Ballmer_0002,Steve_Ballmer_0003,Steve_Ballmer,Steve_Ballmer,true,0.8437134623527527,0.5590823888778687,True
dev_train_0988,dev_train,,Steve_Mariucci_0001,Steve_Mariucci_0002,Steve_Mariucci,Steve_Mariucci,true,0.6328939199447632,0.8568616509437561,True
dev_train_0989,dev_train,,Steve_Mariucci_0002,Steve_Mariucci_0003,Steve_Mariucci,Steve_Mariucci,true,0.6753363609313965,0.8058084845542908,True
dev_train_0990,dev_train,,Steve_Nash_0002,Steve_Nash_0004,Steve_Nash,Steve_Nash,true,0.6511468887329102,0.8352881669998169,True
dev_train_0991,dev_train,,Steve_Spurrier_0001,Steve_Spurrier_0002,Steve_Spurrier,Steve_Spurrier,true,0.5245324373245239,0.9751589894294739,True
dev_train_0992,dev_train,,Steve_Waugh_0001,Steve_Waugh_0002,Steve_Waugh,Steve_Waugh,true,0.6562512516975403,0.8291548490524292,True
dev_train_0993,dev_train,,Steven_Spielberg_0001,Steven_Spielberg_0006,Steven_Spielberg,Steven_Spielberg,true,0.7453653216362,0.7136310935020447,True
dev_train_0994,dev_train,,Stockard_Channing_0001,Stockard_Channing_0003,Stockard_Channing,Stockard_Channing,true,0.6356589794158936,0.8536287546157837,True
dev_train_0995,dev_train,,Susan_Sarandon_0002,Susan_Sarandon_0003,Susan_Sarandon,Susan_Sarandon,true,0.6224145889282227,0.8690056800842285,True
dev_train_0996,dev_train,,Susan_Sarandon_0002,Susan_Sarandon_0006,Susan_Sarandon,Susan_Sarandon,true,0.5509036779403687,0.9477303624153137,True
dev_train_0997,dev_train,,Susan_Sarandon_0004,Susan_Sarandon_0006,Susan_Sarandon,Susan_Sarandon,true,0.38497716188430786,1.1090742349624634,True
dev_train_0998,dev_train,,Susilo_Bambang_Yudhoyono_0001,Susilo_Bambang_Yudhoyono_0002,Susilo_Bambang_Yudhoyono,Susilo_Bambang_Yudhoyono,true,0.6187198758125305,0.873246967792511,True
dev_train_0999,dev_train,,Sylvester_Stallone_0001,Sylvester_Stallone_0005,Sylvester_Stallone,Sylvester_Stallone,true,0.017253452911973,1.4019604921340942,True
dev_train_1000,dev_train,,Takashi_Sorimachi_0001,Takashi_Sorimachi_0002,Takashi_Sorimachi,Takashi_Sorimachi,true,0.6642799973487854,0.8194145560264587,True
dev_train_1001,dev_train,,Ted_Maher_0001,Ted_Maher_0002,Ted_Maher,Ted_Maher,true,0.7032510042190552,0.7703881859779358,True
dev_train_1002,dev_train,,Terje_Roed-Larsen_0001,Terje_Roed-Larsen_0002,Terje_Roed-Larsen,Terje_Roed-Larsen,true,0.6777403354644775,0.8028196692466736,True
dev_train_1003,dev_train,,Terry_Stotts_0001,Terry_Stotts_0002,Terry_Stotts,Terry_Stotts,true,0.7615218162536621,0.6906203031539917,True
dev_train_1004,dev_train,,Theresa_May_0001,Theresa_May_0003,Theresa_May,Theresa_May,true,0.6258357167243958,0.8650599122047424,True
dev_train_1005,dev_train,,Thierry_Falise_0001,Thierry_Falise_0003,Thierry_Falise,Thierry_Falise,true,0.5484799146652222,0.9502842426300049,True
dev_train_1006,dev_train,,Thomas_Birmingham_0001,Thomas_Birmingham_0002,Thomas_Birmingham,Thomas_Birmingham,true,0.6437572240829468,0.8440884947776794,True
dev_train_1007,dev_train,,Thomas_Bjorn_0001,Thomas_Bjorn_0002,Thomas_Bjorn,Thomas_Bjorn,true,0.6813101768493652,0.7983606457710266,True
dev_train_1008,dev_train,,Thomas_Malchow_0001,Thomas_Malchow_0002,Thomas_Malchow,Thomas_Malchow,true,0.6718614101409912,0.8101093769073486,True
dev_train_1009,dev_train,,Tiger_Woods_0001,Tiger_Woods_0003,Tiger_Woods,Tiger_Woods,true,0.585464358329773,0.910533607006073,True
dev_train_1010,dev_train,,Tiger_Woods_0007,Tiger_Woods_0017,Tiger_Woods,Tiger_Woods,true,0.7584439516067505,0.6950626969337463,True
dev_train_1011,dev_train,,Tiger_Woods_0007,Tiger_Woods_0019,Tiger_Woods,Tiger_Woods,true,0.6418529748916626,0.8463414907455444,True
dev_train_1012,dev_train,,Tiger_Woods_0019,Tiger_Woods_0020,Tiger_Woods,Tiger_Woods,true,0.554453432559967,0.9439772963523865,True
dev_train_1013,dev_train,,Tim_Conway_0001,Tim_Conway_0002,Tim_Conway,Tim_Conway,true,0.7558470368385315,0.6987890005111694,True
dev_train_1014,dev_train,,Tim_Duncan_0003,Tim_Duncan_0004,Tim_Duncan,Tim_Duncan,true,0.7873356938362122,0.6521722078323364,True
dev_train_1015,dev_train,,Tim_Henman_0002,Tim_Henman_0018,Tim_Henman,Tim_Henman,true,0.6479343771934509,0.8391253352165222,True
dev_train_1016,dev_train,,Tim_Henman_0010,Tim_Henman_0016,Tim_Henman,Tim_Henman,true,0.7174205780029297,0.7517704963684082,True
dev_train_1017,dev_train,,Tim_Henman_0015,Tim_Henman_0019,Tim_Henman,Tim_Henman,true,0.4426079988479614,1.055833339691162,True
dev_train_1018,dev_train,,Tim_Robbins_0002,Tim_Robbins_0003,Tim_Robbins,Tim_Robbins,true,0.5227947235107422,0.97693932056427,True
dev_train_1019,dev_train,,Tom_Craddick_0002,Tom_Craddick_0003,Tom_Craddick,Tom_Craddick,true,0.76520174741745,0.6852712035179138,True
dev_train_1020,dev_train,,Tom_Craddick_0003,Tom_Craddick_0004,Tom_Craddick,Tom_Craddick,true,0.749815046787262,0.7073684334754944,True
dev_train_1021,dev_train,,Tom_Crean_0004,Tom_Crean_0005,Tom_Crean,Tom_Crean,true,0.597217857837677,0.8975324034690857,True
dev_train_1022,dev_train,,Tom_Daschle_0018,Tom_Daschle_0021,Tom_Daschle,Tom_Daschle,true,0.622882068157196,0.8684675693511963,True
dev_train_1023,dev_train,,Tom_Hanks_0001,Tom_Hanks_0002,Tom_Hanks,Tom_Hanks,true,0.7070004343986511,0.765505850315094,True
dev_train_1024,dev_train,,Tom_Hanks_0003,Tom_Hanks_0010,Tom_Hanks,Tom_Hanks,true,0.6991379857063293,0.775708794593811,True
dev_train_1025,dev_train,,Tom_Hanks_0006,Tom_Hanks_0010,Tom_Hanks,Tom_Hanks,true,0.6480231881141663,0.8390194773674011,True
dev_train_1026,dev_train,,Tom_Harkin_0001,Tom_Harkin_0004,Tom_Harkin,Tom_Harkin,true,0.6753632426261902,0.8057751655578613,True
dev_train_1027,dev_train,,Tom_Harkin_0003,Tom_Harkin_0004,Tom_Harkin,Tom_Harkin,true,0.7700490951538086,0.6781606078147888,True
dev_train_1028,dev_train,,Tom_Harkin_0003,Tom_Harkin_0005,Tom_Harkin,Tom_Harkin,true,0.6555942296981812,0.8299466967582703,True
dev_train_1029,dev_train,,Tom_Reilly_0001,Tom_Reilly_0002,Tom_Reilly,Tom_Reilly,true,0.7204164862632751,0.7477747201919556,True
dev_train_1030,dev_train,,Tom_Reilly_0001,Tom_Reilly_0003,Tom_Reilly,Tom_Reilly,true,0.7398379445075989,0.7213349342346191,True
dev_train_1031,dev_train,,Tom_Ridge_0002,Tom_Ridge_0018,Tom_Ridge,Tom_Ridge,true,0.7484753131866455,0.7092597484588623,True
dev_train_1032,dev_train,,Tom_Ridge_0003,Tom_Ridge_0022,Tom_Ridge,Tom_Ridge,true,0.7408013939857483,0.7199980616569519,True
dev_train_1033,dev_train,,Tom_Ridge_0010,Tom_Ridge_0015,Tom_Ridge,Tom_Ridge,true,0.6841912269592285,0.7947437167167664,True
dev_train_1034,dev_train,,Tommy_Robredo_0001,Tommy_Robredo_0002,Tommy_Robredo,Tommy_Robredo,true,0.5652419924736023,0.9324785470962524,True
dev_train_1035,dev_train,,Tommy_Robredo_0001,Tommy_Robredo_0003,Tommy_Robredo,Tommy_Robredo,true,0.5845011472702026,0.9115908145904541,True
dev_train_1036,dev_train,,Tommy_Robredo_0002,Tommy_Robredo_0003,Tommy_Robredo,Tommy_Robredo,true,0.8106269240379333,0.6154236793518066,True
dev_train_1037,dev_train,,Tony_Bennett_0001,Tony_Bennett_0003,Tony_Bennett,Tony_Bennett,true,0.724024772644043,0.7429336905479431,True
dev_train_1038,dev_train,,Tony_Blair_0006,Tony_Blair_0094,Tony_Blair,Tony_Blair,true,0.7078471779823303,0.7643989324569702,True
dev_train_1039,dev_train,,Torri_Edwards_0001,Torri_Edwards_0002,Torri_Edwards,Torri_Edwards,true,0.7574808597564697,0.69644695520401,True
dev_train_1040,dev_train,,Tracy_McGrady_0001,Tracy_McGrady_0002,Tracy_McGrady,Tracy_McGrady,true,0.5684008002281189,0.9290847182273865,True
dev_train_1041,dev_train,,Trent_Lott_0003,Trent_Lott_0008,Trent_Lott,Trent_Lott,true,0.6552299857139587,0.8303853869438171,True
dev_train_1042,dev_train,,Tubby_Smith_0002,Tubby_Smith_0003,Tubby_Smith,Tubby_Smith,true,0.6525765061378479,0.8335749506950378,True
dev_train_1043,dev_train,,Tyra_Banks_0001,Tyra_Banks_0002,Tyra_Banks,Tyra_Banks,true,0.7052896618843079,0.7677374482154846,True
dev_train_1044,dev_train,,Tyron_Garner_0001,Tyron_Garner_0002,Tyron_Garner,Tyron_Garner,true,0.5745599269866943,0.9224316477775574,True
dev_train_1045,dev_train,,Uma_Thurman_0001,Uma_Thurman_0002,Uma_Thurman,Uma_Thurman,true,0.7808539271354675,0.6620364785194397,True
dev_train_1046,dev_train,,Valdas_Adamkus_0001,Valdas_Adamkus_0002,Valdas_Adamkus,Valdas_Adamkus,true,0.6807371973991394,0.7990781664848328,True
dev_train_1047,dev_train,,Valentino_Rossi_0004,Valentino_Rossi_0005,Valentino_Rossi,Valentino_Rossi,true,0.5860310196876526,0.9099109768867493,True
dev_train_1048,dev_train,,Vanessa_Incontrada_0003,Vanessa_Incontrada_0004,Vanessa_Incontrada,Vanessa_Incontrada,true,0.6632524728775024,0.8206673860549927,True
dev_train_1049,dev_train,,Venus_Williams_0006,Venus_Williams_0015,Venus_Williams,Venus_Williams,true,0.6300556659698486,0.8601678609848022,True
dev_train_1050,dev_train,,Venus_Williams_0008,Venus_Williams_0009,Venus_Williams,Venus_Williams,true,0.8253426551818848,0.59102863073349,True
dev_train_1051,dev_train,,Vicki_Zhao_Wei_0001,Vicki_Zhao_Wei_0002,Vicki_Zhao_Wei,Vicki_Zhao_Wei,true,0.715533971786499,0.7542760372161865,True
dev_train_1052,dev_train,,Victoria_Clarke_0002,Victoria_Clarke_0005,Victoria_Clarke,Victoria_Clarke,true,0.7188296914100647,0.749893844127655,True
dev_train_1053,dev_train,,Victoria_Clarke_0003,Victoria_Clarke_0005,Victoria_Clarke,Victoria_Clarke,true,0.8173359632492065,0.6044238805770874,True
dev_train_1054,dev_train,,Vidar_Helgesen_0001,Vidar_Helgesen_0002,Vidar_Helgesen,Vidar_Helgesen,true,0.5698773860931396,0.9274941086769104,True
dev_train_1055,dev_train,,Vin_Diesel_0001,Vin_Diesel_0002,Vin_Diesel,Vin_Diesel,true,0.02630043961107731,1.395492434501648,True
dev_train_1056,dev_train,,Vince_Carter_0001,Vince_Carter_0002,Vince_Carter,Vince_Carter,true,0.5825892686843872,0.9136857390403748,True
dev_train_1057,dev_train,,Vincent_Gallo_0001,Vincent_Gallo_0003,Vincent_Gallo,Vincent_Gallo,true,0.9042059183120728,0.4377080798149109,True
dev_train_1058,dev_train,,Vivica_Fox_0001,Vivica_Fox_0002,Vivica_Fox,Vivica_Fox,true,0.5821332931518555,0.9141845107078552,True
dev_train_1059,dev_train,,Vladimir_Putin_0001,Vladimir_Putin_0022,Vladimir_Putin,Vladimir_Putin,true,0.688100278377533,0.7898097634315491,True
dev_train_1060,dev_train,,Vladimir_Voltchkov_0001,Vladimir_Voltchkov_0002,Vladimir_Voltchkov,Vladimir_Voltchkov,true,0.559071958065033,0.9390720129013062,True
dev_train_1061,dev_train,,Vojislav_Kostunica_0003,Vojislav_Kostunica_0007,Vojislav_Kostunica,Vojislav_Kostunica,true,0.747387707233429,0.7107915282249451,True
dev_train_1062,dev_train,,Walter_Mondale_0001,Walter_Mondale_0004,Walter_Mondale,Walter_Mondale,true,0.6562223434448242,0.829189658164978,True
dev_train_1063,dev_train,,Wayne_Gretzky_0002,Wayne_Gretzky_0003,Wayne_Gretzky,Wayne_Gretzky,true,0.7437645792961121,0.71587073802948,True
dev_train_1064,dev_train,,William_Bratton_0001,William_Bratton_0002,William_Bratton,William_Bratton,true,0.7104887366294861,0.760935366153717,True
dev_train_1065,dev_train,,William_Bratton_0001,William_Bratton_0003,William_Bratton,William_Bratton,true,0.7213082909584045,0.7465812563896179,True
dev_train_1066,dev_train,,William_Bratton_0002,William_Bratton_0003,William_Bratton,William_Bratton,true,0.7507034540176392,0.7061114311218262,True
dev_train_1067,dev_train,,William_Bulger_0001,William_Bulger_0002,William_Bulger,William_Bulger,true,0.6589202880859375,0.8259295225143433,True
dev_train_1068,dev_train,,William_Bulger_0002,William_Bulger_0003,William_Bulger,William_Bulger,true,0.6250329613685608,0.8659873604774475,True
dev_train_1069,dev_train,,William_Bulger_0002,William_Bulger_0004,William_Bulger,William_Bulger,true,0.6379620432853699,0.8509265184402466,True
dev_train_1070,dev_train,,William_Donaldson_0003,William_Donaldson_0007,William_Donaldson,William_Donaldson,true,0.7296145558357239,0.7353713512420654,True
dev_train_1071,dev_train,,William_Ford_Jr_0001,William_Ford_Jr_0003,William_Ford_Jr,William_Ford_Jr,true,0.6697878241539001,0.8126650452613831,True
dev_train_1072,dev_train,,William_Ford_Jr_0002,William_Ford_Jr_0003,William_Ford_Jr,William_Ford_Jr,true,0.6849496364593506,0.7937889099121094,True
dev_train_1073,dev_train,,William_Ford_Jr_0003,William_Ford_Jr_0004,William_Ford_Jr,William_Ford_Jr,true,0.7884238362312317,0.6505016088485718,True
dev_train_1074,dev_train,,William_Hochul_0001,William_Hochul_0002,William_Hochul,William_Hochul,true,0.6810393333435059,0.7986997961997986,True
dev_train_1075,dev_train,,Win_Aung_0001,Win_Aung_0003,Win_Aung,Win_Aung,true,0.64835524559021,0.8386236429214478,True
dev_train_1076,dev_train,,Win_Aung_0001,Win_Aung_0004,Win_Aung,Win_Aung,true,0.6258334517478943,0.8650625944137573,True
dev_train_1077,dev_train,,Wolfgang_Schuessel_0001,Wolfgang_Schuessel_0003,Wolfgang_Schuessel,Wolfgang_Schuessel,true,0.7566596269607544,0.6976251602172852,True
dev_train_1078,dev_train,,Wu_Yi_0001,Wu_Yi_0003,Wu_Yi,Wu_Yi,true,0.7934381365776062,0.6427470445632935,True
dev_train_1079,dev_train,,Xanana_Gusmao_0002,Xanana_Gusmao_0004,Xanana_Gusmao,Xanana_Gusmao,true,-0.10867759585380554,1.4890785217285156,True
dev_train_1080,dev_train,,Xavier_Malisse_0002,Xavier_Malisse_0003,Xavier_Malisse,Xavier_Malisse,true,0.6745901107788086,0.8067340850830078,True
dev_train_1081,dev_train,,Xavier_Malisse_0002,Xavier_Malisse_0004,Xavier_Malisse,Xavier_Malisse,true,0.7439196109771729,0.7156539559364319,True
dev_train_1082,dev_train,,Yann_Martel_0001,Yann_Martel_0002,Yann_Martel,Yann_Martel,true,0.8346716165542603,0.5750277638435364,True
dev_train_1083,dev_train,,Yao_Ming_0001,Yao_Ming_0004,Yao_Ming,Yao_Ming,true,0.7419328093528748,0.718424916267395,True
dev_train_1084,dev_train,,Yao_Ming_0004,Yao_Ming_0006,Yao_Ming,Yao_Ming,true,0.7021369338035583,0.7718330025672913,True
dev_train_1085,dev_train,,Yasar_Yakis_0001,Yasar_Yakis_0003,Yasar_Yakis,Yasar_Yakis,true,0.6960558891296387,0.7796717882156372,True
dev_train_1086,dev_train,,Yasar_Yakis_0003,Yasar_Yakis_0004,Yasar_Yakis,Yasar_Yakis,true,0.6687469482421875,0.8139447569847107,True
dev_train_1087,dev_train,,Yashwant_Sinha_0002,Yashwant_Sinha_0003,Yashwant_Sinha,Yashwant_Sinha,true,0.6523364186286926,0.8338627219200134,True
dev_train_1088,dev_train,,Yashwant_Sinha_0002,Yashwant_Sinha_0006,Yashwant_Sinha,Yashwant_Sinha,true,0.6626884341239929,0.8213544487953186,True
dev_train_1089,dev_train,,Yoko_Ono_0001,Yoko_Ono_0002,Yoko_Ono,Yoko_Ono,true,0.8767881989479065,0.4964108169078827,True
dev_train_1090,dev_train,,Yoko_Ono_0001,Yoko_Ono_0004,Yoko_Ono,Yoko_Ono,true,0.7041082978248596,0.7692745923995972,True
dev_train_1091,dev_train,,Yossi_Beilin_0001,Yossi_Beilin_0002,Yossi_Beilin,Yossi_Beilin,true,0.703963577747345,0.7694627046585083,True
dev_train_1092,dev_train,,Yu_Shyi-kun_0003,Yu_Shyi-kun_0004,Yu_Shyi-kun,Yu_Shyi-kun,true,0.7352545261383057,0.7276613116264343,True
dev_train_1093,dev_train,,Yuri_Fedotov_0001,Yuri_Fedotov_0002,Yuri_Fedotov,Yuri_Fedotov,true,0.7504454255104065,0.7064765691757202,True
dev_train_1094,dev_train,,Yuri_Malenchenko_0001,Yuri_Malenchenko_0002,Yuri_Malenchenko,Yuri_Malenchenko,true,0.64296954870224,0.8450213074684143,True
dev_train_1095,dev_train,,Zhang_Wenkang_0001,Zhang_Wenkang_0002,Zhang_Wenkang,Zhang_Wenkang,true,0.7510562539100647,0.705611526966095,True
dev_train_1096,dev_train,,Zhu_Rongji_0001,Zhu_Rongji_0009,Zhu_Rongji,Zhu_Rongji,true,0.7213515043258667,0.7465232014656067,True
dev_train_1097,dev_train,,Zhu_Rongji_0004,Zhu_Rongji_0007,Zhu_Rongji,Zhu_Rongji,true,0.7821205854415894,0.66012042760849,True
dev_train_1098,dev_train,,Zhu_Rongji_0004,Zhu_Rongji_0008,Zhu_Rongji,Zhu_Rongji,true,0.6991404891014099,0.7757055759429932,True
dev_train_1099,dev_train,,Zhu_Rongji_0005,Zhu_Rongji_0006,Zhu_Rongji,Zhu_Rongji,true,0.8982158303260803,0.45118555426597595,True
dev_train_1100,dev_train,,Zinedine_Zidane_0002,Zinedine_Zidane_0004,Zinedine_Zidane,Zinedine_Zidane,true,0.7382034659385681,0.7235974669456482,True
dev_train_1101,dev_train,,AJ_Cook_0001,Marsha_Thomason_0001,AJ_Cook,Marsha_Thomason,false,0.11572436988353729,1.3298689126968384,True
dev_train_1102,dev_train,,Aaron_Sorkin_0002,Frank_Solich_0005,Aaron_Sorkin,Frank_Solich,false,-0.08318176120519638,1.4718571901321411,True
dev_train_1103,dev_train,,Abdel_Nasser_Assidi_0002,Hilary_McKay_0001,Abdel_Nasser_Assidi,Hilary_McKay,false,0.10215827077627182,1.3400311470031738,True
dev_train_1104,dev_train,,Abdoulaye_Wade_0004,Linda_Dano_0001,Abdoulaye_Wade,Linda_Dano,false,0.006422884296625853,1.409664511680603,True
dev_train_1105,dev_train,,Abdul_Rahman_0001,Magui_Serna_0001,Abdul_Rahman,Magui_Serna,false,0.0034081973135471344,1.4118015766143799,True
dev_train_1106,dev_train,,Abdullah_0001,Dwain_Kyles_0001,Abdullah,Dwain_Kyles,false,0.052399471402168274,1.3766629695892334,True
dev_train_1107,dev_train,,Abdullah_Nasseef_0001,Hipolito_Mejia_0003,Abdullah_Nasseef,Hipolito_Mejia,false,-0.06676948070526123,1.460663914680481,True
dev_train_1108,dev_train,,Abel_Pacheco_0001,Matt_Roney_0001,Abel_Pacheco,Matt_Roney,false,-0.023793160915374756,1.430938959121704,True
dev_train_1109,dev_train,,Abel_Pacheco_0004,Lucio_Stanca_0001,Abel_Pacheco,Lucio_Stanca,false,0.06315657496452332,1.3688268661499023,True
dev_train_1110,dev_train,,Abner_Martinez_0001,Aidan_Quinn_0001,Abner_Martinez,Aidan_Quinn,false,-0.015627438202500343,1.4252209663391113,True
dev_train_1111,dev_train,,Abner_Martinez_0001,Andre_Techine_0001,Abner_Martinez,Andre_Techine,false,0.030417311936616898,1.392539143562317,True
dev_train_1112,dev_train,,Aby_Har-Even_0001,Ricardo_Lopez_Murphy_0002,Aby_Har-Even,Ricardo_Lopez_Murphy,false,-0.007451006211340427,1.4194724559783936,True
dev_train_1113,dev_train,,Adisai_Bodharamik_0001,Jesper_Parnevik_0001,Adisai_Bodharamik,Jesper_Parnevik,false,-0.008457344956696033,1.420181155204773,True
dev_train_1114,dev_train,,Adisai_Bodharamik_0001,Mel_Brooks_0002,Adisai_Bodharamik,Mel_Brooks,false,-0.05473270267248154,1.452399730682373,True
dev_train_1115,dev_train,,Adolfo_Aguilar_Zinser_0002,Ian_Wilmut_0001,Adolfo_Aguilar_Zinser,Ian_Wilmut,false,0.1084059476852417,1.3353606462478638,True
dev_train_1116,dev_train,,Adolfo_Aguilar_Zinser_0003,Soon_Yi_0001,Adolfo_Aguilar_Zinser,Soon_Yi,false,-0.1008247509598732,1.4837955236434937,True
dev_train_1117,dev_train,,Adolfo_Rodriguez_Saa_0001,Catherine_Deneuve_0002,Adolfo_Rodriguez_Saa,Catherine_Deneuve,false,0.010372238233685493,1.4068602323532104,True
dev_train_1118,dev_train,,Adrian_Nastase_0002,Ham_Pong-sil_0001,Adrian_Nastase,Ham_Pong-sil,false,0.038292352110147476,1.3868725299835205,True
dev_train_1119,dev_train,,Afton_Smith_0001,Marcos_Cafu_0001,Afton_Smith,Marcos_Cafu,false,-0.0445917472243309,1.4454007148742676,True
dev_train_1120,dev_train,,Afton_Smith_0001,Mario_Lobo_Zagallo_0001,Afton_Smith,Mario_Lobo_Zagallo,false,0.029778925701975822,1.3929975032806396,True
dev_train_1121,dev_train,,Ahmed_Ahmed_0001,David_Canary_0001,Ahmed_Ahmed,David_Canary,false,0.039419516921043396,1.3860595226287842,True
dev_train_1122,dev_train,,Ahmed_Chalabi_0001,Gian_Marco_0003,Ahmed_Chalabi,Gian_Marco,false,0.11660420894622803,1.329207181930542,True
dev_train_1123,dev_train,,Ahmed_Ibrahim_Bilal_0001,Audrey_Lacroix_0001,Ahmed_Ibrahim_Bilal,Audrey_Lacroix,false,-0.031365010887384415,1.4362207651138306,True
dev_train_1124,dev_train,,Ahmed_Ibrahim_Bilal_0001,Eric_Christian_Olsen_0001,Ahmed_Ibrahim_Bilal,Eric_Christian_Olsen,false,-0.10892839729785919,1.4892469644546509,True
dev_train_1125,dev_train,,Ahmed_Ibrahim_Bilal_0001,Paul_Wilson_0001,Ahmed_Ibrahim_Bilal,Paul_Wilson,false,0.003904469544067979,1.4114500284194946,True
dev_train_1126,dev_train,,Ahmed_Ibrahim_Bilal_0001,Rolf_Zimmermann_0001,Ahmed_Ibrahim_Bilal,Rolf_Zimmermann,false,-0.05806289240717888,1.454690933227539,True
dev_train_1127,dev_train,,Ahmed_Lopez_0001,Ray_Morrough_0001,Ahmed_Lopez,Ray_Morrough,false,0.028943685814738274,1.3935970067977905,True
dev_train_1128,dev_train,,Ahmet_Demir_0001,Karen_Lynn_Gorney_0001,Ahmet_Demir,Karen_Lynn_Gorney,false,-0.010347654111683369,1.4215116500854492,True
dev_train_1129,dev_train,,Ainsworth_Dyer_0001,Mary_Sue_Coleman_0001,Ainsworth_Dyer,Mary_Sue_Coleman,false,0.035149697214365005,1.3891366720199585,True
dev_train_1130,dev_train,,Aishwarya_Rai_0001,Lorne_Michaels_0001,Aishwarya_Rai,Lorne_Michaels,false,0.012895376421511173,1.4050655364990234,True
dev_train_1131,dev_train,,Aiysha_Smith_0001,Elijan_Ingram_0001,Aiysha_Smith,Elijan_Ingram,false,0.09312394261360168,1.3467562198638916,True
dev_train_1132,dev_train,,Akbar_Al_Baker_0001,Louisa_Baileche_0001,Akbar_Al_Baker,Louisa_Baileche,false,-0.015156570822000504,1.4248906373977661,True
dev_train_1133,dev_train,,Akmal_Taher_0001,Deena_Burnett_0001,Akmal_Taher,Deena_Burnett,false,-0.039637353271245956,1.4419690370559692,True
dev_train_1134,dev_train,,Al_Gore_0006,Jeff_Weaver_0001,Al_Gore,Jeff_Weaver,false,-0.04707524552941322,1.4471180438995361,True
dev_train_1135,dev_train,,Alain_Ducasse_0001,Flavia_Delaroli_0001,Alain_Ducasse,Flavia_Delaroli,false,-0.03897504135966301,1.44150972366333,True
dev_train_1136,dev_train,,Alan_Jackson_0001,Geoff_Dixon_0001,Alan_Jackson,Geoff_Dixon,false,0.12575848400592804,1.322302222251892,True
dev_train_1137,dev_train,,Alan_Jackson_0001,Peter_Albertsen_0001,Alan_Jackson,Peter_Albertsen,false,0.013609545305371284,1.404557228088379,True
dev_train_1138,dev_train,,Alan_Trammell_0001,Lin_Yung_Hsi_0001,Alan_Trammell,Lin_Yung_Hsi,false,0.033889155834913254,1.3900437355041504,True
dev_train_1139,dev_train,,Albert_Brooks_0001,Alexander_Downer_0001,Albert_Brooks,Alexander_Downer,false,0.10211154073476791,1.3400660753250122,True
dev_train_1140,dev_train,,Albert_Brooks_0001,Jim_Hendry_0001,Albert_Brooks,Jim_Hendry,false,-0.0063388291746377945,1.4186887741088867,True
dev_train_1141,dev_train,,Alberto_Acosta_0001,Manuel_Rosendo_0001,Alberto_Acosta,Manuel_Rosendo,false,0.047815024852752686,1.3799890279769897,True
dev_train_1142,dev_train,,Alberto_Gonzales_0001,Li_Changchun_0001,Alberto_Gonzales,Li_Changchun,false,0.06095090135931969,1.3704371452331543,True
dev_train_1143,dev_train,,Alberto_Gonzales_0001,Tina_Pisnik_0001,Alberto_Gonzales,Tina_Pisnik,false,0.00368587882257998,1.411604881286621,True
dev_train_1144,dev_train,,Aldo_Paredes_0001,Azmi_Bishara_0001,Aldo_Paredes,Azmi_Bishara,false,-0.03264949843287468,1.4371148347854614,True
dev_train_1145,dev_train,,Alec_Baldwin_0003,Guy_Ritchie_0001,Alec_Baldwin,Guy_Ritchie,false,0.028559671714901924,1.393872618675232,True
dev_train_1146,dev_train,,Alec_Baldwin_0003,Molly_Sims_0001,Alec_Baldwin,Molly_Sims,false,0.01375709567219019,1.4044520854949951,True
dev_train_1147,dev_train,,Alejandro_Lembo_0001,Azmi_Bishara_0001,Alejandro_Lembo,Azmi_Bishara,false,0.022150233387947083,1.398463249206543,True
dev_train_1148,dev_train,,Alejandro_Lopez_0001,Urmila_Matondkar_0001,Alejandro_Lopez,Urmila_Matondkar,false,0.10481385886669159,1.3380478620529175,True
dev_train_1149,dev_train,,Alejandro_Toledo_0024,Dianne_Feinstein_0002,Alejandro_Toledo,Dianne_Feinstein,false,-0.0100070396438241,1.4212720394134521,True
dev_train_1150,dev_train,,Alex_Holmes_0001,Muhammad_Ibrahim_Bilal_0001,Alex_Holmes,Muhammad_Ibrahim_Bilal,false,-0.06580857932567596,1.4600058794021606,True
dev_train_1151,dev_train,,Alex_King_0001,Dennis_Erickson_0001,Alex_King,Dennis_Erickson,false,0.008352987468242645,1.408294677734375,True
dev_train_1152,dev_train,,Alex_King_0001,Lynne_Thigpen_0001,Alex_King,Lynne_Thigpen,false,-0.012509075924754143,1.4230313301086426,True
dev_train_1153,dev_train,,Alex_Wallau_0001,Richard_Krajicek_0001,Alex_Wallau,Richard_Krajicek,false,0.030158130452036858,1.3927253484725952,True
dev_train_1154,dev_train,,Alexa_Loren_0001,MC_Hammer_0001,Alexa_Loren,MC_Hammer,false,-0.04358933866024017,1.4447071552276611,True
dev_train_1155,dev_train,,Alexander_Lukashenko_0001,Richard_Haass_0001,Alexander_Lukashenko,Richard_Haass,false,0.05991286039352417,1.3711944818496704,True
dev_train_1156,dev_train,,Alexander_Payne_0001,Patrice_Chereau_0001,Alexander_Payne,Patrice_Chereau,false,0.0006493814289569855,1.4137543439865112,True
dev_train_1157,dev_train,,Alexandre_Vinokourov_0001,Bill_Rainer_0001,Alexandre_Vinokourov,Bill_Rainer,false,-0.041921257972717285,1.443552017211914,True
dev_train_1158,dev_train,,Alfonso_Cuaron_0001,Marcos_Milinkovic_0001,Alfonso_Cuaron,Marcos_Milinkovic,false,-0.007633715867996216,1.4196012020111084,True
dev_train_1159,dev_train,,Alfredo_Moreno_0001,Dwayne_Wade_0001,Alfredo_Moreno,Dwayne_Wade,false,-0.06945948302745819,1.4625043869018555,True
dev_train_1160,dev_train,,Alfredo_Moreno_0001,Shane_Reynolds_0001,Alfredo_Moreno,Shane_Reynolds,false,-0.0361405648291111,1.4395419359207153,True
dev_train_1161,dev_train,,Alfredo_di_Stefano_0001,Robert_Pollack_0001,Alfredo_di_Stefano,Robert_Pollack,false,0.03210454434156418,1.3913270235061646,True
dev_train_1162,dev_train,,Ali_Bin_Hussein_0001,Jean-Luc_Bideau_0001,Ali_Bin_Hussein,Jean-Luc_Bideau,false,0.017731089144945145,1.4016196727752686,True
dev_train_1163,dev_train,,Ali_Hammoud_0001,Geoffrey_Rush_0001,Ali_Hammoud,Geoffrey_Rush,false,0.09257004410028458,1.3471673727035522,True
dev_train_1164,dev_train,,Alicia_Silverstone_0001,Michael_Doleac_0001,Alicia_Silverstone,Michael_Doleac,false,0.01401795819401741,1.404266357421875,True
dev_train_1165,dev_train,,Alina_Kabaeva_0001,Amanda_Plumer_0001,Alina_Kabaeva,Amanda_Plumer,false,0.07154104113578796,1.3626878261566162,True
dev_train_1166,dev_train,,Alison_Lohman_0001,Lyudmila_Putin_0001,Alison_Lohman,Lyudmila_Putin,false,-0.03224622458219528,1.4368340969085693,True
dev_train_1167,dev_train,,Allan_Houston_0001,Marwan_Muasher_0001,Allan_Houston,Marwan_Muasher,false,0.05209922417998314,1.3768811225891113,True
dev_train_1168,dev_train,,Allen_Iverson_0001,Steven_Spielberg_0007,Allen_Iverson,Steven_Spielberg,false,-0.001356113818474114,1.4151722192764282,True
dev_train_1169,dev_train,,Ally_Sheedy_0001,Arsinee_Khanjian_0001,Ally_Sheedy,Arsinee_Khanjian,false,0.057342901825904846,1.3730674982070923,True
dev_train_1170,dev_train,,Ally_Sheedy_0001,Pedro_Velasquez_0001,Ally_Sheedy,Pedro_Velasquez,false,-0.0019715093076229095,1.41560697555542,True
dev_train_1171,dev_train,,Alvaro_Silva_Calderon_0003,Toni_Jennings_0001,Alvaro_Silva_Calderon,Toni_Jennings,false,-0.0348365418612957,1.4386358261108398,True
dev_train_1172,dev_train,,Aly_Wagner_0001,John_Perrota_0001,Aly_Wagner,John_Perrota,false,-0.042910102754831314,1.4442368745803833,True
dev_train_1173,dev_train,,Amanda_Beard_0002,Nancy_Greenlaw_0001,Amanda_Beard,Nancy_Greenlaw,false,0.018815692514181137,1.4008456468582153,True
dev_train_1174,dev_train,,Amanda_Coetzer_0002,Rhett_Warrener_0001,Amanda_Coetzer,Rhett_Warrener,false,-0.007354825735092163,1.4194047451019287,True
dev_train_1175,dev_train,,Amanda_Plumer_0001,Jean_Brumley_0001,Amanda_Plumer,Jean_Brumley,false,0.06363403797149658,1.3684780597686768,True
dev_train_1176,dev_train,,Amy_Cotton_0001,Curt_Weldon_0001,Amy_Cotton,Curt_Weldon,false,-0.008952964097261429,1.4205302000045776,True
dev_train_1177,dev_train,,Amy_Redford_0001,Guillaume_Depardieu_0001,Amy_Redford,Guillaume_Depardieu,false,0.05772729590535164,1.3727874755859375,True
dev_train_1178,dev_train,,Amy_Smart_0001,Cole_Chapman_0001,Amy_Smart,Cole_Chapman,false,0.062478333711624146,1.3693221807479858,True
dev_train_1179,dev_train,,Ana_Guevara_0001,Michelangelo_Antonioni_0001,Ana_Guevara,Michelangelo_Antonioni,false,0.08328192681074142,1.3540443181991577,True
dev_train_1180,dev_train,,Anastasia_Kelesidou_0001,Maribel_Dominguez_0001,Anastasia_Kelesidou,Maribel_Dominguez,false,0.09057028591632843,1.3486509323120117,True
dev_train_1181,dev_train,,Anastasia_Myskina_0002,Maureen_Fanning_0001,Anastasia_Myskina,Maureen_Fanning,false,0.019756166264414787,1.4001741409301758,True
dev_train_1182,dev_train,,Anders_Fogh_Rasmussen_0004,Paula_Dobriansky_0001,Anders_Fogh_Rasmussen,Paula_Dobriansky,false,-0.053296346217393875,1.4514106512069702,True
dev_train_1183,dev_train,,Andrea_Bocelli_0001,Glenn_Plummer_0001,Andrea_Bocelli,Glenn_Plummer,false,-0.10079013556241989,1.4837722778320312,True
dev_train_1184,dev_train,,Andrea_Yates_0001,Andy_Wisecarver_0001,Andrea_Yates,Andy_Wisecarver,false,-0.049325719475746155,1.4486724138259888,True
dev_train_1185,dev_train,,Andrea_Yates_0001,Mike_Myers_0004,Andrea_Yates,Mike_Myers,false,-0.056948743760585785,1.4539247751235962,True
dev_train_1186,dev_train,,Andrei_Nikolishin_0001,Jessica_Lynch_0001,Andrei_Nikolishin,Jessica_Lynch,false,0.04429522156715393,1.3825373649597168,True
dev_train_1187,dev_train,,Andres_Manuel_Lopez_Obrador_0001,John_Jumper_0001,Andres_Manuel_Lopez_Obrador,John_Jumper,false,-0.0892968401312828,1.476006031036377,True
dev_train_1188,dev_train,,Andres_Pastrana_0001,Juan_Antonio_Samaranch_0001,Andres_Pastrana,Juan_Antonio_Samaranch,false,-0.031623322516679764,1.4364006519317627,True
dev_train_1189,dev_train,,Andrew_Bernard_0001,Colin_Farrell_0006,Andrew_Bernard,Colin_Farrell,false,-0.036205269396305084,1.4395869970321655,True
dev_train_1190,dev_train,,Andrew_Bunner_0001,David_Obey_0001,Andrew_Bunner,David_Obey,false,0.03480902314186096,1.389381766319275,True
dev_train_1191,dev_train,,Andrew_Cuomo_0001,Hamad_Bin_Jassim_0001,Andrew_Cuomo,Hamad_Bin_Jassim,false,-0.0002282196655869484,1.4143749475479126,True
dev_train_1192,dev_train,,Andrew_Cuomo_0002,Jean-Rene_Fourtou_0001,Andrew_Cuomo,Jean-Rene_Fourtou,false,-0.046196047216653824,1.4465103149414062,True
dev_train_1193,dev_train,,Andrew_Fastow_0001,Suzie_McConnell_Serio_0001,Andrew_Fastow,Suzie_McConnell_Serio,false,0.009153686463832855,1.4077260494232178,True
dev_train_1194,dev_train,,Andrew_Gilligan_0001,Hashim_Thaci_0002,Andrew_Gilligan,Hashim_Thaci,false,-0.0019779226277023554,1.4156115055084229,True
dev_train_1195,dev_train,,Andrew_Jarecki_0001,Emily_Mortimer_0001,Andrew_Jarecki,Emily_Mortimer,false,-0.08126669377088547,1.470555305480957,True
dev_train_1196,dev_train,,Andrew_Jarecki_0001,Mike_Myers_0003,Andrew_Jarecki,Mike_Myers,false,0.06564924865961075,1.3670045137405396,True
dev_train_1197,dev_train,,Andrew_Weissmann_0001,Johnny_Benson_0001,Andrew_Weissmann,Johnny_Benson,false,0.005852815695106983,1.4100689888000488,True
dev_train_1198,dev_train,,Andy_Dick_0001,Linda_Lingle_0001,Andy_Dick,Linda_Lingle,false,0.03513624146580696,1.389146327972412,True
dev_train_1199,dev_train,,Andy_Madikians_0001,Solomon_Passy_0001,Andy_Madikians,Solomon_Passy,false,0.052634838968515396,1.3764921426773071,True
dev_train_1200,dev_train,,Andy_Roddick_0001,Richard_Gephardt_0004,Andy_Roddick,Richard_Gephardt,false,0.050665274262428284,1.3779222965240479,True
dev_train_1201,dev_train,,Andy_Rooney_0001,Mike_Krzyzewski_0002,Andy_Rooney,Mike_Krzyzewski,false,0.021610913798213005,1.3988488912582397,True
dev_train_1202,dev_train,,Andy_Wisecarver_0001,Peggy_McGuinness_0001,Andy_Wisecarver,Peggy_McGuinness,false,-0.05490655452013016,1.4525196552276611,True
dev_train_1203,dev_train,,Anette_Hosoi_0001,Dan_Dickau_0001,Anette_Hosoi,Dan_Dickau,false,0.023947181180119514,1.3971776962280273,True
dev_train_1204,dev_train,,Angel_Maza_0001,Juliette_Lewis_0001,Angel_Maza,Juliette_Lewis,false,0.002042877720668912,1.4127682447433472,True
dev_train_1205,dev_train,,Angela_Merkel_0001,John_Edwards_0006,Angela_Merkel,John_Edwards,false,0.013240557163953781,1.4048198461532593,True
dev_train_1206,dev_train,,Angelica_Romero_0001,Hama_Arba_Diallo_0001,Angelica_Romero,Hama_Arba_Diallo,false,-0.07928290218114853,1.4692058563232422,True
dev_train_1207,dev_train,,Angelo_Genova_0001,Denise_Locke_0001,Angelo_Genova,Denise_Locke,false,-0.04884415864944458,1.4483399391174316,True
dev_train_1208,dev_train,,Anibal_Ibarra_0001,Christine_Arron_0001,Anibal_Ibarra,Christine_Arron,false,0.051828134804964066,1.3770779371261597,True
dev_train_1209,dev_train,,Anibal_Ibarra_0003,Jane_Walker_Wood_0001,Anibal_Ibarra,Jane_Walker_Wood,false,0.03268689289689064,1.3909083604812622,True
dev_train_1210,dev_train,,Anjum_Hussain_0001,Vaclav_Klaus_0001,Anjum_Hussain,Vaclav_Klaus,false,-0.04686521738767624,1.4469728469848633,True
dev_train_1211,dev_train,,Ann_Morgan_0001,Garry_Kasparov_0002,Ann_Morgan,Garry_Kasparov,false,-0.016161952167749405,1.425595998764038,True
dev_train_1212,dev_train,,Anna_Jones_0001,Colleen_Atwood_0001,Anna_Jones,Colleen_Atwood,false,0.2019648551940918,1.2633568048477173,True
dev_train_1213,dev_train,,Anne_Cavers_0001,Morgan_Freeman_0001,Anne_Cavers,Morgan_Freeman,false,0.016730887815356255,1.40233314037323,True
dev_train_1214,dev_train,,Anne_Cavers_0001,Sophie_0001,Anne_Cavers,Sophie,false,-0.06040569022297859,1.4563004970550537,True
dev_train_1215,dev_train,,Anne_Heche_0001,Kenneth_Dam_0001,Anne_Heche,Kenneth_Dam,false,0.026396751403808594,1.395423412322998,True
dev_train_1216,dev_train,,Anne_ONeil_0001,Rohinton_Mistry_0001,Anne_ONeil,Rohinton_Mistry,false,-0.015837157145142555,1.425368070602417,True
dev_train_1217,dev_train,,Anneli_Jaatteenmaki_0002,Ron_Dittemore_0005,Anneli_Jaatteenmaki,Ron_Dittemore,false,0.061184708029031754,1.3702666759490967,True
dev_train_1218,dev_train,,Anthony_Mazur_0001,Ben_Wallace_0001,Anthony_Mazur,Ben_Wallace,false,-0.08022432774305344,1.469846487045288,True
dev_train_1219,dev_train,,Anthony_Mazur_0001,Jose_Santos_0001,Anthony_Mazur,Jose_Santos,false,0.06044696643948555,1.3708049058914185,True
dev_train_1220,dev_train,,Anthony_Mazur_0001,Kim_Hong-up_0001,Anthony_Mazur,Kim_Hong-up,false,-0.059772998094558716,1.4558660984039307,True
dev_train_1221,dev_train,,Anthony_Pisciotti_0001,Stephane_Rousseau_0001,Anthony_Pisciotti,Stephane_Rousseau,false,-0.022970762103796005,1.4303642511367798,True
dev_train_1222,dev_train,,Anthony_Rackauckas_0001,Jessica_Brungo_0001,Anthony_Rackauckas,Jessica_Brungo,false,0.009341156110167503,1.4075928926467896,True
dev_train_1223,dev_train,,Anthony_Rackauckas_0001,Samantha_Daniels_0001,Anthony_Rackauckas,Samantha_Daniels,false,-0.08929508924484253,1.4760048389434814,True
dev_train_1224,dev_train,,Anthony_Scott_Miller_0001,Doc_Rivers_0001,Anthony_Scott_Miller,Doc_Rivers,false,-0.053916096687316895,1.4518375396728516,True
dev_train_1225,dev_train,,Anthony_Scott_Miller_0001,Helen_Clark_0002,Anthony_Scott_Miller,Helen_Clark,false,0.09168800711631775,1.3478219509124756,True
dev_train_1226,dev_train,,Antwun_Echols_0001,Henry_Hyde_0001,Antwun_Echols,Henry_Hyde,false,0.04455694928765297,1.3823480606079102,True
dev_train_1227,dev_train,,Anwar_Ibrahim_0001,Chung_Mong-hun_0002,Anwar_Ibrahim,Chung_Mong-hun,false,-0.014027396216988564,1.4240978956222534,True
dev_train_1228,dev_train,,Anwar_Ibrahim_0001,Santiago_Botero_0001,Anwar_Ibrahim,Santiago_Botero,false,0.06940291076898575,1.3642557859420776,True
dev_train_1229,dev_train,,Anzori_Kikalishvili_0001,Milan_Kucan_0001,Anzori_Kikalishvili,Milan_Kucan,false,-0.0226319320499897,1.4301271438598633,True
dev_train_1230,dev_train,,Aram_Adler_0001,Stanley_Nelson_0001,Aram_Adler,Stanley_Nelson,false,0.05781255662441254,1.3727253675460815,True
dev_train_1231,dev_train,,Ari_Fleischer_0001,Janet_Leigh_0001,Ari_Fleischer,Janet_Leigh,false,-0.003918991424143314,1.4169820547103882,True
dev_train_1232,dev_train,,Arnie_Boehm_0001,Natasa_Micic_0001,Arnie_Boehm,Natasa_Micic,false,0.04689974710345268,1.3806521892547607,True
dev_train_1233,dev_train,,Arnold_Palmer_0002,Marc_Gold_0001,Arnold_Palmer,Marc_Gold,false,-0.021384119987487793,1.429254412651062,True
dev_train_1234,dev_train,,Art_Hoffmann_0002,Timothy_Coughlin_0001,Art_Hoffmann,Timothy_Coughlin,false,0.04801314324140549,1.3798454999923706,True
dev_train_1235,dev_train,,Arthur_Martinez_0001,Brad_Wilk_0001,Arthur_Martinez,Brad_Wilk,false,-0.028829293325543404,1.434454083442688,True
dev_train_1236,dev_train,,Artieas_Shanks_0001,Hrithik_Roshan_0001,Artieas_Shanks,Hrithik_Roshan,false,-0.01600842922925949,1.4254882335662842,True
dev_train_1237,dev_train,,Arye_Mekel_0001,Jaouad_Gharib_0001,Arye_Mekel,Jaouad_Gharib,false,0.059960924088954926,1.3711594343185425,True
dev_train_1238,dev_train,,Ashanti_0004,Tom_Lantos_0001,Ashanti,Tom_Lantos,false,0.02383691817522049,1.39725661277771,True
dev_train_1239,dev_train,,Ashraf_Ghani_0001,Max_von_Sydow_0001,Ashraf_Ghani,Max_von_Sydow,false,0.04771161451935768,1.3800640106201172,True
dev_train_1240,dev_train,,Ashton_Kutcher_0003,Julio_Toro_0001,Ashton_Kutcher,Julio_Toro,false,0.03541409969329834,1.388946294784546,True
dev_train_1241,dev_train,,Asif_Hanif_0001,John_Connolly_0001,Asif_Hanif,John_Connolly,false,-0.059443239122629166,1.4556394815444946,True
dev_train_1242,dev_train,,Atal_Bihari_Vajpayee_0024,Sarah_Price_0001,Atal_Bihari_Vajpayee,Sarah_Price,false,0.06917184591293335,1.3644253015518188,True
dev_train_1243,dev_train,,Atsushi_Sato_0001,Zinedine_Zidane_0005,Atsushi_Sato,Zinedine_Zidane,false,0.02601580321788788,1.3956964015960693,True
dev_train_1244,dev_train,,Azmi_Bishara_0001,Ludivine_Sagnier_0003,Azmi_Bishara,Ludivine_Sagnier,false,0.0011814110912382603,1.4133780002593994,True
dev_train_1245,dev_train,,BB_King_0001,Benjamin_Martinez_0001,BB_King,Benjamin_Martinez,false,0.014048953540623188,1.404244303703308,True
dev_train_1246,dev_train,,BJ_Habibie_0001,Daniel_Chin_0001,BJ_Habibie,Daniel_Chin,false,-0.14062955975532532,1.5103837251663208,True
dev_train_1247,dev_train,,Baburam_Bhattari_0001,Carlos_Fasciolo_0001,Baburam_Bhattari,Carlos_Fasciolo,false,-0.007982579059898853,1.419846773147583,True
dev_train_1248,dev_train,,Barbara_Bodine_0001,Dora_Bakoyianni_0001,Barbara_Bodine,Dora_Bakoyianni,false,-0.02164006605744362,1.4294335842132568,True
dev_train_1249,dev_train,,Barbara_Boxer_0001,Carin_Koch_0001,Barbara_Boxer,Carin_Koch,false,0.057002343237400055,1.3733153343200684,True
dev_train_1250,dev_train,,Barbara_Walters_0002,Martin_Scorsese_0002,Barbara_Walters,Martin_Scorsese,false,0.03688892722129822,1.3878840208053589,True
dev_train_1251,dev_train,,Barrett_Jackman_0001,Maureen_Kanka_0001,Barrett_Jackman,Maureen_Kanka,false,0.0011981698917225003,1.4133660793304443,True
dev_train_1252,dev_train,,Barry_Bonds_0001,Michael_Rolinee_0001,Barry_Bonds,Michael_Rolinee,false,0.05218661576509476,1.3768175840377808,True
dev_train_1253,dev_train,,Barry_Collier_0001,Rainer_Schuettler_0001,Barry_Collier,Rainer_Schuettler,false,0.011954408138990402,1.4057351350784302,True
dev_train_1254,dev_train,,Barry_Ford_0001,Michael_Bloomberg_0018,Barry_Ford,Michael_Bloomberg,false,0.035535961389541626,1.3888585567474365,True
dev_train_1255,dev_train,,Barry_Hinson_0001,John_Cusack_0001,Barry_Hinson,John_Cusack,false,0.007636928465217352,1.408803105354309,True
dev_train_1256,dev_train,,Barry_Hinson_0001,Prince_Naruhito_0003,Barry_Hinson,Prince_Naruhito,false,0.044095274060964584,1.382681965827942,True
dev_train_1257,dev_train,,Bart_Hendricks_0001,David_Beckham_0008,Bart_Hendricks,David_Beckham,false,0.01126033067703247,1.40622878074646,True
dev_train_1258,dev_train,,Bart_Hendricks_0001,Des_Brown_0001,Bart_Hendricks,Des_Brown,false,0.030687488615512848,1.3923451900482178,True
dev_train_1259,dev_train,,Basdeo_Panday_0001,Maggie_Smith_0001,Basdeo_Panday,Maggie_Smith,false,-0.02652188204228878,1.432844638824463,True
dev_train_1260,dev_train,,Beatriz_Merino_0001,Mikhail_Kalashnikov_0001,Beatriz_Merino,Mikhail_Kalashnikov,false,0.050740569829940796,1.377867579460144,True
dev_train_1261,dev_train,,Ben_Braun_0001,Dionyssis_Georgiadis_0001,Ben_Braun,Dionyssis_Georgiadis,false,-0.09072037041187286,1.4769701957702637,True
dev_train_1262,dev_train,,Ben_Braun_0001,Sereyvuth_Kem_0001,Ben_Braun,Sereyvuth_Kem,false,0.00788866076618433,1.4086244106292725,True
dev_train_1263,dev_train,,Ben_Chandler_0001,Ralph_Firman_0002,Ben_Chandler,Ralph_Firman,false,-0.02219325862824917,1.4298205375671387,True
dev_train_1264,dev_train,,Ben_Chandler_0001,Russell_Simmons_0003,Ben_Chandler,Russell_Simmons,false,-0.010414909571409225,1.4215589761734009,True
dev_train_1265,dev_train,,Ben_Howland_0001,Filippo_Volandri_0001,Ben_Howland,Filippo_Volandri,false,-0.03890962153673172,1.4414641857147217,True
dev_train_1266,dev_train,,Ben_Howland_0002,Conan_OBrien_0001,Ben_Howland,Conan_OBrien,false,0.12622074782848358,1.3219525814056396,True
dev_train_1267,dev_train,,Ben_Kingsley_0001,Rob_Marshall_0005,Ben_Kingsley,Rob_Marshall,false,-0.05680275708436966,1.4538244009017944,True
dev_train_1268,dev_train,,Ben_Kingsley_0001,Tom_Lantos_0001,Ben_Kingsley,Tom_Lantos,false,0.018338702619075775,1.4011861085891724,True
dev_train_1269,dev_train,,Ben_Lee_0001,Mike_Holmgren_0001,Ben_Lee,Mike_Holmgren,false,0.00040978286415338516,1.4139238595962524,True
dev_train_1270,dev_train,,Benedita_da_Silva_0001,Robert_Weitzel_0001,Benedita_da_Silva,Robert_Weitzel,false,0.017936987802386284,1.401472806930542,True
dev_train_1271,dev_train,,Benedita_da_Silva_0001,Yao_Ming_0006,Benedita_da_Silva,Yao_Ming,false,0.05397273227572441,1.3755197525024414,True
dev_train_1272,dev_train,,Benjamin_Bratt_0001,Mark_Geragos_0001,Benjamin_Bratt,Mark_Geragos,false,0.07582269608974457,1.3595421314239502,True
dev_train_1273,dev_train,,Benjamin_Martinez_0001,Michael_Leavitt_0001,Benjamin_Martinez,Michael_Leavitt,false,0.002173103392124176,1.412676215171814,True
dev_train_1274,dev_train,,Bernard_Giraudeau_0001,Eve_Ensler_0001,Bernard_Giraudeau,Eve_Ensler,false,-0.02201937325298786,1.4296988248825073,True
dev_train_1275,dev_train,,Bernard_Giraudeau_0001,Marsha_Sharp_0001,Bernard_Giraudeau,Marsha_Sharp,false,-0.06798133254051208,1.4614933729171753,True
dev_train_1276,dev_train,,Bernard_Landry_0001,Marc_Shaiman_0001,Bernard_Landry,Marc_Shaiman,false,-0.038566458970308304,1.4412262439727783,True
dev_train_1277,dev_train,,Bernard_Law_0003,Qian_Qichen_0001,Bernard_Law,Qian_Qichen,false,0.12565048038959503,1.3223838806152344,True
dev_train_1278,dev_train,,Bernard_Lord_0002,Cheryl_Tiegs_0001,Bernard_Lord,Cheryl_Tiegs,false,0.006223199889063835,1.409806251525879,True
dev_train_1279,dev_train,,Bernardo_Segura_0002,Mike_Bair_0001,Bernardo_Segura,Mike_Bair,false,-0.05292894318699837,1.4511574506759644,True
dev_train_1280,dev_train,,Bernardo_Segura_0002,Park_Jung_Sung_0001,Bernardo_Segura,Park_Jung_Sung,false,0.11643176525831223,1.3293368816375732,True
dev_train_1281,dev_train,,Bernardo_Segura_0002,Ray_Romano_0009,Bernardo_Segura,Ray_Romano,false,0.18837274610996246,1.2740700244903564,True
dev_train_1282,dev_train,,Bettina_Rheims_0001,Stephen_Covey_0001,Bettina_Rheims,Stephen_Covey,false,-0.06186442822217941,1.4573018550872803,True
dev_train_1283,dev_train,,Betty_Garrison_0001,Rudy_Tomjanovich_0001,Betty_Garrison,Rudy_Tomjanovich,false,-0.054527878761291504,1.4522587060928345,True
dev_train_1284,dev_train,,Bijan_Namdar_Zangeneh_0002,Inam-ul-Haq_0001,Bijan_Namdar_Zangeneh,Inam-ul-Haq,false,-0.07576549798250198,1.466809868812561,True
dev_train_1285,dev_train,,Bill_Belichick_0001,Guillermo_Coria_0025,Bill_Belichick,Guillermo_Coria,false,-0.10054339468479156,1.4836058616638184,True
dev_train_1286,dev_train,,Bill_Bradley_0001,Santiago_Botero_0001,Bill_Bradley,Santiago_Botero,false,-0.020027074962854385,1.428304672241211,True
dev_train_1287,dev_train,,Bill_Callahan_0002,Richard_Tubb_0001,Bill_Callahan,Richard_Tubb,false,0.011087637394666672,1.4063516855239868,True
dev_train_1288,dev_train,,Bill_Duffey_0001,Catriona_Le_May_Doan_0001,Bill_Duffey,Catriona_Le_May_Doan,false,-0.035239748656749725,1.4389160871505737,True
dev_train_1289,dev_train,,Bill_Kong_0001,Herta_Daeubler-Gmelin_0002,Bill_Kong,Herta_Daeubler-Gmelin,false,-0.08653140813112259,1.4741312265396118,True
dev_train_1290,dev_train,,Bill_Lerach_0001,Lucio_Angulo_0001,Bill_Lerach,Lucio_Angulo,false,0.014061851426959038,1.4042351245880127,True
dev_train_1291,dev_train,,Bill_Nelson_0002,Buck_Rodgers_0001,Bill_Nelson,Buck_Rodgers,false,0.02398981712758541,1.3971471786499023,True
dev_train_1292,dev_train,,Bill_Nelson_0002,Roberto_Tovar_0001,Bill_Nelson,Roberto_Tovar,false,-0.02165372669696808,1.429443120956421,True
dev_train_1293,dev_train,,Bill_OReilly_0001,Kathryn_Bigelow_0001,Bill_OReilly,Kathryn_Bigelow,false,0.005073824897408485,1.4106212854385376,True
dev_train_1294,dev_train,,Bill_Parcells_0002,Jong_Wook_Lee_0004,Bill_Parcells,Jong_Wook_Lee,false,0.03577603027224541,1.388685703277588,True
dev_train_1295,dev_train,,Bill_Pryor_0001,Wes_Craven_0001,Bill_Pryor,Wes_Craven,false,0.002856017090380192,1.4121925830841064,True
dev_train_1296,dev_train,,Bill_Rainer_0001,David_Ballantyne_0001,Bill_Rainer,David_Ballantyne,false,-0.07104905694723129,1.4635908603668213,True
dev_train_1297,dev_train,,Bill_Rainer_0001,Patricia_Clarkson_0004,Bill_Rainer,Patricia_Clarkson,false,0.03578140586614609,1.3886817693710327,True
dev_train_1298,dev_train,,Bill_Readdy_0001,Kirk_Doerger_0001,Bill_Readdy,Kirk_Doerger,false,0.07560062408447266,1.3597054481506348,True
dev_train_1299,dev_train,,Bill_Richardson_0001,Roger_Grimes_0001,Bill_Richardson,Roger_Grimes,false,0.033817365765571594,1.3900953531265259,True
dev_train_1300,dev_train,,Bill_Stein_0001,Chip_Burrus_0001,Bill_Stein,Chip_Burrus,false,0.01786564290523529,1.4015237092971802,True
dev_train_1301,dev_train,,Bill_Walton_0001,Gary_Marshall_0001,Bill_Walton,Gary_Marshall,false,0.01162884384393692,1.4059667587280273,True
dev_train_1302,dev_train,,Billy_Bob_Thornton_0001,Oscar_DLeon_0001,Billy_Bob_Thornton,Oscar_DLeon,false,0.09451217204332352,1.3457250595092773,True
dev_train_1303,dev_train,,Billy_Crystal_0004,Shafal_Mosed_0001,Billy_Crystal,Shafal_Mosed,false,-0.01294185221195221,1.4233354330062866,True
dev_train_1304,dev_train,,Billy_Graham_0002,Jean_Nagel_0001,Billy_Graham,Jean_Nagel,false,0.023742061108350754,1.397324562072754,True
dev_train_1305,dev_train,,Billy_Joel_0001,Edwina_Currie_0003,Billy_Joel,Edwina_Currie,false,0.06706409901380539,1.3659690618515015,True
dev_train_1306,dev_train,,Billy_Joel_0001,Lloyd_Richards_0001,Billy_Joel,Lloyd_Richards,false,0.0449882373213768,1.3820359706878662,True
dev_train_1307,dev_train,,Binyamin_Ben-Eliezer_0006,Vicki_Zhao_Wei_0001,Binyamin_Ben-Eliezer,Vicki_Zhao_Wei,false,-0.03848361596465111,1.4411686658859253,True
dev_train_1308,dev_train,,Bison_Dele_0001,John_Stockton_0004,Bison_Dele,John_Stockton,false,0.08945165574550629,1.349480152130127,True
dev_train_1309,dev_train,,Blythe_Hartley_0002,Masahiko_Nagasawa_0001,Blythe_Hartley,Masahiko_Nagasawa,false,-0.05440370738506317,1.4521733522415161,True
dev_train_1310,dev_train,,Bob_Alper_0001,Chris_Reitsma_0001,Bob_Alper,Chris_Reitsma,false,-0.05208425968885422,1.4505752325057983,True
dev_train_1311,dev_train,,Bob_Alper_0001,Tony_Curtis_0002,Bob_Alper,Tony_Curtis,false,0.05068659782409668,1.3779066801071167,True
dev_train_1312,dev_train,,Bob_Beauprez_0001,Patsy_Mink_0001,Bob_Beauprez,Patsy_Mink,false,0.06997942179441452,1.3638331890106201,True
dev_train_1313,dev_train,,Bob_Bowlsby_0001,Tyler_Grillo_0001,Bob_Bowlsby,Tyler_Grillo,false,0.030290938913822174,1.392629861831665,True
dev_train_1314,dev_train,,Bob_Curtis_0001,Hans_Blix_0027,Bob_Curtis,Hans_Blix,false,0.016578610986471176,1.4024417400360107,True
dev_train_1315,dev_train,,Bob_Ferguson_0001,Jean-Francois_Pontal_0001,Bob_Ferguson,Jean-Francois_Pontal,false,0.0025779223069548607,1.4123895168304443,True
dev_train_1316,dev_train,,Bob_Geldof_0001,John_Spencer_0002,Bob_Geldof,John_Spencer,false,-0.04694145545363426,1.4470255374908447,True
dev_train_1317,dev_train,,Bob_Graham_0006,Mary_Tyler_Moore_0002,Bob_Graham,Mary_Tyler_Moore,false,0.05942687392234802,1.3715487718582153,True
dev_train_1318,dev_train,,Bob_Krueger_0001,Carlos_Alberto_Parreira_0001,Bob_Krueger,Carlos_Alberto_Parreira,false,-0.04207640886306763,1.4436595439910889,True
dev_train_1319,dev_train,,Bob_Melvin_0001,Eileen_Coparropa_0002,Bob_Melvin,Eileen_Coparropa,false,0.037303268909454346,1.3875855207443237,True
dev_train_1320,dev_train,,Bob_Stoops_0002,David_Siegel_0001,Bob_Stoops,David_Siegel,false,-0.006953821983188391,1.4191222190856934,True
dev_train_1321,dev_train,,Bob_Stoops_0004,Yoelbi_Quesada_0001,Bob_Stoops,Yoelbi_Quesada,false,0.013454370200634003,1.404667615890503,True
dev_train_1322,dev_train,,Bob_Wright_0001,Eriko_Tamura_0001,Bob_Wright,Eriko_Tamura,false,0.012954309582710266,1.4050235748291016,True
dev_train_1323,dev_train,,Bob_Wright_0001,Margaret_Thatcher_0001,Bob_Wright,Margaret_Thatcher,false,-0.05939565971493721,1.4556068181991577,True
dev_train_1324,dev_train,,Bobby_Kielty_0001,Keith_Rodriguez_0001,Bobby_Kielty,Keith_Rodriguez,false,-0.0018688255222514272,1.4155343770980835,True
dev_train_1325,dev_train,,Bobby_Kielty_0001,Mark_Salter_0001,Bobby_Kielty,Mark_Salter,false,0.0637047290802002,1.3684263229370117,True
dev_train_1326,dev_train,,Boris_Becker_0002,Jason_Gardner_0001,Boris_Becker,Jason_Gardner,false,-0.02071349322795868,1.4287852048873901,True
dev_train_1327,dev_train,,Boris_Berezovsky_0001,David_Nalbandian_0013,Boris_Berezovsky,David_Nalbandian,false,0.043713927268981934,1.3829576969146729,True
dev_train_1328,dev_train,,Boris_Henry_0001,Richard_Branson_0002,Boris_Henry,Richard_Branson,false,-0.06384964287281036,1.4586635828018188,True
dev_train_1329,dev_train,,Boris_Henry_0001,Venus_Williams_0004,Boris_Henry,Venus_Williams,false,-0.037023089826107025,1.4401549100875854,True
dev_train_1330,dev_train,,Brad_Brownell_0001,Cindy_Moll_0001,Brad_Brownell,Cindy_Moll,false,-0.013654503971338272,1.4238359928131104,True
dev_train_1331,dev_train,,Brad_Gushue_0001,Patricia_Wartusch_0001,Brad_Gushue,Patricia_Wartusch,false,-0.0024240727070719004,1.4159265756607056,True
dev_train_1332,dev_train,,Brad_Johnson_0003,Diana_Munz_0002,Brad_Johnson,Diana_Munz,false,-0.07795406132936478,1.4683010578155518,True
dev_train_1333,dev_train,,Brandon_Hammond_0001,Kurt_Thomas_0001,Brandon_Hammond,Kurt_Thomas,false,0.02424023486673832,1.3969680070877075,True
dev_train_1334,dev_train,,Brandon_Inge_0001,Jose_Lopez_Beltran_0001,Brandon_Inge,Jose_Lopez_Beltran,false,-0.02339210920035839,1.4306585788726807,True
dev_train_1335,dev_train,,Brandon_Inge_0001,Mike_Szymanczyk_0001,Brandon_Inge,Mike_Szymanczyk,false,0.07445918023586273,1.3605445623397827,True
dev_train_1336,dev_train,,Brendan_Hansen_0001,Jim_Wong_0001,Brendan_Hansen,Jim_Wong,false,0.04852404445409775,1.3794752359390259,True
dev_train_1337,dev_train,,Brendan_Stai_0001,Justin_Marshall_0001,Brendan_Stai,Justin_Marshall,false,-0.010764189064502716,1.4218045473098755,True
dev_train_1338,dev_train,,Brennon_Leighton_0001,Terry_Gilliam_0001,Brennon_Leighton,Terry_Gilliam,false,-0.09640765935182571,1.4808157682418823,True
dev_train_1339,dev_train,,Brent_Coles_0001,Francois_Botha_0001,Brent_Coles,Francois_Botha,false,0.022110547870397568,1.3984917402267456,True
dev_train_1340,dev_train,,Brett_Hull_0001,Geoffrey_Rush_0001,Brett_Hull,Geoffrey_Rush,false,-0.09582716226577759,1.4804236888885498,True
dev_train_1341,dev_train,,Brian_Grazier_0001,Huang_Suey-Sheng_0001,Brian_Grazier,Huang_Suey-Sheng,false,-0.10668090730905533,1.4877371788024902,True
dev_train_1342,dev_train,,Brian_Grazier_0001,Nate_Huffman_0001,Brian_Grazier,Nate_Huffman,false,0.02475621923804283,1.3965985774993896,True
dev_train_1343,dev_train,,Brian_Grazier_0001,Robbie_Williams_0001,Brian_Grazier,Robbie_Williams,false,-0.0032175707165151834,1.4164868593215942,True
dev_train_1344,dev_train,,Brian_Gregory_0001,Jimmy_Lee_0001,Brian_Gregory,Jimmy_Lee,false,-0.02857731655240059,1.4342784881591797,True
dev_train_1345,dev_train,,Brian_Mulroney_0002,Yogi_Berra_0001,Brian_Mulroney,Yogi_Berra,false,-0.0002416116331005469,1.414384365081787,True
dev_train_1346,dev_train,,Brian_Pavlich_0001,Marc-Andre_Fleury_0002,Brian_Pavlich,Marc-Andre_Fleury,false,-0.09504378587007523,1.4798943996429443,True
dev_train_1347,dev_train,,Brian_Pavlich_0001,Scott_Sullivan_0001,Brian_Pavlich,Scott_Sullivan,false,-0.0137511370703578,1.4239039421081543,True
dev_train_1348,dev_train,,Brian_Schneider_0001,Tex_Ritter_0001,Brian_Schneider,Tex_Ritter,false,0.015982838347554207,1.4028664827346802,True
dev_train_1349,dev_train,,Brian_Van_Dusen_0001,Sergio_Garcia_0001,Brian_Van_Dusen,Sergio_Garcia,false,-0.014148727059364319,1.4241832494735718,True
dev_train_1350,dev_train,,Brittany_Snow_0001,Jim_Bunning_0001,Brittany_Snow,Jim_Bunning,false,-0.02709236741065979,1.4332427978515625,True
dev_train_1351,dev_train,,Brook_Robinson_0001,Paul_Farley_0001,Brook_Robinson,Paul_Farley,false,0.06822752207517624,1.3651171922683716,True
dev_train_1352,dev_train,,Brook_Robinson_0001,Wan_Yanhai_0001,Brook_Robinson,Wan_Yanhai,false,0.05764993280172348,1.3728437423706055,True
dev_train_1353,dev_train,,Brooke_Gordon_0001,Hushiar_Zebari_0001,Brooke_Gordon,Hushiar_Zebari,false,0.015100897289812565,1.4034950733184814,True
dev_train_1354,dev_train,,Brooke_Gordon_0001,Lucia_Kenny_Anthony_0001,Brooke_Gordon,Lucia_Kenny_Anthony,false,0.02214619144797325,1.3984662294387817,True
dev_train_1355,dev_train,,Bruce_Arena_0001,Robert_Wiener_0001,Bruce_Arena,Robert_Wiener,false,0.08918576687574387,1.3496772050857544,True
dev_train_1356,dev_train,,Bruce_Springsteen_0002,Shamai_Leibowitz_0001,Bruce_Springsteen,Shamai_Leibowitz,false,-0.0251644104719162,1.4318969249725342,True
dev_train_1357,dev_train,,Bruce_Van_De_Velde_0001,Greg_Owen_0001,Bruce_Van_De_Velde,Greg_Owen,false,0.07900575548410416,1.357198715209961,True
dev_train_1358,dev_train,,Bruno_Junquiera_0001,Edgar_Savisaar_0001,Bruno_Junquiera,Edgar_Savisaar,false,-0.055304452776908875,1.4527934789657593,True
dev_train_1359,dev_train,,Bryant_Young_0001,Lisa_Stone_0001,Bryant_Young,Lisa_Stone,false,-0.06877933442592621,1.4620392322540283,True
dev_train_1360,dev_train,,Buck_Rodgers_0001,Paul_ONeill_0009,Buck_Rodgers,Paul_ONeill,false,-0.04564960300922394,1.4461325407028198,True
dev_train_1361,dev_train,,Budd_Schulberg_0001,Michelle_Lecky_0001,Budd_Schulberg,Michelle_Lecky,false,-0.04562632739543915,1.4461164474487305,True
dev_train_1362,dev_train,,Bulent_Ecevit_0001,Lee_Yuan-tseh_0001,Bulent_Ecevit,Lee_Yuan-tseh,false,0.05191529914736748,1.3770146369934082,True
dev_train_1363,dev_train,,Buzz_Hargrove_0001,Jonathan_Schroeder_0001,Buzz_Hargrove,Jonathan_Schroeder,false,-0.07011125981807709,1.4629499912261963,True
dev_train_1364,dev_train,,Buzz_Hargrove_0001,Keith_Olbermann_0001,Buzz_Hargrove,Keith_Olbermann,false,0.017563316971063614,1.401739478111267,True
dev_train_1365,dev_train,,Buzz_Hargrove_0001,Tom_Crean_0005,Buzz_Hargrove,Tom_Crean,false,0.16757328808307648,1.2902920246124268,True
dev_train_1366,dev_train,,Cabas_0001,John_Dallager_0001,Cabas,John_Dallager,false,-0.008222737349569798,1.4200159311294556,True
dev_train_1367,dev_train,,Cabas_0001,Nicole_Kidman_0007,Cabas,Nicole_Kidman,false,-0.06177379935979843,1.4572397470474243,True
dev_train_1368,dev_train,,Caio_Blat_0001,Paula_Radcliffe_0003,Caio_Blat,Paula_Radcliffe,false,-0.005453914869576693,1.4180647134780884,True
dev_train_1369,dev_train,,Caio_Blat_0001,Teresa_Worbis_0001,Caio_Blat,Teresa_Worbis,false,-0.020873643457889557,1.4288971424102783,True
dev_train_1370,dev_train,,Cameron_Diaz_0001,Daniela_Cicarelli_0001,Cameron_Diaz,Daniela_Cicarelli,false,0.11777928471565247,1.3283228874206543,True
dev_train_1371,dev_train,,Cameron_Diaz_0001,Kim_Dae-jung_0003,Cameron_Diaz,Kim_Dae-jung,false,0.07970742136240005,1.3566817045211792,True
dev_train_1372,dev_train,,Camryn_Manheim_0001,Simona_Hradil_0001,Camryn_Manheim,Simona_Hradil,false,0.02076566591858864,1.399453043937683,True
dev_train_1373,dev_train,,Carla_Gay_Balingit_0001,Fernando_Henrique_Cardoso_0005,Carla_Gay_Balingit,Fernando_Henrique_Cardoso,false,0.00783534161746502,1.4086623191833496,True
dev_train_1374,dev_train,,Carla_Myers_0002,John_Henry_0001,Carla_Myers,John_Henry,false,-0.036484915763139725,1.4397811889648438,True
dev_train_1375,dev_train,,Carla_Sullivan_0001,Monique_Garbrecht-Enfeldt_0002,Carla_Sullivan,Monique_Garbrecht-Enfeldt,false,-0.003918961156159639,1.4169819355010986,True
dev_train_1376,dev_train,,Carlos_Barra_0001,Princess_Aiko_0001,Carlos_Barra,Princess_Aiko,false,-0.0026548581663519144,1.4160895347595215,True
dev_train_1377,dev_train,,Carlos_Fasciolo_0001,David_Bowie_0001,Carlos_Fasciolo,David_Bowie,false,0.0015675219474360347,1.4131046533584595,True
dev_train_1378,dev_train,,Carlos_Fasciolo_0001,Lisa_Gottsegen_0002,Carlos_Fasciolo,Lisa_Gottsegen,false,0.011845957487821579,1.4058122634887695,True
dev_train_1379,dev_train,,Carlos_Paternina_0001,Jeff_Feldman_0001,Carlos_Paternina,Jeff_Feldman,false,,,False
dev_train_1380,dev_train,,Carlos_Queiroz_0001,Pa_Kou_Hang_0001,Carlos_Queiroz,Pa_Kou_Hang,false,-0.013978724367916584,1.4240636825561523,True
dev_train_1381,dev_train,,Carlos_Ruiz_0001,Kelvin_Sampson_0002,Carlos_Ruiz,Kelvin_Sampson,false,-0.0003657555498648435,1.4144721031188965,True
dev_train_1382,dev_train,,Carlos_Ruiz_0001,Lincoln_Chafee_0001,Carlos_Ruiz,Lincoln_Chafee,false,-0.017926393076777458,1.426833152770996,True
dev_train_1383,dev_train,,Carlos_Ruiz_0001,Phil_Mickelson_0002,Carlos_Ruiz,Phil_Mickelson,false,-0.0034198390785604715,1.416629672050476,True
dev_train_1384,dev_train,,Carlos_Salinas_0001,Shaun_Rusling_0001,Carlos_Salinas,Shaun_Rusling,false,0.057742662727832794,1.3727762699127197,True
dev_train_1385,dev_train,,Carlos_Savedra_0001,Chris_Neil_0001,Carlos_Savedra,Chris_Neil,false,-0.016343647614121437,1.4257234334945679,True
dev_train_1386,dev_train,,Carlos_Vives_0001,Piers_Sellers_0001,Carlos_Vives,Piers_Sellers,false,0.06891431659460068,1.3646140098571777,True
dev_train_1387,dev_train,,Carly_Fiorina_0002,Khalid_Qazi_0001,Carly_Fiorina,Khalid_Qazi,false,0.06629592925310135,1.3665313720703125,True
dev_train_1388,dev_train,,Carolina_Barco_0001,Maha_Habib_0001,Carolina_Barco,Maha_Habib,false,-0.03016440011560917,1.4353846311569214,True
dev_train_1389,dev_train,,Carolina_Kluft_0001,William_Bratton_0002,Carolina_Kluft,William_Bratton,false,0.032540708780288696,1.391013503074646,True
dev_train_1390,dev_train,,Carolina_Moraes_0002,Hushiar_Zebari_0001,Carolina_Moraes,Hushiar_Zebari,false,-0.024659015238285065,1.4315439462661743,True
dev_train_1391,dev_train,,Cassandra_Heise_0001,Michael_Kors_0001,Cassandra_Heise,Michael_Kors,false,0.07403460890054703,1.3608566522598267,True
dev_train_1392,dev_train,,Cate_Blanchett_0003,Jeanette_Stauffer_0001,Cate_Blanchett,Jeanette_Stauffer,false,-0.016185158863663673,1.4256123304367065,True
dev_train_1393,dev_train,,Cathryn_Crawford_0001,Kathryn_Grayson_0001,Cathryn_Crawford,Kathryn_Grayson,false,-0.02975844219326973,1.4351017475128174,True
dev_train_1394,dev_train,,Catriona_Le_May_Doan_0001,Kieran_Culkin_0001,Catriona_Le_May_Doan,Kieran_Culkin,false,-0.013246523216366768,1.4235494136810303,True
dev_train_1395,dev_train,,Catriona_Le_May_Doan_0001,Paul_Henderson_0001,Catriona_Le_May_Doan,Paul_Henderson,false,-0.03505449369549751,1.4387873411178589,True
dev_train_1396,dev_train,,Cecilia_Bolocco_0001,Yann_Martel_0002,Cecilia_Bolocco,Yann_Martel,false,-0.07825236767530441,1.4685041904449463,True
dev_train_1397,dev_train,,Cecilia_Bolocco_0002,Giulietta_Masina_0001,Cecilia_Bolocco,Giulietta_Masina,false,0.043449822813272476,1.3831486701965332,True
dev_train_1398,dev_train,,Cesar_Gaviria_0004,Sasha_Alexander_0001,Cesar_Gaviria,Sasha_Alexander,false,-0.057375382632017136,1.4542182683944702,True
dev_train_1399,dev_train,,Chadha_Gurinder_0001,George_Ryan_0002,Chadha_Gurinder,George_Ryan,false,-0.021295731887221336,1.4291925430297852,True
dev_train_1400,dev_train,,Chakib_Khelil_0001,Nathan_Doudney_0001,Chakib_Khelil,Nathan_Doudney,false,0.016414863988757133,1.402558445930481,True
dev_train_1401,dev_train,,Chan_Choi_0001,Helmut_Panke_0001,Chan_Choi,Helmut_Panke,false,0.04212668538093567,1.3841049671173096,True
dev_train_1402,dev_train,,Chan_Choi_0001,Jayson_Williams_0003,Chan_Choi,Jayson_Williams,false,0.09923487156629562,1.3422110080718994,True
dev_train_1403,dev_train,,Charles_Bell_0001,James_Carville_0001,Charles_Bell,James_Carville,false,-0.011572148650884628,1.422372817993164,True
dev_train_1404,dev_train,,Charles_Chandler_IV_0001,Rainer_Geulen_0001,Charles_Chandler_IV,Rainer_Geulen,false,-0.10073193907737732,1.4837331771850586,True
dev_train_1405,dev_train,,Charles_Lebois_0001,Yingfan_Wang_0001,Charles_Lebois,Yingfan_Wang,false,-0.029951712116599083,1.4352364540100098,True
dev_train_1406,dev_train,,Charles_Lebois_0001,Zeng_Qinghong_0001,Charles_Lebois,Zeng_Qinghong,false,-0.11602484434843063,1.4940046072006226,True
dev_train_1407,dev_train,,Charles_Mathews_0001,Judy_Genshaft_0001,Charles_Mathews,Judy_Genshaft,false,-0.07593932747840881,1.466928243637085,True
dev_train_1408,dev_train,,Charles_Moose_0009,Sheryl_Crow_0004,Charles_Moose,Sheryl_Crow,false,-0.004456672817468643,1.4173614978790283,True
dev_train_1409,dev_train,,Charlotte_Casiraghi_0001,Irina_Framtsova_0001,Charlotte_Casiraghi,Irina_Framtsova,false,-0.14030446112155914,1.5101685523986816,True
dev_train_1410,dev_train,,Charlotte_Casiraghi_0001,Jan_Pronk_0001,Charlotte_Casiraghi,Jan_Pronk,false,0.01606241799890995,1.402809739112854,True
dev_train_1411,dev_train,,Charlotte_Casiraghi_0001,Paddy_Long_0001,Charlotte_Casiraghi,Paddy_Long,false,-0.05195993930101395,1.4504895210266113,True
dev_train_1412,dev_train,,Chelsea_Clinton_0001,Mohamed_Seineldin_0001,Chelsea_Clinton,Mohamed_Seineldin,false,0.03645249828696251,1.3881984949111938,True
dev_train_1413,dev_train,,Chen_Kaige_0001,Manfred_Reyes_Villa_0001,Chen_Kaige,Manfred_Reyes_Villa,false,0.049800805747509,1.3785494565963745,True
dev_train_1414,dev_train,,Chen_Tsai-chin_0001,Tim_Welsh_0001,Chen_Tsai-chin,Tim_Welsh,false,0.060737982392311096,1.370592474937439,True
dev_train_1415,dev_train,,Cheryl_Hines_0001,Hal_Gehman_0003,Cheryl_Hines,Hal_Gehman,false,0.026814309880137444,1.395124077796936,True
dev_train_1416,dev_train,,Cheryl_James_0001,Cristiano_da_Matta_0001,Cheryl_James,Cristiano_da_Matta,false,-0.029994789510965347,1.435266375541687,True
dev_train_1417,dev_train,,Cheryl_James_0001,Humberto_Coelho_0001,Cheryl_James,Humberto_Coelho,false,0.0329776369035244,1.3906993865966797,True
dev_train_1418,dev_train,,Chip_Ganassi_0001,Lenny_Kravitz_0001,Chip_Ganassi,Lenny_Kravitz,false,0.07134243100881577,1.3628334999084473,True
dev_train_1419,dev_train,,Chip_Knight_0001,Tracy_McGrady_0002,Chip_Knight,Tracy_McGrady,false,0.0009842365980148315,1.4135174751281738,True
dev_train_1420,dev_train,,Chris_Columbus_0001,Patricia_Garone_0001,Chris_Columbus,Patricia_Garone,false,-0.08211386203765869,1.471131443977356,True
dev_train_1421,dev_train,,Chris_Cooper_0001,Jason_Statham_0001,Chris_Cooper,Jason_Statham,false,0.01406229566782713,1.4042348861694336,True
dev_train_1422,dev_train,,Chris_Cornell_0001,Gary_Marshall_0001,Chris_Cornell,Gary_Marshall,false,-0.04465262219309807,1.445443034172058,True
dev_train_1423,dev_train,,Chris_Crocker_0001,Zafarullah_Khan_Jamali_0001,Chris_Crocker,Zafarullah_Khan_Jamali,false,0.04840797558426857,1.3795593976974487,True
dev_train_1424,dev_train,,Chris_Moore_0001,Marsha_Sharp_0001,Chris_Moore,Marsha_Sharp,false,0.12903828918933868,1.319819450378418,True
dev_train_1425,dev_train,,Chris_Neil_0001,Tom_Reilly_0002,Chris_Neil,Tom_Reilly,false,-0.027094511315226555,1.433244228363037,True
dev_train_1426,dev_train,,Christian_Bale_0001,Nancy_Greenlaw_0001,Christian_Bale,Nancy_Greenlaw,false,0.02113964408636093,1.3991857767105103,True
dev_train_1427,dev_train,,Christian_Lacroix_0001,Tom_OBrien_0001,Christian_Lacroix,Tom_OBrien,false,0.06433019042015076,1.3679691553115845,True
dev_train_1428,dev_train,,Christian_Lirette_0001,Taku_Yamasaki_0001,Christian_Lirette,Taku_Yamasaki,false,-0.019175197929143906,1.4277081489562988,True
dev_train_1429,dev_train,,Christian_Malcolm_0001,Pat_Rochester_0001,Christian_Malcolm,Pat_Rochester,false,0.015969960018992424,1.4028756618499756,True
dev_train_1430,dev_train,,Christina_Aguilera_0004,Fred_Huff_0001,Christina_Aguilera,Fred_Huff,false,-0.014877590350806713,1.4246947765350342,True
dev_train_1431,dev_train,,Christoph_Daum_0001,Mitchell_Crooks_0001,Christoph_Daum,Mitchell_Crooks,false,-0.030492115765810013,1.4356127977371216,True
dev_train_1432,dev_train,,Christopher_Amolsch_0001,Jen_Schefft_0001,Christopher_Amolsch,Jen_Schefft,false,0.05651767924427986,1.3736683130264282,True
dev_train_1433,dev_train,,Christopher_Conyers_0001,Yu_Shyi-kun_0003,Christopher_Conyers,Yu_Shyi-kun,false,-0.012474380433559418,1.4230070114135742,True
dev_train_1434,dev_train,,Christopher_Matero_0001,Dita_Von_Tesse_0001,Christopher_Matero,Dita_Von_Tesse,false,0.007032070308923721,1.4092323780059814,True
dev_train_1435,dev_train,,Chuck_Finley_0001,John_Wright_0001,Chuck_Finley,John_Wright,false,0.014911281876266003,1.4036301374435425,True
dev_train_1436,dev_train,,Chuck_Hagel_0001,Hu_Jintao_0001,Chuck_Hagel,Hu_Jintao,false,-0.0015765615971758962,1.4153279066085815,True
dev_train_1437,dev_train,,Chuck_Yeager_0002,Jacqueline_Obradors_0001,Chuck_Yeager,Jacqueline_Obradors,false,-0.10544028133153915,1.4869029521942139,True
dev_train_1438,dev_train,,Chuck_Yeager_0002,Robert_Ehrlich_0002,Chuck_Yeager,Robert_Ehrlich,false,-0.002102440455928445,1.4156993627548218,True
dev_train_1439,dev_train,,Chung_Mong-hun_0001,Ronald_Perelman_0001,Chung_Mong-hun,Ronald_Perelman,false,-0.026243867352604866,1.4326506853103638,True
dev_train_1440,dev_train,,Cindy_Klassen_0001,Jayson_Williams_0003,Cindy_Klassen,Jayson_Williams,false,-0.06202032044529915,1.4574089050292969,True
dev_train_1441,dev_train,,Cindy_Margolis_0001,Rachel_Wadsworth_0001,Cindy_Margolis,Rachel_Wadsworth,false,0.0723787322640419,1.3620729446411133,True
dev_train_1442,dev_train,,Cindy_Moll_0001,Gregorio_Rosal_0001,Cindy_Moll,Gregorio_Rosal,false,0.01032551471143961,1.4068933725357056,True
dev_train_1443,dev_train,,Cindy_Moll_0001,Randy_Jackson_0001,Cindy_Moll,Randy_Jackson,false,0.05690788850188255,1.3733842372894287,True
dev_train_1444,dev_train,,Cindy_Zagorski_0001,Farouk_al-Sharaa_0002,Cindy_Zagorski,Farouk_al-Sharaa,false,-0.028187301009893417,1.4340064525604248,True
dev_train_1445,dev_train,,Ciro_Gomes_0004,Edgar_Savisaar_0001,Ciro_Gomes,Edgar_Savisaar,false,-0.0410216823220253,1.4429287910461426,True
dev_train_1446,dev_train,,Ciro_Gomes_0004,JT_Snow_0001,Ciro_Gomes,JT_Snow,false,-0.03693613409996033,1.4400945901870728,True
dev_train_1447,dev_train,,Clara_Harris_0001,Ekke_Hard_Forberg_0001,Clara_Harris,Ekke_Hard_Forberg,false,0.014190982095897198,1.404143214225769,True
dev_train_1448,dev_train,,Claude_Jorda_0001,Darko_Milicic_0001,Claude_Jorda,Darko_Milicic,false,-0.014563802629709244,1.4244744777679443,True
dev_train_1449,dev_train,,Claudia_Schiffer_0003,Marco_Antonio_Barrera_0002,Claudia_Schiffer,Marco_Antonio_Barrera,false,0.10983312129974365,1.3342915773391724,True
dev_train_1450,dev_train,,Claudine_Farrell_0001,Dave_McNally_0001,Claudine_Farrell,Dave_McNally,false,0.015245781280100346,1.4033918380737305,True
dev_train_1451,dev_train,,Clemente_de_la_Vega_0001,Keith_Brown_0001,Clemente_de_la_Vega,Keith_Brown,false,0.05909768491983414,1.3717888593673706,True
dev_train_1452,dev_train,,Cliff_Ellis_0001,Paul_Luvera_0001,Cliff_Ellis,Paul_Luvera,false,0.13944506645202637,1.3119107484817505,True
dev_train_1453,dev_train,,Clifford_Robinson_0001,Tom_Schnackenberg_0001,Clifford_Robinson,Tom_Schnackenberg,false,0.04435392841696739,1.3824949264526367,True
dev_train_1454,dev_train,,Clive_Lloyd_0001,Fujio_Cho_0005,Clive_Lloyd,Fujio_Cho,false,-0.010767127387225628,1.4218066930770874,True
dev_train_1455,dev_train,,Clive_Woodward_0001,Yasar_Yakis_0003,Clive_Woodward,Yasar_Yakis,false,-0.027047380805015564,1.433211326599121,True
dev_train_1456,dev_train,,Cole_Chapman_0001,Randy_Jackson_0001,Cole_Chapman,Randy_Jackson,false,0.0031993428710848093,1.4119495153427124,True
dev_train_1457,dev_train,,Colin_Cowie_0001,Francisco_Urenda_0001,Colin_Cowie,Francisco_Urenda,false,0.03729719668626785,1.3875898122787476,True
dev_train_1458,dev_train,,Colin_Farrell_0007,Rudolph_Holton_0001,Colin_Farrell,Rudolph_Holton,false,0.061471566557884216,1.3700573444366455,True
dev_train_1459,dev_train,,Colin_Jackson_0002,Keiko_Sofia_Fujimori_0001,Colin_Jackson,Keiko_Sofia_Fujimori,false,0.12453261762857437,1.3232289552688599,True
dev_train_1460,dev_train,,Colin_Phillips_0001,Lenny_Kravitz_0001,Colin_Phillips,Lenny_Kravitz,false,0.07226603478193283,1.3621556758880615,True
dev_train_1461,dev_train,,Colleen_Atwood_0001,Luis_Fonsi_0001,Colleen_Atwood,Luis_Fonsi,false,0.04415441304445267,1.3826391696929932,True
dev_train_1462,dev_train,,Colleen_Donovan_0001,Wen_Jiabao_0009,Colleen_Donovan,Wen_Jiabao,false,0.08446691930294037,1.3531689643859863,True
dev_train_1463,dev_train,,Columba_Bush_0001,Paul_Walker_0001,Columba_Bush,Paul_Walker,false,-0.02215736359357834,1.429795265197754,True
dev_train_1464,dev_train,,Conan_OBrien_0002,Crispin_Glover_0001,Conan_OBrien,Crispin_Glover,false,0.03824715316295624,1.3869050741195679,True
dev_train_1465,dev_train,,Coretta_Scott_King_0001,Tom_Welch_0001,Coretta_Scott_King,Tom_Welch,false,-0.07463570684194565,1.4660394191741943,True
dev_train_1466,dev_train,,Costas_Simitis_0001,Richard_Perle_0001,Costas_Simitis,Richard_Perle,false,0.03212093189358711,1.391315221786499,True
dev_train_1467,dev_train,,Courtney_Cox_0001,Kathryn_Grayson_0001,Courtney_Cox,Kathryn_Grayson,false,-0.04877476021647453,1.4482918977737427,True
dev_train_1468,dev_train,,Courtney_Cox_0001,Taha_Yassin_Ramadan_0009,Courtney_Cox,Taha_Yassin_Ramadan,false,-0.006814197171479464,1.4190237522125244,True
dev_train_1469,dev_train,,Craig_Doblin_0001,Monte_Kiffin_0001,Craig_Doblin,Monte_Kiffin,false,-0.015259907580912113,1.424963116645813,True
dev_train_1470,dev_train,,Craig_OClair_0001,Eddie_Jordan_0001,Craig_OClair,Eddie_Jordan,false,0.09648135304450989,1.3442609310150146,True
dev_train_1471,dev_train,,Craig_Wilson_0001,Warren_Granados_0001,Craig_Wilson,Warren_Granados,false,0.00922472309321165,1.4076755046844482,True
dev_train_1472,dev_train,,Cristian_Barros_0001,John_Lisowski_0001,Cristian_Barros,John_Lisowski,false,-0.05308126285672188,1.451262354850769,True
dev_train_1473,dev_train,,Cristian_Barros_0001,Miranda_Otto_0001,Cristian_Barros,Miranda_Otto,false,-0.019466398283839226,1.4279119968414307,True
dev_train_1474,dev_train,,Cristian_Barros_0001,Paul_William_Hurley_0001,Cristian_Barros,Paul_William_Hurley,false,0.02332824096083641,1.3976205587387085,True
dev_train_1475,dev_train,,Cristian_Barros_0001,Saied_Hadi_al_Mudarissi_0001,Cristian_Barros,Saied_Hadi_al_Mudarissi,false,0.1403125375509262,1.3112494945526123,True
dev_train_1476,dev_train,,Cristiano_da_Matta_0001,Jason_Priestley_0001,Cristiano_da_Matta,Jason_Priestley,false,-0.024503622204065323,1.431435465812683,True
dev_train_1477,dev_train,,Cuba_Gooding_Jr_0001,Lee_Byung-woong_0001,Cuba_Gooding_Jr,Lee_Byung-woong,false,-0.029567953199148178,1.4349689483642578,True
dev_train_1478,dev_train,,Curtis_Rodriguez_0001,Gary_Sinise_0001,Curtis_Rodriguez,Gary_Sinise,false,0.041356757283210754,1.384661078453064,True
dev_train_1479,dev_train,,Curtis_Rodriguez_0001,Phil_Cline_0001,Curtis_Rodriguez,Phil_Cline,false,-0.004406310617923737,1.4173258543014526,True
dev_train_1480,dev_train,,DAngelo_Jimenez_0001,Wendy_Kennedy_0001,DAngelo_Jimenez,Wendy_Kennedy,false,0.015522383153438568,1.4031946659088135,True
dev_train_1481,dev_train,,Daja_Bedanova_0001,Dean_Barker_0001,Daja_Bedanova,Dean_Barker,false,0.042631201446056366,1.3837404251098633,True
dev_train_1482,dev_train,,Dale_Bosworth_0001,Tyrone_Medley_0001,Dale_Bosworth,Tyrone_Medley,false,-0.01259745191782713,1.423093557357788,True
dev_train_1483,dev_train,,Dale_Earnhardt_0001,Demi_Moore_0001,Dale_Earnhardt,Demi_Moore,false,0.007799149490892887,1.408687949180603,True
dev_train_1484,dev_train,,Dale_Earnhardt_0001,Roy_Halladay_0001,Dale_Earnhardt,Roy_Halladay,false,-0.049183595925569534,1.4485740661621094,True
dev_train_1485,dev_train,,Damon_van_Dam_0001,Maria_Shkolnikova_0001,Damon_van_Dam,Maria_Shkolnikova,false,-0.019731411710381508,1.4280977249145508,True
dev_train_1486,dev_train,,Dan_Bartlett_0001,Tim_Robbins_0002,Dan_Bartlett,Tim_Robbins,false,0.07511185854673386,1.3600647449493408,True
dev_train_1487,dev_train,,Dan_Boyle_0001,Pete_Gillen_0001,Dan_Boyle,Pete_Gillen,false,-0.1334613561630249,1.505630373954773,True
dev_train_1488,dev_train,,Dan_Boyle_0001,Zarai_Toledo_0002,Dan_Boyle,Zarai_Toledo,false,0.04440515488386154,1.3824578523635864,True
dev_train_1489,dev_train,,Dan_Duquette_0001,Juliette_Binoche_0001,Dan_Duquette,Juliette_Binoche,false,-0.021622877568006516,1.4294215440750122,True
dev_train_1490,dev_train,,Dan_Guerrero_0001,Walter_Mondale_0005,Dan_Guerrero,Walter_Mondale,false,0.0011468558805063367,1.4134023189544678,True
dev_train_1491,dev_train,,Dan_LaCoutre_0001,Hernan_Diaz_0001,Dan_LaCoutre,Hernan_Diaz,false,-0.026014309376478195,1.432490348815918,True
dev_train_1492,dev_train,,Dan_LaCoutre_0001,Michael_Jasny_0001,Dan_LaCoutre,Michael_Jasny,false,0.07641666382551193,1.3591049909591675,True
dev_train_1493,dev_train,,Dan_Quayle_0001,David_McKiernan_0001,Dan_Quayle,David_McKiernan,false,0.11614763736724854,1.3295506238937378,True
dev_train_1494,dev_train,,Dan_Quayle_0001,Edina_Batar_0001,Dan_Quayle,Edina_Batar,false,-0.03964927792549133,1.4419772624969482,True
dev_train_1495,dev_train,,Dana_Vollmer_0001,Frank_Griswold_0002,Dana_Vollmer,Frank_Griswold,false,-0.039914850145578384,1.4421614408493042,True
dev_train_1496,dev_train,,Daniel_Bruehl_0001,Geovani_Lapentti_0001,Daniel_Bruehl,Geovani_Lapentti,false,0.0021448854822665453,1.4126960039138794,True
dev_train_1497,dev_train,,Daniel_Day-Lewis_0003,Jaromir_Jagr_0001,Daniel_Day-Lewis,Jaromir_Jagr,false,-0.11054901778697968,1.4903348684310913,True
dev_train_1498,dev_train,,Daniel_Rouse_0001,Talisa_Bratt_0001,Daniel_Rouse,Talisa_Bratt,false,0.009573389776051044,1.4074279069900513,True
dev_train_1499,dev_train,,Daniel_Rouse_0001,Tono_Suratman_0001,Daniel_Rouse,Tono_Suratman,false,0.0472138337790966,1.3804247379302979,True
dev_train_1500,dev_train,,Danny_Ainge_0001,Sanjay_Gupta_0001,Danny_Ainge,Sanjay_Gupta,false,-0.008462898433208466,1.4201850891113281,True
dev_train_1501,dev_train,,Darla_Moore_0001,Hugh_Carey_0001,Darla_Moore,Hugh_Carey,false,-0.0821390450000763,1.4711484909057617,True
dev_train_1502,dev_train,,Darrell_Issa_0001,Martin_Torrijos_0001,Darrell_Issa,Martin_Torrijos,false,-0.0005209167138673365,1.4145817756652832,True
dev_train_1503,dev_train,,Darren_Clarke_0001,William_Swor_0001,Darren_Clarke,William_Swor,false,0.03956979885697365,1.385951042175293,True
dev_train_1504,dev_train,,Dave_Matthews_0001,Derek_Lowe_0001,Dave_Matthews,Derek_Lowe,false,0.03023744374513626,1.39266836643219,True
dev_train_1505,dev_train,,Dave_Matthews_0001,Ruben_Studdard_0001,Dave_Matthews,Ruben_Studdard,false,-0.014194468036293983,1.4242151975631714,True
dev_train_1506,dev_train,,Dave_Matthews_0001,Suzanne_Torrance_0001,Dave_Matthews,Suzanne_Torrance,false,0.0001886226236820221,1.414080262184143,True
dev_train_1507,dev_train,,Dave_McNally_0001,John_Daly_Jr_0001,Dave_McNally,John_Daly_Jr,false,-0.03886569291353226,1.4414339065551758,True
dev_train_1508,dev_train,,Dave_Tucker_0001,Scott_Peterson_0002,Dave_Tucker,Scott_Peterson,false,0.13315579295158386,1.316696047782898,True
dev_train_1509,dev_train,,Dave_Williams_0001,Dick_Posthumus_0001,Dave_Williams,Dick_Posthumus,false,0.18170350790023804,1.2792940139770508,True
dev_train_1510,dev_train,,Dave_Williams_0001,Lin_Yung_Hsi_0001,Dave_Williams,Lin_Yung_Hsi,false,0.07183586061000824,1.362471342086792,True
dev_train_1511,dev_train,,Dave_Williams_0001,Robin_McLaurin_Williams_0002,Dave_Williams,Robin_McLaurin_Williams,false,0.0319826565682888,1.3914146423339844,True
dev_train_1512,dev_train,,David_Anderson_0004,Stephanie_Moore_0001,David_Anderson,Stephanie_Moore,false,0.05440600961446762,1.3752046823501587,True
dev_train_1513,dev_train,,David_Anderson_0005,Sharess_Harrell_0001,David_Anderson,Sharess_Harrell,false,0.0327867828309536,1.3908365964889526,True
dev_train_1514,dev_train,,David_Ballantyne_0001,Job_Cohen_0001,David_Ballantyne,Job_Cohen,false,0.06432510912418365,1.3679728507995605,True
dev_train_1515,dev_train,,David_Bowie_0001,Gloria_Allred_0001,David_Bowie,Gloria_Allred,false,0.12893658876419067,1.3198965787887573,True
dev_train_1516,dev_train,,David_Dewhurst_0001,Leah_Remini_0001,David_Dewhurst,Leah_Remini,false,-0.001155549194663763,1.4150304794311523,True
dev_train_1517,dev_train,,David_Dodge_0002,Jerry_Tarkanian_0001,David_Dodge,Jerry_Tarkanian,false,0.050008196383714676,1.3783988952636719,True
dev_train_1518,dev_train,,David_Duke_0001,Micky_Arison_0001,David_Duke,Micky_Arison,false,-0.012200797908008099,1.4228147268295288,True
dev_train_1519,dev_train,,David_Duke_0001,Yoon_Won-Sik_0001,David_Duke,Yoon_Won-Sik,false,0.09183916449546814,1.3477097749710083,True
dev_train_1520,dev_train,,David_Gest_0001,Hikmat_al-Azzawi_0001,David_Gest,Hikmat_al-Azzawi,false,-0.06741301715373993,1.461104393005371,True
dev_train_1521,dev_train,,David_Heymann_0003,Richard_Sterner_0001,David_Heymann,Richard_Sterner,false,-0.01160308439284563,1.4223945140838623,True
dev_train_1522,dev_train,,David_Hilt_0001,Emma_Thompson_0002,David_Hilt,Emma_Thompson,false,0.0020533513743430376,1.412760853767395,True
dev_train_1523,dev_train,,David_Hilt_0001,Shawn_Bradley_0001,David_Hilt,Shawn_Bradley,false,-0.01582222990691662,1.425357699394226,True
dev_train_1524,dev_train,,David_Myers_0002,Kenny_Brack_0001,David_Myers,Kenny_Brack,false,0.06971047073602676,1.3640304803848267,True
dev_train_1525,dev_train,,David_Przybyszewski_0001,John_McCain_0006,David_Przybyszewski,John_McCain,false,-0.05668749660253525,1.4537451267242432,True
dev_train_1526,dev_train,,David_Sibleyk_0001,Mikhail_Khodorkovsky_0001,David_Sibleyk,Mikhail_Khodorkovsky,false,0.0046631102450191975,1.410912275314331,True
dev_train_1527,dev_train,,David_Siegel_0001,Timothy_Rigas_0001,David_Siegel,Timothy_Rigas,false,0.03989512100815773,1.3857163190841675,True
dev_train_1528,dev_train,,David_Spade_0001,Evander_Holyfield_0001,David_Spade,Evander_Holyfield,false,0.021076107397675514,1.3992310762405396,True
dev_train_1529,dev_train,,David_Suazo_0001,Liliana_Cavani_0001,David_Suazo,Liliana_Cavani,false,0.006532709114253521,1.4095866680145264,True
dev_train_1530,dev_train,,David_Suazo_0001,Mesut_Yilmaz_0001,David_Suazo,Mesut_Yilmaz,false,0.030504344031214714,1.3924766778945923,True
dev_train_1531,dev_train,,David_Wells_0007,Stefaan_Declerk_0001,David_Wells,Stefaan_Declerk,false,,,False
dev_train_1532,dev_train,,Dean_Barkley_0004,Mohamed_Benaissa_0002,Dean_Barkley,Mohamed_Benaissa,false,-0.08774369210004807,1.474953293800354,True
dev_train_1533,dev_train,,Deb_Santos_0001,Rodney_Rempt_0001,Deb_Santos,Rodney_Rempt,false,0.018878743052482605,1.4008005857467651,True
dev_train_1534,dev_train,,Debbie_Reynolds_0003,Kristin_Scott_Thomas_0001,Debbie_Reynolds,Kristin_Scott_Thomas,false,-0.005160680506378412,1.4178580045700073,True
dev_train_1535,dev_train,,Debra_Yang_0001,Morgan_Fairchild_0001,Debra_Yang,Morgan_Fairchild,false,0.03592995926737785,1.3885748386383057,True
dev_train_1536,dev_train,,Demetrius_Ferraciu_0002,Mario_Austin_0001,Demetrius_Ferraciu,Mario_Austin,false,0.1381712108850479,1.3128814697265625,True
dev_train_1537,dev_train,,Denis_Fassou-Nguesso_0001,Luiz_Felipe_Scolari_0002,Denis_Fassou-Nguesso,Luiz_Felipe_Scolari,false,0.0486716665327549,1.3793681859970093,True
dev_train_1538,dev_train,,Denis_Fassou-Nguesso_0001,Tim_Floyd_0002,Denis_Fassou-Nguesso,Tim_Floyd,false,0.08724729716777802,1.3511126041412354,True
dev_train_1539,dev_train,,Deniz_Baykal_0001,Martin_Hoellwarth_0001,Deniz_Baykal,Martin_Hoellwarth,false,0.04131950065493584,1.3846880197525024,True
dev_train_1540,dev_train,,Dennis_Erickson_0002,Tom_Craddick_0001,Dennis_Erickson,Tom_Craddick,false,-0.01113845780491829,1.4220677614212036,True
dev_train_1541,dev_train,,Dennis_Kucinich_0006,Terry_Hoeppner_0001,Dennis_Kucinich,Terry_Hoeppner,false,0.011813642457127571,1.4058351516723633,True
dev_train_1542,dev_train,,Dennis_Oswald_0001,Shamai_Leibowitz_0001,Dennis_Oswald,Shamai_Leibowitz,false,-0.01972728595137596,1.428094744682312,True
dev_train_1543,dev_train,,Dereck_Whittenburg_0001,Miranda_Otto_0001,Dereck_Whittenburg,Miranda_Otto,false,-0.0020489005837589502,1.4156615734100342,True
dev_train_1544,dev_train,,Derek_Bond_0001,Stacy_Dragila_0002,Derek_Bond,Stacy_Dragila,false,0.09298493713140488,1.346859335899353,True
dev_train_1545,dev_train,,Derrick_Rodgers_0001,Evo_Morales_0001,Derrick_Rodgers,Evo_Morales,false,0.008018160238862038,1.4085325002670288,True
dev_train_1546,dev_train,,Derrick_Rodgers_0001,Young_Kim_0001,Derrick_Rodgers,Young_Kim,false,0.04032367467880249,1.3854070901870728,True
dev_train_1547,dev_train,,Diana_Krall_0001,Mark_Salter_0001,Diana_Krall,Mark_Salter,false,-0.019736727699637413,1.4281014204025269,True
dev_train_1548,dev_train,,Diana_Krall_0003,Thomas_Wyman_0002,Diana_Krall,Thomas_Wyman,false,0.05841628834605217,1.3722856044769287,True
dev_train_1549,dev_train,,Diana_Munz_0003,Geno_Auriemma_0001,Diana_Munz,Geno_Auriemma,false,,,False
dev_train_1550,dev_train,,Diana_Silvius_0001,Robert_Pollack_0001,Diana_Silvius,Robert_Pollack,false,-0.08592861145734787,1.4737223386764526,True
dev_train_1551,dev_train,,Diana_Taurasi_0002,Steven_Seagal_0002,Diana_Taurasi,Steven_Seagal,false,-0.0016747169429436326,1.4153974056243896,True
dev_train_1552,dev_train,,Dianne_Feinstein_0001,Dolly_Parton_0001,Dianne_Feinstein,Dolly_Parton,false,-0.05993117019534111,1.4559746980667114,True
dev_train_1553,dev_train,,Dick_Bennett_0001,Mary-Kate_Olsen_0003,Dick_Bennett,Mary-Kate_Olsen,false,0.02385649085044861,1.3972426652908325,True
dev_train_1554,dev_train,,Dick_Bennett_0001,Mike_Farrar_0001,Dick_Bennett,Mike_Farrar,false,-0.03063199669122696,1.4357103109359741,True
dev_train_1555,dev_train,,Dick_Smothers_0001,John_Cornyn_0001,Dick_Smothers,John_Cornyn,false,0.03673546388745308,1.387994647026062,True
dev_train_1556,dev_train,,Dick_Smothers_0001,Lesley_Flood_0001,Dick_Smothers,Lesley_Flood,false,0.05117028206586838,1.3775556087493896,True
dev_train_1557,dev_train,,Didier_Defago_0001,Rani_Mukherjee_0001,Didier_Defago,Rani_Mukherjee,false,-0.018460309132933617,1.427207350730896,True
dev_train_1558,dev_train,,Diego_Armando_Maradona_0001,Lee_Chang-dong_0001,Diego_Armando_Maradona,Lee_Chang-dong,false,0.010191868990659714,1.4069883823394775,True
dev_train_1559,dev_train,,Dimitar_Berbatov_0001,Naomi_Bronstein_0001,Dimitar_Berbatov,Naomi_Bronstein,false,0.029076797887682915,1.3935015201568604,True
dev_train_1560,dev_train,,Dinah_Turner_0001,Gerald_Ford_0001,Dinah_Turner,Gerald_Ford,false,-0.019490821287035942,1.4279292821884155,True
dev_train_1561,dev_train,,Dinah_Turner_0001,Mary_Catherine_Correll_0001,Dinah_Turner,Mary_Catherine_Correll,false,-0.027008485049009323,1.4331841468811035,True
dev_train_1562,dev_train,,Dita_Von_Tesse_0001,Olesya_Bonabarenko_0002,Dita_Von_Tesse,Olesya_Bonabarenko,false,0.0867183655500412,1.3515040874481201,True
dev_train_1563,dev_train,,Djabir_Said-Guerni_0001,Marty_Mornhinweg_0003,Djabir_Said-Guerni,Marty_Mornhinweg,false,-0.004362804815173149,1.417295217514038,True
dev_train_1564,dev_train,,Doc_Rivers_0001,Malcolm_Glazer_0001,Doc_Rivers,Malcolm_Glazer,false,0.004114782437682152,1.4113010168075562,True
dev_train_1565,dev_train,,Dolly_Parton_0001,Miguel_Juarez_Perez_0001,Dolly_Parton,Miguel_Juarez_Perez,false,0.039963435381650925,1.3856669664382935,True
dev_train_1566,dev_train,,Don_Hewitt_0001,Mike_Webster_0001,Don_Hewitt,Mike_Webster,false,0.0010419581085443497,1.413476586341858,True
dev_train_1567,dev_train,,Donald_Hays_0001,Jennifer_Gratz_0001,Donald_Hays,Jennifer_Gratz,false,-0.0021298269275575876,1.4157187938690186,True
dev_train_1568,dev_train,,Donald_Hays_0001,Marcio_de_Souza_0001,Donald_Hays,Marcio_de_Souza,false,0.06469358503818512,1.3677035570144653,True
dev_train_1569,dev_train,,Donald_Hays_0001,Roger_Moore_0003,Donald_Hays,Roger_Moore,false,0.13137634098529816,1.3180468082427979,True
dev_train_1570,dev_train,,Donna_Ralston_0001,Lee_Nam-shin_0001,Donna_Ralston,Lee_Nam-shin,false,0.007263096980750561,1.4090684652328491,True
dev_train_1571,dev_train,,Donnie_Brennan_0001,Javier_Solana_0009,Donnie_Brennan,Javier_Solana,false,-0.03763310983777046,1.4405783414840698,True
dev_train_1572,dev_train,,Donnie_Brennan_0001,Lesley_McCulloch_0003,Donnie_Brennan,Lesley_McCulloch,false,-0.005377859342843294,1.4180110692977905,True
dev_train_1573,dev_train,,Donny_Osmond_0001,Emilio_Azcarraga_Jean_0001,Donny_Osmond,Emilio_Azcarraga_Jean,false,-0.0941692441701889,1.4793033599853516,True
dev_train_1574,dev_train,,Donny_Osmond_0001,Heather_Locklear_0001,Donny_Osmond,Heather_Locklear,false,0.04017117992043495,1.3855171203613281,True
dev_train_1575,dev_train,,Doris_Roberts_0002,Tommy_Lewis_0001,Doris_Roberts,Tommy_Lewis,false,-0.04867083206772804,1.448220133781433,True
dev_train_1576,dev_train,,Dorothy_Lamour_0001,Omar_Sharif_0004,Dorothy_Lamour,Omar_Sharif,false,-0.029497651383280754,1.4349199533462524,True
dev_train_1577,dev_train,,Doug_Christie_0001,Richard_Jefferson_0001,Doug_Christie,Richard_Jefferson,false,0.1365094929933548,1.3141465187072754,True
dev_train_1578,dev_train,,Doug_Wilson_0001,Lee_Chang-dong_0001,Doug_Wilson,Lee_Chang-dong,false,0.038015708327293396,1.387071967124939,True
dev_train_1579,dev_train,,Drew_Bledsoe_0001,Jackie_Sherrill_0001,Drew_Bledsoe,Jackie_Sherrill,false,0.08614310622215271,1.3519295454025269,True
dev_train_1580,dev_train,,Duncan_Fletcher_0001,Nikki_McKibbin_0001,Duncan_Fletcher,Nikki_McKibbin,false,0.06528088450431824,1.3672740459442139,True
dev_train_1581,dev_train,,Dustin_Brown_0001,Wu_Yi_0002,Dustin_Brown,Wu_Yi,false,-0.019802452996373177,1.4281474351882935,True
dev_train_1582,dev_train,,Dyab_Abou_Jahjah_0001,Tim_Curley_0001,Dyab_Abou_Jahjah,Tim_Curley,false,0.12506835162639618,1.3228240013122559,True
dev_train_1583,dev_train,,Earl_Campbell_0001,Marco_Antonio_Barrera_0003,Earl_Campbell,Marco_Antonio_Barrera,false,0.013462808914482594,1.4046616554260254,True
dev_train_1584,dev_train,,Ed_Book_0001,Mike_Alden_0001,Ed_Book,Mike_Alden,false,-0.04029809683561325,1.442427158355713,True
dev_train_1585,dev_train,,Ed_Rendell_0001,Larenz_Tate_0001,Ed_Rendell,Larenz_Tate,false,0.06483855843544006,1.3675974607467651,True
dev_train_1586,dev_train,,Ed_Smart_0003,William_Shatner_0001,Ed_Smart,William_Shatner,false,-0.0675436407327652,1.4611937999725342,True
dev_train_1587,dev_train,,Ed_Smart_0003,Zaini_Abdullah_0001,Ed_Smart,Zaini_Abdullah,false,0.04090949147939682,1.3849841356277466,True
dev_train_1588,dev_train,,Eddie_Compass_0001,Jean_Brumley_0001,Eddie_Compass,Jean_Brumley,false,-0.03343695029616356,1.4376627206802368,True
dev_train_1589,dev_train,,Eddie_Fenech_Adami_0001,Elodie_Bouchez_0001,Eddie_Fenech_Adami,Elodie_Bouchez,false,-0.05971034988760948,1.4558229446411133,True
dev_train_1590,dev_train,,Eddie_Lewis_0001,Richard_Fine_0001,Eddie_Lewis,Richard_Fine,false,0.01524412352591753,1.403393030166626,True
dev_train_1591,dev_train,,Eddie_Murray_0001,Elva_Hsiao_0001,Eddie_Murray,Elva_Hsiao,false,-0.02107956074178219,1.4290413856506348,True
dev_train_1592,dev_train,,Edmund_Stoiber_0005,Kenneth_Carlsen_0001,Edmund_Stoiber,Kenneth_Carlsen,false,0.04158240184187889,1.384498119354248,True
dev_train_1593,dev_train,,Eduard_Shevardnadze_0004,Taoufik_Mathlouthi_0001,Eduard_Shevardnadze,Taoufik_Mathlouthi,false,-0.0810600072145462,1.4704148769378662,True
dev_train_1594,dev_train,,Eduardo_Chillida_0001,Luther_Htu_0001,Eduardo_Chillida,Luther_Htu,false,-0.0016287975013256073,1.4153648614883423,True
dev_train_1595,dev_train,,Eduardo_Romero_0001,Jerry_Colangelo_0001,Eduardo_Romero,Jerry_Colangelo,false,0.0657934918999672,1.366899013519287,True
dev_train_1596,dev_train,,Edward_Burns_0001,Lee_Ann_Womack_0001,Edward_Burns,Lee_Ann_Womack,false,0.06709560751914978,1.3659461736679077,True
dev_train_1597,dev_train,,Edward_Lohn_0001,Shingo_Suetsugu_0001,Edward_Lohn,Shingo_Suetsugu,false,0.05415314435958862,1.3753886222839355,True
dev_train_1598,dev_train,,Edward_Said_0002,Gillian_Anderson_0001,Edward_Said,Gillian_Anderson,false,0.11355844140052795,1.3314964771270752,True
dev_train_1599,dev_train,,Eglis_Yaima_Cruz_0001,Namuddu_Florence_0001,Eglis_Yaima_Cruz,Namuddu_Florence,false,0.03785829618573189,1.3871853351593018,True
dev_train_1600,dev_train,,Eglis_Yaima_Cruz_0001,Steve_Spurrier_0002,Eglis_Yaima_Cruz,Steve_Spurrier,false,-0.0734151229262352,1.465206503868103,True
dev_train_1601,dev_train,,Eileen_Coparropa_0001,John_Warner_0004,Eileen_Coparropa,John_Warner,false,-0.004380643367767334,1.4173078536987305,True
dev_train_1602,dev_train,,Eileen_Coparropa_0001,Sadie_Frost_0003,Eileen_Coparropa,Sadie_Frost,false,0.09337189793586731,1.3465720415115356,True
dev_train_1603,dev_train,,Eileen_Spina_0001,Jason_Statham_0001,Eileen_Spina,Jason_Statham,false,0.047454655170440674,1.380250334739685,True
dev_train_1604,dev_train,,Ekke_Hard_Forberg_0001,Kevin_Sorbo_0001,Ekke_Hard_Forberg,Kevin_Sorbo,false,-0.022198490798473358,1.4298241138458252,True
dev_train_1605,dev_train,,Elena_Bereznaya_0001,Queen_Beatrix_0003,Elena_Bereznaya,Queen_Beatrix,false,-0.010647855699062347,1.4217227697372437,True
dev_train_1606,dev_train,,Eli_Stutsman_0001,Gerald_Fitch_0001,Eli_Stutsman,Gerald_Fitch,false,-0.008409782312810421,1.4201476573944092,True
dev_train_1607,dev_train,,Elijan_Ingram_0001,Thomas_Wilkens_0001,Elijan_Ingram,Thomas_Wilkens,false,0.0634077787399292,1.3686434030532837,True
dev_train_1608,dev_train,,Elijan_Ingram_0001,Yang_Hee_Kim_0001,Elijan_Ingram,Yang_Hee_Kim,false,0.0019636116921901703,1.4128245115280151,True
dev_train_1609,dev_train,,Elizabeth_Taylor_0001,Nancy_Kerrigan_0001,Elizabeth_Taylor,Nancy_Kerrigan,false,0.043086227029561996,1.3834115266799927,True
dev_train_1610,dev_train,,Elizabeth_Taylor_0001,Shimon_Peres_0003,Elizabeth_Taylor,Shimon_Peres,false,0.06850162893533707,1.364916443824768,True
dev_train_1611,dev_train,,Ellen_DeGeneres_0001,Fernando_Sanz_0001,Ellen_DeGeneres,Fernando_Sanz,false,0.0019167251884937286,1.4128576517105103,True
dev_train_1612,dev_train,,Ellen_DeGeneres_0002,Kevin_Keegan_0001,Ellen_DeGeneres,Kevin_Keegan,false,0.01350642740726471,1.4046305418014526,True
dev_train_1613,dev_train,,Ellen_DeGeneres_0002,Richard_Sambrook_0002,Ellen_DeGeneres,Richard_Sambrook,false,0.06622205674648285,1.3665854930877686,True
dev_train_1614,dev_train,,Ellen_Engleman_0001,Hassanal_Bolkiah_0001,Ellen_Engleman,Hassanal_Bolkiah,false,0.011232431046664715,1.406248688697815,True
dev_train_1615,dev_train,,Elodie_Bouchez_0001,Enrique_Oliu_0001,Elodie_Bouchez,Enrique_Oliu,false,0.008824678137898445,1.4079596996307373,True
dev_train_1616,dev_train,,Elodie_Bouchez_0001,Robert_Mugabe_0002,Elodie_Bouchez,Robert_Mugabe,false,0.02188817970454693,1.3986506462097168,True
dev_train_1617,dev_train,,Elton_John_0003,Jason_Jennings_0002,Elton_John,Jason_Jennings,false,-0.023571711033582687,1.4307842254638672,True
dev_train_1618,dev_train,,Elva_Hsiao_0001,Michael_Deutsch_0001,Elva_Hsiao,Michael_Deutsch,false,-0.12629668414592743,1.5008642673492432,True
dev_train_1619,dev_train,,Emanuel_Ginobili_0001,Norm_Macdonald_0001,Emanuel_Ginobili,Norm_Macdonald,false,0.016318928450345993,1.402626872062683,True
dev_train_1620,dev_train,,Emanuel_Ginobili_0005,Ray_Halbritter_0001,Emanuel_Ginobili,Ray_Halbritter,false,0.03185519948601723,1.3915061950683594,True
dev_train_1621,dev_train,,Emile_Lahoud_0002,Ricky_Martin_0001,Emile_Lahoud,Ricky_Martin,false,0.058862365782260895,1.3719604015350342,True
dev_train_1622,dev_train,,Emily_Mortimer_0001,Imelda_Marcos_0001,Emily_Mortimer,Imelda_Marcos,false,-0.015491210855543613,1.4251253604888916,True
dev_train_1623,dev_train,,Emily_Robison_0002,Penelope_Taylor_0001,Emily_Robison,Penelope_Taylor,false,-0.06058984249830246,1.456426978111267,True
dev_train_1624,dev_train,,Emmanuel_Milingo_0001,Shane_Loux_0001,Emmanuel_Milingo,Shane_Loux,false,-0.06266995519399643,1.4578545093536377,True
dev_train_1625,dev_train,,Emmanuelle_Jagodsinski_0001,Zara_Akhmadova_0001,Emmanuelle_Jagodsinski,Zara_Akhmadova,false,0.07032620906829834,1.3635789155960083,True
dev_train_1626,dev_train,,Emmit_Smith_0001,Francisco_Santos_0001,Emmit_Smith,Francisco_Santos,false,0.019185109063982964,1.400581955909729,True
dev_train_1627,dev_train,,Emmit_Smith_0002,Namuddu_Florence_0001,Emmit_Smith,Namuddu_Florence,false,-0.03480800986289978,1.4386159181594849,True
dev_train_1628,dev_train,,Emmy_Rossum_0001,Samantha_Ledster_0001,Emmy_Rossum,Samantha_Ledster,false,-0.030971486121416092,1.4359467029571533,True
dev_train_1629,dev_train,,Enola_Rice_0001,Jose_Theodore_0001,Enola_Rice,Jose_Theodore,false,-0.10989847034215927,1.4898983240127563,True
dev_train_1630,dev_train,,Enrique_Iglesias_0001,Marion_Fahnestock_0001,Enrique_Iglesias,Marion_Fahnestock,false,-0.09616407752037048,1.4806512594223022,True
dev_train_1631,dev_train,,Enrique_Medina_Gomez_0001,William_Cocksedge_0001,Enrique_Medina_Gomez,William_Cocksedge,false,-0.011027918197214603,1.421990156173706,True
dev_train_1632,dev_train,,Eric_Christian_Olsen_0001,Lisa_Gottsegen_0002,Eric_Christian_Olsen,Lisa_Gottsegen,false,-0.023630905896425247,1.4308255910873413,True
dev_train_1633,dev_train,,Eric_Lloyd_0001,Mark_Gottfried_0003,Eric_Lloyd,Mark_Gottfried,false,0.05866379663348198,1.3721051216125488,True
dev_train_1634,dev_train,,Eric_Robert_Rudolph_0001,Gregg_Berhalter_0001,Eric_Robert_Rudolph,Gregg_Berhalter,false,0.03926565498113632,1.386170506477356,True
dev_train_1635,dev_train,,Eric_Robert_Rudolph_0001,Philippe_Gagnon_0001,Eric_Robert_Rudolph,Philippe_Gagnon,false,0.04932910576462746,1.3788914680480957,True
dev_train_1636,dev_train,,Eric_Taino_0001,Igor_Ivanov_0009,Eric_Taino,Igor_Ivanov,false,-0.0359484888613224,1.439408540725708,True
dev_train_1637,dev_train,,Erika_Harold_0004,Sepp_Blatter_0001,Erika_Harold,Sepp_Blatter,false,-0.054762840270996094,1.4524205923080444,True
dev_train_1638,dev_train,,Erin_Brockovich_0001,Takahiro_Mori_0001,Erin_Brockovich,Takahiro_Mori,false,0.03856291249394417,1.3866772651672363,True
dev_train_1639,dev_train,,Ernest_Hollings_0001,Steve_Backley_0001,Ernest_Hollings,Steve_Backley,false,0.012939664535224438,1.405034065246582,True
dev_train_1640,dev_train,,Ernie_Els_0001,Octavio_Lara_0001,Ernie_Els,Octavio_Lara,false,0.01990629732608795,1.4000669717788696,True
dev_train_1641,dev_train,,Ernie_Grunfeld_0001,Steven_Kinlock_0001,Ernie_Grunfeld,Steven_Kinlock,false,-0.06052839010953903,1.4563847780227661,True
dev_train_1642,dev_train,,Ernie_Harwell_0001,Nora_Ephron_0001,Ernie_Harwell,Nora_Ephron,false,-0.017105333507061005,1.426257610321045,True
dev_train_1643,dev_train,,Ernie_Preate_0001,Farouk_al-Sharaa_0001,Ernie_Preate,Farouk_al-Sharaa,false,0.11756626516580582,1.3284832239151,True
dev_train_1644,dev_train,,Ernie_Stewart_0001,Mohammed_Mehdi_Saleh_0001,Ernie_Stewart,Mohammed_Mehdi_Saleh,false,0.04395190626382828,1.382785677909851,True
dev_train_1645,dev_train,,Erskine_Bowles_0001,Joe_Lieberman_0011,Erskine_Bowles,Joe_Lieberman,false,-0.035860516130924225,1.439347505569458,True
dev_train_1646,dev_train,,Estella_Warren_0001,Peter_Mugyeni_0001,Estella_Warren,Peter_Mugyeni,false,-0.032282985746860504,1.4368598461151123,True
dev_train_1647,dev_train,,Fabrice_Santoro_0003,Jennifer_Lopez_0009,Fabrice_Santoro,Jennifer_Lopez,false,0.060089562088251114,1.371065616607666,True
dev_train_1648,dev_train,,Faisal_Iqbal_0001,Manfred_Stolpe_0001,Faisal_Iqbal,Manfred_Stolpe,false,0.05171425640583038,1.377160668373108,True
dev_train_1649,dev_train,,Faisal_Saleh_Hayat_0001,Keira_Knightley_0002,Faisal_Saleh_Hayat,Keira_Knightley,false,0.018190033733844757,1.401292324066162,True
dev_train_1650,dev_train,,Farida_Ragoonanan_0001,Lionel_Richie_0002,Farida_Ragoonanan,Lionel_Richie,false,0.045869357883930206,1.381398320198059,True
dev_train_1651,dev_train,,Federico_Castelan_Sayre_0001,Roger_Federer_0003,Federico_Castelan_Sayre,Roger_Federer,false,0.019901691004633904,1.400070309638977,True
dev_train_1652,dev_train,,Feliciano_Lopez_0001,Lynne_Cheney_0001,Feliciano_Lopez,Lynne_Cheney,false,0.034557852894067764,1.3895626068115234,True
dev_train_1653,dev_train,,Felix_Mantilla_0001,Lord_Hutton_0001,Felix_Mantilla,Lord_Hutton,false,0.03292110562324524,1.3907400369644165,True
dev_train_1654,dev_train,,Fernando_Alonso_0001,Mahendra_Chaudhry_0001,Fernando_Alonso,Mahendra_Chaudhry,false,0.022383807227015495,1.3982962369918823,True
dev_train_1655,dev_train,,Fernando_Hierro_0001,Julio_Rossi_0001,Fernando_Hierro,Julio_Rossi,false,0.12757976353168488,1.3209240436553955,True
dev_train_1656,dev_train,,Fernando_Hierro_0001,Richard_Naughton_0001,Fernando_Hierro,Richard_Naughton,false,0.1021241545677185,1.3400565385818481,True
dev_train_1657,dev_train,,Fernando_Sanz_0001,Sonia_Gandhi_0002,Fernando_Sanz,Sonia_Gandhi,false,0.014328330755233765,1.4040454626083374,True
dev_train_1658,dev_train,,Fernando_Sanz_0001,Ted_Turner_0001,Fernando_Sanz,Ted_Turner,false,-0.004228397738188505,1.4172003269195557,True
dev_train_1659,dev_train,,Fernando_Valenzuela_0001,Mitt_Romney_0001,Fernando_Valenzuela,Mitt_Romney,false,-0.07979293167591095,1.469552993774414,True
dev_train_1660,dev_train,,Fernando_Velardez_0001,Nicolas_Cage_0002,Fernando_Velardez,Nicolas_Cage,false,0.015585081651806831,1.403149962425232,True
dev_train_1661,dev_train,,Florencia_Kirchner_0001,Marat_Safin_0002,Florencia_Kirchner,Marat_Safin,false,0.013104608282446861,1.4049166440963745,True
dev_train_1662,dev_train,,Francis_George_0001,Massoud_Barzani_0001,Francis_George,Massoud_Barzani,false,-0.03512420132756233,1.4388357400894165,True
dev_train_1663,dev_train,,Francis_Mer_0001,Perri_Shaw_0001,Francis_Mer,Perri_Shaw,false,-0.10238834470510483,1.4848490953445435,True
dev_train_1664,dev_train,,Francisco_Santos_0001,Jan_Bjoerklund_0001,Francisco_Santos,Jan_Bjoerklund,false,-0.04997168481349945,1.4491181373596191,True
dev_train_1665,dev_train,,Franck_Cerutti_0001,Katrin_Cartlidge_0001,Franck_Cerutti,Katrin_Cartlidge,false,-0.07561936974525452,1.4667102098464966,True
dev_train_1666,dev_train,,Franck_Cerutti_0001,Sheldon_Silver_0001,Franck_Cerutti,Sheldon_Silver,false,-0.07794699817895889,1.4682962894439697,True
dev_train_1667,dev_train,,Frank_Coraci_0001,Julius_Barnes_0001,Frank_Coraci,Julius_Barnes,false,-0.016194434836506844,1.4256188869476318,True
dev_train_1668,dev_train,,Frank_Griswold_0001,Martina_McBride_0002,Frank_Griswold,Martina_McBride,false,-0.015071735717356205,1.4248309135437012,True
dev_train_1669,dev_train,,Frank_Hilldrup_0001,Nathalie_Baye_0002,Frank_Hilldrup,Nathalie_Baye,false,0.0037820208817720413,1.4115368127822876,True
dev_train_1670,dev_train,,Frank_Shea_0001,Mercedes_Amor_0001,Frank_Shea,Mercedes_Amor,false,0.045798949897289276,1.3814493417739868,True
dev_train_1671,dev_train,,Franko_Simatovic_0001,Jonathan_Karsh_0001,Franko_Simatovic,Jonathan_Karsh,false,-0.07507376372814178,1.4663381576538086,True
dev_train_1672,dev_train,,Fred_Eckhard_0002,Tab_Turner_0001,Fred_Eckhard,Tab_Turner,false,0.06901165097951889,1.3645426034927368,True
dev_train_1673,dev_train,,Fred_Thompson_0002,Zeng_Qinghong_0001,Fred_Thompson,Zeng_Qinghong,false,0.032300036400556564,1.3911865949630737,True
dev_train_1674,dev_train,,Freda_Black_0001,Patricia_Clarkson_0003,Freda_Black,Patricia_Clarkson,false,-0.010765235871076584,1.4218053817749023,True
dev_train_1675,dev_train,,Frederique_van_der_Wal_0001,Scott_Wallach_0001,Frederique_van_der_Wal,Scott_Wallach,false,-0.14827780425548553,1.5154390335083008,True
dev_train_1676,dev_train,,Fujio_Cho_0001,Meles_Zenawi_0001,Fujio_Cho,Meles_Zenawi,false,-0.09599348157644272,1.4805359840393066,True
dev_train_1677,dev_train,,Fujio_Cho_0004,Shaun_Pollock_0001,Fujio_Cho,Shaun_Pollock,false,0.0908103957772255,1.3484729528427124,True
dev_train_1678,dev_train,,Gabi_Zimmer_0001,John_Lisowski_0001,Gabi_Zimmer,John_Lisowski,false,0.017650188878178596,1.4016773700714111,True
dev_train_1679,dev_train,,Gabriel_Hughes_0001,Rod_Bryden_0001,Gabriel_Hughes,Rod_Bryden,false,0.030536875128746033,1.3924533128738403,True
dev_train_1680,dev_train,,Gael_Garcia_Bermal_0001,Tyrone_Medley_0001,Gael_Garcia_Bermal,Tyrone_Medley,false,0.0023870933800935745,1.4125245809555054,True
dev_train_1681,dev_train,,Garry_Alejano_0001,Yasser_Arafat_0008,Garry_Alejano,Yasser_Arafat,false,-0.04015655070543289,1.4423290491104126,True
dev_train_1682,dev_train,,Gary_Bald_0001,Jason_Sorens_0001,Gary_Bald,Jason_Sorens,false,-0.006007462739944458,1.4184551239013672,True
dev_train_1683,dev_train,,Gary_Barnett_0001,Sophie_0001,Gary_Barnett,Sophie,false,-0.018727673217654228,1.4273946285247803,True
dev_train_1684,dev_train,,Gary_Coleman_0001,Michael_Powell_0005,Gary_Coleman,Michael_Powell,false,-0.031859274953603745,1.4365648031234741,True
dev_train_1685,dev_train,,Gary_Condit_0001,Peter_Medgyessy_0001,Gary_Condit,Peter_Medgyessy,false,0.06830941140651703,1.3650572299957275,True
dev_train_1686,dev_train,,Gary_Gitnick_0001,Kong_Quan_0001,Gary_Gitnick,Kong_Quan,false,-0.034794364124536514,1.4386065006256104,True
dev_train_1687,dev_train,,Gene_Hackman_0001,Willis_Roberts_0001,Gene_Hackman,Willis_Roberts,false,0.07914817333221436,1.3570939302444458,True
dev_train_1688,dev_train,,Gennifer_Flowers_0001,George_Bovell_0001,Gennifer_Flowers,George_Bovell,false,0.009068028070032597,1.4077869653701782,True
dev_train_1689,dev_train,,Gennifer_Flowers_0001,Ralph_Lauren_0002,Gennifer_Flowers,Ralph_Lauren,false,-0.1144205778837204,1.4929304122924805,True
dev_train_1690,dev_train,,Geoffrey_Rush_0001,Li_Changchun_0001,Geoffrey_Rush,Li_Changchun,false,0.041206978261470795,1.384769320487976,True
dev_train_1691,dev_train,,George_Allen_0001,Pedro_Duque_0001,George_Allen,Pedro_Duque,false,-0.00421401672065258,1.4171901941299438,True
dev_train_1692,dev_train,,George_Gregan_0001,James_Gandolfini_0003,George_Gregan,James_Gandolfini,false,0.06607159972190857,1.366695523262024,True
dev_train_1693,dev_train,,George_HW_Bush_0003,Kelly_Osbourne_0001,George_HW_Bush,Kelly_Osbourne,false,0.011032037436962128,1.4063911437988281,True
dev_train_1694,dev_train,,George_HW_Bush_0009,John_Lisowski_0001,George_HW_Bush,John_Lisowski,false,-0.07220674306154251,1.4643815755844116,True
dev_train_1695,dev_train,,George_Pataki_0002,Hideki_Matsui_0002,George_Pataki,Hideki_Matsui,false,0.0023413505405187607,1.4125570058822632,True
dev_train_1696,dev_train,,George_Ryan_0004,Mitzi_Gaynor_0001,George_Ryan,Mitzi_Gaynor,false,0.060126397758722305,1.371038794517517,True
dev_train_1697,dev_train,,George_W_Bush_0353,Pupi_Avati_0001,George_W_Bush,Pupi_Avati,false,0.08171974867582321,1.355197548866272,True
dev_train_1698,dev_train,,George_W_Bush_0407,Rachel_Kempson_0001,George_W_Bush,Rachel_Kempson,false,-0.08471496403217316,1.4728984832763672,True
dev_train_1699,dev_train,,Georgina_Bardach_0001,Phil_Vassar_0002,Georgina_Bardach,Phil_Vassar,false,-0.00785557646304369,1.4197574853897095,True
dev_train_1700,dev_train,,Geraldo_Rivera_0001,Jennifer_Aniston_0013,Geraldo_Rivera,Jennifer_Aniston,false,-0.009807946160435677,1.42113196849823,True
dev_train_1701,dev_train,,Gerard_Butler_0001,Pascal_Rheaume_0001,Gerard_Butler,Pascal_Rheaume,false,0.007271624635905027,1.409062385559082,True
dev_train_1702,dev_train,,Gerard_Depardieu_0001,Harrison_Ford_0007,Gerard_Depardieu,Harrison_Ford,false,0.04155590757727623,1.3845173120498657,True
dev_train_1703,dev_train,,Gerardo_Gambala_0002,Joey_Mantia_0001,Gerardo_Gambala,Joey_Mantia,false,-0.09065358340740204,1.4769247770309448,True
dev_train_1704,dev_train,,Gerhard_Schmid_0001,Noel_Niell_0001,Gerhard_Schmid,Noel_Niell,false,0.06114378571510315,1.3702963590621948,True
dev_train_1705,dev_train,,Gerry_Parsky_0002,Teresa_Heinz_Kerry_0001,Gerry_Parsky,Teresa_Heinz_Kerry,false,-0.0609268881380558,1.4566584825515747,True
dev_train_1706,dev_train,,Gian_Marco_0002,Michael_Munoz_0001,Gian_Marco,Michael_Munoz,false,0.11830037087202072,1.3279304504394531,True
dev_train_1707,dev_train,,Gianna_Angelopoulos-Daskalaki_0001,Rita_Wilson_0003,Gianna_Angelopoulos-Daskalaki,Rita_Wilson,false,0.09158054739236832,1.347901701927185,True
dev_train_1708,dev_train,,Gilberto_Simoni_0001,Raquel_Welch_0002,Gilberto_Simoni,Raquel_Welch,false,-0.12030483037233353,1.4968665838241577,True
dev_train_1709,dev_train,,Gilberto_Simoni_0001,Razali_Ismail_0001,Gilberto_Simoni,Razali_Ismail,false,0.03360398858785629,1.3902488946914673,True
dev_train_1710,dev_train,,Gilles_Panizzi_0001,Martha_Lucia_Ramirez_0004,Gilles_Panizzi,Martha_Lucia_Ramirez,false,-0.03903292864561081,1.4415497779846191,True
dev_train_1711,dev_train,,Gilles_Panizzi_0001,Shafal_Mosed_0001,Gilles_Panizzi,Shafal_Mosed,false,0.012241361662745476,1.4055309295654297,True
dev_train_1712,dev_train,,Gina_Torres_0001,Qazi_Afzal_0001,Gina_Torres,Qazi_Afzal,false,-0.01010502316057682,1.4213409423828125,True
dev_train_1713,dev_train,,Gisele_Bundchen_0001,Suzanne_Gaudet_0001,Gisele_Bundchen,Suzanne_Gaudet,false,0.10599786043167114,1.3371628522872925,True
dev_train_1714,dev_train,,Giulietta_Masina_0001,Hunter_Kemper_0001,Giulietta_Masina,Hunter_Kemper,false,-0.036960016936063766,1.4401111602783203,True
dev_train_1715,dev_train,,Giulietta_Masina_0001,Saied_Hadi_al_Mudarissi_0001,Giulietta_Masina,Saied_Hadi_al_Mudarissi,false,0.004429347813129425,1.4110780954360962,True
dev_train_1716,dev_train,,Glenn_Plummer_0001,Sandra_Banning_0001,Glenn_Plummer,Sandra_Banning,false,-0.03596549481153488,1.4394203424453735,True
dev_train_1717,dev_train,,Gloria_Macapagal_Arroyo_0034,Takaloo_0001,Gloria_Macapagal_Arroyo,Takaloo,false,0.1048976480960846,1.3379853963851929,True
dev_train_1718,dev_train,,Gloria_Trevi_0001,Mickey_Rooney_0001,Gloria_Trevi,Mickey_Rooney,false,0.08638116717338562,1.35175359249115,True
dev_train_1719,dev_train,,Gong_Ruina_0001,Prince_Charles_0005,Gong_Ruina,Prince_Charles,false,0.06831350177526474,1.3650541305541992,True
dev_train_1720,dev_train,,Gonzalo_Barrientos_0001,Lionel_Hampton_0001,Gonzalo_Barrientos,Lionel_Hampton,false,0.023349281400442123,1.3976056575775146,True
dev_train_1721,dev_train,,Goran_Persson_0001,Vernon_Forrest_0001,Goran_Persson,Vernon_Forrest,false,0.006491116713732481,1.409616231918335,True
dev_train_1722,dev_train,,Gordana_Grubin_0001,Scott_Verplank_0001,Gordana_Grubin,Scott_Verplank,false,,,False
dev_train_1723,dev_train,,Gordana_Grubin_0001,Sylvester_Stallone_0006,Gordana_Grubin,Sylvester_Stallone,false,-0.005020864307880402,1.4177594184875488,True
dev_train_1724,dev_train,,Gordon_Cooper_0001,Mark_Hamister_0001,Gordon_Cooper,Mark_Hamister,false,-0.05795398727059364,1.4546161890029907,True
dev_train_1725,dev_train,,Grady_Irvin_Jr_0001,Mitchell_Crooks_0001,Grady_Irvin_Jr,Mitchell_Crooks,false,-0.04420129954814911,1.445130705833435,True
dev_train_1726,dev_train,,Grady_Little_0001,Guido_Westerwelle_0001,Grady_Little,Guido_Westerwelle,false,,,False
dev_train_1727,dev_train,,Graeme_Smith_0001,Silvia_Farina_Elia_0002,Graeme_Smith,Silvia_Farina_Elia,false,0.09875054657459259,1.3425718545913696,True
dev_train_1728,dev_train,,Graham_Bentley_0001,Monica_Seles_0004,Graham_Bentley,Monica_Seles,false,0.06706976145505905,1.3659650087356567,True
dev_train_1729,dev_train,,Greg_Rusedski_0004,Yoko_Ono_0004,Greg_Rusedski,Yoko_Ono,false,0.05782197043299675,1.3727184534072876,True
dev_train_1730,dev_train,,Gregg_Berhalter_0001,Juan_Manuel_Marquez_0001,Gregg_Berhalter,Juan_Manuel_Marquez,false,-0.03878844901919365,1.441380262374878,True
dev_train_1731,dev_train,,Gregg_Popovich_0004,Mario_Lobo_Zagallo_0001,Gregg_Popovich,Mario_Lobo_Zagallo,false,0.009143578819930553,1.4077333211898804,True
dev_train_1732,dev_train,,Gro_Harlem_Brundtland_0002,Ted_Christopher_0001,Gro_Harlem_Brundtland,Ted_Christopher,false,-0.04103713482618332,1.4429395198822021,True
dev_train_1733,dev_train,,Guennadi_Chipouline_0001,Maurice_Strong_0001,Guennadi_Chipouline,Maurice_Strong,false,0.034578390419483185,1.3895478248596191,True
dev_train_1734,dev_train,,Guido_Westerwelle_0002,Tatiana_Paus_0001,Guido_Westerwelle,Tatiana_Paus,false,-0.02159646339714527,1.4294029474258423,True
dev_train_1735,dev_train,,Guillermo_Canas_0004,John_Paul_II_0010,Guillermo_Canas,John_Paul_II,false,0.017339885234832764,1.4018988609313965,True
dev_train_1736,dev_train,,Gustavo_Terrazas_0001,John_Starks_0001,Gustavo_Terrazas,John_Starks,false,-0.0928797721862793,1.4784314632415771,True
dev_train_1737,dev_train,,Guus_Hiddink_0001,Janet_Napolitano_0003,Guus_Hiddink,Janet_Napolitano,false,0.10211343318223953,1.340064525604248,True
dev_train_1738,dev_train,,Guy_Hemmings_0002,Ryan_Goodman_0001,Guy_Hemmings,Ryan_Goodman,false,0.10106603801250458,1.340846061706543,True
dev_train_1739,dev_train,,Gwen_Stefani_0001,Marcus_Garrettson_0001,Gwen_Stefani,Marcus_Garrettson,false,-0.09585323929786682,1.4804413318634033,True
dev_train_1740,dev_train,,Habib_Rizieq_0001,Silvie_Cabero_0001,Habib_Rizieq,Silvie_Cabero,false,-0.09314433485269547,1.4786103963851929,True
dev_train_1741,dev_train,,Habib_Rizieq_0004,Zhong_Nanshan_0001,Habib_Rizieq,Zhong_Nanshan,false,0.06829004734754562,1.3650712966918945,True
dev_train_1742,dev_train,,Hadley_Bilger_0001,Jaime_Orti_0001,Hadley_Bilger,Jaime_Orti,false,0.008030231110751629,1.4085237979888916,True
dev_train_1743,dev_train,,Hadley_Bilger_0001,Kathleen_Glynn_0001,Hadley_Bilger,Kathleen_Glynn,false,-0.050303880125284195,1.4493472576141357,True
dev_train_1744,dev_train,,Hal_Sellers_0001,Imad_Khadduri_0001,Hal_Sellers,Imad_Khadduri,false,-0.011484523303806782,1.4223111867904663,True
dev_train_1745,dev_train,,Hal_Sellers_0001,Leuris_Pupo_0001,Hal_Sellers,Leuris_Pupo,false,0.05888111889362335,1.3719466924667358,True
dev_train_1746,dev_train,,Halle_Berry_0014,Mike_Holmgren_0001,Halle_Berry,Mike_Holmgren,false,0.05009196326136589,1.378338098526001,True
dev_train_1747,dev_train,,Hamad_Bin_Jassim_0001,Yukio_Hatoyama_0001,Hamad_Bin_Jassim,Yukio_Hatoyama,false,-0.006717117968946695,1.4189553260803223,True
dev_train_1748,dev_train,,Hamid_Efendi_0001,Valentina_Tereshkova_0001,Hamid_Efendi,Valentina_Tereshkova,false,-0.027141859754920006,1.4332772493362427,True
dev_train_1749,dev_train,,Hamid_Efendi_0001,Wolfgang_Schuessel_0004,Hamid_Efendi,Wolfgang_Schuessel,false,-0.1185944527387619,1.4957234859466553,True
dev_train_1750,dev_train,,Han_Sung_Joo_0001,Hank_Azaria_0001,Han_Sung_Joo,Hank_Azaria,false,0.10545922815799713,1.337565541267395,True
dev_train_1751,dev_train,,Hank_Stram_0001,Quin_Snyder_0001,Hank_Stram,Quin_Snyder,false,-0.03559655696153641,1.4391640424728394,True
dev_train_1752,dev_train,,Hank_Stram_0001,Rudolph_Holton_0001,Hank_Stram,Rudolph_Holton,false,0.04599408060312271,1.3813080787658691,True
dev_train_1753,dev_train,,Hans-Christian_Schmid_0001,Zaini_Abdullah_0001,Hans-Christian_Schmid,Zaini_Abdullah,false,0.1123514249920845,1.3324028253555298,True
dev_train_1754,dev_train,,Hans_Blix_0022,Saeed_Mortazavi_0001,Hans_Blix,Saeed_Mortazavi,false,0.05132719874382019,1.3774417638778687,True
dev_train_1755,dev_train,,Harriet_Lessy_0001,Petria_Thomas_0003,Harriet_Lessy,Petria_Thomas,false,-0.08174039423465729,1.4708775281906128,True
dev_train_1756,dev_train,,Hasan_Wirayuda_0001,Monique_Gagnon-Tremblay_0001,Hasan_Wirayuda,Monique_Gagnon-Tremblay,false,-0.019689030945301056,1.4280680418014526,True
dev_train_1757,dev_train,,Hatsui_Hasuike_0001,Kim_Dae-jung_0004,Hatsui_Hasuike,Kim_Dae-jung,false,-0.017907604575157166,1.426819920539856,True
dev_train_1758,dev_train,,Heather_Locklear_0001,Landon_Donovan_0001,Heather_Locklear,Landon_Donovan,false,0.06285441666841507,1.3690475225448608,True
dev_train_1759,dev_train,,Heather_Locklear_0001,Michelle_Hofland_0001,Heather_Locklear,Michelle_Hofland,false,0.11062268912792206,1.3336995840072632,True
dev_train_1760,dev_train,,Heather_Willson_0001,Jeanette_Stauffer_0001,Heather_Willson,Jeanette_Stauffer,false,-0.007728549651801586,1.4196679592132568,True
dev_train_1761,dev_train,,Hector_Babenco_0002,Mark_Salter_0001,Hector_Babenco,Mark_Salter,false,0.02133573219180107,1.3990455865859985,True
dev_train_1762,dev_train,,Hector_Grullon_0001,Nicolas_Cage_0004,Hector_Grullon,Nicolas_Cage,false,-0.0276775099337101,1.4336509704589844,True
dev_train_1763,dev_train,,Hedayat_Amin_Arsala_0001,Ray_Lucas_0001,Hedayat_Amin_Arsala,Ray_Lucas,false,-0.027734875679016113,1.4336909055709839,True
dev_train_1764,dev_train,,Heinrich_Wolfgang_0001,Mike_Fisher_0001,Heinrich_Wolfgang,Mike_Fisher,false,-0.009816634468734264,1.421138048171997,True
dev_train_1765,dev_train,,Helen_Alvare_0001,Pablo_Khulental_0001,Helen_Alvare,Pablo_Khulental,false,-0.0018455982208251953,1.415518045425415,True
dev_train_1766,dev_train,,Helo_Pinheiro_0001,Rien_Long_0001,Helo_Pinheiro,Rien_Long,false,0.03001934476196766,1.3928250074386597,True
dev_train_1767,dev_train,,Henk_Bekedam_0001,Jorge_Alberto_Galindo_0001,Henk_Bekedam,Jorge_Alberto_Galindo,false,0.04127878323197365,1.3847174644470215,True
dev_train_1768,dev_train,,Henry_Hyde_0001,James_May_0001,Henry_Hyde,James_May,false,0.022220376878976822,1.398413062095642,True
dev_train_1769,dev_train,,Herb_Ritts_0001,Larry_Johnson_0001,Herb_Ritts,Larry_Johnson,false,-0.027537524700164795,1.4335533380508423,True
dev_train_1770,dev_train,,Herb_Sendek_0003,Hillary_Clinton_0003,Herb_Sendek,Hillary_Clinton,false,-0.03704456239938736,1.4401698112487793,True
dev_train_1771,dev_train,,Herman_Edwards_0001,Sean_Hayes_0002,Herman_Edwards,Sean_Hayes,false,-0.009397633373737335,1.420843243598938,True
dev_train_1772,dev_train,,Hermes_Gamonal_0001,Jason_Biggs_0001,Hermes_Gamonal,Jason_Biggs,false,-0.046613167971372604,1.4467986822128296,True
dev_train_1773,dev_train,,Hermes_Gamonal_0001,Sue_Wicks_0001,Hermes_Gamonal,Sue_Wicks,false,0.016812317073345184,1.4022749662399292,True
dev_train_1774,dev_train,,Hillary_Clinton_0002,Zydrunas_Ilgauskas_0001,Hillary_Clinton,Zydrunas_Ilgauskas,false,-0.025924071669578552,1.4324272871017456,True
dev_train_1775,dev_train,,Hilmi_Ozkok_0002,Johnny_Benson_0001,Hilmi_Ozkok,Johnny_Benson,false,0.018129568547010422,1.40133535861969,True
dev_train_1776,dev_train,,Hiroki_Gomi_0001,Steve_Karsay_0001,Hiroki_Gomi,Steve_Karsay,false,0.051694292575120926,1.3771750926971436,True
dev_train_1777,dev_train,,Hisham_Halawi_0001,Lonnie_Donegan_0001,Hisham_Halawi,Lonnie_Donegan,false,0.07348702102899551,1.3612589836120605,True
dev_train_1778,dev_train,,Hitoshi_Tanaka_0001,Leo_Mullin_0001,Hitoshi_Tanaka,Leo_Mullin,false,-0.021792301908135414,1.4295400381088257,True
dev_train_1779,dev_train,,Holly_Robinson_Peete_0001,Robert_Schuller_0001,Holly_Robinson_Peete,Robert_Schuller,false,-0.05245424807071686,1.4508302211761475,True
dev_train_1780,dev_train,,Hong_Myung_0001,Roy_Chaderton_0001,Hong_Myung,Roy_Chaderton,false,-0.0770084485411644,1.4676569700241089,True
dev_train_1781,dev_train,,Howard_Stringer_0001,Princess_Elisabeth_0002,Howard_Stringer,Princess_Elisabeth,false,0.04131947457790375,1.384688138961792,True
dev_train_1782,dev_train,,Hugh_Carey_0001,Oprah_Winfrey_0004,Hugh_Carey,Oprah_Winfrey,false,0.05225377529859543,1.3767688274383545,True
dev_train_1783,dev_train,,Hung_Wan-ting_0001,Intisar_Ajouri_0001,Hung_Wan-ting,Intisar_Ajouri,false,0.009982891380786896,1.4071369171142578,True
dev_train_1784,dev_train,,Hushiar_Zebari_0001,Morgan_Fairchild_0001,Hushiar_Zebari,Morgan_Fairchild,false,-0.0637347400188446,1.4585847854614258,True
dev_train_1785,dev_train,,Hushiar_Zebari_0001,Osrat_Iosef_0001,Hushiar_Zebari,Osrat_Iosef,false,0.15298444032669067,1.3015495538711548,True
dev_train_1786,dev_train,,Hussein_Malik_0001,Kurt_Russell_0001,Hussein_Malik,Kurt_Russell,false,-0.060994938015937805,1.4567052125930786,True
dev_train_1787,dev_train,,Iain_Anderson_0001,Troy_Garity_0001,Iain_Anderson,Troy_Garity,false,-0.06162815913558006,1.4571397304534912,True
dev_train_1788,dev_train,,Iain_Duncan_Smith_0002,Ted_Maher_0002,Iain_Duncan_Smith,Ted_Maher,false,0.041980303823947906,1.3842108249664307,True
dev_train_1789,dev_train,,Ian_Wilmut_0001,Randall_Tobias_0001,Ian_Wilmut,Randall_Tobias,false,0.016060009598731995,1.4028114080429077,True
dev_train_1790,dev_train,,Ibrahim_Hilal_0001,Kathy_Baker_0001,Ibrahim_Hilal,Kathy_Baker,false,-0.06741605699062347,1.461106538772583,True
dev_train_1791,dev_train,,Ibrahim_Jaafari_0001,Tom_Brennan_0001,Ibrahim_Jaafari,Tom_Brennan,false,-0.0393957756459713,1.4418015480041504,True
dev_train_1792,dev_train,,Ibrahim_Rugova_0001,Juan_Manuel_Marquez_0001,Ibrahim_Rugova,Juan_Manuel_Marquez,false,0.02551134303212166,1.3960577249526978,True
dev_train_1793,dev_train,,Ignacio_Antonio_Velasco_0001,Lionel_Richie_0002,Ignacio_Antonio_Velasco,Lionel_Richie,false,-0.03924758732318878,1.4416987895965576,True
dev_train_1794,dev_train,,Igor_Trunov_0001,Steve_Avery_0001,Igor_Trunov,Steve_Avery,false,-0.04136674478650093,1.443167805671692,True
dev_train_1795,dev_train,,Igor_Trunov_0001,Vladimir_Voltchkov_0002,Igor_Trunov,Vladimir_Voltchkov,false,0.05774271860718727,1.3727762699127197,True
dev_train_1796,dev_train,,Inga_Hall_0001,Jorge_Alberto_Galindo_0001,Inga_Hall,Jorge_Alberto_Galindo,false,0.04089491069316864,1.384994626045227,True
dev_train_1797,dev_train,,Inga_Hall_0001,Richard_Tubb_0001,Inga_Hall,Richard_Tubb,false,0.061219535768032074,1.3702411651611328,True
dev_train_1798,dev_train,,Ira_Einhorn_0001,William_Shatner_0001,Ira_Einhorn,William_Shatner,false,-0.0012979302555322647,1.4151310920715332,True
dev_train_1799,dev_train,,Irwan_Fadzi_Idris_0001,Kathy_Bates_0001,Irwan_Fadzi_Idris,Kathy_Bates,false,0.002954967552796006,1.4121224880218506,True
dev_train_1800,dev_train,,Irwan_Fadzi_Idris_0001,Ted_Maher_0002,Irwan_Fadzi_Idris,Ted_Maher,false,-0.032287389039993286,1.436862826347351,True
dev_train_1801,dev_train,,Ismael_Miranda_0001,John_Malkovich_0001,Ismael_Miranda,John_Malkovich,false,0.084304578602314,1.3532888889312744,True
dev_train_1802,dev_train,,Ismael_Miranda_0001,Mohamed_Hammam_0001,Ismael_Miranda,Mohamed_Hammam,false,0.026529958471655846,1.3953279256820679,True
dev_train_1803,dev_train,,Jack_LaLanne_0001,Zafarullah_Khan_Jamali_0002,Jack_LaLanne,Zafarullah_Khan_Jamali,false,0.01419655978679657,1.4041391611099243,True
dev_train_1804,dev_train,,Jack_Straw_0006,John_Rosa_0002,Jack_Straw,John_Rosa,false,0.0032256152480840683,1.4119309186935425,True
dev_train_1805,dev_train,,Jack_Valenti_0001,Jaouad_Gharib_0001,Jack_Valenti,Jaouad_Gharib,false,0.04178932309150696,1.384348750114441,True
dev_train_1806,dev_train,,Jackie_Sherrill_0001,John_Norquist_0001,Jackie_Sherrill,John_Norquist,false,0.140720933675766,1.3109378814697266,True
dev_train_1807,dev_train,,Jacob_Frenkel_0001,Joseph_Hoy_0001,Jacob_Frenkel,Joseph_Hoy,false,0.002751277992501855,1.4122668504714966,True
dev_train_1808,dev_train,,Jacob_Frenkel_0001,Matthew_Ouimet_0001,Jacob_Frenkel,Matthew_Ouimet,false,0.07045937329530716,1.3634812831878662,True
dev_train_1809,dev_train,,Jacques_Kallis_0001,Robert_Towne_0001,Jacques_Kallis,Robert_Towne,false,0.01802707277238369,1.4014085531234741,True
dev_train_1810,dev_train,,Jada_Pinkett_Smith_0001,Mercedes_Amor_0001,Jada_Pinkett_Smith,Mercedes_Amor,false,-0.0027585073839873075,1.4161628484725952,True
dev_train_1811,dev_train,,Jade_Jagger_0001,Marisol_Breton_0001,Jade_Jagger,Marisol_Breton,false,0.014422891661524773,1.4039779901504517,True
dev_train_1812,dev_train,,Jafar_Umar_Thalib_0001,John_Rigas_0001,Jafar_Umar_Thalib,John_Rigas,false,0.01566420868039131,1.4030935764312744,True
dev_train_1813,dev_train,,Jafar_Umar_Thalib_0001,Juan_Valencia_Osorio_0001,Jafar_Umar_Thalib,Juan_Valencia_Osorio,false,0.08682318776845932,1.3514264822006226,True
dev_train_1814,dev_train,,Jakob_Kellenberger_0001,Kiki_Vandeweghe_0001,Jakob_Kellenberger,Kiki_Vandeweghe,false,-0.11206278949975967,1.4913501739501953,True
dev_train_1815,dev_train,,Jakob_Kellenberger_0001,Riccardo_Muti_0001,Jakob_Kellenberger,Riccardo_Muti,false,0.11648596078157425,1.3292961120605469,True
dev_train_1816,dev_train,,James_Baker_0001,Piers_Sellers_0001,James_Baker,Piers_Sellers,false,0.004415738396346569,1.4110877513885498,True
dev_train_1817,dev_train,,James_Ballenger_0001,Norah_Jones_0005,James_Ballenger,Norah_Jones,false,0.012324272654950619,1.405471920967102,True
dev_train_1818,dev_train,,James_Barksdale_0001,Jose_Miguel_Aleman_0001,James_Barksdale,Jose_Miguel_Aleman,false,0.04430236294865608,1.3825322389602661,True
dev_train_1819,dev_train,,James_Barksdale_0001,Tom_DeLay_0001,James_Barksdale,Tom_DeLay,false,0.008871182799339294,1.4079267978668213,True
dev_train_1820,dev_train,,James_Collinson_0001,Jim_Nochols_0001,James_Collinson,Jim_Nochols,false,-0.05792052298784256,1.4545930624008179,True
dev_train_1821,dev_train,,James_Cunningham_0002,Martin_Kristof_0001,James_Cunningham,Martin_Kristof,false,-0.06442512571811676,1.4590579271316528,True
dev_train_1822,dev_train,,James_Hakett_0001,Leandro_Garcia_0001,James_Hakett,Leandro_Garcia,false,0.00490625761449337,1.4107400178909302,True
dev_train_1823,dev_train,,James_Hill_0001,Natasha_McElhone_0001,James_Hill,Natasha_McElhone,false,-0.09679292142391205,1.4810758829116821,True
dev_train_1824,dev_train,,James_Jones_0002,Patrick_Clawsen_0001,James_Jones,Patrick_Clawsen,false,0.12343766540288925,1.3240562677383423,True
dev_train_1825,dev_train,,James_May_0001,Toutai_Kefu_0001,James_May,Toutai_Kefu,false,-0.012781522236764431,1.4232226610183716,True
dev_train_1826,dev_train,,James_McPherson_0001,Ralph_Klein_0002,James_McPherson,Ralph_Klein,false,-0.12886542081832886,1.5025748014450073,True
dev_train_1827,dev_train,,James_Roberts_0001,Olesya_Bonabarenko_0002,James_Roberts,Olesya_Bonabarenko,false,-0.009829707443714142,1.4211472272872925,True
dev_train_1828,dev_train,,James_Robertson_Jr_0001,Justin_Wilson_0001,James_Robertson_Jr,Justin_Wilson,false,-0.061333607882261276,1.4569376707077026,True
dev_train_1829,dev_train,,James_Spalding_0001,Saeed_Mortazavi_0001,James_Spalding,Saeed_Mortazavi,false,0.028964897617697716,1.393581748008728,True
dev_train_1830,dev_train,,James_W_Kennedy_0001,Joan_Collins_0001,James_W_Kennedy,Joan_Collins,false,0.03734184801578522,1.3875577449798584,True
dev_train_1831,dev_train,,Jan_Petersen_0001,Tom_Miller_0001,Jan_Petersen,Tom_Miller,false,0.09866130352020264,1.3426382541656494,True
dev_train_1832,dev_train,,Jane_Fonda_0001,Marco_Antonio_Barrera_0006,Jane_Fonda,Marco_Antonio_Barrera,false,-0.04120026156306267,1.4430524110794067,True
dev_train_1833,dev_train,,Jane_Riley_0001,Paul_Walker_0001,Jane_Riley,Paul_Walker,false,-0.03388864919543266,1.4379767179489136,True
dev_train_1834,dev_train,,Jane_Russell_0001,Lara_Logan_0001,Jane_Russell,Lara_Logan,false,-0.08779410272836685,1.4749876260757446,True
dev_train_1835,dev_train,,Jane_Russell_0001,Svend_Robinson_0001,Jane_Russell,Svend_Robinson,false,0.03884527087211609,1.3864737749099731,True
dev_train_1836,dev_train,,Jane_Walker_Wood_0001,Oswaldo_Paya_0005,Jane_Walker_Wood,Oswaldo_Paya,false,0.0353134423494339,1.3890187740325928,True
dev_train_1837,dev_train,,Janette_Husarova_0001,Phil_Donahue_0001,Janette_Husarova,Phil_Donahue,false,0.05729357898235321,1.373103380203247,True
dev_train_1838,dev_train,,Jason_Bentley_0001,Mark_Swartz_0001,Jason_Bentley,Mark_Swartz,false,-0.04054536297917366,1.4425987005233765,True
dev_train_1839,dev_train,,Jason_Bentley_0001,Steven_Kinlock_0001,Jason_Bentley,Steven_Kinlock,false,-0.06070780009031296,1.4565081596374512,True
dev_train_1840,dev_train,,Jason_Biggs_0001,Rick_Barnes_0002,Jason_Biggs,Rick_Barnes,false,0.0659332200884819,1.366796851158142,True
dev_train_1841,dev_train,,Jason_Vale_0001,Richard_Cohen_0001,Jason_Vale,Richard_Cohen,false,0.09279180318117142,1.3470027446746826,True
dev_train_1842,dev_train,,Jay_Leno_0003,Pele_0001,Jay_Leno,Pele,false,0.048245400190353394,1.379677176475525,True
dev_train_1843,dev_train,,Jean-Francois_Pontal_0001,Stella_McCartney_0001,Jean-Francois_Pontal,Stella_McCartney,false,0.02001071348786354,1.3999923467636108,True
dev_train_1844,dev_train,,Jean-Rene_Fourtou_0001,Shingo_Katayama_0001,Jean-Rene_Fourtou,Shingo_Katayama,false,0.06352342665195465,1.3685587644577026,True
dev_train_1845,dev_train,,Jean-Sebastien_Giguere_0001,Joshua_Davey_0001,Jean-Sebastien_Giguere,Joshua_Davey,false,-0.07504639029502869,1.4663194417953491,True
dev_train_1846,dev_train,,Jean-Sebastien_Giguere_0002,Rhina_Villatoro_0001,Jean-Sebastien_Giguere,Rhina_Villatoro,false,-0.05875521898269653,1.4551668167114258,True
dev_train_1847,dev_train,,Jean_Brumley_0002,Pamela_Anderson_0005,Jean_Brumley,Pamela_Anderson,false,-0.03822072595357895,1.4409862756729126,True
dev_train_1848,dev_train,,Jeanette_Stauffer_0001,Wang_Nan_0001,Jeanette_Stauffer,Wang_Nan,false,0.023764312267303467,1.397308588027954,True
dev_train_1849,dev_train,,Jeff_Bzdelik_0001,Tonino_Guerra_0001,Jeff_Bzdelik,Tonino_Guerra,false,-0.09786217659711838,1.481797695159912,True
dev_train_1850,dev_train,,Jeff_Bzdelik_0001,Troy_Garity_0001,Jeff_Bzdelik,Troy_Garity,false,-0.15410862863063812,1.5192818641662598,True
dev_train_1851,dev_train,,Jeff_Schiffner_0001,Jim_Greenwood_0001,Jeff_Schiffner,Jim_Greenwood,false,0.028194749727845192,1.394134283065796,True
dev_train_1852,dev_train,,Jeff_Schiffner_0001,Sanjay_Chawla_0001,Jeff_Schiffner,Sanjay_Chawla,false,0.019052403047680855,1.4006767272949219,True
dev_train_1853,dev_train,,Jeff_Van_Gundy_0003,Kaspar_Villiger_0001,Jeff_Van_Gundy,Kaspar_Villiger,false,-0.013856450095772743,1.4239778518676758,True
dev_train_1854,dev_train,,Jeff_Weaver_0001,Luciano_Bovicelli_0001,Jeff_Weaver,Luciano_Bovicelli,false,0.0981965959072113,1.3429843187332153,True
dev_train_1855,dev_train,,Jeff_Weaver_0001,Natasha_Lyonne_0001,Jeff_Weaver,Natasha_Lyonne,false,-0.005431275814771652,1.4180488586425781,True
dev_train_1856,dev_train,,Jeffery_Strelzin_0001,Ratna_Sari_Dewi_Sukarno_0001,Jeffery_Strelzin,Ratna_Sari_Dewi_Sukarno,false,0.01678117737174034,1.4022972583770752,True
dev_train_1857,dev_train,,Jeffrey_Archer_0001,Kelly_Osbourne_0001,Jeffrey_Archer,Kelly_Osbourne,false,-0.020578965544700623,1.4286909103393555,True
dev_train_1858,dev_train,,Jeffrey_Archer_0002,Yusuf_Misbac_0001,Jeffrey_Archer,Yusuf_Misbac,false,0.10702136904001236,1.3363971710205078,True
dev_train_1859,dev_train,,Jeffrey_Donaldson_0001,Joe_Metz_0001,Jeffrey_Donaldson,Joe_Metz,false,-0.03570627421140671,1.4392402172088623,True
dev_train_1860,dev_train,,Jeffrey_Donaldson_0001,Nora_Ephron_0001,Jeffrey_Donaldson,Nora_Ephron,false,-0.01563769020140171,1.425228238105774,True
dev_train_1861,dev_train,,Jeffrey_Jones_0001,John_Bond_0001,Jeffrey_Jones,John_Bond,false,0.006182576064020395,1.4098351001739502,True
dev_train_1862,dev_train,,Jeffrey_Scott_Postell_0001,Linda_Baboolal_0001,Jeffrey_Scott_Postell,Linda_Baboolal,false,0.06775589287281036,1.3654626607894897,True
dev_train_1863,dev_train,,Jelena_Dokic_0002,Ralph_Fiennes_0001,Jelena_Dokic,Ralph_Fiennes,false,-0.04985056445002556,1.4490344524383545,True
dev_train_1864,dev_train,,Jennifer_Garner_0002,Thad_Matta_0001,Jennifer_Garner,Thad_Matta,false,0.12654972076416016,1.3217036724090576,True
dev_train_1865,dev_train,,Jennifer_Lopez_0003,Johnny_Benson_0001,Jennifer_Lopez,Johnny_Benson,false,-0.022476769983768463,1.4300187826156616,True
dev_train_1866,dev_train,,Jennifer_Reilly_0001,Ronald_Reagan_0002,Jennifer_Reilly,Ronald_Reagan,false,-0.021695425733923912,1.4294722080230713,True
dev_train_1867,dev_train,,Jeremy_Fogel_0001,Sharon_Frey_0001,Jeremy_Fogel,Sharon_Frey,false,-0.10573108494281769,1.4870985746383667,True
dev_train_1868,dev_train,,Jeremy_Gompertz_0001,Sharon_Frey_0002,Jeremy_Gompertz,Sharon_Frey,false,0.05353803187608719,1.375835657119751,True
dev_train_1869,dev_train,,Jerry_Lewis_0001,Takashi_Sorimachi_0001,Jerry_Lewis,Takashi_Sorimachi,false,-0.004953128285706043,1.417711615562439,True
dev_train_1870,dev_train,,Jerry_Sloan_0001,Kimberly_Stewart_0001,Jerry_Sloan,Kimberly_Stewart,false,-0.01811184361577034,1.4269630908966064,True
dev_train_1871,dev_train,,Jesse_Helms_0001,Steve_Largent_0001,Jesse_Helms,Steve_Largent,false,0.045193880796432495,1.3818873167037964,True
dev_train_1872,dev_train,,Jesse_James_Leija_0001,Melissa_Stark_0001,Jesse_James_Leija,Melissa_Stark,false,0.03203486651182175,1.3913770914077759,True
dev_train_1873,dev_train,,Jessica_Alba_0002,Zico_0002,Jessica_Alba,Zico,false,-0.04033495858311653,1.4424526691436768,True
dev_train_1874,dev_train,,Jessica_Brungo_0001,LeAnn_Rimes_0001,Jessica_Brungo,LeAnn_Rimes,false,0.0766412690281868,1.3589398860931396,True
dev_train_1875,dev_train,,Jesus_Cardenal_0001,Ruben_Studdard_0001,Jesus_Cardenal,Ruben_Studdard,false,0.03398548811674118,1.389974594116211,True
dev_train_1876,dev_train,,Jia_Qinglin_0001,Marcelo_Salas_0002,Jia_Qinglin,Marcelo_Salas,false,-0.011803224682807922,1.4225353002548218,True
dev_train_1877,dev_train,,Jim_Bollman_0001,Timothy_Coughlin_0001,Jim_Bollman,Timothy_Coughlin,false,0.0062554869800806046,1.4097833633422852,True
dev_train_1878,dev_train,,Jim_Fassel_0001,Mark_Hamister_0001,Jim_Fassel,Mark_Hamister,false,-0.029460392892360687,1.4348939657211304,True
dev_train_1879,dev_train,,Jim_Hardin_0001,Peter_Chan_0001,Jim_Hardin,Peter_Chan,false,0.05810348689556122,1.3725134134292603,True
dev_train_1880,dev_train,,Jim_Ryan_0001,Roger_Staubach_0001,Jim_Ryan,Roger_Staubach,false,0.04262503981590271,1.3837449550628662,True
dev_train_1881,dev_train,,Jim_Taylor_0001,Ralph_Nader_0001,Jim_Taylor,Ralph_Nader,false,-0.007829373702406883,1.419739007949829,True
dev_train_1882,dev_train,,Jim_Taylor_0001,Thanongsak_Tuvinan_0001,Jim_Taylor,Thanongsak_Tuvinan,false,0.033080391585826874,1.3906254768371582,True
dev_train_1883,dev_train,,Jim_Thome_0001,Kevin_Keegan_0001,Jim_Thome,Kevin_Keegan,false,-0.015701934695243835,1.4252732992172241,True
dev_train_1884,dev_train,,Jim_Thome_0001,Roger_King_0001,Jim_Thome,Roger_King,false,-0.08091174811124802,1.4703141450881958,True
dev_train_1885,dev_train,,Jim_Wall_0001,Mary_Blige_0001,Jim_Wall,Mary_Blige,false,0.05358835682272911,1.3757991790771484,True
dev_train_1886,dev_train,,Jimmy_Jimenez_0001,Juan_Francisco_Palencia_0001,Jimmy_Jimenez,Juan_Francisco_Palencia,false,0.006313431076705456,1.4097421169281006,True
dev_train_1887,dev_train,,Jimmy_Lee_0001,Steve_McManaman_0001,Jimmy_Lee,Steve_McManaman,false,-0.07335950434207916,1.4651685953140259,True
dev_train_1888,dev_train,,Jimmy_Smits_0001,Peter_Harvey_0001,Jimmy_Smits,Peter_Harvey,false,0.029587076976895332,1.3931351900100708,True
dev_train_1889,dev_train,,Jo_Dee_Messina_0001,Jon_Stewart_0001,Jo_Dee_Messina,Jon_Stewart,false,0.03267096355557442,1.390919804573059,True
dev_train_1890,dev_train,,Joan_Collins_0001,Joe_Calzaghe_0002,Joan_Collins,Joe_Calzaghe,false,-0.0817594975233078,1.4708906412124634,True
dev_train_1891,dev_train,,Joan_Dangerfield_0001,John_Richardson_0001,Joan_Dangerfield,John_Richardson,false,0.01892448216676712,1.4007680416107178,True
dev_train_1892,dev_train,,Joanne_Woodward_0001,Pedro_Duque_0001,Joanne_Woodward,Pedro_Duque,false,-0.0015717336209490895,1.4153245687484741,True
dev_train_1893,dev_train,,Joe_Calzaghe_0002,Joerg_Haider_0002,Joe_Calzaghe,Joerg_Haider,false,0.01838538609445095,1.4011528491973877,True
dev_train_1894,dev_train,,Joe_Carnahan_0001,Mary_Catherine_Correll_0001,Joe_Carnahan,Mary_Catherine_Correll,false,-0.005915634334087372,1.4183902740478516,True
dev_train_1895,dev_train,,Joe_Cravens_0001,Jose_Lopez_Beltran_0001,Joe_Cravens,Jose_Lopez_Beltran,false,0.07804267853498459,1.3579081296920776,True
dev_train_1896,dev_train,,Joe_Darrell_0001,Liu_Xiaoqing_0001,Joe_Darrell,Liu_Xiaoqing,false,-0.04572109505534172,1.4461818933486938,True
dev_train_1897,dev_train,,Joe_Mendes_0001,Joy_Bryant_0001,Joe_Mendes,Joy_Bryant,false,0.05508672073483467,1.3747097253799438,True
dev_train_1898,dev_train,,Joe_Mendes_0001,Micky_Ward_0001,Joe_Mendes,Micky_Ward,false,0.013985327444970608,1.4042896032333374,True
dev_train_1899,dev_train,,Joel_Gallen_0001,Martin_Scorsese_0001,Joel_Gallen,Martin_Scorsese,false,-0.0036541037261486053,1.416795015335083,True
dev_train_1900,dev_train,,Joel_Todd_0001,Pascal_Lamy_0001,Joel_Todd,Pascal_Lamy,false,0.18026430904865265,1.2804185152053833,True
dev_train_1901,dev_train,,Joey_Mantia_0001,Mitar_Rasevic_0001,Joey_Mantia,Mitar_Rasevic,false,0.009052744135260582,1.4077976942062378,True
dev_train_1902,dev_train,,John_Anderson_0001,Katerina_Smrzova_0001,John_Anderson,Katerina_Smrzova,false,-0.14923211932182312,1.516068696975708,True
dev_train_1903,dev_train,,John_Anderson_0001,Thomas_Weston_0001,John_Anderson,Thomas_Weston,false,0.014753345400094986,1.4037426710128784,True
dev_train_1904,dev_train,,John_Brady_0001,Tom_Brady_0001,John_Brady,Tom_Brady,false,-0.028655923902988434,1.4343332052230835,True
dev_train_1905,dev_train,,John_Leguizamo_0001,Katie_Harman_0001,John_Leguizamo,Katie_Harman,false,-0.011011977680027485,1.4219789505004883,True
dev_train_1906,dev_train,,John_Leguizamo_0001,Mel_Gibson_0001,John_Leguizamo,Mel_Gibson,false,-0.04866032302379608,1.44821298122406,True
dev_train_1907,dev_train,,John_Leguizamo_0001,Victoria_Clarke_0005,John_Leguizamo,Victoria_Clarke,false,0.024893764406442642,1.3965001106262207,True
dev_train_1908,dev_train,,John_Lithgow_0001,Manuel_Llorente_0001,John_Lithgow,Manuel_Llorente,false,-7.208064926089719e-05,1.414264440536499,True
dev_train_1909,dev_train,,John_McKay_0001,Kurt_Schottenheimer_0001,John_McKay,Kurt_Schottenheimer,false,-0.007142430171370506,1.419255018234253,True
dev_train_1910,dev_train,,John_Perrota_0001,Olene_Walker_0001,John_Perrota,Olene_Walker,false,-0.005099434871226549,1.41781485080719,True
dev_train_1911,dev_train,,John_Petty_0001,Stephen_Frears_0001,John_Petty,Stephen_Frears,false,-0.002382952719926834,1.4158976078033447,True
dev_train_1912,dev_train,,John_Philip_Elkann_0001,Ray_Morrough_0001,John_Philip_Elkann,Ray_Morrough,false,-0.02703958749771118,1.4332058429718018,True
dev_train_1913,dev_train,,John_Reilly_0001,Jose_Canseco_0002,John_Reilly,Jose_Canseco,false,-0.14999592304229736,1.5165724754333496,True
dev_train_1914,dev_train,,John_Reilly_0001,Ricky_Martin_0001,John_Reilly,Ricky_Martin,false,-0.06942574679851532,1.4624813795089722,True
dev_train_1915,dev_train,,John_Reilly_0001,Yossi_Beilin_0001,John_Reilly,Yossi_Beilin,false,-0.047991570085287094,1.4477510452270508,True
dev_train_1916,dev_train,,John_Starks_0001,Kenenisa_Bekele_0001,John_Starks,Kenenisa_Bekele,false,-0.01826353929936886,1.4270693063735962,True
dev_train_1917,dev_train,,John_Sweeney_0001,Lee_Tae-sik_0002,John_Sweeney,Lee_Tae-sik,false,0.05455217510461807,1.375098466873169,True
dev_train_1918,dev_train,,John_Sweeney_0001,Ronald_Ito_0001,John_Sweeney,Ronald_Ito,false,0.04001946374773979,1.3856265544891357,True
dev_train_1919,dev_train,,John_Swofford_0003,Lindsay_Benko_0002,John_Swofford,Lindsay_Benko,false,-0.041530802845954895,1.4432815313339233,True
dev_train_1920,dev_train,,John_Taylor_0002,Sepp_Blatter_0003,John_Taylor,Sepp_Blatter,false,0.13565556704998016,1.3147960901260376,True
dev_train_1921,dev_train,,John_Thune_0001,Mary-Kate_Olsen_0003,John_Thune,Mary-Kate_Olsen,false,0.007392880041152239,1.4089763164520264,True
dev_train_1922,dev_train,,John_White_0001,Mikhail_Shvydkoi_0001,John_White,Mikhail_Shvydkoi,false,-0.006872560828924179,1.419064998626709,True
dev_train_1923,dev_train,,John_Wright_0001,Rafeeuddin_Ahmed_0001,John_Wright,Rafeeuddin_Ahmed,false,0.014287606813013554,1.4040743112564087,True
dev_train_1924,dev_train,,Johnny_Htu_0001,Victor_Kraatz_0001,Johnny_Htu,Victor_Kraatz,false,0.002788480371236801,1.4122403860092163,True
dev_train_1925,dev_train,,Jonathan_Karsh_0001,Mahmoud_Diyab_al-Ahmed_0001,Jonathan_Karsh,Mahmoud_Diyab_al-Ahmed,false,-0.027429265901446342,1.433477759361267,True
dev_train_1926,dev_train,,Jorge_Alberto_Galindo_0001,Omar_Sharif_0002,Jorge_Alberto_Galindo,Omar_Sharif,false,-0.015032880939543247,1.4248037338256836,True
dev_train_1927,dev_train,,Jose_Acasuso_0001,Lin_Yung_Hsi_0001,Jose_Acasuso,Lin_Yung_Hsi,false,0.01391221396625042,1.404341697692871,True
dev_train_1928,dev_train,,Jose_Maria_Aznar_0018,Svend_Robinson_0001,Jose_Maria_Aznar,Svend_Robinson,false,0.018112892284989357,1.401347279548645,True
dev_train_1929,dev_train,,Jose_Rosado_0001,Ramon_Cardenas_0001,Jose_Rosado,Ramon_Cardenas,false,-0.07986555993556976,1.469602346420288,True
dev_train_1930,dev_train,,Jose_Rosado_0001,Tayshaun_Prince_0001,Jose_Rosado,Tayshaun_Prince,false,-0.05334490165114403,1.4514440298080444,True
dev_train_1931,dev_train,,Jose_Rosado_0001,Ted_Maher_0001,Jose_Rosado,Ted_Maher,false,-0.04811321571469307,1.447835087776184,True
dev_train_1932,dev_train,,Jose_Serra_0005,Wally_Szczerbiak_0001,Jose_Serra,Wally_Szczerbiak,false,-0.07314135134220123,1.4650198221206665,True
dev_train_1933,dev_train,,Jose_Woldenberg_0001,Yashwant_Sinha_0005,Jose_Woldenberg,Yashwant_Sinha,false,-0.0006511640385724604,1.414673924446106,True
dev_train_1934,dev_train,,Joseph_Biden_0005,Stephanie_Moore_0001,Joseph_Biden,Stephanie_Moore,false,0.06434599310159683,1.367957592010498,True
dev_train_1935,dev_train,,Joseph_Hoy_0001,Mark_Schweiker_0002,Joseph_Hoy,Mark_Schweiker,false,-0.0054576462134718895,1.4180675745010376,True
dev_train_1936,dev_train,,Joseph_Kabila_0001,Tabare_Vazquez_0001,Joseph_Kabila,Tabare_Vazquez,false,-0.03025749698281288,1.4354493618011475,True
dev_train_1937,dev_train,,Joseph_Nacchio_0001,Nikki_McKibbin_0001,Joseph_Nacchio,Nikki_McKibbin,false,-0.006903889589011669,1.4190869331359863,True
dev_train_1938,dev_train,,Joseph_Ralston_0001,Shia_LaBeouf_0002,Joseph_Ralston,Shia_LaBeouf,false,0.02249167114496231,1.398219108581543,True
dev_train_1939,dev_train,,Josh_Evans_0001,Sok_An_0001,Josh_Evans,Sok_An,false,-0.09376617521047592,1.479030966758728,True
dev_train_1940,dev_train,,Joy_Lee_Sadler_0001,Richard_Palmer_0001,Joy_Lee_Sadler,Richard_Palmer,false,-0.008617420680820942,1.420293927192688,True
dev_train_1941,dev_train,,Juan_Carlos_Ferrero_0023,Sean_Hayes_0002,Juan_Carlos_Ferrero,Sean_Hayes,false,-0.04273892194032669,1.4441183805465698,True
dev_train_1942,dev_train,,Juan_Fernandez_0001,Nancy_Humbert_0001,Juan_Fernandez,Nancy_Humbert,false,-0.02071908488869667,1.4287890195846558,True
dev_train_1943,dev_train,,Juan_Jose_Lucas_0001,Nathalia_Gillot_0001,Juan_Jose_Lucas,Nathalia_Gillot,false,0.04437018185853958,1.3824831247329712,True
dev_train_1944,dev_train,,Judy_Genshaft_0001,Randy_Ferbey_0001,Judy_Genshaft,Randy_Ferbey,false,0.0001333020773017779,1.4141193628311157,True
dev_train_1945,dev_train,,Julian_Fantino_0001,Paola_Espinoza_0001,Julian_Fantino,Paola_Espinoza,false,-0.01881462149322033,1.4274555444717407,True
dev_train_1946,dev_train,,Julie_Infante_0001,Mike_Easley_0001,Julie_Infante,Mike_Easley,false,-0.04424908757209778,1.4451637268066406,True
dev_train_1947,dev_train,,Juliette_Binoche_0001,Venus_Williams_0001,Juliette_Binoche,Venus_Williams,false,0.031982336193323135,1.3914148807525635,True
dev_train_1948,dev_train,,Julio_Cesar_Franco_0001,Michael_Bolton_0001,Julio_Cesar_Franco,Michael_Bolton,false,-0.008099150843918324,1.4199289083480835,True
dev_train_1949,dev_train,,Julio_Iglesias_Jr_0001,Justin_Marshall_0001,Julio_Iglesias_Jr,Justin_Marshall,false,-0.048428501933813095,1.4480528831481934,True
dev_train_1950,dev_train,,Julius_Erving_0001,Nanni_Moretti_0002,Julius_Erving,Nanni_Moretti,false,0.11701469123363495,1.328898310661316,True
dev_train_1951,dev_train,,Justin_Marshall_0001,Queen_Sofia_0001,Justin_Marshall,Queen_Sofia,false,0.033377163112163544,1.3904120922088623,True
dev_train_1952,dev_train,,Justin_Wilson_0001,Pamela_Melroy_0001,Justin_Wilson,Pamela_Melroy,false,0.04399966821074486,1.3827511072158813,True
dev_train_1953,dev_train,,Justine_Pasek_0005,Michael_Rolinee_0001,Justine_Pasek,Michael_Rolinee,false,-0.10452549904584885,1.4862875938415527,True
dev_train_1954,dev_train,,Kaio_Almeida_0001,Richard_Haass_0002,Kaio_Almeida,Richard_Haass,false,0.05887872725725174,1.371948480606079,True
dev_train_1955,dev_train,,Kaio_Almeida_0001,Sven_Ottke_0001,Kaio_Almeida,Sven_Ottke,false,0.055477894842624664,1.3744250535964966,True
dev_train_1956,dev_train,,Karen_Lynn_Gorney_0001,Soon_Yi_0001,Karen_Lynn_Gorney,Soon_Yi,false,-0.0547332800924778,1.4524003267288208,True
dev_train_1957,dev_train,,Karen_Pereiras_0001,Peter_Arnett_0002,Karen_Pereiras,Peter_Arnett,false,0.02254381775856018,1.3981817960739136,True
dev_train_1958,dev_train,,Kate_Burton_0001,Vin_Diesel_0002,Kate_Burton,Vin_Diesel,false,-0.011386178433895111,1.4222420454025269,True
dev_train_1959,dev_train,,Kate_Winslet_0001,Luis_Gonzalez_0001,Kate_Winslet,Luis_Gonzalez,false,-0.03670818358659744,1.4399361610412598,True
dev_train_1960,dev_train,,Kathryn_Tucker_0001,Mathilda_Karel_Spak_0001,Kathryn_Tucker,Mathilda_Karel_Spak,false,0.10282161831855774,1.3395359516143799,True
dev_train_1961,dev_train,,Kathryn_Tucker_0001,Tony_Fernandes_0001,Kathryn_Tucker,Tony_Fernandes,false,0.023464851081371307,1.3975229263305664,True
dev_train_1962,dev_train,,Katie_Couric_0001,Richard_Cohen_0001,Katie_Couric,Richard_Cohen,false,0.017237385734915733,1.4019719362258911,True
dev_train_1963,dev_train,,Katie_Harman_0003,Lin_Yung_Hsi_0001,Katie_Harman,Lin_Yung_Hsi,false,-0.0487770140171051,1.4482935667037964,True
dev_train_1964,dev_train,,Katrin_Susi_0001,Leonard_Hamilton_0001,Katrin_Susi,Leonard_Hamilton,false,-0.06610626727342606,1.460209846496582,True
dev_train_1965,dev_train,,Kaye_Young_0001,Ted_Williams_0001,Kaye_Young,Ted_Williams,false,-0.004960604477673769,1.4177168607711792,True
dev_train_1966,dev_train,,Keanu_Reeves_0002,Liu_Xiaoqing_0001,Keanu_Reeves,Liu_Xiaoqing,false,0.026006773114204407,1.395702838897705,True
dev_train_1967,dev_train,,Keith_Bishop_Jr_0001,Shaun_Pollock_0001,Keith_Bishop_Jr,Shaun_Pollock,false,0.07661143690347672,1.358961820602417,True
dev_train_1968,dev_train,,Keith_Bishop_Jr_0001,Wendy_Kennedy_0001,Keith_Bishop_Jr,Wendy_Kennedy,false,0.025174695998430252,1.396298885345459,True
dev_train_1969,dev_train,,Kellie_Coffey_0001,Mark_Gangloff_0001,Kellie_Coffey,Mark_Gangloff,false,0.14348793029785156,1.3088254928588867,True
dev_train_1970,dev_train,,Kelly_Osbourne_0001,Sim_Yong_0001,Kelly_Osbourne,Sim_Yong,false,-0.11257212609052658,1.4916918277740479,True
dev_train_1971,dev_train,,Ken_Dorsey_0001,Mira_Sorvino_0001,Ken_Dorsey,Mira_Sorvino,false,0.011444494128227234,1.4060977697372437,True
dev_train_1972,dev_train,,Kent_McCord_0001,Marion_Barry_0001,Kent_McCord,Marion_Barry,false,-0.0964365154504776,1.480835199356079,True
dev_train_1973,dev_train,,Kevin_Stallings_0002,Zico_0001,Kevin_Stallings,Zico,false,-4.601478576660156e-05,1.4142460823059082,True
dev_train_1974,dev_train,,Khin_Nyunt_0001,Raoul_Ruiz_0003,Khin_Nyunt,Raoul_Ruiz,false,-0.015982214361429214,1.4254698753356934,True
dev_train_1975,dev_train,,Kim_Clijsters_0006,Stephen_Ambrose_0002,Kim_Clijsters,Stephen_Ambrose,false,-0.04774017259478569,1.4475774765014648,True
dev_train_1976,dev_train,,Kimberly_Bruckner_0001,Natasha_McElhone_0002,Kimberly_Bruckner,Natasha_McElhone,false,-0.01777004823088646,1.426723599433899,True
dev_train_1977,dev_train,,Kimberly_Bruckner_0001,Ray_Lewis_0001,Kimberly_Bruckner,Ray_Lewis,false,-0.09315527975559235,1.478617787361145,True
dev_train_1978,dev_train,,Kimberly_Stewart_0001,Lee_Yeo-jin_0001,Kimberly_Stewart,Lee_Yeo-jin,false,0.04177252948284149,1.384360909461975,True
dev_train_1979,dev_train,,Kirk_Douglas_0001,Troy_Garity_0001,Kirk_Douglas,Troy_Garity,false,-0.016862928867340088,1.4260876178741455,True
dev_train_1980,dev_train,,Kirk_Johnson_0001,Michelle_Hofland_0001,Kirk_Johnson,Michelle_Hofland,false,-0.05238829925656319,1.4507848024368286,True
dev_train_1981,dev_train,,Kirk_Johnson_0001,Uzi_Even_0001,Kirk_Johnson,Uzi_Even,false,-0.01547036413103342,1.4251108169555664,True
dev_train_1982,dev_train,,Kostya_Tszyu_0001,Pauline_Landers_0001,Kostya_Tszyu,Pauline_Landers,false,0.050019342452287674,1.3783907890319824,True
dev_train_1983,dev_train,,Kristen_Rivera_0001,Mary_Robinson_0001,Kristen_Rivera,Mary_Robinson,false,-0.027046658098697662,1.433210849761963,True
dev_train_1984,dev_train,,Kristin_Scott_0001,Milt_Palacio_0001,Kristin_Scott,Milt_Palacio,false,-0.02006625197827816,1.4283322095870972,True
dev_train_1985,dev_train,,Kwame_Kilpatrick_0001,Ronnie_Musgrove_0001,Kwame_Kilpatrick,Ronnie_Musgrove,false,-0.024749688804149628,1.4316073656082153,True
dev_train_1986,dev_train,,Kwon_Yang-sook_0003,Princess_Masako_0002,Kwon_Yang-sook,Princess_Masako,false,0.0900045782327652,1.349070429801941,True
dev_train_1987,dev_train,,Kwon_Young-gil_0001,Mark_Rosenbaum_0001,Kwon_Young-gil,Mark_Rosenbaum,false,-0.017591457813978195,1.426598310470581,True
dev_train_1988,dev_train,,Larry_Brown_0006,Prince_Philippe_0001,Larry_Brown,Prince_Philippe,false,0.019924255087971687,1.4000540971755981,True
dev_train_1989,dev_train,,Larry_Johnson_0002,Lee_Ann_Womack_0001,Larry_Johnson,Lee_Ann_Womack,false,-0.06457606703042984,1.4591615200042725,True
dev_train_1990,dev_train,,Larry_Wilmore_0001,Laura_Gobai_0001,Larry_Wilmore,Laura_Gobai,false,-0.0587584562599659,1.4551690816879272,True
dev_train_1991,dev_train,,Larry_Wilmore_0001,Nebojsa_Pavkovic_0001,Larry_Wilmore,Nebojsa_Pavkovic,false,-0.017918748781085014,1.4268277883529663,True
dev_train_1992,dev_train,,Lars_Von_Trier_0001,Leon_Silver_0001,Lars_Von_Trier,Leon_Silver,false,0.021814590319991112,1.3987033367156982,True
dev_train_1993,dev_train,,Laura_Schlessinger_0001,Zahir_Shah_0001,Laura_Schlessinger,Zahir_Shah,false,-0.025366540998220444,1.4320380687713623,True
dev_train_1994,dev_train,,Laurence_Tribe_0001,Mark_Lazarus_0001,Laurence_Tribe,Mark_Lazarus,false,-0.01941593922674656,1.427876591682434,True
dev_train_1995,dev_train,,Laurie_Pirtle_0001,Porter_Goss_0001,Laurie_Pirtle,Porter_Goss,false,0.03457976505160332,1.3895468711853027,True
dev_train_1996,dev_train,,Lawrence_Foley_0001,Omar_Vizquel_0001,Lawrence_Foley,Omar_Vizquel,false,0.08109442889690399,1.355659008026123,True
dev_train_1997,dev_train,,Lawrence_Vito_0001,Martha_Sahagun_de_Fox_0001,Lawrence_Vito,Martha_Sahagun_de_Fox,false,0.016592998057603836,1.4024314880371094,True
dev_train_1998,dev_train,,Lawrence_Vito_0001,Sanjay_Chawla_0001,Lawrence_Vito,Sanjay_Chawla,false,-0.05888541042804718,1.4552561044692993,True
dev_train_1999,dev_train,,Leah_Remini_0001,Max_von_Sydow_0001,Leah_Remini,Max_von_Sydow,false,0.06775207817554474,1.3654654026031494,True
dev_train_2000,dev_train,,Lee_Ann_Womack_0001,Roberto_Carlos_0002,Lee_Ann_Womack,Roberto_Carlos,false,-0.016248980537056923,1.425657033920288,True
dev_train_2001,dev_train,,Lee_Nam-shin_0001,Nick_Nolte_0001,Lee_Nam-shin,Nick_Nolte,false,0.04275549575686455,1.383650541305542,True
dev_train_2002,dev_train,,Lee_Soo-hyuck_0001,Scott_Sullivan_0001,Lee_Soo-hyuck,Scott_Sullivan,false,-0.03159947320818901,1.4363839626312256,True
dev_train_2003,dev_train,,Lee_Yeo-jin_0001,Mariangel_Ruiz_Torrealba_0001,Lee_Yeo-jin,Mariangel_Ruiz_Torrealba,false,0.02737603150308132,1.3947213888168335,True
dev_train_2004,dev_train,,Leland_Chapman_0001,Valorie_Brabazon_0001,Leland_Chapman,Valorie_Brabazon,false,-0.028790947049856186,1.4344273805618286,True
dev_train_2005,dev_train,,Lemuel_Montulo_0001,Tom_Vilsack_0001,Lemuel_Montulo,Tom_Vilsack,false,-0.014869946986436844,1.4246894121170044,True
dev_train_2006,dev_train,,Lene_Espersen_0001,San_Lan_0001,Lene_Espersen,San_Lan,false,0.02266034297645092,1.3980984687805176,True
dev_train_2007,dev_train,,Leslie_Caldwell_0002,Takuma_Sato_0001,Leslie_Caldwell,Takuma_Sato,false,0.008427256718277931,1.4082419872283936,True
dev_train_2008,dev_train,,Leuris_Pupo_0001,Stephen_Funk_0001,Leuris_Pupo,Stephen_Funk,false,0.10001536458730698,1.3416293859481812,True
dev_train_2009,dev_train,,Li_Changchun_0001,Noel_Forgeard_0001,Li_Changchun,Noel_Forgeard,false,-0.012826217338442802,1.423254132270813,True
dev_train_2010,dev_train,,Li_Ka-shing_0001,Manuel_Poggiali_0002,Li_Ka-shing,Manuel_Poggiali,false,-0.06518222391605377,1.4595768451690674,True
dev_train_2011,dev_train,,Li_Ka-shing_0001,Prince_Willem-Alexander_0003,Li_Ka-shing,Prince_Willem-Alexander,false,-0.013274557888507843,1.4235690832138062,True
dev_train_2012,dev_train,,Li_Zhaoxing_0007,Yang_Jianli_0001,Li_Zhaoxing,Yang_Jianli,false,0.11141235381364822,1.333107352256775,True
dev_train_2013,dev_train,,Lin_Yung_Hsi_0001,Patricia_Johnson_0001,Lin_Yung_Hsi,Patricia_Johnson,false,0.013494627550244331,1.4046391248703003,True
dev_train_2014,dev_train,,Linda_Baboolal_0001,Michael_J_Fox_0001,Linda_Baboolal,Michael_J_Fox,false,-0.029540440067648888,1.4349498748779297,True
dev_train_2015,dev_train,,Linda_Baboolal_0001,Raquel_Welch_0002,Linda_Baboolal,Raquel_Welch,false,-0.0804576575756073,1.4700052738189697,True
dev_train_2016,dev_train,,Lionel_Hampton_0001,Paola_Espinoza_0001,Lionel_Hampton,Paola_Espinoza,false,-0.053020406514406204,1.4512205123901367,True
dev_train_2017,dev_train,,Lionel_Richie_0002,Ravan_AG_Farhadi_0001,Lionel_Richie,Ravan_AG_Farhadi,false,0.022451255470514297,1.3982480764389038,True
dev_train_2018,dev_train,,Lisa_Gottsegen_0002,Steve_Phillips_0001,Lisa_Gottsegen,Steve_Phillips,false,0.014022951014339924,1.4042627811431885,True
dev_train_2019,dev_train,,Lisa_Stansfield_0001,Urmila_Matondkar_0001,Lisa_Stansfield,Urmila_Matondkar,false,0.0059097642078995705,1.4100284576416016,True
dev_train_2020,dev_train,,Lisa_Stone_0001,Todd_Reid_0001,Lisa_Stone,Todd_Reid,false,-0.054449617862701416,1.452204942703247,True
dev_train_2021,dev_train,,Lope_Mendoza_0001,Roy_Halladay_0001,Lope_Mendoza,Roy_Halladay,false,-0.08470511436462402,1.4728918075561523,True
dev_train_2022,dev_train,,Lorne_Michaels_0001,Tex_Ritter_0001,Lorne_Michaels,Tex_Ritter,false,-0.03462926298379898,1.438491702079773,True
dev_train_2023,dev_train,,Lou_Piniella_0003,Robert_DeFraites_0001,Lou_Piniella,Robert_DeFraites,false,0.00425912206992507,1.411198616027832,True
dev_train_2024,dev_train,,Lucia_Kenny_Anthony_0001,Paul_Wolfowitz_0004,Lucia_Kenny_Anthony,Paul_Wolfowitz,false,-0.004030987620353699,1.4170610904693604,True
dev_train_2025,dev_train,,Lucio_Cecchinello_0001,Strom_Thurmond_0001,Lucio_Cecchinello,Strom_Thurmond,false,0.01576126366853714,1.403024435043335,True
dev_train_2026,dev_train,,Luis_Guzman_0001,Thomas_Ulrich_0001,Luis_Guzman,Thomas_Ulrich,false,-0.041132066398859024,1.4430053234100342,True
dev_train_2027,dev_train,,Luke_Ridnour_0001,Najib_al-Salhi_0001,Luke_Ridnour,Najib_al-Salhi,false,-0.002349458634853363,1.4158740043640137,True
dev_train_2028,dev_train,,Madeleine_Albright_0001,Robert_Schuller_0001,Madeleine_Albright,Robert_Schuller,false,0.04437028244137764,1.3824830055236816,True
dev_train_2029,dev_train,,Mae_Jemison_0001,Max_Biaggi_0001,Mae_Jemison,Max_Biaggi,false,0.004134762566536665,1.4112868309020996,True
dev_train_2030,dev_train,,Mahmoud_Al_Zhar_0001,Takaloo_0001,Mahmoud_Al_Zhar,Takaloo,false,0.04171976447105408,1.3843990564346313,True
dev_train_2031,dev_train,,Manuel_Poggiali_0002,Wu_Peng_0001,Manuel_Poggiali,Wu_Peng,false,-0.002448778599500656,1.4159440994262695,True
dev_train_2032,dev_train,,Manuel_Rosendo_0001,Takaloo_0001,Manuel_Rosendo,Takaloo,false,-0.07649428397417068,1.4673066139221191,True
dev_train_2033,dev_train,,Marc-Andre_Fleury_0001,Rob_Lowe_0003,Marc-Andre_Fleury,Rob_Lowe,false,-0.018846774473786354,1.4274780750274658,True
dev_train_2034,dev_train,,Marcus_Garrettson_0001,Rosalie_Perkov_0001,Marcus_Garrettson,Rosalie_Perkov,false,-0.1163327544927597,1.4942106008529663,True
dev_train_2035,dev_train,,Maria_Luisa_Mendonca_0001,Terry_Hoeppner_0001,Maria_Luisa_Mendonca,Terry_Hoeppner,false,-0.005655866581946611,1.4182071685791016,True
dev_train_2036,dev_train,,Maria_Luisa_Mendonca_0001,Tim_Lobinger_0001,Maria_Luisa_Mendonca,Tim_Lobinger,false,-0.043142613023519516,1.4443978071212769,True
dev_train_2037,dev_train,,Maria_Wetterstrand_0001,Tori_Amos_0001,Maria_Wetterstrand,Tori_Amos,false,0.020386582240462303,1.3997238874435425,True
dev_train_2038,dev_train,,Mariah_Carey_0001,Richard_Gephardt_0008,Mariah_Carey,Richard_Gephardt,false,-0.0008478295058012009,1.4148130416870117,True
dev_train_2039,dev_train,,Maribel_Dominguez_0001,Vagit_Alekperov_0001,Maribel_Dominguez,Vagit_Alekperov,false,0.02760780230164528,1.3945552110671997,True
dev_train_2040,dev_train,,Mario_Vasquez_Rana_0001,Robert_Bonner_0001,Mario_Vasquez_Rana,Robert_Bonner,false,-0.04230177402496338,1.4438157081604004,True
dev_train_2041,dev_train,,Marion_Fahnestock_0001,Steve_Fehr_0001,Marion_Fahnestock,Steve_Fehr,false,0.013166800141334534,1.4048724174499512,True
dev_train_2042,dev_train,,Marisol_Breton_0001,Will_Young_0001,Marisol_Breton,Will_Young,false,0.014650457538664341,1.4038158655166626,True
dev_train_2043,dev_train,,Mark_Hurlbert_0004,Todd_MacCulloch_0001,Mark_Hurlbert,Todd_MacCulloch,false,-0.006367095280438662,1.4187086820602417,True
dev_train_2044,dev_train,,Mark_Lazarus_0001,Olene_Walker_0001,Mark_Lazarus,Olene_Walker,false,-0.05324430763721466,1.4513747692108154,True
dev_train_2045,dev_train,,Mark_Rosenbaum_0001,Pupi_Avati_0002,Mark_Rosenbaum,Pupi_Avati,false,0.1440412998199463,1.30840265750885,True
dev_train_2046,dev_train,,Markus_Beyer_0001,Ulrich_Kueperkoch_0001,Markus_Beyer,Ulrich_Kueperkoch,false,0.014328718185424805,1.4040451049804688,True
dev_train_2047,dev_train,,Marlene_Weingartner_0001,Steve_Avery_0001,Marlene_Weingartner,Steve_Avery,false,0.02963518723845482,1.393100619316101,True
dev_train_2048,dev_train,,Martha_Smith_0001,Ty_Votaw_0001,Martha_Smith,Ty_Votaw,false,-0.023348718881607056,1.4306282997131348,True
dev_train_2049,dev_train,,Marwan_Muasher_0001,Scott_OGrady_0001,Marwan_Muasher,Scott_OGrady,false,0.015674665570259094,1.4030861854553223,True
dev_train_2050,dev_train,,Mary_Robinson_0001,Vanessa_Williams_0001,Mary_Robinson,Vanessa_Williams,false,-0.12541449069976807,1.5002763271331787,True
dev_train_2051,dev_train,,Masja_Juel_0001,Normand_Legault_0001,Masja_Juel,Normand_Legault,false,-0.01374613307416439,1.4239004850387573,True
dev_train_2052,dev_train,,Masja_Juel_0001,Razali_Ismail_0001,Masja_Juel,Razali_Ismail,false,-0.07133799046278,1.4637882709503174,True
dev_train_2053,dev_train,,Mathias_Reichhold_0001,Paul_ONeill_0009,Mathias_Reichhold,Paul_ONeill,false,-0.015360592864453793,1.4250338077545166,True
dev_train_2054,dev_train,,Matt_Anderson_0001,Pauley_Perrette_0001,Matt_Anderson,Pauley_Perrette,false,0.050356633961200714,1.3781461715698242,True
dev_train_2055,dev_train,,Matt_Anderson_0001,Tyler_Grillo_0001,Matt_Anderson,Tyler_Grillo,false,-0.0676499754190445,1.4612666368484497,True
dev_train_2056,dev_train,,Matt_LeBlanc_0001,Stanley_Tong_0001,Matt_LeBlanc,Stanley_Tong,false,0.03267081081867218,1.3909200429916382,True
dev_train_2057,dev_train,,Maureen_Fanning_0001,Paul_Tagliabue_0001,Maureen_Fanning,Paul_Tagliabue,false,-0.019955070689320564,1.428254246711731,True
dev_train_2058,dev_train,,Maureen_Kanka_0001,Normand_Legault_0001,Maureen_Kanka,Normand_Legault,false,-0.01285388320684433,1.4232735633850098,True
dev_train_2059,dev_train,,Mehmet_Okur_0001,Ty_Votaw_0001,Mehmet_Okur,Ty_Votaw,false,-0.04230808466672897,1.4438199996948242,True
dev_train_2060,dev_train,,Mel_Karmazin_0001,Vaclav_Klaus_0002,Mel_Karmazin,Vaclav_Klaus,false,-0.037101924419403076,1.4402097463607788,True
dev_train_2061,dev_train,,Melina_Kanakaredes_0001,Tom_Brennan_0001,Melina_Kanakaredes,Tom_Brennan,false,0.04051573947072029,1.3852683305740356,True
dev_train_2062,dev_train,,Melissa_Stark_0001,William_Ragland_0001,Melissa_Stark,William_Ragland,false,-0.014539085328578949,1.4244571924209595,True
dev_train_2063,dev_train,,Michael_Caine_0001,Tom_Watson_0001,Michael_Caine,Tom_Watson,false,0.05090140923857689,1.3777507543563843,True
dev_train_2064,dev_train,,Michael_Chertoff_0001,Ryan_Newman_0001,Michael_Chertoff,Ryan_Newman,false,-0.12391173839569092,1.4992742538452148,True
dev_train_2065,dev_train,,Michael_Diekmann_0001,Qian_Qichen_0001,Michael_Diekmann,Qian_Qichen,false,0.03223516047000885,1.3912330865859985,True
dev_train_2066,dev_train,,Michael_Hagee_0001,Rick_Lu_0001,Michael_Hagee,Rick_Lu,false,-0.026144711300730705,1.4325814247131348,True
dev_train_2067,dev_train,,Michael_Kors_0001,Nate_Hybl_0001,Michael_Kors,Nate_Hybl,false,0.06349106878042221,1.3685824871063232,True
dev_train_2068,dev_train,,Michael_Schumacher_0003,Stephanie_Moore_0001,Michael_Schumacher,Stephanie_Moore,false,-0.006235043052583933,1.418615460395813,True
dev_train_2069,dev_train,,Michelle_Branch_0002,Ricardo_Lopez_Murphy_0002,Michelle_Branch,Ricardo_Lopez_Murphy,false,-0.02418312430381775,1.4312113523483276,True
dev_train_2070,dev_train,,Mick_Jagger_0004,Roberto_Canessa_0001,Mick_Jagger,Roberto_Canessa,false,-0.0008259975002147257,1.4147975444793701,True
dev_train_2071,dev_train,,Mickey_Gilley_0001,Sepp_Blatter_0003,Mickey_Gilley,Sepp_Blatter,false,0.12978823482990265,1.3192510604858398,True
dev_train_2072,dev_train,,Mickey_Loomis_0001,Najib_al-Salhi_0001,Mickey_Loomis,Najib_al-Salhi,false,0.06894374638795853,1.3645925521850586,True
dev_train_2073,dev_train,,Mickey_Loomis_0001,Philippe_Gagnon_0001,Mickey_Loomis,Philippe_Gagnon,false,0.06694511324167252,1.3660563230514526,True
dev_train_2074,dev_train,,Mickey_Rooney_0001,Mickey_Sherman_0001,Mickey_Rooney,Mickey_Sherman,false,-0.028533298522233963,1.4342477321624756,True
dev_train_2075,dev_train,,Mike_Bair_0001,Timothy_Wirth_0001,Mike_Bair,Timothy_Wirth,false,-0.006917695514857769,1.41909658908844,True
dev_train_2076,dev_train,,Mike_Bair_0001,Tyrone_Medley_0001,Mike_Bair,Tyrone_Medley,false,-0.0511811189353466,1.449952483177185,True
dev_train_2077,dev_train,,Mike_Fisher_0001,Oscar_Bolanos_0001,Mike_Fisher,Oscar_Bolanos,false,0.01028105616569519,1.4069249629974365,True
dev_train_2078,dev_train,,Mike_Gable_0001,Sharon_Osbourne_0001,Mike_Gable,Sharon_Osbourne,false,-0.06326477229595184,1.45826256275177,True
dev_train_2079,dev_train,,Mike_OConnell_0001,Natalie_Stewart_0001,Mike_OConnell,Natalie_Stewart,false,-0.009479650296270847,1.420900821685791,True
dev_train_2080,dev_train,,Milan_Kucan_0001,Yuvraj_Singh_0001,Milan_Kucan,Yuvraj_Singh,false,-0.04654756560921669,1.4467532634735107,True
dev_train_2081,dev_train,,Milo_Maestrecampo_0003,Wes_Craven_0001,Milo_Maestrecampo,Wes_Craven,false,-0.08594454079866409,1.4737330675125122,True
dev_train_2082,dev_train,,Minnie_Driver_0001,Penny_Dupuie_0001,Minnie_Driver,Penny_Dupuie,false,-0.014087196439504623,1.4241398572921753,True
dev_train_2083,dev_train,,Minnie_Driver_0002,Yukio_Hatoyama_0001,Minnie_Driver,Yukio_Hatoyama,false,0.08879857510328293,1.3499640226364136,True
dev_train_2084,dev_train,,Minnie_Mendoza_0001,Sherri_Coale_0001,Minnie_Mendoza,Sherri_Coale,false,,,False
dev_train_2085,dev_train,,Mireille_Jospin-Dandieu_0001,Ricardo_Lopez_Murphy_0002,Mireille_Jospin-Dandieu,Ricardo_Lopez_Murphy,false,0.02183224819600582,1.3986905813217163,True
dev_train_2086,dev_train,,Misty_Dawn_Clymer_0001,Terry_Stotts_0002,Misty_Dawn_Clymer,Terry_Stotts,false,-0.015003347769379616,1.4247829914093018,True
dev_train_2087,dev_train,,Mitoji_Yabunaka_0001,Sanjay_Gupta_0001,Mitoji_Yabunaka,Sanjay_Gupta,false,-0.00803743302822113,1.4198856353759766,True
dev_train_2088,dev_train,,Mitsou_Gelinas_0001,Yana_Klochkova_0001,Mitsou_Gelinas,Yana_Klochkova,false,0.012199542485177517,1.4055607318878174,True
dev_train_2089,dev_train,,Mohammed_Ashraf_Hafiz_0001,Ronald_Young_Jr_0001,Mohammed_Ashraf_Hafiz,Ronald_Young_Jr,false,-0.042512182146310806,1.4439613819122314,True
dev_train_2090,dev_train,,Myung_Yang_0001,Rene_Antonio_Leon_Rodriguez_0001,Myung_Yang,Rene_Antonio_Leon_Rodriguez,false,-0.02660263329744339,1.4329010248184204,True
dev_train_2091,dev_train,,Nabil_Shaath_0002,Quincy_Jones_0001,Nabil_Shaath,Quincy_Jones,false,,,False
dev_train_2092,dev_train,,Nadia_Forte_0001,Toni_Jennings_0001,Nadia_Forte,Toni_Jennings,false,0.004564918577671051,1.4109820127487183,True
dev_train_2093,dev_train,,Nan_Wang_0004,Penny_Dupuie_0001,Nan_Wang,Penny_Dupuie,false,-0.027886342257261276,1.4337966442108154,True
dev_train_2094,dev_train,,Nancy_Kerrigan_0001,Thomas_Wyman_0002,Nancy_Kerrigan,Thomas_Wyman,false,-0.012735259719192982,1.4231903553009033,True
dev_train_2095,dev_train,,Naomi_Bronstein_0001,Rainer_Geulen_0001,Naomi_Bronstein,Rainer_Geulen,false,-0.0006884997710585594,1.4147003889083862,True
dev_train_2096,dev_train,,Naomi_Watts_0013,Yuri_Fedotov_0002,Naomi_Watts,Yuri_Fedotov,false,-0.09874001145362854,1.48239004611969,True
dev_train_2097,dev_train,,Natalia_Dmitrieva_0001,Nova_Esther_Guthrie_0001,Natalia_Dmitrieva,Nova_Esther_Guthrie,false,-0.009222153574228287,1.4207197427749634,True
dev_train_2098,dev_train,,Natalia_Dmitrieva_0001,Yana_Klochkova_0001,Natalia_Dmitrieva,Yana_Klochkova,false,0.11170388758182526,1.3328887224197388,True
dev_train_2099,dev_train,,Natalia_Dmitrieva_0001,Yoshiyuki_Kamei_0001,Natalia_Dmitrieva,Yoshiyuki_Kamei,false,0.01989566534757614,1.4000746011734009,True
dev_train_2100,dev_train,,Natalia_Verbeke_0001,Steny_Hoyer_0001,Natalia_Verbeke,Steny_Hoyer,false,-0.027758412063121796,1.433707356452942,True
dev_train_2101,dev_train,,Natalia_Vodonova_0001,Russell_Simmons_0004,Natalia_Vodonova,Russell_Simmons,false,0.022606395184993744,1.398137092590332,True
dev_train_2102,dev_train,,Natalie_Cole_0003,Steve_McManaman_0001,Natalie_Cole,Steve_McManaman,false,-0.025067180395126343,1.4318289756774902,True
dev_train_2103,dev_train,,Natasa_Micic_0001,Oxana_Fedorova_0003,Natasa_Micic,Oxana_Fedorova,false,-0.00666820676997304,1.418920874595642,True
dev_train_2104,dev_train,,Natasa_Micic_0001,Simona_Hradil_0001,Natasa_Micic,Simona_Hradil,false,-0.051578912883996964,1.450226902961731,True
dev_train_2105,dev_train,,Nathirah_Hussein_0001,Pedro_Mahecha_0001,Nathirah_Hussein,Pedro_Mahecha,false,0.06571707874536514,1.3669549226760864,True
dev_train_2106,dev_train,,Nathirah_Hussein_0001,Tomas_Enge_0001,Nathirah_Hussein,Tomas_Enge,false,0.060078464448451996,1.3710737228393555,True
dev_train_2107,dev_train,,Neri_Marcore_0001,Wolfgang_Schuessel_0002,Neri_Marcore,Wolfgang_Schuessel,false,0.09523297101259232,1.3451892137527466,True
dev_train_2108,dev_train,,Nick_Nolte_0003,Steven_Briggs_0001,Nick_Nolte,Steven_Briggs,false,-0.006370094139128923,1.418710708618164,True
dev_train_2109,dev_train,,Nicolas_Kiefer_0001,Will_Young_0001,Nicolas_Kiefer,Will_Young,false,0.004793047904968262,1.4108202457427979,True
dev_train_2110,dev_train,,Nicolas_Lapentti_0001,Paula_Dobriansky_0001,Nicolas_Lapentti,Paula_Dobriansky,false,0.07759504020214081,1.358237862586975,True
dev_train_2111,dev_train,,Nicolas_Latorre_0001,Paulo_Cesar_Pinheiro_0002,Nicolas_Latorre,Paulo_Cesar_Pinheiro,false,-0.12716741859912872,1.5014443397521973,True
dev_train_2112,dev_train,,Nora_Ephron_0001,Roel_Campos_0001,Nora_Ephron,Roel_Campos,false,-0.010617571882903576,1.421701431274414,True
dev_train_2113,dev_train,,Orlando_Bloom_0001,Toutai_Kefu_0001,Orlando_Bloom,Toutai_Kefu,false,-0.12728025019168854,1.5015194416046143,True
dev_train_2114,dev_train,,Paddy_Torsney_0001,Scott_Rudin_0002,Paddy_Torsney,Scott_Rudin,false,0.02499144710600376,1.3964301347732544,True
dev_train_2115,dev_train,,Pamela_Anderson_0002,Stan_Kroenke_0001,Pamela_Anderson,Stan_Kroenke,false,0.048064254224300385,1.3798085451126099,True
dev_train_2116,dev_train,,Paola_Espinoza_0001,Ranil_Wickremasinghe_0002,Paola_Espinoza,Ranil_Wickremasinghe,false,0.040931396186351776,1.3849684000015259,True
dev_train_2117,dev_train,,Paradorn_Srichaphan_0007,Wolfgang_Schuessel_0002,Paradorn_Srichaphan,Wolfgang_Schuessel,false,-0.06820043176412582,1.461643099784851,True
dev_train_2118,dev_train,,Parris_Glendening_0001,Stefaan_Declerk_0001,Parris_Glendening,Stefaan_Declerk,false,0.0019243428250774741,1.4128520488739014,True
dev_train_2119,dev_train,,Pat_Cox_0001,Prince_Felipe_0001,Pat_Cox,Prince_Felipe,false,0.027678733691573143,1.394504427909851,True
dev_train_2120,dev_train,,Patrick_Clawsen_0001,Valerie_Thwaites_0001,Patrick_Clawsen,Valerie_Thwaites,false,0.037785209715366364,1.3872381448745728,True
dev_train_2121,dev_train,,Patrick_Ewing_0002,Tali_Imani_0001,Patrick_Ewing,Tali_Imani,false,0.04405522346496582,1.3827109336853027,True
dev_train_2122,dev_train,,Patrick_Roy_0002,Ronald_Reagan_0001,Patrick_Roy,Ronald_Reagan,false,-0.050924938172101974,1.4497758150100708,True
dev_train_2123,dev_train,,Paul_Murphy_0001,Samantha_Daniels_0001,Paul_Murphy,Samantha_Daniels,false,0.03278740867972374,1.390836238861084,True
dev_train_2124,dev_train,,Paul_ONeill_0008,Steven_Feldman_0001,Paul_ONeill,Steven_Feldman,false,-0.004813968203961849,1.4176135063171387,True
dev_train_2125,dev_train,,Paul_Wilson_0001,Pupi_Avati_0001,Paul_Wilson,Pupi_Avati,false,-0.08215390145778656,1.4711586236953735,True
dev_train_2126,dev_train,,Paula_Dobriansky_0001,Selma_Phoenix_0001,Paula_Dobriansky,Selma_Phoenix,false,-0.055301420390605927,1.452791452407837,True
dev_train_2127,dev_train,,Paula_Radcliffe_0001,Theresa_May_0002,Paula_Radcliffe,Theresa_May,false,-0.0032657587435096502,1.4165209531784058,True
dev_train_2128,dev_train,,Paulo_Cesar_Pinheiro_0001,Zhu_Rongji_0005,Paulo_Cesar_Pinheiro,Zhu_Rongji,false,-0.06049588695168495,1.4563624858856201,True
dev_train_2129,dev_train,,Pedro_Velasquez_0001,Queen_Rania_0004,Pedro_Velasquez,Queen_Rania,false,0.12116117030382156,1.3257743120193481,True
dev_train_2130,dev_train,,Pedro_Velasquez_0001,Will_Ferrell_0001,Pedro_Velasquez,Will_Ferrell,false,-0.004661419428884983,1.4175059795379639,True
dev_train_2131,dev_train,,Peggy_McGuinness_0001,Pete_Beaudrault_0001,Peggy_McGuinness,Pete_Beaudrault,false,0.04037424176931381,1.3853704929351807,True
dev_train_2132,dev_train,,Penny_Lancaster_0001,Sven_Ottke_0001,Penny_Lancaster,Sven_Ottke,false,0.08534297347068787,1.352521300315857,True
dev_train_2133,dev_train,,Pernilla_Bjorn_0001,Sanjay_Gupta_0001,Pernilla_Bjorn,Sanjay_Gupta,false,0.019336530938744545,1.4004738330841064,True
dev_train_2134,dev_train,,Pete_Beaudrault_0001,Roy_Halladay_0001,Pete_Beaudrault,Roy_Halladay,false,0.051452383399009705,1.3773508071899414,True
dev_train_2135,dev_train,,Pete_Gillen_0001,Pringe_Ernst_August_0001,Pete_Gillen,Pringe_Ernst_August,false,0.06172915920615196,1.3698692321777344,True
dev_train_2136,dev_train,,Peter_Bacanovic_0001,Zhang_Wenkang_0001,Peter_Bacanovic,Zhang_Wenkang,false,-0.04612700641155243,1.446462631225586,True
dev_train_2137,dev_train,,Peter_Hillary_0002,Terence_Newman_0001,Peter_Hillary,Terence_Newman,false,-0.11587892472743988,1.4939069747924805,True
dev_train_2138,dev_train,,Pham_Sy_Chien_0001,Sharon_Stone_0005,Pham_Sy_Chien,Sharon_Stone,false,0.06529440730810165,1.3672641515731812,True
dev_train_2139,dev_train,,Pier_Ferdinando_Casini_0001,Steve_Phillips_0001,Pier_Ferdinando_Casini,Steve_Phillips,false,0.019863300025463104,1.4000976085662842,True
dev_train_2140,dev_train,,Pier_Ferdinando_Casini_0001,Tom_Curley_0001,Pier_Ferdinando_Casini,Tom_Curley,false,0.05022202432155609,1.3782438039779663,True
dev_train_2141,dev_train,,Piotr_Anderszewski_0001,Yoshiyuki_Kamei_0001,Piotr_Anderszewski,Yoshiyuki_Kamei,false,-0.00889380369335413,1.4204885959625244,True
dev_train_2142,dev_train,,Platon_Lebedev_0001,Ray_Young_0001,Platon_Lebedev,Ray_Young,false,0.007471287623047829,1.4089206457138062,True
dev_train_2143,dev_train,,Prince_Naruhito_0002,Princess_Elisabeth_0002,Prince_Naruhito,Princess_Elisabeth,false,0.02712736465036869,1.3948997259140015,True
dev_train_2144,dev_train,,Princess_Anne_0001,Roberto_Laratro_0001,Princess_Anne,Roberto_Laratro,false,0.02590583637356758,1.3957751989364624,True
dev_train_2145,dev_train,,Princess_Anne_0002,Tab_Turner_0001,Princess_Anne,Tab_Turner,false,0.06095732003450394,1.3704324960708618,True
dev_train_2146,dev_train,,Pringe_Ernst_August_0001,Rose_Marie_0001,Pringe_Ernst_August,Rose_Marie,false,-0.13065914809703827,1.503767967224121,True
dev_train_2147,dev_train,,Pringe_Ernst_August_0001,Suzanne_Haik_Terrell_0001,Pringe_Ernst_August,Suzanne_Haik_Terrell,false,0.05800238251686096,1.372586965560913,True
dev_train_2148,dev_train,,Qian_Qichen_0001,Sok_An_0001,Qian_Qichen,Sok_An,false,0.0060286433435976505,1.4099441766738892,True
dev_train_2149,dev_train,,Quincy_Jones_0001,Stephen_Joseph_0001,Quincy_Jones,Stephen_Joseph,false,0.026372171938419342,1.3954410552978516,True
dev_train_2150,dev_train,,Raag_Singhal_0001,Ray_Halbritter_0001,Raag_Singhal,Ray_Halbritter,false,0.03211688995361328,1.3913182020187378,True
dev_train_2151,dev_train,,Rashid_Qureshi_0001,Ray_Young_0001,Rashid_Qureshi,Ray_Young,false,-0.016474291682243347,1.4258149862289429,True
dev_train_2152,dev_train,,Ray_Halbritter_0001,Xanana_Gusmao_0003,Ray_Halbritter,Xanana_Gusmao,false,-0.0512521006166935,1.4500014781951904,True
dev_train_2153,dev_train,,Ray_Halbritter_0001,Zara_Akhmadova_0001,Ray_Halbritter,Zara_Akhmadova,false,-0.05252540111541748,1.4508792161941528,True
dev_train_2154,dev_train,,Ray_Morrough_0001,Ron_Gonzales_0001,Ray_Morrough,Ron_Gonzales,false,-0.021207299083471298,1.4291307926177979,True
dev_train_2155,dev_train,,Ray_Nagin_0002,Thomas_Enqvist_0001,Ray_Nagin,Thomas_Enqvist,false,0.02023058757185936,1.3998353481292725,True
dev_train_2156,dev_train,,Razali_Ismail_0001,Rob_Marshall_0004,Razali_Ismail,Rob_Marshall,false,-0.023948710411787033,1.4310476779937744,True
dev_train_2157,dev_train,,Rene_Antonio_Leon_Rodriguez_0001,Ted_Turner_0001,Rene_Antonio_Leon_Rodriguez,Ted_Turner,false,0.00660186680033803,1.4095375537872314,True
dev_train_2158,dev_train,,Retief_Goosen_0001,Tuncay_Sanli_0001,Retief_Goosen,Tuncay_Sanli,false,0.14885485172271729,1.3047184944152832,True
dev_train_2159,dev_train,,Richard_Armitage_0006,Sila_Calderon_0001,Richard_Armitage,Sila_Calderon,false,-0.039291828870773315,1.4417294263839722,True
dev_train_2160,dev_train,,Richard_Branson_0002,Taufik_Hidayat_0001,Richard_Branson,Taufik_Hidayat,false,0.005048167426139116,1.4106394052505493,True
dev_train_2161,dev_train,,Richard_Krajicek_0003,Zalmay_Khalilzad_0001,Richard_Krajicek,Zalmay_Khalilzad,false,-0.01871965453028679,1.4273890256881714,True
dev_train_2162,dev_train,,Robert_Altman_0001,Stella_Keitel_0001,Robert_Altman,Stella_Keitel,false,-0.05671132728457451,1.4537615776062012,True
dev_train_2163,dev_train,,Robert_Lange_0001,Tina_Andrews_0001,Robert_Lange,Tina_Andrews,false,0.08362303674221039,1.353792428970337,True
dev_train_2164,dev_train,,Roberto_Cercelletta_0001,Scott_Hamilton_0001,Roberto_Cercelletta,Scott_Hamilton,false,-0.08932355791330338,1.4760241508483887,True
dev_train_2165,dev_train,,Ron_Zook_0001,Trista_Rehn_0001,Ron_Zook,Trista_Rehn,false,0.034930333495140076,1.3892945051193237,True
dev_train_2166,dev_train,,Ross_Verba_0001,Tony_Curtis_0002,Ross_Verba,Tony_Curtis,false,0.04078640416264534,1.385072946548462,True
dev_train_2167,dev_train,,Rudi_Voeller_0001,Tim_Lobinger_0001,Rudi_Voeller,Tim_Lobinger,false,0.08115497976541519,1.355614185333252,True
dev_train_2168,dev_train,,Ruth_Harlow_0001,Tony_Fernandes_0001,Ruth_Harlow,Tony_Fernandes,false,-0.017018768936395645,1.4261969327926636,True
dev_train_2169,dev_train,,Ryan_Leaf_0001,Wilson_Alvarez_0001,Ryan_Leaf,Wilson_Alvarez,false,-0.026206064969301224,1.4326242208480835,True
dev_train_2170,dev_train,,SJ_Twu_0001,Sachin_Tendulkar_0001,SJ_Twu,Sachin_Tendulkar,false,-0.049587104469537735,1.448852777481079,True
dev_train_2171,dev_train,,Sada_Jacobson_0001,William_Webster_0001,Sada_Jacobson,William_Webster,false,0.02932361513376236,1.3933242559432983,True
dev_train_2172,dev_train,,Sam_Torrance_0003,Tom_Christerson_0001,Sam_Torrance,Tom_Christerson,false,-0.04560207575559616,1.4460996389389038,True
dev_train_2173,dev_train,,Sammy_Sosa_0001,Steve_Park_0001,Sammy_Sosa,Steve_Park,false,0.047504495829343796,1.3802142143249512,True
dev_train_2174,dev_train,,Sandy_Smith_0001,Susan_Walvius_0001,Sandy_Smith,Susan_Walvius,false,0.014980286359786987,1.403580904006958,True
dev_train_2175,dev_train,,Sara_Silverman_0001,Stephen_Friedman_0001,Sara_Silverman,Stephen_Friedman,false,-0.056238409131765366,1.453436255455017,True
dev_train_2176,dev_train,,Sean_Combs_0001,Sherry_Fisher_0001,Sean_Combs,Sherry_Fisher,false,-0.07623817026615143,1.4671319723129272,True
dev_train_2177,dev_train,,Shawn_Kemp_0001,Steven_Seagal_0001,Shawn_Kemp,Steven_Seagal,false,0.07899554073810577,1.3572063446044922,True
dev_train_2178,dev_train,,Shi_Guangsheng_0001,TA_McLendon_0001,Shi_Guangsheng,TA_McLendon,false,0.0529337041079998,1.376274824142456,True
dev_train_2179,dev_train,,Shia_LaBeouf_0001,Tatyana_Tomashova_0001,Shia_LaBeouf,Tatyana_Tomashova,false,0.033933255821466446,1.3900120258331299,True
dev_train_2180,dev_train,,Shoshana_Johnson_0001,Suzanne_Mubarak_0001,Shoshana_Johnson,Suzanne_Mubarak,false,0.07067369669675827,1.3633241653442383,True
dev_train_2181,dev_train,,Simona_Hradil_0001,Ted_Washington_0001,Simona_Hradil,Ted_Washington,false,-0.019352734088897705,1.4278324842453003,True
dev_train_2182,dev_train,,Spike_Helmick_0001,Stephen_Webster_0001,Spike_Helmick,Stephen_Webster,false,0.006629523355513811,1.4095180034637451,True
dev_train_2183,dev_train,,Spike_Helmick_0001,Wayne_Brady_0001,Spike_Helmick,Wayne_Brady,false,0.0649089440703392,1.3675460815429688,True
dev_train_2184,dev_train,,Stanley_McChrystal_0001,Tatjana_Gsell_0001,Stanley_McChrystal,Tatjana_Gsell,false,0.034331437200307846,1.3897255659103394,True
dev_train_2185,dev_train,,Stanley_McChrystal_0002,Surya_Bahadur_Thapa_0001,Stanley_McChrystal,Surya_Bahadur_Thapa,false,-0.00468062236905098,1.417519450187683,True
dev_train_2186,dev_train,,Stanley_Nelson_0001,Stella_Tennant_0001,Stanley_Nelson,Stella_Tennant,false,0.03166496008634567,1.3916429281234741,True
dev_train_2187,dev_train,,Stephen_Frears_0001,Taufik_Kiemas_0001,Stephen_Frears,Taufik_Kiemas,false,0.050911739468574524,1.3777433633804321,True
dev_train_2188,dev_train,,Stephen_Joseph_0001,Steven_Spielberg_0007,Stephen_Joseph,Steven_Spielberg,false,0.042872510850429535,1.38356614112854,True
dev_train_2189,dev_train,,Steve_Redgrave_0001,Tom_Crean_0002,Steve_Redgrave,Tom_Crean,false,-0.07454151660203934,1.4659751653671265,True
dev_train_2190,dev_train,,Syed_Ibrahim_0001,Tim_Chapman_0001,Syed_Ibrahim,Tim_Chapman,false,-0.03569618612527847,1.4392333030700684,True
dev_train_2191,dev_train,,Tammy_Helm_0001,Taufik_Kiemas_0001,Tammy_Helm,Taufik_Kiemas,false,-0.011514789424836636,1.4223324060440063,True
dev_train_2192,dev_train,,Terje_Roed-Larsen_0002,Thomas_Rupprath_0003,Terje_Roed-Larsen,Thomas_Rupprath,false,-0.004103146493434906,1.4171119928359985,True
dev_train_2193,dev_train,,Thomas_Rupprath_0003,Wendy_Kennedy_0001,Thomas_Rupprath,Wendy_Kennedy,false,0.07584262639284134,1.359527349472046,True
dev_train_2194,dev_train,,Tim_Howard_0001,Tom_Reilly_0001,Tim_Howard,Tom_Reilly,false,0.05980745330452919,1.3712713718414307,True
dev_train_2195,dev_train,,Tom_Craddick_0003,Val_Ackerman_0001,Tom_Craddick,Val_Ackerman,false,0.007711969781666994,1.4087498188018799,True
dev_train_2196,dev_train,,Tom_Vilsack_0001,Wayne_Ferreira_0005,Tom_Vilsack,Wayne_Ferreira,false,-0.14503689110279083,1.5132989883422852,True
dev_train_2197,dev_train,,Trisha_Meili_0001,Vladimiro_Montesinos_0003,Trisha_Meili,Vladimiro_Montesinos,false,-0.019057128578424454,1.427625298500061,True
dev_train_2198,dev_train,,Ty_Votaw_0001,Wayne_Allard_0001,Ty_Votaw,Wayne_Allard,false,-0.11132468283176422,1.4908552169799805,True
dev_train_2199,dev_train,,Vytas_Danelius_0001,Zaini_Abdullah_0001,Vytas_Danelius,Zaini_Abdullah,false,-0.03539050742983818,1.4390208721160889,True
dev_train_2200,dev_train,,Wendy_Kennedy_0001,Zara_Akhmadova_0001,Wendy_Kennedy,Zara_Akhmadova,false,0.16017766296863556,1.296010971069336,True
dev_test_0001,dev_test,,Abdullah_Gul_0013,Abdullah_Gul_0014,Abdullah_Gul,Abdullah_Gul,true,0.7897208333015442,0.6485047340393066,True
dev_test_0002,dev_test,,Abdullah_Gul_0013,Abdullah_Gul_0016,Abdullah_Gul,Abdullah_Gul,true,0.6159079074859619,0.8764612078666687,True
dev_test_0003,dev_test,,Abdullatif_Sener_0001,Abdullatif_Sener_0002,Abdullatif_Sener,Abdullatif_Sener,true,0.6425857543945312,0.8454753160476685,True
dev_test_0004,dev_test,,Adel_Al-Jubeir_0001,Adel_Al-Jubeir_0003,Adel_Al-Jubeir,Adel_Al-Jubeir,true,0.8080407381057739,0.6196116209030151,True
dev_test_0005,dev_test,,Al_Pacino_0001,Al_Pacino_0002,Al_Pacino,Al_Pacino,true,0.6519702672958374,0.834301769733429,True
dev_test_0006,dev_test,,Alan_Greenspan_0001,Alan_Greenspan_0005,Alan_Greenspan,Alan_Greenspan,true,0.7149684429168701,0.7550252676010132,True
dev_test_0007,dev_test,,Albert_Costa_0002,Albert_Costa_0006,Albert_Costa,Albert_Costa,true,0.7858301401138306,0.6544766426086426,True
dev_test_0008,dev_test,,Albert_Costa_0004,Albert_Costa_0006,Albert_Costa,Albert_Costa,true,0.7657424807548523,0.6844816207885742,True
dev_test_0009,dev_test,,Albert_Costa_0005,Albert_Costa_0006,Albert_Costa,Albert_Costa,true,0.726804792881012,0.7391822338104248,True
dev_test_0010,dev_test,,Alejandro_Atchugarry_0001,Alejandro_Atchugarry_0002,Alejandro_Atchugarry,Alejandro_Atchugarry,true,0.7713004946708679,0.6763128638267517,True
dev_test_0011,dev_test,,Alex_Penelas_0001,Alex_Penelas_0002,Alex_Penelas,Alex_Penelas,true,0.7961127758026123,0.6385720372200012,True
dev_test_0012,dev_test,,Ali_Naimi_0001,Ali_Naimi_0003,Ali_Naimi,Ali_Naimi,true,0.7895116806030273,0.6488270163536072,True
dev_test_0013,dev_test,,Ali_Naimi_0003,Ali_Naimi_0004,Ali_Naimi,Ali_Naimi,true,0.6356765627861023,0.8536081314086914,True
dev_test_0014,dev_test,,Allison_Janney_0001,Allison_Janney_0002,Allison_Janney,Allison_Janney,true,0.6184569597244263,0.8735480904579163,True
dev_test_0015,dev_test,,Allyson_Felix_0002,Allyson_Felix_0005,Allyson_Felix,Allyson_Felix,true,0.6129959225654602,0.8797773122787476,True
dev_test_0016,dev_test,,Alvaro_Uribe_0007,Alvaro_Uribe_0010,Alvaro_Uribe,Alvaro_Uribe,true,0.7982387542724609,0.6352342367172241,True
dev_test_0017,dev_test,,Alvaro_Uribe_0017,Alvaro_Uribe_0026,Alvaro_Uribe,Alvaro_Uribe,true,0.7108690142631531,0.7604355216026306,True
dev_test_0018,dev_test,,Alvaro_Uribe_0028,Alvaro_Uribe_0029,Alvaro_Uribe,Alvaro_Uribe,true,0.6313749551773071,0.8586327433586121,True
dev_test_0019,dev_test,,Amanda_Bynes_0001,Amanda_Bynes_0002,Amanda_Bynes,Amanda_Bynes,true,0.6296433806419373,0.8606470823287964,True
dev_test_0020,dev_test,,Amanda_Bynes_0001,Amanda_Bynes_0003,Amanda_Bynes,Amanda_Bynes,true,0.6082966327667236,0.8851026892662048,True
dev_test_0021,dev_test,,Amanda_Bynes_0001,Amanda_Bynes_0004,Amanda_Bynes,Amanda_Bynes,true,0.5620575547218323,0.9358872771263123,True
dev_test_0022,dev_test,,Amanda_Bynes_0003,Amanda_Bynes_0004,Amanda_Bynes,Amanda_Bynes,true,0.704254686832428,0.7690843343734741,True
dev_test_0023,dev_test,,Amelie_Mauresmo_0001,Amelie_Mauresmo_0021,Amelie_Mauresmo,Amelie_Mauresmo,true,0.6452047228813171,0.8423721194267273,True
dev_test_0024,dev_test,,Amelie_Mauresmo_0004,Amelie_Mauresmo_0011,Amelie_Mauresmo,Amelie_Mauresmo,true,0.5964300632476807,0.8984097242355347,True
dev_test_0025,dev_test,,Amelie_Mauresmo_0016,Amelie_Mauresmo_0021,Amelie_Mauresmo,Amelie_Mauresmo,true,0.6069580912590027,0.8866137266159058,True
dev_test_0026,dev_test,,Ana_Palacio_0001,Ana_Palacio_0006,Ana_Palacio,Ana_Palacio,true,0.6589601635932922,0.8258811235427856,True
dev_test_0027,dev_test,,Andrei_Mikhnevich_0001,Andrei_Mikhnevich_0002,Andrei_Mikhnevich,Andrei_Mikhnevich,true,0.8115663528442383,0.6138951778411865,True
dev_test_0028,dev_test,,Andy_Hebb_0001,Andy_Hebb_0002,Andy_Hebb,Andy_Hebb,true,0.754339337348938,0.7009433507919312,True
dev_test_0029,dev_test,,Angelo_Reyes_0001,Angelo_Reyes_0002,Angelo_Reyes,Angelo_Reyes,true,0.776340663433075,0.6688189506530762,True
dev_test_0030,dev_test,,Angelo_Reyes_0002,Angelo_Reyes_0003,Angelo_Reyes,Angelo_Reyes,true,0.7334166169166565,0.7301827073097229,True
dev_test_0031,dev_test,,Ann_Veneman_0001,Ann_Veneman_0002,Ann_Veneman,Ann_Veneman,true,0.7274962663650513,0.7382462620735168,True
dev_test_0032,dev_test,,Ann_Veneman_0005,Ann_Veneman_0011,Ann_Veneman,Ann_Veneman,true,0.7080416083335876,0.7641447186470032,True
dev_test_0033,dev_test,,Ann_Veneman_0008,Ann_Veneman_0009,Ann_Veneman,Ann_Veneman,true,0.7625750303268433,0.6890935301780701,True
dev_test_0034,dev_test,,Anna_Nicole_Smith_0001,Anna_Nicole_Smith_0002,Anna_Nicole_Smith,Anna_Nicole_Smith,true,0.4511204957962036,1.0477399826049805,True
dev_test_0035,dev_test,,Anne_Krueger_0001,Anne_Krueger_0002,Anne_Krueger,Anne_Krueger,true,0.7664763927459717,0.6834087371826172,True
dev_test_0036,dev_test,,Anne_Krueger_0002,Anne_Krueger_0003,Anne_Krueger,Anne_Krueger,true,0.6670876145362854,0.8159809112548828,True
dev_test_0037,dev_test,,Annette_Lu_0001,Annette_Lu_0002,Annette_Lu,Annette_Lu,true,0.6752577424049377,0.8059061169624329,True
dev_test_0038,dev_test,,Annette_Lu_0001,Annette_Lu_0003,Annette_Lu,Annette_Lu,true,0.6492788195610046,0.8375216126441956,True
dev_test_0039,dev_test,,Annette_Lu_0002,Annette_Lu_0003,Annette_Lu,Annette_Lu,true,0.8186880350112915,0.6021828055381775,True
dev_test_0040,dev_test,,Antonio_Palocci_0003,Antonio_Palocci_0008,Antonio_Palocci,Antonio_Palocci,true,0.8048548698425293,0.624732255935669,True
dev_test_0041,dev_test,,Antonio_Trillanes_0001,Antonio_Trillanes_0002,Antonio_Trillanes,Antonio_Trillanes,true,0.6850335001945496,0.7936831712722778,True
dev_test_0042,dev_test,,Antonio_Trillanes_0002,Antonio_Trillanes_0003,Antonio_Trillanes,Antonio_Trillanes,true,0.5372263789176941,0.962053656578064,True
dev_test_0043,dev_test,,Arlen_Specter_0001,Arlen_Specter_0003,Arlen_Specter,Arlen_Specter,true,0.6482914686203003,0.8386996388435364,True
dev_test_0044,dev_test,,Augustin_Calleri_0001,Augustin_Calleri_0003,Augustin_Calleri,Augustin_Calleri,true,0.7009998559951782,0.7733047604560852,True
dev_test_0045,dev_test,,Augustin_Calleri_0001,Augustin_Calleri_0004,Augustin_Calleri,Augustin_Calleri,true,0.6820876598358154,0.7973862290382385,True
dev_test_0046,dev_test,,Barbara_Brezigar_0001,Barbara_Brezigar_0002,Barbara_Brezigar,Barbara_Brezigar,true,0.65325528383255,0.832760214805603,True
dev_test_0047,dev_test,,Begum_Khaleda_Zia_0001,Begum_Khaleda_Zia_0002,Begum_Khaleda_Zia,Begum_Khaleda_Zia,true,0.6379083395004272,0.8509896397590637,True
dev_test_0048,dev_test,,Ben_Affleck_0001,Ben_Affleck_0003,Ben_Affleck,Ben_Affleck,true,0.7293790578842163,0.7356914281845093,True
dev_test_0049,dev_test,,Ben_Affleck_0002,Ben_Affleck_0006,Ben_Affleck,Ben_Affleck,true,0.6637532711029053,0.8200569748878479,True
dev_test_0050,dev_test,,Ben_Affleck_0003,Ben_Affleck_0006,Ben_Affleck,Ben_Affleck,true,0.5897220969200134,0.9058454036712646,True
dev_test_0051,dev_test,,Bertie_Ahern_0002,Bertie_Ahern_0003,Bertie_Ahern,Bertie_Ahern,true,0.683293879032135,0.7958720326423645,True
dev_test_0052,dev_test,,Bill_Frist_0001,Bill_Frist_0003,Bill_Frist,Bill_Frist,true,0.7418552041053772,0.718532919883728,True
dev_test_0053,dev_test,,Bill_Frist_0002,Bill_Frist_0007,Bill_Frist,Bill_Frist,true,0.7391356825828552,0.7223080396652222,True
dev_test_0054,dev_test,,Bill_Frist_0003,Bill_Frist_0008,Bill_Frist,Bill_Frist,true,0.6132421493530273,0.8794974088668823,True
dev_test_0055,dev_test,,Bill_McBride_0002,Bill_McBride_0006,Bill_McBride,Bill_McBride,true,0.6458355784416199,0.8416227698326111,True
dev_test_0056,dev_test,,Bill_McBride_0002,Bill_McBride_0010,Bill_McBride,Bill_McBride,true,0.692632257938385,0.7840507626533508,True
dev_test_0057,dev_test,,Bill_McBride_0003,Bill_McBride_0009,Bill_McBride,Bill_McBride,true,0.7417490482330322,0.718680739402771,True
dev_test_0058,dev_test,,Bill_Sizemore_0001,Bill_Sizemore_0002,Bill_Sizemore,Bill_Sizemore,true,0.7475810050964355,0.7105196714401245,True
dev_test_0059,dev_test,,Bono_0001,Bono_0002,Bono,Bono,true,0.5633203387260437,0.9345369935035706,True
dev_test_0060,dev_test,,Bono_0001,Bono_0003,Bono,Bono,true,0.3933022916316986,1.101542353630066,True
dev_test_0061,dev_test,,Bono_0002,Bono_0003,Bono,Bono,true,0.4569222331047058,1.0421879291534424,True
dev_test_0062,dev_test,,Brian_Cowen_0001,Brian_Cowen_0002,Brian_Cowen,Brian_Cowen,true,0.7936397790908813,0.6424332857131958,True
dev_test_0063,dev_test,,Bridget_Fonda_0001,Bridget_Fonda_0003,Bridget_Fonda,Bridget_Fonda,true,0.6525923013687134,0.8335559368133545,True
dev_test_0064,dev_test,,Bridgette_Wilson-Sampras_0001,Bridgette_Wilson-Sampras_0002,Bridgette_Wilson-Sampras,Bridgette_Wilson-Sampras,true,0.5027022361755371,0.9972941875457764,True
dev_test_0065,dev_test,,Butch_Davis_0001,Butch_Davis_0002,Butch_Davis,Butch_Davis,true,0.7350298762321472,0.7279701232910156,True
dev_test_0066,dev_test,,Calista_Flockhart_0002,Calista_Flockhart_0006,Calista_Flockhart,Calista_Flockhart,true,0.6503618955612183,0.8362273573875427,True
dev_test_0067,dev_test,,Candice_Bergen_0001,Candice_Bergen_0003,Candice_Bergen,Candice_Bergen,true,0.5819564461708069,0.9143779873847961,True
dev_test_0068,dev_test,,Carla_Del_Ponte_0002,Carla_Del_Ponte_0004,Carla_Del_Ponte,Carla_Del_Ponte,true,0.6984790563583374,0.7765577435493469,True
dev_test_0069,dev_test,,Carla_Del_Ponte_0004,Carla_Del_Ponte_0005,Carla_Del_Ponte,Carla_Del_Ponte,true,0.7933342456817627,0.6429087519645691,True
dev_test_0070,dev_test,,Carlos_Manuel_Pruneda_0001,Carlos_Manuel_Pruneda_0002,Carlos_Manuel_Pruneda,Carlos_Manuel_Pruneda,true,0.7342084646224976,0.7290974259376526,True
dev_test_0071,dev_test,,Carlos_Manuel_Pruneda_0001,Carlos_Manuel_Pruneda_0003,Carlos_Manuel_Pruneda,Carlos_Manuel_Pruneda,true,0.6950747966766357,0.7809290885925293,True
dev_test_0072,dev_test,,Carlos_Manuel_Pruneda_0002,Carlos_Manuel_Pruneda_0003,Carlos_Manuel_Pruneda,Carlos_Manuel_Pruneda,true,0.7238655090332031,0.7431480288505554,True
dev_test_0073,dev_test,,Carlos_Moya_0007,Carlos_Moya_0011,Carlos_Moya,Carlos_Moya,true,0.7006644606590271,0.773738443851471,True
dev_test_0074,dev_test,,Carlos_Ortega_0001,Carlos_Ortega_0003,Carlos_Ortega,Carlos_Ortega,true,0.6009755730628967,0.8933358788490295,True
dev_test_0075,dev_test,,Carolyn_Dawn_Johnson_0002,Carolyn_Dawn_Johnson_0003,Carolyn_Dawn_Johnson,Carolyn_Dawn_Johnson,true,0.6177407503128052,0.8743674755096436,True
dev_test_0076,dev_test,,Carrie-Anne_Moss_0002,Carrie-Anne_Moss_0005,Carrie-Anne_Moss,Carrie-Anne_Moss,true,0.6854790449142456,0.7931215763092041,True
dev_test_0077,dev_test,,Carson_Daly_0001,Carson_Daly_0002,Carson_Daly,Carson_Daly,true,0.5901508331298828,0.9053719639778137,True
dev_test_0078,dev_test,,Cathy_Freeman_0001,Cathy_Freeman_0002,Cathy_Freeman,Cathy_Freeman,true,0.6050628423690796,0.8887487649917603,True
dev_test_0079,dev_test,,Chanda_Rubin_0002,Chanda_Rubin_0004,Chanda_Rubin,Chanda_Rubin,true,0.6707103848457336,0.8115289807319641,True
dev_test_0080,dev_test,,Chang_Dae-whan_0001,Chang_Dae-whan_0002,Chang_Dae-whan,Chang_Dae-whan,true,0.7595301866531372,0.6934980750083923,True
dev_test_0081,dev_test,,Charles_Taylor_0003,Charles_Taylor_0009,Charles_Taylor,Charles_Taylor,true,0.5675100088119507,0.93004310131073,True
dev_test_0082,dev_test,,Chen_Shui-bian_0003,Chen_Shui-bian_0005,Chen_Shui-bian,Chen_Shui-bian,true,0.6368663311004639,0.8522133231163025,True
dev_test_0083,dev_test,,Chita_Rivera_0001,Chita_Rivera_0002,Chita_Rivera,Chita_Rivera,true,0.7361029386520386,0.726494550704956,True
dev_test_0084,dev_test,,Chok_Tong_Goh_0001,Chok_Tong_Goh_0002,Chok_Tong_Goh,Chok_Tong_Goh,true,0.6538837552070618,0.8320052027702332,True
dev_test_0085,dev_test,,Chris_Bell_0001,Chris_Bell_0002,Chris_Bell,Chris_Bell,true,0.8398054838180542,0.5660291314125061,True
dev_test_0086,dev_test,,Chris_Byrd_0001,Chris_Byrd_0002,Chris_Byrd,Chris_Byrd,true,0.5680994987487793,0.9294089078903198,True
dev_test_0087,dev_test,,Christian_Longo_0001,Christian_Longo_0003,Christian_Longo,Christian_Longo,true,0.8296708464622498,0.5836594700813293,True
dev_test_0088,dev_test,,Christian_Longo_0002,Christian_Longo_0003,Christian_Longo,Christian_Longo,true,0.7387726306915283,0.7228104472160339,True
dev_test_0089,dev_test,,Christian_Wulff_0001,Christian_Wulff_0002,Christian_Wulff,Christian_Wulff,true,0.7596960067749023,0.6932591199874878,True
dev_test_0090,dev_test,,Christine_Ebersole_0001,Christine_Ebersole_0002,Christine_Ebersole,Christine_Ebersole,true,0.7273160815238953,0.7384904026985168,True
dev_test_0091,dev_test,,Christine_Todd_Whitman_0005,Christine_Todd_Whitman_0006,Christine_Todd_Whitman,Christine_Todd_Whitman,true,0.5752737522125244,0.921657383441925,True
dev_test_0092,dev_test,,Christopher_Reeve_0001,Christopher_Reeve_0004,Christopher_Reeve,Christopher_Reeve,true,0.7306914925575256,0.7339052557945251,True
dev_test_0093,dev_test,,Claire_Leger_0001,Claire_Leger_0002,Claire_Leger,Claire_Leger,true,0.7388770580291748,0.7226659655570984,True
dev_test_0094,dev_test,,Condoleezza_Rice_0002,Condoleezza_Rice_0005,Condoleezza_Rice,Condoleezza_Rice,true,0.7202542424201965,0.7479917407035828,True
dev_test_0095,dev_test,,Condoleezza_Rice_0007,Condoleezza_Rice_0010,Condoleezza_Rice,Condoleezza_Rice,true,0.8332759141921997,0.5774497389793396,True
dev_test_0096,dev_test,,Cristina_Fernandez_0001,Cristina_Fernandez_0002,Cristina_Fernandez,Cristina_Fernandez,true,0.002618340775370598,1.4123609066009521,True
dev_test_0097,dev_test,,Dai_Bachtiar_0001,Dai_Bachtiar_0002,Dai_Bachtiar,Dai_Bachtiar,true,0.7019454836845398,0.7720810174942017,True
dev_test_0098,dev_test,,Daisy_Fuentes_0003,Daisy_Fuentes_0004,Daisy_Fuentes,Daisy_Fuentes,true,0.6610304117202759,0.8233707547187805,True
dev_test_0099,dev_test,,Dave_Campo_0001,Dave_Campo_0002,Dave_Campo,Dave_Campo,true,0.6348852515220642,0.8545346260070801,True
dev_test_0100,dev_test,,Dave_Campo_0002,Dave_Campo_0003,Dave_Campo,Dave_Campo,true,0.5731476545333862,0.9239614009857178,True
dev_test_0101,dev_test,,David_Stern_0001,David_Stern_0004,David_Stern,David_Stern,true,0.8081062436103821,0.6195059418678284,True
dev_test_0102,dev_test,,David_Stern_0003,David_Stern_0004,David_Stern,David_Stern,true,0.7802479267120361,0.6629512310028076,True
dev_test_0103,dev_test,,Denise_Johnson_0001,Denise_Johnson_0002,Denise_Johnson,Denise_Johnson,true,0.23489613831043243,1.2370156049728394,True
dev_test_0104,dev_test,,Dennis_Powell_0001,Dennis_Powell_0002,Dennis_Powell,Dennis_Powell,true,0.6468704342842102,0.8403922915458679,True
dev_test_0105,dev_test,,Denzel_Washington_0001,Denzel_Washington_0003,Denzel_Washington,Denzel_Washington,true,0.6795132160186768,0.8006083965301514,True
dev_test_0106,dev_test,,Denzel_Washington_0002,Denzel_Washington_0004,Denzel_Washington,Denzel_Washington,true,0.5763933658599854,0.9204419255256653,True
dev_test_0107,dev_test,,Denzel_Washington_0002,Denzel_Washington_0005,Denzel_Washington,Denzel_Washington,true,0.7042892575263977,0.7690393924713135,True
dev_test_0108,dev_test,,Derek_Jeter_0002,Derek_Jeter_0003,Derek_Jeter,Derek_Jeter,true,0.574156641960144,0.9228687882423401,True
dev_test_0109,dev_test,,Diane_Green_0001,Diane_Green_0002,Diane_Green,Diane_Green,true,0.6660765409469604,0.8172190189361572,True
dev_test_0110,dev_test,,Dick_Clark_0001,Dick_Clark_0002,Dick_Clark,Dick_Clark,true,0.620160698890686,0.8715954422950745,True
dev_test_0111,dev_test,,Dick_Clark_0001,Dick_Clark_0003,Dick_Clark,Dick_Clark,true,0.6886459589004517,0.7891186475753784,True
dev_test_0112,dev_test,,Dick_Clark_0002,Dick_Clark_0003,Dick_Clark,Dick_Clark,true,0.5600075721740723,0.9380751848220825,True
dev_test_0113,dev_test,,Dick_Vermeil_0001,Dick_Vermeil_0002,Dick_Vermeil,Dick_Vermeil,true,0.572067379951477,0.9251298308372498,True
dev_test_0114,dev_test,,Dominique_de_Villepin_0003,Dominique_de_Villepin_0005,Dominique_de_Villepin,Dominique_de_Villepin,true,0.5509894490242004,0.9476397633552551,True
dev_test_0115,dev_test,,Dominique_de_Villepin_0007,Dominique_de_Villepin_0011,Dominique_de_Villepin,Dominique_de_Villepin,true,0.5930052995681763,0.9022136330604553,True
dev_test_0116,dev_test,,Dominique_de_Villepin_0014,Dominique_de_Villepin_0015,Dominique_de_Villepin,Dominique_de_Villepin,true,0.8759715557098389,0.49805304408073425,True
dev_test_0117,dev_test,,Donald_Pettit_0001,Donald_Pettit_0002,Donald_Pettit,Donald_Pettit,true,0.611686646938324,0.881264328956604,True
dev_test_0118,dev_test,,Donald_Pettit_0002,Donald_Pettit_0003,Donald_Pettit,Donald_Pettit,true,0.6504923105239868,0.8360714316368103,True
dev_test_0119,dev_test,,Donald_Rumsfeld_0022,Donald_Rumsfeld_0036,Donald_Rumsfeld,Donald_Rumsfeld,true,0.6713747978210449,0.8107098340988159,True
dev_test_0120,dev_test,,Donald_Rumsfeld_0028,Donald_Rumsfeld_0108,Donald_Rumsfeld,Donald_Rumsfeld,true,0.6505734920501709,0.8359743356704712,True
dev_test_0121,dev_test,,Donald_Rumsfeld_0041,Donald_Rumsfeld_0048,Donald_Rumsfeld,Donald_Rumsfeld,true,,,False
dev_test_0122,dev_test,,Doug_Collins_0001,Doug_Collins_0002,Doug_Collins,Doug_Collins,true,,,False
dev_test_0123,dev_test,,Edward_Lu_0002,Edward_Lu_0004,Edward_Lu,Edward_Lu,true,0.6238375902175903,0.86736661195755,True
dev_test_0124,dev_test,,Edward_Norton_0001,Edward_Norton_0002,Edward_Norton,Edward_Norton,true,0.6002143025398254,0.8941875696182251,True
dev_test_0125,dev_test,,Edwin_Edwards_0001,Edwin_Edwards_0002,Edwin_Edwards,Edwin_Edwards,true,0.5792339444160461,0.9173506498336792,True
dev_test_0126,dev_test,,Edwin_Edwards_0002,Edwin_Edwards_0003,Edwin_Edwards,Edwin_Edwards,true,0.5359516739845276,0.9633777737617493,True
dev_test_0127,dev_test,,Eliane_Karp_0001,Eliane_Karp_0004,Eliane_Karp,Eliane_Karp,true,0.48503345251083374,1.0148561000823975,True
dev_test_0128,dev_test,,Eliane_Karp_0002,Eliane_Karp_0003,Eliane_Karp,Eliane_Karp,true,0.6240467429161072,0.8671255111694336,True
dev_test_0129,dev_test,,Elin_Nordegren_0001,Elin_Nordegren_0002,Elin_Nordegren,Elin_Nordegren,true,0.5898905992507935,0.9056593179702759,True
dev_test_0130,dev_test,,Elinor_Caplan_0001,Elinor_Caplan_0002,Elinor_Caplan,Elinor_Caplan,true,0.7676170468330383,0.68173748254776,True
dev_test_0131,dev_test,,Elisabeth_Schumacher_0001,Elisabeth_Schumacher_0002,Elisabeth_Schumacher,Elisabeth_Schumacher,true,0.014013940468430519,1.4042692184448242,True
dev_test_0132,dev_test,,Elizabeth_Smart_0001,Elizabeth_Smart_0005,Elizabeth_Smart,Elizabeth_Smart,true,0.566643238067627,0.930974543094635,True
dev_test_0133,dev_test,,Elizabeth_Smart_0003,Elizabeth_Smart_0004,Elizabeth_Smart,Elizabeth_Smart,true,0.5332950949668884,0.9661313891410828,True
dev_test_0134,dev_test,,Elsa_Zylberstein_0001,Elsa_Zylberstein_0002,Elsa_Zylberstein,Elsa_Zylberstein,true,0.5430045127868652,0.9560287594795227,True
dev_test_0135,dev_test,,Elsa_Zylberstein_0001,Elsa_Zylberstein_0005,Elsa_Zylberstein,Elsa_Zylberstein,true,0.5013984441757202,0.9986005425453186,True
dev_test_0136,dev_test,,Elsa_Zylberstein_0003,Elsa_Zylberstein_0006,Elsa_Zylberstein,Elsa_Zylberstein,true,0.7402288317680359,0.7207928895950317,True
dev_test_0137,dev_test,,Emma_Watson_0001,Emma_Watson_0004,Emma_Watson,Emma_Watson,true,0.6846936345100403,0.7941112518310547,True
dev_test_0138,dev_test,,Emma_Watson_0002,Emma_Watson_0003,Emma_Watson,Emma_Watson,true,0.738772451877594,0.7228105664253235,True
dev_test_0139,dev_test,,Emma_Watson_0003,Emma_Watson_0005,Emma_Watson,Emma_Watson,true,0.6953861713409424,0.7805303931236267,True
dev_test_0140,dev_test,,Erik_Morales_0001,Erik_Morales_0003,Erik_Morales,Erik_Morales,true,0.7629879713058472,0.688494086265564,True
dev_test_0141,dev_test,,Erika_Christensen_0001,Erika_Christensen_0002,Erika_Christensen,Erika_Christensen,true,0.6088643074035645,0.8844610452651978,True
dev_test_0142,dev_test,,Erin_Runnion_0003,Erin_Runnion_0004,Erin_Runnion,Erin_Runnion,true,0.6235320568084717,0.8677188754081726,True
dev_test_0143,dev_test,,Ernie_Fletcher_0001,Ernie_Fletcher_0002,Ernie_Fletcher,Ernie_Fletcher,true,0.7867479920387268,0.653072714805603,True
dev_test_0144,dev_test,,Fabiola_Zuluaga_0001,Fabiola_Zuluaga_0002,Fabiola_Zuluaga,Fabiola_Zuluaga,true,0.6739813089370728,0.8074882626533508,True
dev_test_0145,dev_test,,Felipe_Perez_Roque_0001,Felipe_Perez_Roque_0004,Felipe_Perez_Roque,Felipe_Perez_Roque,true,0.7155930399894714,0.7541975378990173,True
dev_test_0146,dev_test,,Felipe_Perez_Roque_0002,Felipe_Perez_Roque_0004,Felipe_Perez_Roque,Felipe_Perez_Roque,true,0.7564785480499268,0.6978845596313477,True
dev_test_0147,dev_test,,Fernando_Vargas_0002,Fernando_Vargas_0004,Fernando_Vargas,Fernando_Vargas,true,0.3561271131038666,1.1347888708114624,True
dev_test_0148,dev_test,,Flor_Montulo_0001,Flor_Montulo_0002,Flor_Montulo,Flor_Montulo,true,0.34711623191833496,1.1427018642425537,True
dev_test_0149,dev_test,,Frank_Cassell_0001,Frank_Cassell_0002,Frank_Cassell,Frank_Cassell,true,0.6284468173980713,0.8620362877845764,True
dev_test_0150,dev_test,,Frank_Dunham_Jr_0001,Frank_Dunham_Jr_0002,Frank_Dunham_Jr,Frank_Dunham_Jr,true,0.70326167345047,0.7703744173049927,True
dev_test_0151,dev_test,,Gao_Qiang_0001,Gao_Qiang_0002,Gao_Qiang,Gao_Qiang,true,0.7845385074615479,0.6564472913742065,True
dev_test_0152,dev_test,,Garry_Trudeau_0001,Garry_Trudeau_0002,Garry_Trudeau,Garry_Trudeau,true,0.7169042229652405,0.7524571418762207,True
dev_test_0153,dev_test,,Gary_Doer_0001,Gary_Doer_0002,Gary_Doer,Gary_Doer,true,0.6054431796073914,0.888320803642273,True
dev_test_0154,dev_test,,Gary_Doer_0001,Gary_Doer_0003,Gary_Doer,Gary_Doer,true,0.5866718292236328,0.9092065691947937,True
dev_test_0155,dev_test,,Gary_Doer_0002,Gary_Doer_0003,Gary_Doer,Gary_Doer,true,0.5887621641159058,0.9069045186042786,True
dev_test_0156,dev_test,,Gary_Winnick_0001,Gary_Winnick_0002,Gary_Winnick,Gary_Winnick,true,0.6065863370895386,0.8870327472686768,True
dev_test_0157,dev_test,,Gene_Robinson_0002,Gene_Robinson_0004,Gene_Robinson,Gene_Robinson,true,0.7889670133590698,0.6496659517288208,True
dev_test_0158,dev_test,,George_Foreman_0001,George_Foreman_0002,George_Foreman,George_Foreman,true,0.6700513958930969,0.8123405575752258,True
dev_test_0159,dev_test,,George_Karl_0001,George_Karl_0002,George_Karl,George_Karl,true,0.6393830180168152,0.8492549657821655,True
dev_test_0160,dev_test,,George_Robertson_0005,George_Robertson_0020,George_Robertson,George_Robertson,true,0.7473611235618591,0.7108290195465088,True
dev_test_0161,dev_test,,George_Robertson_0012,George_Robertson_0019,George_Robertson,George_Robertson,true,0.722835123538971,0.7445333003997803,True
dev_test_0162,dev_test,,George_Robertson_0015,George_Robertson_0022,George_Robertson,George_Robertson,true,0.6779875755310059,0.8025115728378296,True
dev_test_0163,dev_test,,Georgi_Parvanov_0001,Georgi_Parvanov_0002,Georgi_Parvanov,Georgi_Parvanov,true,0.6635071635246277,0.820357084274292,True
dev_test_0164,dev_test,,Geraldine_Chaplin_0001,Geraldine_Chaplin_0003,Geraldine_Chaplin,Geraldine_Chaplin,true,0.7083477973937988,0.7637436985969543,True
dev_test_0165,dev_test,,Gerhard_Schroeder_0003,Gerhard_Schroeder_0026,Gerhard_Schroeder,Gerhard_Schroeder,true,0.6416411399841309,0.8465917110443115,True
dev_test_0166,dev_test,,Gerry_Adams_0003,Gerry_Adams_0007,Gerry_Adams,Gerry_Adams,true,0.6782566905021667,0.8021762371063232,True
dev_test_0167,dev_test,,Gerry_Adams_0005,Gerry_Adams_0008,Gerry_Adams,Gerry_Adams,true,0.7529515624046326,0.7029201984405518,True
dev_test_0168,dev_test,,Gilberto_Rodriguez_Orejuela_0001,Gilberto_Rodriguez_Orejuela_0003,Gilberto_Rodriguez_Orejuela,Gilberto_Rodriguez_Orejuela,true,0.7164941430091858,0.7530018091201782,True
dev_test_0169,dev_test,,Gilberto_Rodriguez_Orejuela_0002,Gilberto_Rodriguez_Orejuela_0004,Gilberto_Rodriguez_Orejuela,Gilberto_Rodriguez_Orejuela,true,0.6769399046897888,0.8038160800933838,True
dev_test_0170,dev_test,,Gilberto_Rodriguez_Orejuela_0003,Gilberto_Rodriguez_Orejuela_0004,Gilberto_Rodriguez_Orejuela,Gilberto_Rodriguez_Orejuela,true,0.6787883639335632,0.8015132546424866,True
dev_test_0171,dev_test,,Giuseppe_Gibilisco_0002,Giuseppe_Gibilisco_0004,Giuseppe_Gibilisco,Giuseppe_Gibilisco,true,0.7304067015647888,0.7342933416366577,True
dev_test_0172,dev_test,,Giuseppe_Gibilisco_0003,Giuseppe_Gibilisco_0004,Giuseppe_Gibilisco,Giuseppe_Gibilisco,true,0.690130889415741,0.7872345447540283,True
dev_test_0173,dev_test,,Glafcos_Clerides_0001,Glafcos_Clerides_0004,Glafcos_Clerides,Glafcos_Clerides,true,0.7469888925552368,0.7113523483276367,True
dev_test_0174,dev_test,,Gordon_Brown_0004,Gordon_Brown_0011,Gordon_Brown,Gordon_Brown,true,0.5319274663925171,0.9675459861755371,True
dev_test_0175,dev_test,,Gordon_Campbell_0001,Gordon_Campbell_0002,Gordon_Campbell,Gordon_Campbell,true,0.6394292116165161,0.8492006063461304,True
dev_test_0176,dev_test,,Gray_Davis_0006,Gray_Davis_0023,Gray_Davis,Gray_Davis,true,0.6991177201271057,0.7757349014282227,True
dev_test_0177,dev_test,,Gray_Davis_0013,Gray_Davis_0023,Gray_Davis,Gray_Davis,true,0.6615546941757202,0.8227337002754211,True
dev_test_0178,dev_test,,Greg_Gilbert_0001,Greg_Gilbert_0002,Greg_Gilbert,Greg_Gilbert,true,0.738100528717041,0.7237395644187927,True
dev_test_0179,dev_test,,Greg_Ostertag_0001,Greg_Ostertag_0002,Greg_Ostertag,Greg_Ostertag,true,0.05226397514343262,1.3767614364624023,True
dev_test_0180,dev_test,,Gregory_Hines_0001,Gregory_Hines_0002,Gregory_Hines,Gregory_Hines,true,0.7430550456047058,0.7168611884117126,True
dev_test_0181,dev_test,,Gus_Van_Sant_0001,Gus_Van_Sant_0002,Gus_Van_Sant,Gus_Van_Sant,true,0.7824647426605225,0.6595988273620605,True
dev_test_0182,dev_test,,Gwendal_Peizerat_0001,Gwendal_Peizerat_0002,Gwendal_Peizerat,Gwendal_Peizerat,true,0.7406858205795288,0.720158576965332,True
dev_test_0183,dev_test,,Gwyneth_Paltrow_0004,Gwyneth_Paltrow_0005,Gwyneth_Paltrow,Gwyneth_Paltrow,true,0.6467689275741577,0.8405131697654724,True
dev_test_0184,dev_test,,Harry_Kalas_0001,Harry_Kalas_0002,Harry_Kalas,Harry_Kalas,true,0.5474556088447571,0.9513615965843201,True
dev_test_0185,dev_test,,Hassan_Wirajuda_0001,Hassan_Wirajuda_0002,Hassan_Wirajuda,Hassan_Wirajuda,true,0.6749130487442017,0.8063337206840515,True
dev_test_0186,dev_test,,Heather_Mills_0003,Heather_Mills_0004,Heather_Mills,Heather_Mills,true,0.7516787052154541,0.7047286629676819,True
dev_test_0187,dev_test,,Heidi_Fleiss_0001,Heidi_Fleiss_0003,Heidi_Fleiss,Heidi_Fleiss,true,0.5263686180114746,0.9732742309570312,True
dev_test_0188,dev_test,,Heidi_Fleiss_0001,Heidi_Fleiss_0004,Heidi_Fleiss,Heidi_Fleiss,true,0.4781210422515869,1.0216447114944458,True
dev_test_0189,dev_test,,Hermann_Maier_0001,Hermann_Maier_0002,Hermann_Maier,Hermann_Maier,true,0.6116717457771301,0.8812812566757202,True
dev_test_0190,dev_test,,Horst_Koehler_0001,Horst_Koehler_0003,Horst_Koehler,Horst_Koehler,true,0.6168664693832397,0.8753669261932373,True
dev_test_0191,dev_test,,Ian_Thorpe_0002,Ian_Thorpe_0007,Ian_Thorpe,Ian_Thorpe,true,0.5422357320785522,0.9568327069282532,True
dev_test_0192,dev_test,,Ian_Thorpe_0003,Ian_Thorpe_0010,Ian_Thorpe,Ian_Thorpe,true,0.5807912349700928,0.9156514406204224,True
dev_test_0193,dev_test,,Ian_Thorpe_0006,Ian_Thorpe_0008,Ian_Thorpe,Ian_Thorpe,true,0.7391812205314636,0.7222448587417603,True
dev_test_0194,dev_test,,Isabella_Rossellini_0001,Isabella_Rossellini_0002,Isabella_Rossellini,Isabella_Rossellini,true,0.6361982226371765,0.852996826171875,True
dev_test_0195,dev_test,,Isabelle_Huppert_0001,Isabelle_Huppert_0002,Isabelle_Huppert,Isabelle_Huppert,true,0.527783215045929,0.9718197584152222,True
dev_test_0196,dev_test,,Ismail_Merchant_0001,Ismail_Merchant_0002,Ismail_Merchant,Ismail_Merchant,true,0.7086169719696045,0.7633911371231079,True
dev_test_0197,dev_test,,Jack_Grubman_0001,Jack_Grubman_0002,Jack_Grubman,Jack_Grubman,true,0.8515578508377075,0.5448710322380066,True
dev_test_0198,dev_test,,Jack_Nicholson_0002,Jack_Nicholson_0003,Jack_Nicholson,Jack_Nicholson,true,0.586371898651123,0.9095362424850464,True
dev_test_0199,dev_test,,Jacques_Chirac_0022,Jacques_Chirac_0044,Jacques_Chirac,Jacques_Chirac,true,0.7262219190597534,0.7399703860282898,True
dev_test_0200,dev_test,,Jacques_Chirac_0030,Jacques_Chirac_0033,Jacques_Chirac,Jacques_Chirac,true,0.6331089735031128,0.8566107153892517,True
dev_test_0201,dev_test,,Jacques_Chirac_0031,Jacques_Chirac_0052,Jacques_Chirac,Jacques_Chirac,true,0.7397589087486267,0.7214444875717163,True
dev_test_0202,dev_test,,Jacques_Rogge_0004,Jacques_Rogge_0006,Jacques_Rogge,Jacques_Rogge,true,0.7132753133773804,0.7572644352912903,True
dev_test_0203,dev_test,,Jake_Gyllenhaal_0002,Jake_Gyllenhaal_0004,Jake_Gyllenhaal,Jake_Gyllenhaal,true,0.6374374628067017,0.8515427708625793,True
dev_test_0204,dev_test,,Jake_Gyllenhaal_0003,Jake_Gyllenhaal_0004,Jake_Gyllenhaal,Jake_Gyllenhaal,true,0.7539569735527039,0.7014886140823364,True
dev_test_0205,dev_test,,James_Butts_0001,James_Butts_0002,James_Butts,James_Butts,true,0.8039102554321289,0.6262422800064087,True
dev_test_0206,dev_test,,James_Franco_0001,James_Franco_0002,James_Franco,James_Franco,true,0.6331329345703125,0.8565828204154968,True
dev_test_0207,dev_test,,James_Kelly_0004,James_Kelly_0011,James_Kelly,James_Kelly,true,0.7437488436698914,0.7158926129341125,True
dev_test_0208,dev_test,,James_Kelly_0009,James_Kelly_0011,James_Kelly,James_Kelly,true,0.6739879846572876,0.8074800372123718,True
dev_test_0209,dev_test,,James_Kopp_0001,James_Kopp_0003,James_Kopp,James_Kopp,true,0.7181888818740845,0.7507476806640625,True
dev_test_0210,dev_test,,James_Kopp_0002,James_Kopp_0003,James_Kopp,James_Kopp,true,0.584686815738678,0.9113871455192566,True
dev_test_0211,dev_test,,James_Maguire_0001,James_Maguire_0002,James_Maguire,James_Maguire,true,0.7682892084121704,0.6807509064674377,True
dev_test_0212,dev_test,,James_Smith_0001,James_Smith_0002,James_Smith,James_Smith,true,0.7607494592666626,0.691737711429596,True
dev_test_0213,dev_test,,Jan_Ullrich_0002,Jan_Ullrich_0003,Jan_Ullrich,Jan_Ullrich,true,0.885568380355835,0.4783965051174164,True
dev_test_0214,dev_test,,Jan_Ullrich_0002,Jan_Ullrich_0005,Jan_Ullrich,Jan_Ullrich,true,0.6512628793716431,0.8351492881774902,True
dev_test_0215,dev_test,,Janica_Kostelic_0001,Janica_Kostelic_0002,Janica_Kostelic,Janica_Kostelic,true,0.18045906722545624,1.2802664041519165,True
dev_test_0216,dev_test,,Javier_Weber_0001,Javier_Weber_0002,Javier_Weber,Javier_Weber,true,0.6178481578826904,0.8742445707321167,True
dev_test_0217,dev_test,,Javier_Weber_0001,Javier_Weber_0003,Javier_Weber,Javier_Weber,true,0.6608399748802185,0.8236017823219299,True
dev_test_0218,dev_test,,Jean-Claude_Juncker_0001,Jean-Claude_Juncker_0002,Jean-Claude_Juncker,Jean-Claude_Juncker,true,0.6706392168998718,0.8116166591644287,True
dev_test_0219,dev_test,,Jean-Claude_Trichet_0001,Jean-Claude_Trichet_0002,Jean-Claude_Trichet,Jean-Claude_Trichet,true,0.6719974875450134,0.8099413514137268,True
dev_test_0220,dev_test,,Jean-Marc_de_La_Sabliere_0001,Jean-Marc_de_La_Sabliere_0002,Jean-Marc_de_La_Sabliere,Jean-Marc_de_La_Sabliere,true,0.6379563808441162,0.8509332537651062,True
dev_test_0221,dev_test,,Jean-Pierre_Raffarin_0002,Jean-Pierre_Raffarin_0006,Jean-Pierre_Raffarin,Jean-Pierre_Raffarin,true,0.5719000101089478,0.9253107905387878,True
dev_test_0222,dev_test,,Jean_Carnahan_0001,Jean_Carnahan_0002,Jean_Carnahan,Jean_Carnahan,true,0.5524500608444214,0.946097195148468,True
dev_test_0223,dev_test,,Jefferson_Perez_0001,Jefferson_Perez_0002,Jefferson_Perez,Jefferson_Perez,true,0.5755382776260376,0.9213705658912659,True
dev_test_0224,dev_test,,Jennifer_Capriati_0003,Jennifer_Capriati_0013,Jennifer_Capriati,Jennifer_Capriati,true,0.6503650546073914,0.8362236618995667,True
dev_test_0225,dev_test,,Jennifer_Capriati_0024,Jennifer_Capriati_0029,Jennifer_Capriati,Jennifer_Capriati,true,0.6397539377212524,0.8488181233406067,True
dev_test_0226,dev_test,,Jennifer_Connelly_0001,Jennifer_Connelly_0004,Jennifer_Connelly,Jennifer_Connelly,true,0.6581515669822693,0.826859712600708,True
dev_test_0227,dev_test,,Jennifer_Connelly_0003,Jennifer_Connelly_0004,Jennifer_Connelly,Jennifer_Connelly,true,0.8193629384040833,0.6010608077049255,True
dev_test_0228,dev_test,,Jennifer_Keller_0002,Jennifer_Keller_0004,Jennifer_Keller,Jennifer_Keller,true,0.7088381052017212,0.7631015181541443,True
dev_test_0229,dev_test,,Jennifer_Keller_0003,Jennifer_Keller_0004,Jennifer_Keller,Jennifer_Keller,true,0.7040796875953674,0.7693119049072266,True
dev_test_0230,dev_test,,Jeong_Se-hyun_0004,Jeong_Se-hyun_0005,Jeong_Se-hyun,Jeong_Se-hyun,true,0.47863996028900146,1.0211366415023804,True
dev_test_0231,dev_test,,Jeremy_Shockey_0001,Jeremy_Shockey_0002,Jeremy_Shockey,Jeremy_Shockey,true,0.8473032712936401,0.5526243448257446,True
dev_test_0232,dev_test,,Jesse_Ventura_0001,Jesse_Ventura_0003,Jesse_Ventura,Jesse_Ventura,true,0.7197496294975281,0.7486661076545715,True
dev_test_0233,dev_test,,Jessica_Lange_0001,Jessica_Lange_0002,Jessica_Lange,Jessica_Lange,true,0.6542482972145081,0.8315668702125549,True
dev_test_0234,dev_test,,Jiang_Zemin_0002,Jiang_Zemin_0017,Jiang_Zemin,Jiang_Zemin,true,0.7546203136444092,0.700542151927948,True
dev_test_0235,dev_test,,Jiang_Zemin_0012,Jiang_Zemin_0015,Jiang_Zemin,Jiang_Zemin,true,0.7552383542060852,0.6996594071388245,True
dev_test_0236,dev_test,,Jim_Harrick_0001,Jim_Harrick_0002,Jim_Harrick,Jim_Harrick,true,0.7058557271957397,0.7669998407363892,True
dev_test_0237,dev_test,,Jimmy_Carter_0001,Jimmy_Carter_0009,Jimmy_Carter,Jimmy_Carter,true,0.7945230603218079,0.641057014465332,True
dev_test_0238,dev_test,,Jimmy_Carter_0004,Jimmy_Carter_0008,Jimmy_Carter,Jimmy_Carter,true,0.7848187685012817,0.6560201644897461,True
dev_test_0239,dev_test,,Jimmy_Carter_0008,Jimmy_Carter_0009,Jimmy_Carter,Jimmy_Carter,true,0.7497155070304871,0.7075089812278748,True
dev_test_0240,dev_test,,Joe_Mantello_0001,Joe_Mantello_0002,Joe_Mantello,Joe_Mantello,true,0.7463657259941101,0.7122279405593872,True
dev_test_0241,dev_test,,Joe_Nichols_0001,Joe_Nichols_0003,Joe_Nichols,Joe_Nichols,true,0.7179890275001526,0.7510139346122742,True
dev_test_0242,dev_test,,Joe_Nichols_0003,Joe_Nichols_0004,Joe_Nichols,Joe_Nichols,true,0.8749952912330627,0.5000095367431641,True
dev_test_0243,dev_test,,John_Bolton_0003,John_Bolton_0010,John_Bolton,John_Bolton,true,0.7748287916183472,0.6710756421089172,True
dev_test_0244,dev_test,,John_Bolton_0004,John_Bolton_0014,John_Bolton,John_Bolton,true,0.7331490516662598,0.7305490970611572,True
dev_test_0245,dev_test,,John_Bolton_0005,John_Bolton_0013,John_Bolton,John_Bolton,true,0.720927894115448,0.7470905184745789,True
dev_test_0246,dev_test,,John_Bolton_0011,John_Bolton_0014,John_Bolton,John_Bolton,true,0.7837048768997192,0.657715916633606,True
dev_test_0247,dev_test,,John_Garamendi_0001,John_Garamendi_0002,John_Garamendi,John_Garamendi,true,0.6682921648025513,0.8145033121109009,True
dev_test_0248,dev_test,,John_McCallum_0001,John_McCallum_0002,John_McCallum,John_McCallum,true,0.6063655614852905,0.8872817754745483,True
dev_test_0249,dev_test,,John_Negroponte_0004,John_Negroponte_0017,John_Negroponte,John_Negroponte,true,0.09530182182788849,1.3451380729675293,True
dev_test_0250,dev_test,,John_Rowland_0001,John_Rowland_0002,John_Rowland,John_Rowland,true,0.622016429901123,0.8694638013839722,True
dev_test_0251,dev_test,,John_Stallworth_0001,John_Stallworth_0002,John_Stallworth,John_Stallworth,true,0.4935658872127533,1.006413459777832,True
dev_test_0252,dev_test,,John_Travolta_0004,John_Travolta_0005,John_Travolta,John_Travolta,true,0.609350323677063,0.8839114904403687,True
dev_test_0253,dev_test,,John_Walsh_0001,John_Walsh_0002,John_Walsh,John_Walsh,true,0.701101541519165,0.7731732726097107,True
dev_test_0254,dev_test,,Johnny_Carson_0001,Johnny_Carson_0002,Johnny_Carson,Johnny_Carson,true,0.6252016425132751,0.8657926321029663,True
dev_test_0255,dev_test,,Jorge_Castaneda_0001,Jorge_Castaneda_0002,Jorge_Castaneda,Jorge_Castaneda,true,0.7002856731414795,0.7742278575897217,True
dev_test_0256,dev_test,,Jose_Dirceu_0001,Jose_Dirceu_0002,Jose_Dirceu,Jose_Dirceu,true,0.6453678607940674,0.8421782851219177,True
dev_test_0257,dev_test,,Joseph_Deiss_0001,Joseph_Deiss_0002,Joseph_Deiss,Joseph_Deiss,true,0.8368943333625793,0.5711491107940674,True
dev_test_0258,dev_test,,Judi_Dench_0001,Judi_Dench_0002,Judi_Dench,Judi_Dench,true,0.5964589715003967,0.898377537727356,True
dev_test_0259,dev_test,,Julie_Gerberding_0007,Julie_Gerberding_0012,Julie_Gerberding,Julie_Gerberding,true,0.7025026679039001,0.7713591456413269,True
dev_test_0260,dev_test,,Julie_Gerberding_0008,Julie_Gerberding_0012,Julie_Gerberding,Julie_Gerberding,true,0.7271890044212341,0.7386623620986938,True
dev_test_0261,dev_test,,Justin_Leonard_0001,Justin_Leonard_0003,Justin_Leonard,Justin_Leonard,true,0.7520664930343628,0.7041783332824707,True
dev_test_0262,dev_test,,Justine_Henin_0001,Justine_Henin_0003,Justine_Henin,Justine_Henin,true,0.6233339905738831,0.8679470419883728,True
dev_test_0263,dev_test,,Justine_Henin_0002,Justine_Henin_0003,Justine_Henin,Justine_Henin,true,0.6172581315040588,0.8749193549156189,True
dev_test_0264,dev_test,,Kamal_Kharrazi_0003,Kamal_Kharrazi_0005,Kamal_Kharrazi,Kamal_Kharrazi,true,0.8110327124595642,0.6147639155387878,True
dev_test_0265,dev_test,,Keith_Bogans_0002,Keith_Bogans_0003,Keith_Bogans,Keith_Bogans,true,0.8104639053344727,0.6156883835792542,True
dev_test_0266,dev_test,,Kenneth_Evans_0001,Kenneth_Evans_0002,Kenneth_Evans,Kenneth_Evans,true,0.865594744682312,0.5184694528579712,True
dev_test_0267,dev_test,,Kim_Yong-il_0001,Kim_Yong-il_0002,Kim_Yong-il,Kim_Yong-il,true,0.6556013226509094,0.8299381732940674,True
dev_test_0268,dev_test,,King_Abdullah_II_0001,King_Abdullah_II_0002,King_Abdullah_II,King_Abdullah_II,true,0.7825788855552673,0.6594257950782776,True
dev_test_0269,dev_test,,King_Abdullah_II_0001,King_Abdullah_II_0003,King_Abdullah_II,King_Abdullah_II,true,0.76249760389328,0.689206063747406,True
dev_test_0270,dev_test,,King_Abdullah_II_0001,King_Abdullah_II_0004,King_Abdullah_II,King_Abdullah_II,true,0.7356420159339905,0.7271287441253662,True
dev_test_0271,dev_test,,King_Abdullah_II_0002,King_Abdullah_II_0003,King_Abdullah_II,King_Abdullah_II,true,0.6310775876045227,0.8589789867401123,True
dev_test_0272,dev_test,,Kjell_Magne_Bondevik_0001,Kjell_Magne_Bondevik_0002,Kjell_Magne_Bondevik,Kjell_Magne_Bondevik,true,0.6239055395126343,0.8672882318496704,True
dev_test_0273,dev_test,,Kosuke_Kitajima_0001,Kosuke_Kitajima_0002,Kosuke_Kitajima,Kosuke_Kitajima,true,0.6498549580574036,0.8368333578109741,True
dev_test_0274,dev_test,,Kristen_Breitweiser_0001,Kristen_Breitweiser_0002,Kristen_Breitweiser,Kristen_Breitweiser,true,0.8694160580635071,0.5110457539558411,True
dev_test_0275,dev_test,,Kristin_Davis_0001,Kristin_Davis_0002,Kristin_Davis,Kristin_Davis,true,0.8677893877029419,0.5142191052436829,True
dev_test_0276,dev_test,,Kristin_Davis_0002,Kristin_Davis_0003,Kristin_Davis,Kristin_Davis,true,0.7559121251106262,0.6986958980560303,True
dev_test_0277,dev_test,,Kurt_Warner_0001,Kurt_Warner_0005,Kurt_Warner,Kurt_Warner,true,0.6583433747291565,0.8266276121139526,True
dev_test_0278,dev_test,,LK_Advani_0001,LK_Advani_0002,LK_Advani,LK_Advani,true,-0.00974351167678833,1.4210865497589111,True
dev_test_0279,dev_test,,LK_Advani_0001,LK_Advani_0003,LK_Advani,LK_Advani,true,0.026728933677077293,1.3951853513717651,True
dev_test_0280,dev_test,,LK_Advani_0002,LK_Advani_0003,LK_Advani,LK_Advani,true,0.6181731820106506,0.8738727569580078,True
dev_test_0281,dev_test,,Larry_Coker_0002,Larry_Coker_0004,Larry_Coker,Larry_Coker,true,0.7149377465248108,0.7550659775733948,True
dev_test_0282,dev_test,,Latrell_Sprewell_0001,Latrell_Sprewell_0002,Latrell_Sprewell,Latrell_Sprewell,true,0.5298342108726501,0.9697068929672241,True
dev_test_0283,dev_test,,Laura_Linney_0001,Laura_Linney_0003,Laura_Linney,Laura_Linney,true,0.6795960068702698,0.8005049824714661,True
dev_test_0284,dev_test,,Lauren_Killian_0001,Lauren_Killian_0002,Lauren_Killian,Lauren_Killian,true,0.7290723323822021,0.7361083030700684,True
dev_test_0285,dev_test,,Laurent_Jalabert_0001,Laurent_Jalabert_0002,Laurent_Jalabert,Laurent_Jalabert,true,0.8027997612953186,0.6280130743980408,True
dev_test_0286,dev_test,,Leonardo_DiCaprio_0001,Leonardo_DiCaprio_0008,Leonardo_DiCaprio,Leonardo_DiCaprio,true,0.7123885750770569,0.7584346532821655,True
dev_test_0287,dev_test,,Leonardo_DiCaprio_0003,Leonardo_DiCaprio_0007,Leonardo_DiCaprio,Leonardo_DiCaprio,true,0.7414221167564392,0.7191355228424072,True
dev_test_0288,dev_test,,Leonid_Kuchma_0001,Leonid_Kuchma_0006,Leonid_Kuchma,Leonid_Kuchma,true,0.775096595287323,0.6706764101982117,True
dev_test_0289,dev_test,,Leonid_Kuchma_0002,Leonid_Kuchma_0003,Leonid_Kuchma,Leonid_Kuchma,true,0.8178322911262512,0.6036021709442139,True
dev_test_0290,dev_test,,Leonid_Kuchma_0002,Leonid_Kuchma_0004,Leonid_Kuchma,Leonid_Kuchma,true,0.7550777792930603,0.6998890042304993,True
dev_test_0291,dev_test,,Leonid_Kuchma_0004,Leonid_Kuchma_0006,Leonid_Kuchma,Leonid_Kuchma,true,0.7028796672821045,0.7708701491355896,True
dev_test_0292,dev_test,,Leslie_Moonves_0001,Leslie_Moonves_0002,Leslie_Moonves,Leslie_Moonves,true,0.7291499972343445,0.7360028028488159,True
dev_test_0293,dev_test,,Leszek_Miller_0002,Leszek_Miller_0003,Leszek_Miller,Leszek_Miller,true,,,False
dev_test_0294,dev_test,,Lino_Oviedo_0001,Lino_Oviedo_0002,Lino_Oviedo,Lino_Oviedo,true,0.8256564736366272,0.5904973149299622,True
dev_test_0295,dev_test,,Lisa_Raymond_0001,Lisa_Raymond_0002,Lisa_Raymond,Lisa_Raymond,true,,,False
dev_test_0296,dev_test,,Liza_Minnelli_0001,Liza_Minnelli_0003,Liza_Minnelli,Liza_Minnelli,true,0.6978549957275391,0.7773609161376953,True
dev_test_0297,dev_test,,Lloyd_Ward_0001,Lloyd_Ward_0002,Lloyd_Ward,Lloyd_Ward,true,0.6596345901489258,0.8250641226768494,True
dev_test_0298,dev_test,,Luciano_Pavarotti_0001,Luciano_Pavarotti_0003,Luciano_Pavarotti,Luciano_Pavarotti,true,0.7913917303085327,0.6459230780601501,True
dev_test_0299,dev_test,,Lucy_Liu_0002,Lucy_Liu_0004,Lucy_Liu,Lucy_Liu,true,0.5066929459571838,0.9932846426963806,True
dev_test_0300,dev_test,,Luis_Figo_0001,Luis_Figo_0002,Luis_Figo,Luis_Figo,true,0.6367309093475342,0.8523721694946289,True
dev_test_0301,dev_test,,Luis_Horna_0001,Luis_Horna_0003,Luis_Horna,Luis_Horna,true,0.7622897028923035,0.6895075440406799,True
dev_test_0302,dev_test,,Luis_Horna_0002,Luis_Horna_0005,Luis_Horna,Luis_Horna,true,0.4921224117279053,1.0078468322753906,True
dev_test_0303,dev_test,,Lynn_Abraham_0001,Lynn_Abraham_0002,Lynn_Abraham,Lynn_Abraham,true,-0.03374452143907547,1.437876582145691,True
dev_test_0304,dev_test,,Mack_Brown_0001,Mack_Brown_0002,Mack_Brown,Mack_Brown,true,0.5880158543586731,0.9077271223068237,True
dev_test_0305,dev_test,,Mahmoud_Abbas_0019,Mahmoud_Abbas_0026,Mahmoud_Abbas,Mahmoud_Abbas,true,0.7404091954231262,0.7205425500869751,True
dev_test_0306,dev_test,,Marcelo_Rios_0001,Marcelo_Rios_0004,Marcelo_Rios,Marcelo_Rios,true,0.71567702293396,0.7540862560272217,True
dev_test_0307,dev_test,,Marcelo_Rios_0002,Marcelo_Rios_0004,Marcelo_Rios,Marcelo_Rios,true,0.6942170858383179,0.7820267677307129,True
dev_test_0308,dev_test,,Marcelo_Rios_0004,Marcelo_Rios_0005,Marcelo_Rios,Marcelo_Rios,true,0.7141889929771423,0.7560569047927856,True
dev_test_0309,dev_test,,Marieta_Chrousala_0001,Marieta_Chrousala_0002,Marieta_Chrousala,Marieta_Chrousala,true,0.7163860201835632,0.7531453967094421,True
dev_test_0310,dev_test,,Marieta_Chrousala_0001,Marieta_Chrousala_0003,Marieta_Chrousala,Marieta_Chrousala,true,0.7312877774238586,0.7330924868583679,True
dev_test_0311,dev_test,,Mario_Cipollini_0001,Mario_Cipollini_0002,Mario_Cipollini,Mario_Cipollini,true,0.7919245958328247,0.645097553730011,True
dev_test_0312,dev_test,,Mark_Dacey_0001,Mark_Dacey_0002,Mark_Dacey,Mark_Dacey,true,0.7333997488021851,0.7302058339118958,True
dev_test_0313,dev_test,,Mark_Richt_0001,Mark_Richt_0003,Mark_Richt,Mark_Richt,true,0.7015050053596497,0.7726513743400574,True
dev_test_0314,dev_test,,Mark_Richt_0002,Mark_Richt_0003,Mark_Richt,Mark_Richt,true,0.6312091946601868,0.8588257431983948,True
dev_test_0315,dev_test,,Martha_Burk_0002,Martha_Burk_0004,Martha_Burk,Martha_Burk,true,0.6523656845092773,0.833827793598175,True
dev_test_0316,dev_test,,Martha_Stewart_0001,Martha_Stewart_0002,Martha_Stewart,Martha_Stewart,true,0.5183645486831665,0.9814637303352356,True
dev_test_0317,dev_test,,Martha_Stewart_0002,Martha_Stewart_0005,Martha_Stewart,Martha_Stewart,true,0.735608696937561,0.7271745204925537,True
dev_test_0318,dev_test,,Martha_Stewart_0003,Martha_Stewart_0005,Martha_Stewart,Martha_Stewart,true,0.7011398673057556,0.7731237411499023,True
dev_test_0319,dev_test,,Martin_Cauchon_0001,Martin_Cauchon_0002,Martin_Cauchon,Martin_Cauchon,true,0.792568027973175,0.6440994143486023,True
dev_test_0320,dev_test,,Martin_Sheen_0001,Martin_Sheen_0002,Martin_Sheen,Martin_Sheen,true,0.7472653985023499,0.7109636664390564,True
dev_test_0321,dev_test,,Mary_Landrieu_0001,Mary_Landrieu_0003,Mary_Landrieu,Mary_Landrieu,true,0.7090651988983154,0.762803852558136,True
dev_test_0322,dev_test,,Masum_Turker_0001,Masum_Turker_0002,Masum_Turker,Masum_Turker,true,0.8511956930160522,0.5455353260040283,True
dev_test_0323,dev_test,,Masum_Turker_0001,Masum_Turker_0003,Masum_Turker,Masum_Turker,true,0.6447745561599731,0.842882513999939,True
dev_test_0324,dev_test,,Matt_Doherty_0001,Matt_Doherty_0002,Matt_Doherty,Matt_Doherty,true,0.7615655660629272,0.6905568838119507,True
dev_test_0325,dev_test,,Matt_Doherty_0001,Matt_Doherty_0003,Matt_Doherty,Matt_Doherty,true,0.6793913245201111,0.8007605671882629,True
dev_test_0326,dev_test,,Matthew_Broderick_0001,Matthew_Broderick_0004,Matthew_Broderick,Matthew_Broderick,true,0.5096172094345093,0.9903361201286316,True
dev_test_0327,dev_test,,Matthew_Broderick_0002,Matthew_Broderick_0003,Matthew_Broderick,Matthew_Broderick,true,0.6409407258033752,0.8474188446998596,True
dev_test_0328,dev_test,,Matthew_Broderick_0003,Matthew_Broderick_0004,Matthew_Broderick,Matthew_Broderick,true,0.7268549203872681,0.7391143441200256,True
dev_test_0329,dev_test,,Melissa_Etheridge_0001,Melissa_Etheridge_0002,Melissa_Etheridge,Melissa_Etheridge,true,0.6912586092948914,0.7858007550239563,True
dev_test_0330,dev_test,,Michael_Jackson_0002,Michael_Jackson_0008,Michael_Jackson,Michael_Jackson,true,0.6153033971786499,0.8771505951881409,True
dev_test_0331,dev_test,,Michael_Phelps_0001,Michael_Phelps_0003,Michael_Phelps,Michael_Phelps,true,0.6510019898414612,0.8354615569114685,True
dev_test_0332,dev_test,,Michael_Sullivan_0001,Michael_Sullivan_0002,Michael_Sullivan,Michael_Sullivan,true,0.7346852421760559,0.7284433245658875,True
dev_test_0333,dev_test,,Michel_Duclos_0001,Michel_Duclos_0002,Michel_Duclos,Michel_Duclos,true,0.7299866080284119,0.734865128993988,True
dev_test_0334,dev_test,,Michelle_Yeoh_0003,Michelle_Yeoh_0004,Michelle_Yeoh,Michelle_Yeoh,true,0.7474795579910278,0.7106623649597168,True
dev_test_0335,dev_test,,Miguel_Contreras_0001,Miguel_Contreras_0002,Miguel_Contreras,Miguel_Contreras,true,0.5760309100151062,0.9208356142044067,True
dev_test_0336,dev_test,,Mike_Price_0001,Mike_Price_0002,Mike_Price,Mike_Price,true,0.4893204867839813,1.0106232166290283,True
dev_test_0337,dev_test,,Mikhail_Youzhny_0001,Mikhail_Youzhny_0002,Mikhail_Youzhny,Mikhail_Youzhny,true,0.767972469329834,0.6812158823013306,True
dev_test_0338,dev_test,,Mikhail_Youzhny_0001,Mikhail_Youzhny_0003,Mikhail_Youzhny,Mikhail_Youzhny,true,0.6588811874389648,0.8259766697883606,True
dev_test_0339,dev_test,,Mikhail_Youzhny_0002,Mikhail_Youzhny_0003,Mikhail_Youzhny,Mikhail_Youzhny,true,0.6737748980522156,0.8077439665794373,True
dev_test_0340,dev_test,,Mikulas_Dzurinda_0001,Mikulas_Dzurinda_0002,Mikulas_Dzurinda,Mikulas_Dzurinda,true,0.7623794078826904,0.6893773674964905,True
dev_test_0341,dev_test,,Mireya_Moscoso_0001,Mireya_Moscoso_0003,Mireya_Moscoso,Mireya_Moscoso,true,0.46468812227249146,1.0347095727920532,True
dev_test_0342,dev_test,,Mireya_Moscoso_0002,Mireya_Moscoso_0003,Mireya_Moscoso,Mireya_Moscoso,true,0.8686304092407227,0.5125809907913208,True
dev_test_0343,dev_test,,Mohamed_ElBaradei_0003,Mohamed_ElBaradei_0006,Mohamed_ElBaradei,Mohamed_ElBaradei,true,0.8403162956237793,0.5651261806488037,True
dev_test_0344,dev_test,,Mohamed_ElBaradei_0004,Mohamed_ElBaradei_0005,Mohamed_ElBaradei,Mohamed_ElBaradei,true,0.6959217190742493,0.7798439860343933,True
dev_test_0345,dev_test,,Mohamed_ElBaradei_0005,Mohamed_ElBaradei_0008,Mohamed_ElBaradei,Mohamed_ElBaradei,true,0.6880459785461426,0.7898784875869751,True
dev_test_0346,dev_test,,Monica_Lewinsky_0002,Monica_Lewinsky_0003,Monica_Lewinsky,Monica_Lewinsky,true,0.5972318053245544,0.8975168466567993,True
dev_test_0347,dev_test,,Muhammad_Ali_0004,Muhammad_Ali_0007,Muhammad_Ali,Muhammad_Ali,true,0.6827150583267212,0.7965991497039795,True
dev_test_0348,dev_test,,Muhammad_Ali_0006,Muhammad_Ali_0009,Muhammad_Ali,Muhammad_Ali,true,0.7215605974197388,0.7462431788444519,True
dev_test_0349,dev_test,,Nancy_Pelosi_0002,Nancy_Pelosi_0005,Nancy_Pelosi,Nancy_Pelosi,true,0.6554388999938965,0.8301339149475098,True
dev_test_0350,dev_test,,Nancy_Pelosi_0006,Nancy_Pelosi_0013,Nancy_Pelosi,Nancy_Pelosi,true,0.7232980728149414,0.7439112663269043,True
dev_test_0351,dev_test,,Nancy_Pelosi_0013,Nancy_Pelosi_0014,Nancy_Pelosi,Nancy_Pelosi,true,0.6164274215698242,0.8758682012557983,True
dev_test_0352,dev_test,,Naomi_Campbell_0001,Naomi_Campbell_0002,Naomi_Campbell,Naomi_Campbell,true,0.668788731098175,0.8138933777809143,True
dev_test_0353,dev_test,,Naoto_Kan_0002,Naoto_Kan_0003,Naoto_Kan,Naoto_Kan,true,0.9149451851844788,0.41244351863861084,True
dev_test_0354,dev_test,,Nasser_al-Kidwa_0001,Nasser_al-Kidwa_0002,Nasser_al-Kidwa,Nasser_al-Kidwa,true,0.7297170758247375,0.7352319359779358,True
dev_test_0355,dev_test,,Nastassia_Kinski_0001,Nastassia_Kinski_0002,Nastassia_Kinski,Nastassia_Kinski,true,0.7855204939842224,0.6549496650695801,True
dev_test_0356,dev_test,,Natalie_Coughlin_0001,Natalie_Coughlin_0002,Natalie_Coughlin,Natalie_Coughlin,true,0.6608788371086121,0.8235546946525574,True
dev_test_0357,dev_test,,Natalie_Coughlin_0003,Natalie_Coughlin_0005,Natalie_Coughlin,Natalie_Coughlin,true,0.5613820552825928,0.9366087317466736,True
dev_test_0358,dev_test,,Natalie_Maines_0002,Natalie_Maines_0004,Natalie_Maines,Natalie_Maines,true,0.710981011390686,0.7602881193161011,True
dev_test_0359,dev_test,,Nicanor_Duarte_Frutos_0008,Nicanor_Duarte_Frutos_0010,Nicanor_Duarte_Frutos,Nicanor_Duarte_Frutos,true,0.7294256091117859,0.7356283068656921,True
dev_test_0360,dev_test,,Noah_Wyle_0001,Noah_Wyle_0002,Noah_Wyle,Noah_Wyle,true,0.730901837348938,0.7336186766624451,True
dev_test_0361,dev_test,,Norm_Coleman_0002,Norm_Coleman_0007,Norm_Coleman,Norm_Coleman,true,-0.05707193538546562,1.4540095329284668,True
dev_test_0362,dev_test,,Orrin_Hatch_0001,Orrin_Hatch_0002,Orrin_Hatch,Orrin_Hatch,true,,,False
dev_test_0363,dev_test,,Osama_bin_Laden_0002,Osama_bin_Laden_0004,Osama_bin_Laden,Osama_bin_Laden,true,0.7132998108863831,0.7572320699691772,True
dev_test_0364,dev_test,,Owen_Wilson_0001,Owen_Wilson_0002,Owen_Wilson,Owen_Wilson,true,0.7241388559341431,0.7427801489830017,True
dev_test_0365,dev_test,,Ozzy_Osbourne_0001,Ozzy_Osbourne_0002,Ozzy_Osbourne,Ozzy_Osbourne,true,0.5172758102416992,0.9825723171234131,True
dev_test_0366,dev_test,,Ozzy_Osbourne_0002,Ozzy_Osbourne_0003,Ozzy_Osbourne,Ozzy_Osbourne,true,0.6450432538986206,0.8425636887550354,True
dev_test_0367,dev_test,,Padraig_Harrington_0001,Padraig_Harrington_0003,Padraig_Harrington,Padraig_Harrington,true,,,False
dev_test_0368,dev_test,,Paris_Hilton_0001,Paris_Hilton_0002,Paris_Hilton,Paris_Hilton,true,0.8991417288780212,0.4491285979747772,True
dev_test_0369,dev_test,,Patrick_Leahy_0001,Patrick_Leahy_0002,Patrick_Leahy,Patrick_Leahy,true,0.04054785892367363,1.3852452039718628,True
dev_test_0370,dev_test,,Patti_Labelle_0001,Patti_Labelle_0002,Patti_Labelle,Patti_Labelle,true,0.7010360360145569,0.7732580900192261,True
dev_test_0371,dev_test,,Patti_Labelle_0002,Patti_Labelle_0003,Patti_Labelle,Patti_Labelle,true,0.6943221688270569,0.7818922996520996,True
dev_test_0372,dev_test,,Patty_Schnyder_0001,Patty_Schnyder_0003,Patty_Schnyder,Patty_Schnyder,true,0.5295733213424683,0.969976007938385,True
dev_test_0373,dev_test,,Patty_Schnyder_0001,Patty_Schnyder_0004,Patty_Schnyder,Patty_Schnyder,true,0.5715517997741699,0.9256868958473206,True
dev_test_0374,dev_test,,Paul-Henri_Mathieu_0001,Paul-Henri_Mathieu_0002,Paul-Henri_Mathieu,Paul-Henri_Mathieu,true,0.6143775582313538,0.8782054781913757,True
dev_test_0375,dev_test,,Paul_Burrell_0004,Paul_Burrell_0010,Paul_Burrell,Paul_Burrell,true,0.8502635955810547,0.5472410321235657,True
dev_test_0376,dev_test,,Paul_Burrell_0005,Paul_Burrell_0011,Paul_Burrell,Paul_Burrell,true,0.6924149990081787,0.7843278646469116,True
dev_test_0377,dev_test,,Paul_Martin_0001,Paul_Martin_0008,Paul_Martin,Paul_Martin,true,0.5706879496574402,0.9266196489334106,True
dev_test_0378,dev_test,,Paul_Martin_0002,Paul_Martin_0004,Paul_Martin,Paul_Martin,true,0.6559160947799683,0.8295588493347168,True
dev_test_0379,dev_test,,Paul_Martin_0003,Paul_Martin_0006,Paul_Martin,Paul_Martin,true,0.61598140001297,0.8763773441314697,True
dev_test_0380,dev_test,,Paul_Patton_0001,Paul_Patton_0002,Paul_Patton,Paul_Patton,true,0.7573167681694031,0.6966825127601624,True
dev_test_0381,dev_test,,Paul_Sarbanes_0002,Paul_Sarbanes_0003,Paul_Sarbanes,Paul_Sarbanes,true,0.7364189028739929,0.7260593771934509,True
dev_test_0382,dev_test,,Pedro_Malan_0001,Pedro_Malan_0002,Pedro_Malan,Pedro_Malan,true,0.5797846913337708,0.9167500734329224,True
dev_test_0383,dev_test,,Pedro_Malan_0001,Pedro_Malan_0004,Pedro_Malan,Pedro_Malan,true,0.7079704999923706,0.7642375826835632,True
dev_test_0384,dev_test,,Pedro_Malan_0002,Pedro_Malan_0003,Pedro_Malan,Pedro_Malan,true,0.5815365314483643,0.914837121963501,True
dev_test_0385,dev_test,,Penelope_Cruz_0001,Penelope_Cruz_0002,Penelope_Cruz,Penelope_Cruz,true,0.5664240121841431,0.9312100410461426,True
dev_test_0386,dev_test,,Peter_Greenaway_0001,Peter_Greenaway_0002,Peter_Greenaway,Peter_Greenaway,true,0.8142925500869751,0.6094383001327515,True
dev_test_0387,dev_test,,Pierce_Brosnan_0004,Pierce_Brosnan_0012,Pierce_Brosnan,Pierce_Brosnan,true,-0.09012356400489807,1.4765660762786865,True
dev_test_0388,dev_test,,Pierce_Brosnan_0007,Pierce_Brosnan_0008,Pierce_Brosnan,Pierce_Brosnan,true,0.7078081369400024,0.7644500732421875,True
dev_test_0389,dev_test,,Pierre_Boulanger_0001,Pierre_Boulanger_0002,Pierre_Boulanger,Pierre_Boulanger,true,0.7753487825393677,0.6703002452850342,True
dev_test_0390,dev_test,,Priscilla_Presley_0001,Priscilla_Presley_0002,Priscilla_Presley,Priscilla_Presley,true,0.7070987820625305,0.765377402305603,True
dev_test_0391,dev_test,,Rachel_Griffiths_0001,Rachel_Griffiths_0003,Rachel_Griffiths,Rachel_Griffiths,true,0.6935291886329651,0.7829059958457947,True
dev_test_0392,dev_test,,Rachel_Hunter_0002,Rachel_Hunter_0003,Rachel_Hunter,Rachel_Hunter,true,0.7060856223106384,0.7666999697685242,True
dev_test_0393,dev_test,,Ralf_Schumacher_0001,Ralf_Schumacher_0006,Ralf_Schumacher,Ralf_Schumacher,true,0.6374371647834778,0.8515431880950928,True
dev_test_0394,dev_test,,Rebecca_Romijn-Stamos_0002,Rebecca_Romijn-Stamos_0004,Rebecca_Romijn-Stamos,Rebecca_Romijn-Stamos,true,0.622502326965332,0.868904709815979,True
dev_test_0395,dev_test,,Rebecca_Romijn-Stamos_0003,Rebecca_Romijn-Stamos_0004,Rebecca_Romijn-Stamos,Rebecca_Romijn-Stamos,true,0.6260741949081421,0.8647841811180115,True
dev_test_0396,dev_test,,Reese_Witherspoon_0001,Reese_Witherspoon_0002,Reese_Witherspoon,Reese_Witherspoon,true,0.7000591158866882,0.7745205163955688,True
dev_test_0397,dev_test,,Reese_Witherspoon_0001,Reese_Witherspoon_0004,Reese_Witherspoon,Reese_Witherspoon,true,0.5964866280555725,0.8983467221260071,True
dev_test_0398,dev_test,,Ricardo_Maduro_0001,Ricardo_Maduro_0002,Ricardo_Maduro,Ricardo_Maduro,true,0.7078819274902344,0.7643535137176514,True
dev_test_0399,dev_test,,Rich_Gannon_0001,Rich_Gannon_0002,Rich_Gannon,Rich_Gannon,true,0.7844475507736206,0.6565858125686646,True
dev_test_0400,dev_test,,Richard_Gere_0001,Richard_Gere_0010,Richard_Gere,Richard_Gere,true,0.5533934235572815,0.9450995922088623,True
dev_test_0401,dev_test,,Richard_Gere_0006,Richard_Gere_0010,Richard_Gere,Richard_Gere,true,0.6133806705474854,0.8793399930000305,True
dev_test_0402,dev_test,,Richard_Norton-Taylor_0001,Richard_Norton-Taylor_0002,Richard_Norton-Taylor,Richard_Norton-Taylor,true,0.8081867694854736,0.6193758845329285,True
dev_test_0403,dev_test,,Richard_Shelby_0001,Richard_Shelby_0002,Richard_Shelby,Richard_Shelby,true,0.6636171936988831,0.8202229142189026,True
dev_test_0404,dev_test,,Richie_Adubato_0001,Richie_Adubato_0002,Richie_Adubato,Richie_Adubato,true,0.6445695757865906,0.8431257009506226,True
dev_test_0405,dev_test,,Rick_Dinse_0001,Rick_Dinse_0003,Rick_Dinse,Rick_Dinse,true,0.7963265180587769,0.6382373571395874,True
dev_test_0406,dev_test,,Rick_Perry_0001,Rick_Perry_0002,Rick_Perry,Rick_Perry,true,0.644517719745636,0.843187153339386,True
dev_test_0407,dev_test,,Rick_Perry_0002,Rick_Perry_0006,Rick_Perry,Rick_Perry,true,0.5058303475379944,0.9941526055335999,True
dev_test_0408,dev_test,,Rick_Pitino_0001,Rick_Pitino_0002,Rick_Pitino,Rick_Pitino,true,0.7197731137275696,0.7486345767974854,True
dev_test_0409,dev_test,,Rick_Romley_0001,Rick_Romley_0002,Rick_Romley,Rick_Romley,true,0.7800689935684204,0.6632209420204163,True
dev_test_0410,dev_test,,Rick_Wagoner_0001,Rick_Wagoner_0002,Rick_Wagoner,Rick_Wagoner,true,0.6903836727142334,0.7869133949279785,True
dev_test_0411,dev_test,,Rob_Schneider_0001,Rob_Schneider_0002,Rob_Schneider,Rob_Schneider,true,-0.01821564882993698,1.4270358085632324,True
dev_test_0412,dev_test,,Robbie_Fowler_0001,Robbie_Fowler_0002,Robbie_Fowler,Robbie_Fowler,true,0.8788505792617798,0.4922387897968292,True
dev_test_0413,dev_test,,Robby_Ginepri_0001,Robby_Ginepri_0002,Robby_Ginepri,Robby_Ginepri,true,0.5975348353385925,0.8971791863441467,True
dev_test_0414,dev_test,,Robert_Horan_0001,Robert_Horan_0002,Robert_Horan,Robert_Horan,true,0.7611523270606995,0.691155195236206,True
dev_test_0415,dev_test,,Robert_Mueller_0001,Robert_Mueller_0003,Robert_Mueller,Robert_Mueller,true,0.8259269595146179,0.5900391340255737,True
dev_test_0416,dev_test,,Robert_Redford_0002,Robert_Redford_0003,Robert_Redford,Robert_Redford,true,0.6854666471481323,0.7931371927261353,True
dev_test_0417,dev_test,,Robert_Redford_0002,Robert_Redford_0005,Robert_Redford,Robert_Redford,true,0.7561317682266235,0.6983813643455505,True
dev_test_0418,dev_test,,Robert_Redford_0004,Robert_Redford_0007,Robert_Redford,Robert_Redford,true,0.4351356625556946,1.0628869533538818,True
dev_test_0419,dev_test,,Robert_Redford_0007,Robert_Redford_0008,Robert_Redford,Robert_Redford,true,0.6519697308540344,0.8343024253845215,True
dev_test_0420,dev_test,,Rod_Blagojevich_0001,Rod_Blagojevich_0002,Rod_Blagojevich,Rod_Blagojevich,true,0.7808516025543213,0.6620399951934814,True
dev_test_0421,dev_test,,Rod_Stewart_0001,Rod_Stewart_0003,Rod_Stewart,Rod_Stewart,true,0.7029078006744385,0.7708336710929871,True
dev_test_0422,dev_test,,Ronaldo_Luis_Nazario_de_Lima_0001,Ronaldo_Luis_Nazario_de_Lima_0004,Ronaldo_Luis_Nazario_de_Lima,Ronaldo_Luis_Nazario_de_Lima,true,0.8010348081588745,0.6308173537254333,True
dev_test_0423,dev_test,,Roy_Moore_0002,Roy_Moore_0003,Roy_Moore,Roy_Moore,true,0.7185587882995605,0.7502549886703491,True
dev_test_0424,dev_test,,Rupert_Grint_0002,Rupert_Grint_0003,Rupert_Grint,Rupert_Grint,true,0.8066365122795105,0.6218738555908203,True
dev_test_0425,dev_test,,Russell_Coutts_0001,Russell_Coutts_0002,Russell_Coutts,Russell_Coutts,true,0.6993939280509949,0.7753787040710449,True
dev_test_0426,dev_test,,Russell_Crowe_0001,Russell_Crowe_0002,Russell_Crowe,Russell_Crowe,true,0.767819344997406,0.6814406514167786,True
dev_test_0427,dev_test,,Salma_Hayek_0001,Salma_Hayek_0007,Salma_Hayek,Salma_Hayek,true,0.5989281535148621,0.8956247568130493,True
dev_test_0428,dev_test,,Salma_Hayek_0008,Salma_Hayek_0010,Salma_Hayek,Salma_Hayek,true,0.6025809645652771,0.8915368914604187,True
dev_test_0429,dev_test,,Sarah_Jessica_Parker_0005,Sarah_Jessica_Parker_0006,Sarah_Jessica_Parker,Sarah_Jessica_Parker,true,0.6071721315383911,0.8863722085952759,True
dev_test_0430,dev_test,,Scott_McNealy_0001,Scott_McNealy_0002,Scott_McNealy,Scott_McNealy,true,0.7275843024253845,0.7381269335746765,True
dev_test_0431,dev_test,,Sean_Astin_0001,Sean_Astin_0002,Sean_Astin,Sean_Astin,true,0.6493871808052063,0.8373922109603882,True
dev_test_0432,dev_test,,Sean_OKeefe_0004,Sean_OKeefe_0005,Sean_OKeefe,Sean_OKeefe,true,0.8126194477081299,0.6121773719787598,True
dev_test_0433,dev_test,,Sean_Patrick_OMalley_0001,Sean_Patrick_OMalley_0002,Sean_Patrick_OMalley,Sean_Patrick_OMalley,true,0.8426876068115234,0.5609142780303955,True
dev_test_0434,dev_test,,Sean_Patrick_OMalley_0001,Sean_Patrick_OMalley_0003,Sean_Patrick_OMalley,Sean_Patrick_OMalley,true,0.6645994186401367,0.8190245032310486,True
dev_test_0435,dev_test,,Sean_Patrick_OMalley_0002,Sean_Patrick_OMalley_0003,Sean_Patrick_OMalley,Sean_Patrick_OMalley,true,0.6195880174636841,0.8722522258758545,True
dev_test_0436,dev_test,,Sean_Penn_0002,Sean_Penn_0003,Sean_Penn,Sean_Penn,true,0.687898576259613,0.7900651693344116,True
dev_test_0437,dev_test,,Sergey_Lavrov_0001,Sergey_Lavrov_0010,Sergey_Lavrov,Sergey_Lavrov,true,0.6398050785064697,0.848757803440094,True
dev_test_0438,dev_test,,Shane_Mosley_0001,Shane_Mosley_0002,Shane_Mosley,Shane_Mosley,true,0.6972418427467346,0.7781491875648499,True
dev_test_0439,dev_test,,Shannon_OBrien_0001,Shannon_OBrien_0002,Shannon_OBrien,Shannon_OBrien,true,0.6344965696334839,0.8549894690513611,True
dev_test_0440,dev_test,,Sheila_Wellstone_0001,Sheila_Wellstone_0002,Sheila_Wellstone,Sheila_Wellstone,true,0.6744394898414612,0.8069207072257996,True
dev_test_0441,dev_test,,Silvio_Berlusconi_0014,Silvio_Berlusconi_0023,Silvio_Berlusconi,Silvio_Berlusconi,true,0.7263104915618896,0.7398507595062256,True
dev_test_0442,dev_test,,Spencer_Abraham_0012,Spencer_Abraham_0013,Spencer_Abraham,Spencer_Abraham,true,0.7643507122993469,0.6865118741989136,True
dev_test_0443,dev_test,,Stan_Heath_0001,Stan_Heath_0002,Stan_Heath,Stan_Heath,true,,,False
dev_test_0444,dev_test,,Stefano_Accorsi_0001,Stefano_Accorsi_0002,Stefano_Accorsi,Stefano_Accorsi,true,0.8241527080535889,0.5930384993553162,True
dev_test_0445,dev_test,,Steve_Lavin_0001,Steve_Lavin_0004,Steve_Lavin,Steve_Lavin,true,0.7176002264022827,0.7515314221382141,True
dev_test_0446,dev_test,,Steven_Hatfill_0001,Steven_Hatfill_0002,Steven_Hatfill,Steven_Hatfill,true,0.7557156085968018,0.698976993560791,True
dev_test_0447,dev_test,,Surakait_Sathirathai_0001,Surakait_Sathirathai_0002,Surakait_Sathirathai,Surakait_Sathirathai,true,0.10577934235334396,1.337326169013977,True
dev_test_0448,dev_test,,Susan_Collins_0001,Susan_Collins_0002,Susan_Collins,Susan_Collins,true,0.5881760716438293,0.9075505137443542,True
dev_test_0449,dev_test,,Susie_Castillo_0001,Susie_Castillo_0002,Susie_Castillo,Susie_Castillo,true,0.6882765293121338,0.7895865440368652,True
dev_test_0450,dev_test,,Svetlana_Koroleva_0001,Svetlana_Koroleva_0002,Svetlana_Koroleva,Svetlana_Koroleva,true,0.8919748663902283,0.46481218934059143,True
dev_test_0451,dev_test,,Tammy_Lynn_Michaels_0001,Tammy_Lynn_Michaels_0002,Tammy_Lynn_Michaels,Tammy_Lynn_Michaels,true,0.7011594772338867,0.773098349571228,True
dev_test_0452,dev_test,,Tang_Jiaxuan_0001,Tang_Jiaxuan_0006,Tang_Jiaxuan,Tang_Jiaxuan,true,0.7483778595924377,0.7093971967697144,True
dev_test_0453,dev_test,,Tang_Jiaxuan_0001,Tang_Jiaxuan_0009,Tang_Jiaxuan,Tang_Jiaxuan,true,0.6927547454833984,0.7838945388793945,True
dev_test_0454,dev_test,,Tang_Jiaxuan_0001,Tang_Jiaxuan_0010,Tang_Jiaxuan,Tang_Jiaxuan,true,0.7662957310676575,0.6836728453636169,True
dev_test_0455,dev_test,,Tang_Jiaxuan_0001,Tang_Jiaxuan_0011,Tang_Jiaxuan,Tang_Jiaxuan,true,0.774267315864563,0.6719117760658264,True
dev_test_0456,dev_test,,Tassos_Papadopoulos_0001,Tassos_Papadopoulos_0002,Tassos_Papadopoulos,Tassos_Papadopoulos,true,-0.1716604381799698,1.53079092502594,True
dev_test_0457,dev_test,,Terry_McAuliffe_0001,Terry_McAuliffe_0002,Terry_McAuliffe,Terry_McAuliffe,true,0.6366315484046936,0.85248863697052,True
dev_test_0458,dev_test,,Terry_McAuliffe_0001,Terry_McAuliffe_0003,Terry_McAuliffe,Terry_McAuliffe,true,0.7032455205917358,0.7703954577445984,True
dev_test_0459,dev_test,,Thabo_Mbeki_0004,Thabo_Mbeki_0005,Thabo_Mbeki,Thabo_Mbeki,true,,,False
dev_test_0460,dev_test,,Thaksin_Shinawatra_0001,Thaksin_Shinawatra_0006,Thaksin_Shinawatra,Thaksin_Shinawatra,true,0.617691159248352,0.8744242191314697,True
dev_test_0461,dev_test,,Thaksin_Shinawatra_0003,Thaksin_Shinawatra_0006,Thaksin_Shinawatra,Thaksin_Shinawatra,true,-0.09642718732357025,1.480828881263733,True
dev_test_0462,dev_test,,Theodore_Tweed_Roosevelt_0002,Theodore_Tweed_Roosevelt_0003,Theodore_Tweed_Roosevelt,Theodore_Tweed_Roosevelt,true,0.770392894744873,0.6776534914970398,True
dev_test_0463,dev_test,,Thomas_OBrien_0008,Thomas_OBrien_0009,Thomas_OBrien,Thomas_OBrien,true,0.5940884947776794,0.9010122418403625,True
dev_test_0464,dev_test,,Tim_Allen_0001,Tim_Allen_0002,Tim_Allen,Tim_Allen,true,0.8477843403816223,0.551753044128418,True
dev_test_0465,dev_test,,Tim_Allen_0002,Tim_Allen_0004,Tim_Allen,Tim_Allen,true,0.7050063610076904,0.7681063413619995,True
dev_test_0466,dev_test,,Tim_Curry_0001,Tim_Curry_0002,Tim_Curry,Tim_Curry,true,0.7430095076560974,0.7169248461723328,True
dev_test_0467,dev_test,,Tippi_Hedren_0001,Tippi_Hedren_0002,Tippi_Hedren,Tippi_Hedren,true,0.7637189626693726,0.6874315738677979,True
dev_test_0468,dev_test,,Todd_Haynes_0001,Todd_Haynes_0003,Todd_Haynes,Todd_Haynes,true,0.5526201725006104,0.9459173679351807,True
dev_test_0469,dev_test,,Todd_Haynes_0001,Todd_Haynes_0004,Todd_Haynes,Todd_Haynes,true,0.7015476226806641,0.7725960612297058,True
dev_test_0470,dev_test,,Tom_Coverdale_0001,Tom_Coverdale_0002,Tom_Coverdale,Tom_Coverdale,true,0.619793176651001,0.872016966342926,True
dev_test_0471,dev_test,,Tom_Cruise_0001,Tom_Cruise_0007,Tom_Cruise,Tom_Cruise,true,0.695209801197052,0.7807562351226807,True
dev_test_0472,dev_test,,Tom_Cruise_0002,Tom_Cruise_0004,Tom_Cruise,Tom_Cruise,true,0.5339739918708801,0.965428352355957,True
dev_test_0473,dev_test,,Tom_Cruise_0004,Tom_Cruise_0009,Tom_Cruise,Tom_Cruise,true,0.5096800923347473,0.990272581577301,True
dev_test_0474,dev_test,,Tommy_Haas_0002,Tommy_Haas_0003,Tommy_Haas,Tommy_Haas,true,0.6552163362503052,0.8304018974304199,True
dev_test_0475,dev_test,,Tomoko_Hagiwara_0001,Tomoko_Hagiwara_0002,Tomoko_Hagiwara,Tomoko_Hagiwara,true,0.6661510467529297,0.8171278834342957,True
dev_test_0476,dev_test,,Tony_Shalhoub_0001,Tony_Shalhoub_0003,Tony_Shalhoub,Tony_Shalhoub,true,0.6998307108879089,0.7748152017593384,True
dev_test_0477,dev_test,,Tony_Shalhoub_0001,Tony_Shalhoub_0004,Tony_Shalhoub,Tony_Shalhoub,true,0.7060242891311646,0.766779899597168,True
dev_test_0478,dev_test,,Tracee_Ellis_Ross_0001,Tracee_Ellis_Ross_0002,Tracee_Ellis_Ross,Tracee_Ellis_Ross,true,0.7661694288253784,0.6838576793670654,True
dev_test_0479,dev_test,,Tyler_Hamilton_0001,Tyler_Hamilton_0002,Tyler_Hamilton,Tyler_Hamilton,true,0.5677946209907532,0.9297369122505188,True
dev_test_0480,dev_test,,Vaclav_Havel_0001,Vaclav_Havel_0006,Vaclav_Havel,Vaclav_Havel,true,0.7211188673973083,0.746834933757782,True
dev_test_0481,dev_test,,Vaclav_Havel_0001,Vaclav_Havel_0009,Vaclav_Havel,Vaclav_Havel,true,0.6122127175331116,0.8806670904159546,True
dev_test_0482,dev_test,,Vicente_Fernandez_0002,Vicente_Fernandez_0005,Vicente_Fernandez,Vicente_Fernandez,true,0.6040497422218323,0.8898879885673523,True
dev_test_0483,dev_test,,Vicente_Fernandez_0004,Vicente_Fernandez_0005,Vicente_Fernandez,Vicente_Fernandez,true,0.5340737700462341,0.965325117111206,True
dev_test_0484,dev_test,,Victoria_Beckham_0002,Victoria_Beckham_0003,Victoria_Beckham,Victoria_Beckham,true,0.5834385752677917,0.9127556085586548,True
dev_test_0485,dev_test,,Vincent_Brooks_0001,Vincent_Brooks_0002,Vincent_Brooks,Vincent_Brooks,true,0.8252290487289429,0.5912206768989563,True
dev_test_0486,dev_test,,Vincent_Brooks_0002,Vincent_Brooks_0006,Vincent_Brooks,Vincent_Brooks,true,0.8056891560554504,0.6233952641487122,True
dev_test_0487,dev_test,,Warren_Beatty_0001,Warren_Beatty_0002,Warren_Beatty,Warren_Beatty,true,0.7228788733482361,0.7444744110107422,True
dev_test_0488,dev_test,,Warren_Buffett_0001,Warren_Buffett_0003,Warren_Buffett,Warren_Buffett,true,0.772689700126648,0.6742557287216187,True
dev_test_0489,dev_test,,Wesley_Clark_0001,Wesley_Clark_0002,Wesley_Clark,Wesley_Clark,true,0.7378122210502625,0.7241377830505371,True
dev_test_0490,dev_test,,Will_Smith_0001,Will_Smith_0002,Will_Smith,Will_Smith,true,0.6591354608535767,0.8256688714027405,True
dev_test_0491,dev_test,,William_Burns_0001,William_Burns_0002,William_Burns,William_Burns,true,0.73404461145401,0.729322075843811,True
dev_test_0492,dev_test,,William_Macy_0001,William_Macy_0004,William_Macy,William_Macy,true,0.7494848966598511,0.7078348398208618,True
dev_test_0493,dev_test,,William_Macy_0002,William_Macy_0003,William_Macy,William_Macy,true,0.5521241426467896,0.9464415907859802,True
dev_test_0494,dev_test,,William_Macy_0003,William_Macy_0005,William_Macy,William_Macy,true,0.7283790707588196,0.737049400806427,True
dev_test_0495,dev_test,,William_Rehnquist_0001,William_Rehnquist_0002,William_Rehnquist,William_Rehnquist,true,0.7316702604293823,0.7325705289840698,True
dev_test_0496,dev_test,,Winona_Ryder_0006,Winona_Ryder_0015,Winona_Ryder,Winona_Ryder,true,0.5918064117431641,0.9035414457321167,True
dev_test_0497,dev_test,,Winona_Ryder_0019,Winona_Ryder_0021,Winona_Ryder,Winona_Ryder,true,0.7345671653747559,0.7286052703857422,True
dev_test_0498,dev_test,,Yevgeny_Kafelnikov_0003,Yevgeny_Kafelnikov_0004,Yevgeny_Kafelnikov,Yevgeny_Kafelnikov,true,0.8329302668571472,0.5780481100082397,True
dev_test_0499,dev_test,,Yoriko_Kawaguchi_0003,Yoriko_Kawaguchi_0010,Yoriko_Kawaguchi,Yoriko_Kawaguchi,true,0.6061006784439087,0.887580156326294,True
dev_test_0500,dev_test,,Zoran_Djindjic_0003,Zoran_Djindjic_0004,Zoran_Djindjic,Zoran_Djindjic,true,0.6507692933082581,0.8357402086257935,True
dev_test_0501,dev_test,,AJ_Lamas_0001,Zach_Safrin_0001,AJ_Lamas,Zach_Safrin,false,0.018557805567979813,1.4010298252105713,True
dev_test_0502,dev_test,,Aaron_Guiel_0001,Reese_Witherspoon_0003,Aaron_Guiel,Reese_Witherspoon,false,0.012699292041361332,1.4052051305770874,True
dev_test_0503,dev_test,,Aaron_Tippin_0001,Jose_Luis_Rodriguez_Zapatero_0001,Aaron_Tippin,Jose_Luis_Rodriguez_Zapatero,false,0.07191511988639832,1.3624131679534912,True
dev_test_0504,dev_test,,Abdul_Majeed_Shobokshi_0001,Charles_Cope_0001,Abdul_Majeed_Shobokshi,Charles_Cope,false,0.03868989646434784,1.3865858316421509,True
dev_test_0505,dev_test,,Abdullah_Gul_0016,Steve_Cox_0001,Abdullah_Gul,Steve_Cox,false,-0.006779212038964033,1.4189990758895874,True
dev_test_0506,dev_test,,Abid_Hamid_Mahmud_Al-Tikriti_0001,Eli_Broad_0001,Abid_Hamid_Mahmud_Al-Tikriti,Eli_Broad,false,-0.12226739525794983,1.498177170753479,True
dev_test_0507,dev_test,,Adam_Kennedy_0001,Amelie_Mauresmo_0019,Adam_Kennedy,Amelie_Mauresmo,false,0.0034981053322553635,1.4117379188537598,True
dev_test_0508,dev_test,,Adel_Al-Jubeir_0001,Elisabeth_Welch_0001,Adel_Al-Jubeir,Elisabeth_Welch,false,0.010113701224327087,1.4070439338684082,True
dev_test_0509,dev_test,,Adrian_Murrell_0001,Tommy_Franks_0015,Adrian_Murrell,Tommy_Franks,false,-0.0065096402540802956,1.418809175491333,True
dev_test_0510,dev_test,,Adriana_Lima_0001,Terrence_Trammell_0001,Adriana_Lima,Terrence_Trammell,false,-0.03325287625193596,1.4375346899032593,True
dev_test_0511,dev_test,,Adriana_Perez_Navarro_0001,Jennifer_Capriati_0008,Adriana_Perez_Navarro,Jennifer_Capriati,false,0.09667953848838806,1.3441134691238403,True
dev_test_0512,dev_test,,Agbani_Darego_0001,Malik_Mahmud_0001,Agbani_Darego,Malik_Mahmud,false,-0.05004393309354782,1.4491679668426514,True
dev_test_0513,dev_test,,Ahmed_Ghazi_0001,Henry_Suazo_0001,Ahmed_Ghazi,Henry_Suazo,false,0.022666990756988525,1.3980937004089355,True
dev_test_0514,dev_test,,Aileen_Riggin_Soule_0001,Damarius_Bilbo_0001,Aileen_Riggin_Soule,Damarius_Bilbo,false,0.0555744506418705,1.3743548393249512,True
dev_test_0515,dev_test,,Ain_Seppik_0001,Donald_Regan_0001,Ain_Seppik,Donald_Regan,false,0.012877732515335083,1.4050780534744263,True
dev_test_0516,dev_test,,Aitor_Gonzalez_0001,Lily_Tomlin_0002,Aitor_Gonzalez,Lily_Tomlin,false,-0.0022384990006685257,1.4157955646514893,True
dev_test_0517,dev_test,,Al_Cardenas_0001,Mary_Landrieu_0003,Al_Cardenas,Mary_Landrieu,false,0.019714638590812683,1.400203824043274,True
dev_test_0518,dev_test,,Al_Davis_0002,Dennis_Powell_0001,Al_Davis,Dennis_Powell,false,0.057797644287347794,1.3727360963821411,True
dev_test_0519,dev_test,,Al_Pacino_0001,Izzat_Ibrahim_0001,Al_Pacino,Izzat_Ibrahim,false,0.11709043383598328,1.328841209411621,True
dev_test_0520,dev_test,,Aleksander_Voloshin_0001,Ashlea_Talbot_0001,Aleksander_Voloshin,Ashlea_Talbot,false,0.0014209180371835828,1.4132083654403687,True
dev_test_0521,dev_test,,Alex_Cabrera_0001,Richard_Carl_0001,Alex_Cabrera,Richard_Carl,false,0.05864885449409485,1.372115969657898,True
dev_test_0522,dev_test,,Alex_Corretja_0001,Newt_Gingrich_0001,Alex_Corretja,Newt_Gingrich,false,-0.009118306450545788,1.4206465482711792,True
dev_test_0523,dev_test,,Alex_Corretja_0001,Tippi_Hedren_0002,Alex_Corretja,Tippi_Hedren,false,0.08317219465970993,1.3541253805160522,True
dev_test_0524,dev_test,,Alexandra_Rozovskaya_0001,Don_King_0001,Alexandra_Rozovskaya,Don_King,false,-0.05951068177819252,1.4556858539581299,True
dev_test_0525,dev_test,,Ali_Fallahian_0001,Mohammed_Abulhasan_0001,Ali_Fallahian,Mohammed_Abulhasan,false,0.05494717136025429,1.3748111724853516,True
dev_test_0526,dev_test,,Ali_Naimi_0008,Vanessa_Laine_0001,Ali_Naimi,Vanessa_Laine,false,0.036035794764757156,1.3884986639022827,True
dev_test_0527,dev_test,,Alicia_Keys_0001,Giannina_Facio_0001,Alicia_Keys,Giannina_Facio,false,-0.006525598466396332,1.4188202619552612,True
dev_test_0528,dev_test,,Alicia_Molik_0001,Lena_Katina_0001,Alicia_Molik,Lena_Katina,false,0.05948275700211525,1.3715081214904785,True
dev_test_0529,dev_test,,Aline_Chretien_0001,Carlos_Iturgaitz_0001,Aline_Chretien,Carlos_Iturgaitz,false,0.013079015538096428,1.4049348831176758,True
dev_test_0530,dev_test,,Alisha_Richman_0001,Spencer_Abraham_0009,Alisha_Richman,Spencer_Abraham,false,0.06132732704281807,1.3701624870300293,True
dev_test_0531,dev_test,,Allison_Searing_0001,Amy_Gale_0001,Allison_Searing,Amy_Gale,false,0.1135915070772171,1.3314716815948486,True
dev_test_0532,dev_test,,Allison_Searing_0001,Mark_Martin_0001,Allison_Searing,Mark_Martin,false,0.02401662804186344,1.3971279859542847,True
dev_test_0533,dev_test,,Allison_Searing_0001,Phillip_Fulmer_0001,Allison_Searing,Phillip_Fulmer,false,-0.013534771278500557,1.423751950263977,True
dev_test_0534,dev_test,,Allison_Searing_0001,Warren_Beatty_0001,Allison_Searing,Warren_Beatty,false,0.01863633282482624,1.4009736776351929,True
dev_test_0535,dev_test,,Amanda_Marsh_0001,Howard_Smith_0002,Amanda_Marsh,Howard_Smith,false,0.030595559626817703,1.3924111127853394,True
dev_test_0536,dev_test,,Amanda_Marsh_0001,Svetlana_Koroleva_0002,Amanda_Marsh,Svetlana_Koroleva,false,0.015110157430171967,1.4034883975982666,True
dev_test_0537,dev_test,,Amelie_Mauresmo_0006,Terri_Clark_0001,Amelie_Mauresmo,Terri_Clark,false,0.0782058984041214,1.3577880859375,True
dev_test_0538,dev_test,,Amporn_Falise_0001,Christiane_Wulff_0001,Amporn_Falise,Christiane_Wulff,false,0.0015261099906638265,1.413133978843689,True
dev_test_0539,dev_test,,Amporn_Falise_0001,Liza_Minnelli_0002,Amporn_Falise,Liza_Minnelli,false,-0.06152800843119621,1.45707106590271,True
dev_test_0540,dev_test,,Amporn_Falise_0001,Zhang_Yimou_0001,Amporn_Falise,Zhang_Yimou,false,-0.10725577175617218,1.4881234169006348,True
dev_test_0541,dev_test,,Amy_Gale_0001,Frank_Murkowski_0001,Amy_Gale,Frank_Murkowski,false,-0.05274026468396187,1.451027512550354,True
dev_test_0542,dev_test,,Ana_Palacio_0005,Erika_Christensen_0002,Ana_Palacio,Erika_Christensen,false,-0.12802191078662872,1.502013087272644,True
dev_test_0543,dev_test,,Ana_Palacio_0006,Robert_Gordon_Card_0001,Ana_Palacio,Robert_Gordon_Card,false,0.011308489367365837,1.4061945676803589,True
dev_test_0544,dev_test,,Andrew_Caldecott_0001,Joe_Strummer_0001,Andrew_Caldecott,Joe_Strummer,false,-0.1419508010149002,1.5112582445144653,True
dev_test_0545,dev_test,,Andrew_Shutley_0001,Charles_Taylor_0007,Andrew_Shutley,Charles_Taylor,false,0.08154366910457611,1.3553276062011719,True
dev_test_0546,dev_test,,Andrew_Wetzler_0001,Cristina_Torrens_Valero_0001,Andrew_Wetzler,Cristina_Torrens_Valero,false,-0.012953978963196278,1.4233438968658447,True
dev_test_0547,dev_test,,Angela_Mascia-Frye_0001,Derrick_Taylor_0001,Angela_Mascia-Frye,Derrick_Taylor,false,0.007552789524197578,1.408862829208374,True
dev_test_0548,dev_test,,Ann_Godbehere_0001,Paul_Newman_0001,Ann_Godbehere,Paul_Newman,false,-0.01821487583220005,1.4270353317260742,True
dev_test_0549,dev_test,,Ann_Godbehere_0001,Tatiana_Kennedy_Schlossberg_0001,Ann_Godbehere,Tatiana_Kennedy_Schlossberg,false,-0.12864655256271362,1.5024290084838867,True
dev_test_0550,dev_test,,Anna_Chicherova_0001,Bob_Iger_0001,Anna_Chicherova,Bob_Iger,false,-0.02487076446413994,1.4316917657852173,True
dev_test_0551,dev_test,,Anna_Nicole_Smith_0001,Tony_Shalhoub_0004,Anna_Nicole_Smith,Tony_Shalhoub,false,0.09483465552330017,1.3454853296279907,True
dev_test_0552,dev_test,,Anne_Krueger_0003,Lucrecia_Orozco_0001,Anne_Krueger,Lucrecia_Orozco,false,-0.017243187874555588,1.426354169845581,True
dev_test_0553,dev_test,,Anne_McLellan_0002,Richard_Penniman_0001,Anne_McLellan,Richard_Penniman,false,0.00752501143142581,1.40888249874115,True
dev_test_0554,dev_test,,Anne_McLellan_0002,Roman_Tam_0001,Anne_McLellan,Roman_Tam,false,-0.03252106532454491,1.4370254278182983,True
dev_test_0555,dev_test,,Annette_Lu_0001,Scott_Fawell_0001,Annette_Lu,Scott_Fawell,false,-0.016372302547097206,1.4257434606552124,True
dev_test_0556,dev_test,,Annette_Lu_0001,Svetlana_Belousova_0001,Annette_Lu,Svetlana_Belousova,false,-0.00458966800943017,1.4174551963806152,True
dev_test_0557,dev_test,,Annie_Chaplin_0001,Gloria_Gaynor_0001,Annie_Chaplin,Gloria_Gaynor,false,0.060649774968624115,1.370656967163086,True
dev_test_0558,dev_test,,Annie_Chaplin_0001,Ion_Tiriac_0001,Annie_Chaplin,Ion_Tiriac,false,0.051662832498550415,1.3771979808807373,True
dev_test_0559,dev_test,,Annie_Chaplin_0001,Michael_Keaton_0001,Annie_Chaplin,Michael_Keaton,false,0.04466161131858826,1.3822722434997559,True
dev_test_0560,dev_test,,Antonio_Palocci_0004,Donald_Regan_0001,Antonio_Palocci,Donald_Regan,false,-0.05716466158628464,1.4540733098983765,True
dev_test_0561,dev_test,,Aretha_Franklin_0001,Marc_Racicot_0001,Aretha_Franklin,Marc_Racicot,false,-0.054653413593769073,1.4523452520370483,True
dev_test_0562,dev_test,,Armando_Avila_Panchame_0001,Hamza_Atiya_Muhsen_0001,Armando_Avila_Panchame,Hamza_Atiya_Muhsen,false,0.05173545330762863,1.3771451711654663,True
dev_test_0563,dev_test,,Armando_Avila_Panchame_0001,Hana_Urushima_0001,Armando_Avila_Panchame,Hana_Urushima,false,0.018500613048672676,1.4010705947875977,True
dev_test_0564,dev_test,,Arthur_Johnson_0001,Steve_Pagliuca_0001,Arthur_Johnson,Steve_Pagliuca,false,0.06209590286016464,1.3696013689041138,True
dev_test_0565,dev_test,,Ascencion_Barajas_0001,Marissa_Jaret_Winokur_0002,Ascencion_Barajas,Marissa_Jaret_Winokur,false,-0.0030310212168842554,1.4163551330566406,True
dev_test_0566,dev_test,,Ashlea_Talbot_0001,Sean_Patrick_Thomas_0001,Ashlea_Talbot,Sean_Patrick_Thomas,false,-0.046067122370004654,1.4464211463928223,True
dev_test_0567,dev_test,,Ashley_Judd_0001,Pat_Burns_0001,Ashley_Judd,Pat_Burns,false,0.0630359798669815,1.3689149618148804,True
dev_test_0568,dev_test,,Asif_Ali_Zardari_0001,Cristina_Torrens_Valero_0001,Asif_Ali_Zardari,Cristina_Torrens_Valero,false,0.06725980341434479,1.365825891494751,True
dev_test_0569,dev_test,,Assad_Ahmadi_0001,Jose_Cevallos_0001,Assad_Ahmadi,Jose_Cevallos,false,0.004838615655899048,1.4107879400253296,True
dev_test_0570,dev_test,,Astou_Ndiaye-Diatta_0001,Scott_Yates_0001,Astou_Ndiaye-Diatta,Scott_Yates,false,0.040014129132032394,1.385630488395691,True
dev_test_0571,dev_test,,Augustin_Calleri_0004,Brad_Miller_0001,Augustin_Calleri,Brad_Miller,false,-0.15507763624191284,1.519919514656067,True
dev_test_0572,dev_test,,Augustin_Calleri_0004,John_Jones_0001,Augustin_Calleri,John_Jones,false,0.1349891573190689,1.315302848815918,True
dev_test_0573,dev_test,,Babe_Ruth_0001,Joshua_Perper_0001,Babe_Ruth,Joshua_Perper,false,-0.00948661845177412,1.4209057092666626,True
dev_test_0574,dev_test,,Barbara_Bach_0001,Eli_Rosenbaum_0001,Barbara_Bach,Eli_Rosenbaum,false,0.018002867698669434,1.401425838470459,True
dev_test_0575,dev_test,,Barbara_Becker_0001,Gerhard_Boekel_0001,Barbara_Becker,Gerhard_Boekel,false,-0.019321057945489883,1.4278101921081543,True
dev_test_0576,dev_test,,Barbara_Roberts_0001,Kirsten_Clark_0001,Barbara_Roberts,Kirsten_Clark,false,0.021237626671791077,1.3991156816482544,True
dev_test_0577,dev_test,,Barry_Williams_0001,Richard_Langille_0001,Barry_Williams,Richard_Langille,false,-0.02254277840256691,1.4300647974014282,True
dev_test_0578,dev_test,,Barzan_al-Tikriti_0001,Jim_Haslett_0001,Barzan_al-Tikriti,Jim_Haslett,false,-0.048199236392974854,1.44789457321167,True
dev_test_0579,dev_test,,Beecher_Ray_Kirby_0001,Hashan_Tillakaratne_0001,Beecher_Ray_Kirby,Hashan_Tillakaratne,false,0.07200302928686142,1.3623486757278442,True
dev_test_0580,dev_test,,Begum_Khaleda_Zia_0001,Jesse_Jackson_0005,Begum_Khaleda_Zia,Jesse_Jackson,false,0.13664019107818604,1.3140469789505005,True
dev_test_0581,dev_test,,Ben_Cohen_0001,Roger_Etchegaray_0001,Ben_Cohen,Roger_Etchegaray,false,0.02990155667066574,1.3929094076156616,True
dev_test_0582,dev_test,,Ben_Cohen_0001,Zach_Parise_0001,Ben_Cohen,Zach_Parise,false,0.10817410051822662,1.3355343341827393,True
dev_test_0583,dev_test,,Benjamin_McKenzie_0001,Lisa_Leslie_0001,Benjamin_McKenzie,Lisa_Leslie,false,-0.045084163546562195,1.4457415342330933,True
dev_test_0584,dev_test,,Betsy_Coffin_0001,Gerard_Tronche_0001,Betsy_Coffin,Gerard_Tronche,false,-0.02542978525161743,1.432082176208496,True
dev_test_0585,dev_test,,Bill_Carmody_0001,Michael_Sheehan_0001,Bill_Carmody,Michael_Sheehan,false,0.01867789216339588,1.4009439945220947,True
dev_test_0586,dev_test,,Bill_Carmody_0001,Tippi_Hedren_0001,Bill_Carmody,Tippi_Hedren,false,-0.0455532930791378,1.4460657835006714,True
dev_test_0587,dev_test,,Bill_Curry_0001,Candice_Bergen_0001,Bill_Curry,Candice_Bergen,false,0.001708831638097763,1.4130046367645264,True
dev_test_0588,dev_test,,Bill_Frist_0002,Malcolm_Wild_0001,Bill_Frist,Malcolm_Wild,false,-0.22672979533672333,1.566352367401123,True
dev_test_0589,dev_test,,Bill_Frist_0004,Donald_Pettit_0002,Bill_Frist,Donald_Pettit,false,-0.02178926207125187,1.4295378923416138,True
dev_test_0590,dev_test,,Bill_Kollar_0001,Phillip_Seymor_Hoffmann_0001,Bill_Kollar,Phillip_Seymor_Hoffmann,false,-0.007250197231769562,1.4193310737609863,True
dev_test_0591,dev_test,,Bill_McBride_0008,John_Rowland_0001,Bill_McBride,John_Rowland,false,0.042699914425611496,1.3836907148361206,True
dev_test_0592,dev_test,,Bill_Sizemore_0001,Calista_Flockhart_0003,Bill_Sizemore,Calista_Flockhart,false,-0.04134644567966461,1.443153738975525,True
dev_test_0593,dev_test,,Billy_Boyd_0001,Liza_Minnelli_0003,Billy_Boyd,Liza_Minnelli,false,-0.014219403266906738,1.4242326021194458,True
dev_test_0594,dev_test,,Billy_Boyd_0001,Robin_Williams_0001,Billy_Boyd,Robin_Williams,false,-0.07816871255636215,1.468447208404541,True
dev_test_0595,dev_test,,Bing_Crosby_0001,Eric_Bana_0001,Bing_Crosby,Eric_Bana,false,-0.024491209536790848,1.4314266443252563,True
dev_test_0596,dev_test,,Bing_Crosby_0001,John_Moxley_0001,Bing_Crosby,John_Moxley,false,-0.021459253504872322,1.4293071031570435,True
dev_test_0597,dev_test,,Bing_Crosby_0001,Leonid_Kuchma_0005,Bing_Crosby,Leonid_Kuchma,false,0.1410430371761322,1.3106921911239624,True
dev_test_0598,dev_test,,Bob_Iger_0001,Brian_Cowen_0001,Bob_Iger,Brian_Cowen,false,-0.13201047480106354,1.5046663284301758,True
dev_test_0599,dev_test,,Bob_Iger_0001,Steve_Lavin_0006,Bob_Iger,Steve_Lavin,false,0.001227349042892456,1.413345456123352,True
dev_test_0600,dev_test,,Bob_Newhart_0001,Marina_Canetti_0001,Bob_Newhart,Marina_Canetti,false,-0.004117258358746767,1.4171218872070312,True
dev_test_0601,dev_test,,Bob_Riley_0001,Jim_Harrick_0001,Bob_Riley,Jim_Harrick,false,0.041874147951602936,1.3842874765396118,True
dev_test_0602,dev_test,,Bono_0001,Chen_Shui-bian_0002,Bono,Chen_Shui-bian,false,-0.02648022584617138,1.432815670967102,True
dev_test_0603,dev_test,,Bono_0002,Se_Hyuk_Joo_0001,Bono,Se_Hyuk_Joo,false,0.036077823489904404,1.3884682655334473,True
dev_test_0604,dev_test,,Brad_Miller_0001,Chris_Noth_0001,Brad_Miller,Chris_Noth,false,-0.06282620877027512,1.4579616785049438,True
dev_test_0605,dev_test,,Brandon_Larson_0001,James_Williams_0001,Brandon_Larson,James_Williams,false,-0.023629095405340195,1.4308243989944458,True
dev_test_0606,dev_test,,Brandon_Lloyd_0001,Zach_Parise_0001,Brandon_Lloyd,Zach_Parise,false,0.011591324582695961,1.4059933423995972,True
dev_test_0607,dev_test,,Brandon_Robinson_0001,Mitchell_Garabedian_0001,Brandon_Robinson,Mitchell_Garabedian,false,-0.05833493918180466,1.4548779726028442,True
dev_test_0608,dev_test,,Brandon_Webb_0001,Teddy_Kollek_0001,Brandon_Webb,Teddy_Kollek,false,0.05076316371560097,1.377851128578186,True
dev_test_0609,dev_test,,Brian_Cowen_0002,Dave_Johnson_0001,Brian_Cowen,Dave_Johnson,false,-0.04416097700595856,1.4451026916503906,True
dev_test_0610,dev_test,,Brian_Griese_0001,Jennie_Garth_0001,Brian_Griese,Jennie_Garth,false,0.04820280522108078,1.3797080516815186,True
dev_test_0611,dev_test,,Brock_Berlin_0001,Wendy_Selig_0001,Brock_Berlin,Wendy_Selig,false,0.04601355642080307,1.3812938928604126,True
dev_test_0612,dev_test,,Brooke_Adams_0001,Gilberto_Rodriguez_Orejuela_0002,Brooke_Adams,Gilberto_Rodriguez_Orejuela,false,-0.03746391087770462,1.4404609203338623,True
dev_test_0613,dev_test,,Brooke_Adams_0001,Hussam_Mohammed_Amin_0001,Brooke_Adams,Hussam_Mohammed_Amin,false,-0.04302867501974106,1.4443188905715942,True
dev_test_0614,dev_test,,Bruce_Willis_0001,Heather_Mills_0002,Bruce_Willis,Heather_Mills,false,0.09028469026088715,1.3488627672195435,True
dev_test_0615,dev_test,,Buddy_Ryan_0001,Laurel_Clark_0001,Buddy_Ryan,Laurel_Clark,false,-0.047871559858322144,1.447668194770813,True
dev_test_0616,dev_test,,Buddy_Ryan_0001,Roy_Romanow_0001,Buddy_Ryan,Roy_Romanow,false,-0.009887191466987133,1.4211876392364502,True
dev_test_0617,dev_test,,Calvin_Joseph_Coleman_0001,Ekaterina_Dmitriev_0001,Calvin_Joseph_Coleman,Ekaterina_Dmitriev,false,0.03917514160275459,1.3862358331680298,True
dev_test_0618,dev_test,,Calvin_Joseph_Coleman_0001,Victor_Garber_0001,Calvin_Joseph_Coleman,Victor_Garber,false,-0.09460494667291641,1.4795979261398315,True
dev_test_0619,dev_test,,Camilla_Parker_Bowles_0002,Mary_Matalin_0001,Camilla_Parker_Bowles,Mary_Matalin,false,0.09924899786710739,1.3422003984451294,True
dev_test_0620,dev_test,,Camille_Lewis_0001,Keith_Lockhart_0001,Camille_Lewis,Keith_Lockhart,false,-0.06288223713636398,1.4580001831054688,True
dev_test_0621,dev_test,,Camille_Lewis_0001,Melissa_Etheridge_0001,Camille_Lewis,Melissa_Etheridge,false,0.07309199124574661,1.3615491390228271,True
dev_test_0622,dev_test,,Candice_Bergen_0001,Masum_Turker_0002,Candice_Bergen,Masum_Turker,false,-0.04779518023133278,1.4476155042648315,True
dev_test_0623,dev_test,,Candice_Bergen_0002,Jake_Gyllenhaal_0002,Candice_Bergen,Jake_Gyllenhaal,false,-0.005642418283969164,1.418197751045227,True
dev_test_0624,dev_test,,Candice_Bergen_0002,Prospero_Pichay_0001,Candice_Bergen,Prospero_Pichay,false,-0.05376480147242546,1.4517333507537842,True
dev_test_0625,dev_test,,Carey_Lowell_0001,Helio_Castroneves_0001,Carey_Lowell,Helio_Castroneves,false,-0.038566697388887405,1.4412262439727783,True
dev_test_0626,dev_test,,Carey_Lowell_0001,Joshua_Harapko_0001,Carey_Lowell,Joshua_Harapko,false,0.04238290339708328,1.3839198350906372,True
dev_test_0627,dev_test,,Carlo_Ancelotti_0001,Hugh_Miller_0001,Carlo_Ancelotti,Hugh_Miller,false,-0.037975527346134186,1.4408161640167236,True
dev_test_0628,dev_test,,Carlos_Beltran_0001,Shoshannah_Stern_0001,Carlos_Beltran,Shoshannah_Stern,false,-0.016198186203837395,1.4256213903427124,True
dev_test_0629,dev_test,,Carlos_Ghosn_0001,Renee_Zellweger_0011,Carlos_Ghosn,Renee_Zellweger,false,-0.04643520340323448,1.4466755390167236,True
dev_test_0630,dev_test,,Carlos_Iturgaitz_0001,Francisco_Maturana_0001,Carlos_Iturgaitz,Francisco_Maturana,false,0.020462803542613983,1.3996694087982178,True
dev_test_0631,dev_test,,Carlos_Manuel_Pruneda_0001,Claudia_Coslovich_0001,Carlos_Manuel_Pruneda,Claudia_Coslovich,false,-0.009354389272630215,1.420812726020813,True
dev_test_0632,dev_test,,Carly_Gullickson_0001,Mike_Helton_0002,Carly_Gullickson,Mike_Helton,false,0.03484954684972763,1.3893526792526245,True
dev_test_0633,dev_test,,Caroline_Dhavernas_0001,James_Smith_0001,Caroline_Dhavernas,James_Smith,false,-0.0586707703769207,1.4551087617874146,True
dev_test_0634,dev_test,,Carrie-Anne_Moss_0004,Mike_Richter_0001,Carrie-Anne_Moss,Mike_Richter,false,0.0005385466502048075,1.413832664489746,True
dev_test_0635,dev_test,,Carson_Daly_0001,Matthew_During_0001,Carson_Daly,Matthew_During,false,0.035628363490104675,1.3887920379638672,True
dev_test_0636,dev_test,,Casey_Crowder_0001,Joe_Nichols_0001,Casey_Crowder,Joe_Nichols,false,0.0188713651150465,1.400805950164795,True
dev_test_0637,dev_test,,Casey_Crowder_0001,Laszlo_Kovacs_0001,Casey_Crowder,Laszlo_Kovacs,false,0.04087623581290245,1.3850080966949463,True
dev_test_0638,dev_test,,Cecilia_Chang_0001,Jeffery_Hendren_0001,Cecilia_Chang,Jeffery_Hendren,false,-0.0341455414891243,1.4381555318832397,True
dev_test_0639,dev_test,,Cecilia_Cheung_0001,Kirsten_Clark_0001,Cecilia_Cheung,Kirsten_Clark,false,0.09859742969274521,1.3426858186721802,True
dev_test_0640,dev_test,,Cecilia_Cheung_0001,Simon_Chalk_0001,Cecilia_Cheung,Simon_Chalk,false,-0.04220457375049591,1.4437483549118042,True
dev_test_0641,dev_test,,Cedric_Benson_0001,Greg_Hodge_0001,Cedric_Benson,Greg_Hodge,false,-0.07002442330121994,1.4628905057907104,True
dev_test_0642,dev_test,,Cesar_Maia_0002,Karin_Viard_0001,Cesar_Maia,Karin_Viard,false,0.026156431064009666,1.395595669746399,True
dev_test_0643,dev_test,,Chang_Jae_On_0001,Oracene_Williams_0001,Chang_Jae_On,Oracene_Williams,false,0.060252197086811066,1.3709471225738525,True
dev_test_0644,dev_test,,Chante_Jawan_Mallard_0001,Muhammad_Ali_0005,Chante_Jawan_Mallard,Muhammad_Ali,false,0.02320440113544464,1.3977092504501343,True
dev_test_0645,dev_test,,Charla_Moye_0001,Joe_Mantegna_0001,Charla_Moye,Joe_Mantegna,false,-0.022992029786109924,1.4303789138793945,True
dev_test_0646,dev_test,,Charla_Moye_0001,Robert_Nillson_0001,Charla_Moye,Robert_Nillson,false,-0.07953117787837982,1.4693747758865356,True
dev_test_0647,dev_test,,Charles_Cope_0001,John_Franco_0001,Charles_Cope,John_Franco,false,0.11930086463689804,1.327176809310913,True
dev_test_0648,dev_test,,Charley_Armey_0001,Jose_Cevallos_0001,Charley_Armey,Jose_Cevallos,false,-0.04983290284872055,1.4490224123001099,True
dev_test_0649,dev_test,,Charlie_Sheen_0001,Deece_Eckstein_0001,Charlie_Sheen,Deece_Eckstein,false,-0.04675779119133949,1.4468985795974731,True
dev_test_0650,dev_test,,Charlie_Sheen_0001,Janice_Goldfinger_0001,Charlie_Sheen,Janice_Goldfinger,false,0.06540599465370178,1.3671826124191284,True
dev_test_0651,dev_test,,Charlie_Zaa_0002,William_Harrison_0001,Charlie_Zaa,William_Harrison,false,-0.050488509237766266,1.4494746923446655,True
dev_test_0652,dev_test,,Charmaine_Crooks_0001,Esad_Landzo_0001,Charmaine_Crooks,Esad_Landzo,false,-0.00331665575504303,1.4165568351745605,True
dev_test_0653,dev_test,,Charmaine_Crooks_0001,Shigeru_Ishiba_0001,Charmaine_Crooks,Shigeru_Ishiba,false,0.03335331380367279,1.3904292583465576,True
dev_test_0654,dev_test,,Chawki_Armali_0001,Hilmi_Akin_Zorlu_0001,Chawki_Armali,Hilmi_Akin_Zorlu,false,-0.013111772015690804,1.4234548807144165,True
dev_test_0655,dev_test,,Chea_Sophara_0001,Muhammad_Ali_0006,Chea_Sophara,Muhammad_Ali,false,0.017958469688892365,1.40145742893219,True
dev_test_0656,dev_test,,Chen_Shui-bian_0002,Simon_Cowell_0001,Chen_Shui-bian,Simon_Cowell,false,-0.051219675689935684,1.4499790668487549,True
dev_test_0657,dev_test,,Chen_Shui-bian_0002,William_Nessen_0001,Chen_Shui-bian,William_Nessen,false,-0.060397397726774216,1.4562948942184448,True
dev_test_0658,dev_test,,Chen_Shui-bian_0003,Elizabeth_Smart_0001,Chen_Shui-bian,Elizabeth_Smart,false,-0.04716181382536888,1.447177767753601,True
dev_test_0659,dev_test,,Chita_Rivera_0002,Jose_Luis_Chilavert_0001,Chita_Rivera,Jose_Luis_Chilavert,false,0.04552505910396576,1.3816475868225098,True
dev_test_0660,dev_test,,Chris_Andrews_0001,Claire_De_Gryse_0001,Chris_Andrews,Claire_De_Gryse,false,-0.03583405539393425,1.4393291473388672,True
dev_test_0661,dev_test,,Chris_Andrews_0001,Elinor_Caplan_0002,Chris_Andrews,Elinor_Caplan,false,-0.0027779852971434593,1.4161765575408936,True
dev_test_0662,dev_test,,Chris_Byrd_0001,David_Alpay_0001,Chris_Byrd,David_Alpay,false,-0.08440342545509338,1.472687005996704,True
dev_test_0663,dev_test,,Chris_Byrd_0001,Lawrence_Di_Rita_0001,Chris_Byrd,Lawrence_Di_Rita,false,-0.06511776894330978,1.4595327377319336,True
dev_test_0664,dev_test,,Chris_Noth_0001,Frank_Sinatra_0001,Chris_Noth,Frank_Sinatra,false,-0.18152938783168793,1.537224292755127,True
dev_test_0665,dev_test,,Christian_Longo_0002,Dustan_Mohr_0001,Christian_Longo,Dustan_Mohr,false,0.012500480748713017,1.4053465127944946,True
dev_test_0666,dev_test,,Christiane_Wulff_0001,Paul_Schrader_0001,Christiane_Wulff,Paul_Schrader,false,-0.12419915199279785,1.499466061592102,True
dev_test_0667,dev_test,,Christine_Ebersole_0002,Vincent_Cianci_Jr_0001,Christine_Ebersole,Vincent_Cianci_Jr,false,0.010390526615083218,1.4068471193313599,True
dev_test_0668,dev_test,,Christine_Todd_Whitman_0002,Peter_Rasch_0001,Christine_Todd_Whitman,Peter_Rasch,false,0.004058960825204849,1.4113404750823975,True
dev_test_0669,dev_test,,Christine_Todd_Whitman_0005,Neil_Goldman_0001,Christine_Todd_Whitman,Neil_Goldman,false,-0.02566295489668846,1.4322450160980225,True
dev_test_0670,dev_test,,Christopher_Russell_0001,Rosario_Dawson_0001,Christopher_Russell,Rosario_Dawson,false,0.0479142963886261,1.3799171447753906,True
dev_test_0671,dev_test,,Cindy_Taylor_0001,Melissa_Joan_Hart_0001,Cindy_Taylor,Melissa_Joan_Hart,false,0.009040206670761108,1.407806634902954,True
dev_test_0672,dev_test,,Claire_Danes_0001,Mitchell_Potter_0001,Claire_Danes,Mitchell_Potter,false,-0.0666823610663414,1.460604190826416,True
dev_test_0673,dev_test,,Claire_De_Gryse_0001,Jim_Parque_0001,Claire_De_Gryse,Jim_Parque,false,,,False
dev_test_0674,dev_test,,Claire_De_Gryse_0001,Soenarno_0001,Claire_De_Gryse,Soenarno,false,0.07575785368680954,1.3595898151397705,True
dev_test_0675,dev_test,,Claire_Leger_0002,Elin_Nordegren_0002,Claire_Leger,Elin_Nordegren,false,-0.00012521445751190186,1.414302110671997,True
dev_test_0676,dev_test,,Coleen_Rowley_0001,Courtney_Love_0001,Coleen_Rowley,Courtney_Love,false,0.06307736784219742,1.3688846826553345,True
dev_test_0677,dev_test,,Colin_Campbell_0001,Matt_Walters_0001,Colin_Campbell,Matt_Walters,false,-0.12538763880729675,1.500258445739746,True
dev_test_0678,dev_test,,Colleen_OClair_0001,Kim_Hong-gul_0001,Colleen_OClair,Kim_Hong-gul,false,0.03329949453473091,1.390467882156372,True
dev_test_0679,dev_test,,Colleen_Ryan_0001,Noah_Wyle_0002,Colleen_Ryan,Noah_Wyle,false,-0.03741346299648285,1.4404258728027344,True
dev_test_0680,dev_test,,Conchita_Martinez_0001,Moby_0001,Conchita_Martinez,Moby,false,0.030363835394382477,1.3925776481628418,True
dev_test_0681,dev_test,,Cora_Cambell_0001,Todd_Petit_0001,Cora_Cambell,Todd_Petit,false,-0.08246152102947235,1.4713677167892456,True
dev_test_0682,dev_test,,Courtney_Love_0001,Tsutomu_Takebe_0001,Courtney_Love,Tsutomu_Takebe,false,0.07280661165714264,1.361758828163147,True
dev_test_0683,dev_test,,Cristina_Torrens_Valero_0001,Damarius_Bilbo_0001,Cristina_Torrens_Valero,Damarius_Bilbo,false,0.01101773977279663,1.40640127658844,True
dev_test_0684,dev_test,,Cristina_Torrens_Valero_0001,Etta_James_0001,Cristina_Torrens_Valero,Etta_James,false,0.08146777749061584,1.3553835153579712,True
dev_test_0685,dev_test,,Damarius_Bilbo_0001,Janis_Ruth_Coulter_0001,Damarius_Bilbo,Janis_Ruth_Coulter,false,0.023556619882583618,1.397457242012024,True
dev_test_0686,dev_test,,Damarius_Bilbo_0001,Sheila_Taormina_0001,Damarius_Bilbo,Sheila_Taormina,false,-0.0618198961019516,1.4572713375091553,True
dev_test_0687,dev_test,,Dan_Ackroyd_0001,Nikki_Teasley_0001,Dan_Ackroyd,Nikki_Teasley,false,0.02303078956902027,1.3978334665298462,True
dev_test_0688,dev_test,,Dan_Bylsma_0001,Jim_Parque_0001,Dan_Bylsma,Jim_Parque,false,,,False
dev_test_0689,dev_test,,Dan_Bylsma_0001,Scott_Yates_0001,Dan_Bylsma,Scott_Yates,false,-0.0518561527132988,1.4504178762435913,True
dev_test_0690,dev_test,,Daniel_Comisso_Urdaneta_0001,Jean-Marc_de_La_Sabliere_0001,Daniel_Comisso_Urdaneta,Jean-Marc_de_La_Sabliere,false,-0.048293497413396835,1.4479596614837646,True
dev_test_0691,dev_test,,Daniel_Montgomery_0001,Hassan_Wirajuda_0001,Daniel_Montgomery,Hassan_Wirajuda,false,-0.02783169038593769,1.4337584972381592,True
dev_test_0692,dev_test,,Daniel_Zelman_0001,David_Surrett_0001,Daniel_Zelman,David_Surrett,false,-0.07497775554656982,1.4662725925445557,True
dev_test_0693,dev_test,,Daniele_Nardello_0001,Peter_Hartz_0001,Daniele_Nardello,Peter_Hartz,false,-0.04953854903578758,1.4488191604614258,True
dev_test_0694,dev_test,,Dariusz_Michalczewski_0001,Julien_Boutter_0001,Dariusz_Michalczewski,Julien_Boutter,false,-0.08569280803203583,1.473562240600586,True
dev_test_0695,dev_test,,Darvis_Patton_0001,Estelle_Morris_0001,Darvis_Patton,Estelle_Morris,false,0.05434614419937134,1.3752481937408447,True
dev_test_0696,dev_test,,Darvis_Patton_0001,Gordon_Lightfoot_0001,Darvis_Patton,Gordon_Lightfoot,false,0.0016738037811592221,1.413029432296753,True
dev_test_0697,dev_test,,Darvis_Patton_0001,Tammy_Lynn_Michaels_0001,Darvis_Patton,Tammy_Lynn_Michaels,false,-0.06582557410001755,1.460017442703247,True
dev_test_0698,dev_test,,Dave_Johnson_0001,Hank_Aaron_0001,Dave_Johnson,Hank_Aaron,false,-0.03323587775230408,1.4375227689743042,True
dev_test_0699,dev_test,,David_Braley_0001,Gerard_Tronche_0001,David_Braley,Gerard_Tronche,false,-0.04350792244076729,1.444650650024414,True
dev_test_0700,dev_test,,David_Kelley_0001,Gerald_Calabrese_0001,David_Kelley,Gerald_Calabrese,false,-0.04991905018687248,1.4490818977355957,True
dev_test_0701,dev_test,,David_Shayler_0001,Peter_Mullan_0001,David_Shayler,Peter_Mullan,false,-0.05198961868882179,1.4505099058151245,True
dev_test_0702,dev_test,,David_Surrett_0001,Oracene_Williams_0001,David_Surrett,Oracene_Williams,false,-0.015393372625112534,1.4250566959381104,True
dev_test_0703,dev_test,,Dean_Sheremet_0001,Marc_Racicot_0001,Dean_Sheremet,Marc_Racicot,false,-0.00783165916800499,1.4197406768798828,True
dev_test_0704,dev_test,,Denise_van_Outen_0001,Kevin_Satterfield_0001,Denise_van_Outen,Kevin_Satterfield,false,0.04954487085342407,1.378735065460205,True
dev_test_0705,dev_test,,Dennis_Kozlowski_0002,James_Ivory_0001,Dennis_Kozlowski,James_Ivory,false,0.02636430785059929,1.3954466581344604,True
dev_test_0706,dev_test,,Dennis_Kozlowski_0002,Regina_Ip_0001,Dennis_Kozlowski,Regina_Ip,false,0.14512060582637787,1.3075774908065796,True
dev_test_0707,dev_test,,Dennis_Kozlowski_0002,Wendy_Selig_0001,Dennis_Kozlowski,Wendy_Selig,false,-0.01293061301112175,1.4233274459838867,True
dev_test_0708,dev_test,,Denzel_Washington_0004,Sung_Hong_Choi_0001,Denzel_Washington,Sung_Hong_Choi,false,0.05321111902594566,1.3760733604431152,True
dev_test_0709,dev_test,,Derrick_Battie_0001,Lisa_Leslie_0001,Derrick_Battie,Lisa_Leslie,false,0.07796880602836609,1.357962727546692,True
dev_test_0710,dev_test,,Diane_Green_0001,Ruth_Christofferson_0001,Diane_Green,Ruth_Christofferson,false,0.0994904413819313,1.3420205116271973,True
dev_test_0711,dev_test,,Diane_Green_0001,Tim_Salmon_0001,Diane_Green,Tim_Salmon,false,0.0007620399119332433,1.4136745929718018,True
dev_test_0712,dev_test,,Dick_Armey_0001,Tom_Glavine_0002,Dick_Armey,Tom_Glavine,false,-0.051203180104494095,1.4499677419662476,True
dev_test_0713,dev_test,,Dirk_Kempthorne_0001,George_Tenet_0002,Dirk_Kempthorne,George_Tenet,false,-0.03160412982106209,1.436387300491333,True
dev_test_0714,dev_test,,Dominique_de_Villepin_0013,Hanns_Schumacher_0001,Dominique_de_Villepin,Hanns_Schumacher,false,0.056293223053216934,1.3738317489624023,True
dev_test_0715,dev_test,,Don_Carcieri_0001,Jane_Rooney_0001,Don_Carcieri,Jane_Rooney,false,-0.016925927251577377,1.4261317253112793,True
dev_test_0716,dev_test,,Don_King_0001,Philip_Zalewski_0001,Don_King,Philip_Zalewski,false,0.04066913574934006,1.3851577043533325,True
dev_test_0717,dev_test,,Don_King_0001,Tab_Baldwin_0001,Don_King,Tab_Baldwin,false,-0.04134396091103554,1.4431520700454712,True
dev_test_0718,dev_test,,Don_Lake_0001,Elena_Dementieva_0001,Don_Lake,Elena_Dementieva,false,0.06495006382465363,1.3675159215927124,True
dev_test_0719,dev_test,,Donald_Keck_0001,Julia_Ormond_0001,Donald_Keck,Julia_Ormond,false,-0.034705229103565216,1.4385446310043335,True
dev_test_0720,dev_test,,Donald_Pettit_0003,Michel_Kratochvil_0001,Donald_Pettit,Michel_Kratochvil,false,-0.030455749481916428,1.4355875253677368,True
dev_test_0721,dev_test,,Donald_Rumsfeld_0040,Tamika_Catchings_0001,Donald_Rumsfeld,Tamika_Catchings,false,0.06521371752023697,1.3673231601715088,True
dev_test_0722,dev_test,,Donna_Walker_0001,Phil_Bredesen_0001,Donna_Walker,Phil_Bredesen,false,-0.10298199951648712,1.4852488040924072,True
dev_test_0723,dev_test,,Eddie_Sutton_0001,George_Maxwell_Richards_0001,Eddie_Sutton,George_Maxwell_Richards,false,0.05647807568311691,1.37369704246521,True
dev_test_0724,dev_test,,Edith_Masai_0001,Idi_Amin_0001,Edith_Masai,Idi_Amin,false,0.011211992241442204,1.4062632322311401,True
dev_test_0725,dev_test,,Edward_Belvin_0001,William_Harrison_0001,Edward_Belvin,William_Harrison,false,-0.042117640376091,1.4436880350112915,True
dev_test_0726,dev_test,,Edward_Egan_0001,Jim_Abbott_0001,Edward_Egan,Jim_Abbott,false,0.043257687240839005,1.3832875490188599,True
dev_test_0727,dev_test,,Edward_James_Olmos_0001,Jesse_Harris_0003,Edward_James_Olmos,Jesse_Harris,false,0.024279143661260605,1.3969401121139526,True
dev_test_0728,dev_test,,Edward_Seaga_0001,Fatmir_Limaj_0001,Edward_Seaga,Fatmir_Limaj,false,-0.013179962523281574,1.4235026836395264,True
dev_test_0729,dev_test,,Elaine_Chao_0001,Wilbert_Elki_Meza_Majino_0001,Elaine_Chao,Wilbert_Elki_Meza_Majino,false,-0.15762509405612946,1.5215946435928345,True
dev_test_0730,dev_test,,Elena_Dementieva_0001,Wilton_Gregory_0001,Elena_Dementieva,Wilton_Gregory,false,-0.0018680617213249207,1.4155339002609253,True
dev_test_0731,dev_test,,Elin_Nordegren_0001,Fredric_Seaman_0001,Elin_Nordegren,Fredric_Seaman,false,0.07969104498624802,1.3566937446594238,True
dev_test_0732,dev_test,,Elin_Nordegren_0002,Ghassan_Elashi_0001,Elin_Nordegren,Ghassan_Elashi,false,-0.02037249132990837,1.42854642868042,True
dev_test_0733,dev_test,,Elinor_Caplan_0001,Henning_Scherf_0001,Elinor_Caplan,Henning_Scherf,false,0.008595552295446396,1.4081225395202637,True
dev_test_0734,dev_test,,Eliott_Spitzer_0001,Jerry_Bruckheimer_0001,Eliott_Spitzer,Jerry_Bruckheimer,false,-0.015797574073076248,1.4253404140472412,True
dev_test_0735,dev_test,,Elisabeth_Welch_0001,Francisco_Maturana_0001,Elisabeth_Welch,Francisco_Maturana,false,-0.09481729567050934,1.4797413349151611,True
dev_test_0736,dev_test,,Elizabeth_Regan_0001,Pierre_Boulanger_0002,Elizabeth_Regan,Pierre_Boulanger,false,-0.03678064048290253,1.4399864673614502,True
dev_test_0737,dev_test,,Elliott_Mincberg_0001,Gene_Orza_0001,Elliott_Mincberg,Gene_Orza,false,0.046935129910707474,1.3806265592575073,True
dev_test_0738,dev_test,,Enrica_Fico_0001,Erwin_Abdullah_0001,Enrica_Fico,Erwin_Abdullah,false,-0.04683496057987213,1.446951985359192,True
dev_test_0739,dev_test,,Eric_Dubin_0001,Yang_Pao-yu_0001,Eric_Dubin,Yang_Pao-yu,false,-0.06668704003095627,1.4606075286865234,True
dev_test_0740,dev_test,,Eric_Lindros_0001,Melvin_Talbert_0001,Eric_Lindros,Melvin_Talbert,false,0.053342387080192566,1.3759779930114746,True
dev_test_0741,dev_test,,Eric_Lindros_0001,Sterling_Hitchcock_0001,Eric_Lindros,Sterling_Hitchcock,false,0.04464670270681381,1.3822832107543945,True
dev_test_0742,dev_test,,Eric_Snow_0001,Robert_McKee_0001,Eric_Snow,Robert_McKee,false,0.06825021654367447,1.365100622177124,True
dev_test_0743,dev_test,,Fabiola_Zuluaga_0001,Rose_Linkins_0001,Fabiola_Zuluaga,Rose_Linkins,false,0.014985497109591961,1.403577208518982,True
dev_test_0744,dev_test,,Farouk_Kaddoumi_0001,Gina_Gershon_0001,Farouk_Kaddoumi,Gina_Gershon,false,-0.02032512053847313,1.4285132884979248,True
dev_test_0745,dev_test,,Farouk_Kaddoumi_0001,Will_Smith_0002,Farouk_Kaddoumi,Will_Smith,false,0.08729518204927444,1.3510773181915283,True
dev_test_0746,dev_test,,Felipe_Perez_Roque_0002,Lloyd_Ward_0002,Felipe_Perez_Roque,Lloyd_Ward,false,0.12579859793186188,1.3222718238830566,True
dev_test_0747,dev_test,,Festus_Mogae_0001,Neil_Moritz_0001,Festus_Mogae,Neil_Moritz,false,-0.06192212179303169,1.4573415517807007,True
dev_test_0748,dev_test,,Filip_De_Winter_0001,Stuart_Townsend_0001,Filip_De_Winter,Stuart_Townsend,false,-0.022375373169779778,1.4299477338790894,True
dev_test_0749,dev_test,,Filip_De_Winter_0001,Sue_Grafton_0001,Filip_De_Winter,Sue_Grafton,false,0.03246864676475525,1.3910653591156006,True
dev_test_0750,dev_test,,Flavia_Pennetta_0001,Mikulas_Dzurinda_0002,Flavia_Pennetta,Mikulas_Dzurinda,false,-0.005858400836586952,1.418350100517273,True
dev_test_0751,dev_test,,Flor_Montulo_0001,Steve_Blankenship_0001,Flor_Montulo,Steve_Blankenship,false,-0.016807906329631805,1.426048994064331,True
dev_test_0752,dev_test,,Floyd_Mayweather_0001,Lou_Lang_0001,Floyd_Mayweather,Lou_Lang,false,0.01875896193087101,1.4008861780166626,True
dev_test_0753,dev_test,,Fran_Drescher_0002,William_Martin_0001,Fran_Drescher,William_Martin,false,-0.033312395215034485,1.4375760555267334,True
dev_test_0754,dev_test,,Francis_Ricciardone_0001,Gene_Sauers_0001,Francis_Ricciardone,Gene_Sauers,false,-0.055093612521886826,1.4526482820510864,True
dev_test_0755,dev_test,,Franco_Frattini_0001,Gholamreza_Aghazadeh_0001,Franco_Frattini,Gholamreza_Aghazadeh,false,0.034598883241415024,1.3895330429077148,True
dev_test_0756,dev_test,,Frank_Sinatra_0001,Vicente_Fox_0023,Frank_Sinatra,Vicente_Fox,false,0.006792800035327673,1.4094021320343018,True
dev_test_0757,dev_test,,Frank_Van_Ecke_0001,Gary_Gero_0001,Frank_Van_Ecke,Gary_Gero,false,0.018433144316077232,1.4011186361312866,True
dev_test_0758,dev_test,,Fred_Durst_0001,Patricia_Phillips_0001,Fred_Durst,Patricia_Phillips,false,-0.04389238730072975,1.444916844367981,True
dev_test_0759,dev_test,,Fred_Durst_0001,Rose_Linkins_0001,Fred_Durst,Rose_Linkins,false,0.08432845026254654,1.353271245956421,True
dev_test_0760,dev_test,,Fred_Durst_0001,Tara_Reid_0001,Fred_Durst,Tara_Reid,false,0.07951769232749939,1.3568215370178223,True
dev_test_0761,dev_test,,Frederick_Madden_0001,Luis_Ernesto_Derbez_Bautista_0003,Frederick_Madden,Luis_Ernesto_Derbez_Bautista,false,-0.06395918130874634,1.4587385654449463,True
dev_test_0762,dev_test,,Gary_Leon_Ridgway_0001,Lisa_Raymond_0001,Gary_Leon_Ridgway,Lisa_Raymond,false,0.06804653257131577,1.365249752998352,True
dev_test_0763,dev_test,,Gary_Leon_Ridgway_0001,Phillip_Seymor_Hoffmann_0001,Gary_Leon_Ridgway,Phillip_Seymor_Hoffmann,false,0.0958973690867424,1.3446952104568481,True
dev_test_0764,dev_test,,Gary_Sayler_0001,Nila_Ferran_0001,Gary_Sayler,Nila_Ferran,false,-0.03718390315771103,1.4402666091918945,True
dev_test_0765,dev_test,,George_Foreman_0001,George_Lucas_0001,George_Foreman,George_Lucas,false,0.004414647817611694,1.411088466644287,True
dev_test_0766,dev_test,,Georgia_Giddings_0001,Johnny_Carson_0001,Georgia_Giddings,Johnny_Carson,false,0.023537348955869675,1.3974710702896118,True
dev_test_0767,dev_test,,Gerard_Tronche_0001,Jana_Pittman_0001,Gerard_Tronche,Jana_Pittman,false,-0.05006992071866989,1.449185848236084,True
dev_test_0768,dev_test,,Gerhard_Schroeder_0003,Izzat_Ibrahim_0001,Gerhard_Schroeder,Izzat_Ibrahim,false,0.044688161462545395,1.3822530508041382,True
dev_test_0769,dev_test,,Ghassan_Elashi_0001,Jesse_Ventura_0002,Ghassan_Elashi,Jesse_Ventura,false,0.01698906533420086,1.402148962020874,True
dev_test_0770,dev_test,,Ghassan_Elashi_0001,Peter_Rasch_0001,Ghassan_Elashi,Peter_Rasch,false,-0.04138263687491417,1.4431790113449097,True
dev_test_0771,dev_test,,Gideon_Yago_0001,Robert_Gordon_Card_0001,Gideon_Yago,Robert_Gordon_Card,false,-0.03491271659731865,1.4386887550354004,True
dev_test_0772,dev_test,,Gina_Gershon_0001,Stacey_Dales-Schuman_0001,Gina_Gershon,Stacey_Dales-Schuman,false,0.04436763375997543,1.3824849128723145,True
dev_test_0773,dev_test,,Glenn_Tilton_0001,Victor_Hanescu_0001,Glenn_Tilton,Victor_Hanescu,false,0.0170756708830595,1.4020872116088867,True
dev_test_0774,dev_test,,Gordon_Brown_0012,Monica_Gabrielle_0001,Gordon_Brown,Monica_Gabrielle,false,-0.022043876349925995,1.4297159910202026,True
dev_test_0775,dev_test,,Gordon_Campbell_0001,Pierre_Boulanger_0002,Gordon_Campbell,Pierre_Boulanger,false,0.03419136255979538,1.3898264169692993,True
dev_test_0776,dev_test,,Gordon_Lightfoot_0001,Janez_Drnovsek_0001,Gordon_Lightfoot,Janez_Drnovsek,false,-0.017616545781493187,1.4266159534454346,True
dev_test_0777,dev_test,,Grace_Kelly_0001,Leslie_Moonves_0001,Grace_Kelly,Leslie_Moonves,false,0.048497509211301804,1.3794944286346436,True
dev_test_0778,dev_test,,Greg_Kinnear_0001,Tim_Salmon_0001,Greg_Kinnear,Tim_Salmon,false,0.12351412326097488,1.3239983320236206,True
dev_test_0779,dev_test,,Gregory_Geoffroy_0002,Paul_Burrell_0011,Gregory_Geoffroy,Paul_Burrell,false,0.013097193092107773,1.4049218893051147,True
dev_test_0780,dev_test,,Gregory_Hines_0001,Mary_Frances_Seiter_0001,Gregory_Hines,Mary_Frances_Seiter,false,-0.05602793022990227,1.453291416168213,True
dev_test_0781,dev_test,,Gregory_Peck_0001,John_Lawrence_0001,Gregory_Peck,John_Lawrence,false,-0.0001889765408122912,1.4143471717834473,True
dev_test_0782,dev_test,,Gregory_Peck_0001,John_Lynch_0001,Gregory_Peck,John_Lynch,false,0.14161458611488342,1.310256004333496,True
dev_test_0783,dev_test,,Guillaume_Cannet_0001,Mark_Mulder_0001,Guillaume_Cannet,Mark_Mulder,false,0.07421861588954926,1.3607213497161865,True
dev_test_0784,dev_test,,Guillaume_Cannet_0001,Mohammad_Khatami_0005,Guillaume_Cannet,Mohammad_Khatami,false,0.02150001935660839,1.3989280462265015,True
dev_test_0785,dev_test,,Gunilla_Backman_0001,Jennifer_Granholm_0001,Gunilla_Backman,Jennifer_Granholm,false,-0.04750606045126915,1.4474157094955444,True
dev_test_0786,dev_test,,Gunilla_Backman_0001,Ray_Sherman_0001,Gunilla_Backman,Ray_Sherman,false,0.0029143367428332567,1.4121513366699219,True
dev_test_0787,dev_test,,Gustavo_Franco_0001,Melissa_Joan_Hart_0001,Gustavo_Franco,Melissa_Joan_Hart,false,0.03232305869460106,1.3911700248718262,True
dev_test_0788,dev_test,,Gwendal_Peizerat_0002,Joe_Nichols_0002,Gwendal_Peizerat,Joe_Nichols,false,0.1397128850221634,1.31170654296875,True
dev_test_0789,dev_test,,Gwyneth_Paltrow_0005,Mike_Richter_0001,Gwyneth_Paltrow,Mike_Richter,false,-0.0005526496097445488,1.4146043062210083,True
dev_test_0790,dev_test,,Halbert_Fillinger_0001,Rachel_Hunter_0001,Halbert_Fillinger,Rachel_Hunter,false,-0.032990604639053345,1.437352180480957,True
dev_test_0791,dev_test,,Hank_Aaron_0001,Ron_Howard_0002,Hank_Aaron,Ron_Howard,false,0.053075093775987625,1.3761721849441528,True
dev_test_0792,dev_test,,Harland_Braun_0001,Lisa_Leslie_0001,Harland_Braun,Lisa_Leslie,false,-0.07184712588787079,1.464136004447937,True
dev_test_0793,dev_test,,Harvey_Fierstein_0001,Mike_Slive_0001,Harvey_Fierstein,Mike_Slive,false,-0.07934331893920898,1.4692469835281372,True
dev_test_0794,dev_test,,Helene_Eksterowicz_0001,Mario_Lemieux_0001,Helene_Eksterowicz,Mario_Lemieux,false,0.06858894973993301,1.3648524284362793,True
dev_test_0795,dev_test,,Helio_Castroneves_0001,Joxel_Garcia_0001,Helio_Castroneves,Joxel_Garcia,false,-0.02667527087032795,1.4329516887664795,True
dev_test_0796,dev_test,,Hermann_Maier_0001,Robin_Williams_0001,Hermann_Maier,Robin_Williams,false,0.13028720021247864,1.3188729286193848,True
dev_test_0797,dev_test,,Howard_Smith_0002,Tim_Pawlenty_0001,Howard_Smith,Tim_Pawlenty,false,0.05087267607450485,1.3777716159820557,True
dev_test_0798,dev_test,,Hubie_Brown_0001,Yoon_Jeong_Cho_0001,Hubie_Brown,Yoon_Jeong_Cho,false,-0.02444130927324295,1.4313918352127075,True
dev_test_0799,dev_test,,Hunter_Bates_0001,James_Williams_0001,Hunter_Bates,James_Williams,false,-0.08194968849420547,1.4710198640823364,True
dev_test_0800,dev_test,,Hussam_Mohammed_Amin_0001,Mike_Smith_0001,Hussam_Mohammed_Amin,Mike_Smith,false,-0.0537494421005249,1.4517227411270142,True
dev_test_0801,dev_test,,Hussam_Mohammed_Amin_0001,Princess_Hisako_0001,Hussam_Mohammed_Amin,Princess_Hisako,false,0.025681253522634506,1.3959360122680664,True
dev_test_0802,dev_test,,Hutomo_Mandala_Putra_0001,Thomas_Mesereau_Jr_0001,Hutomo_Mandala_Putra,Thomas_Mesereau_Jr,false,-0.12075281888246536,1.4971659183502197,True
dev_test_0803,dev_test,,Iban_Mayo_0002,Yves_Brodeur_0001,Iban_Mayo,Yves_Brodeur,false,0.016974136233329773,1.4021596908569336,True
dev_test_0804,dev_test,,Imad_Moustapha_0001,Will_Ofenheusle_0001,Imad_Moustapha,Will_Ofenheusle,false,0.04991746321320534,1.378464698791504,True
dev_test_0805,dev_test,,Ion_Tiriac_0001,Lawrence_Roberts_0001,Ion_Tiriac,Lawrence_Roberts,false,-0.03150799497961998,1.4363203048706055,True
dev_test_0806,dev_test,,Irina_Yatchenko_0001,Pedro_Solbes_0004,Irina_Yatchenko,Pedro_Solbes,false,0.039849817752838135,1.3857489824295044,True
dev_test_0807,dev_test,,Isabelle_Huppert_0001,Pedro_Solbes_0001,Isabelle_Huppert,Pedro_Solbes,false,0.039629414677619934,1.3859080076217651,True
dev_test_0808,dev_test,,Isaiah_Washington_0002,Lee_Baca_0001,Isaiah_Washington,Lee_Baca,false,0.029321087524294853,1.3933261632919312,True
dev_test_0809,dev_test,,Islam_Karimov_0001,Shireen_Amir_Begum_0001,Islam_Karimov,Shireen_Amir_Begum,false,-0.0360773541033268,1.4394980669021606,True
dev_test_0810,dev_test,,Ismail_Cem_0001,Seth_Gorney_0001,Ismail_Cem,Seth_Gorney,false,0.027762029320001602,1.3944445848464966,True
dev_test_0811,dev_test,,Ismail_Merchant_0001,Joseph_Deiss_0001,Ismail_Merchant,Joseph_Deiss,false,-0.009948553517460823,1.4212307929992676,True
dev_test_0812,dev_test,,Ivan_Lee_0001,Paul-Henri_Mathieu_0003,Ivan_Lee,Paul-Henri_Mathieu,false,0.11729022860527039,1.3286908864974976,True
dev_test_0813,dev_test,,Izzat_Ibrahim_0001,Tina_Sinatra_0001,Izzat_Ibrahim,Tina_Sinatra,false,0.0744636282324791,1.3605413436889648,True
dev_test_0814,dev_test,,Jack_Welch_0001,Rick_Dinse_0002,Jack_Welch,Rick_Dinse,false,-0.013418866321444511,1.4236704111099243,True
dev_test_0815,dev_test,,Jack_Welch_0001,William_Umbach_0001,Jack_Welch,William_Umbach,false,-0.03685969114303589,1.440041422843933,True
dev_test_0816,dev_test,,Jalal_Talabani_0001,Jean-Marc_Olive_0001,Jalal_Talabani,Jean-Marc_Olive,false,-0.03277922794222832,1.4372050762176514,True
dev_test_0817,dev_test,,James_Franco_0002,Lokendra_Bahadur_Chand_0001,James_Franco,Lokendra_Bahadur_Chand,false,-0.05326329171657562,1.451387882232666,True
dev_test_0818,dev_test,,James_Ivory_0001,Paul_Martin_0007,James_Ivory,Paul_Martin,false,-0.0621032789349556,1.4574657678604126,True
dev_test_0819,dev_test,,James_Lockhart_0001,Lisa_Girman_0001,James_Lockhart,Lisa_Girman,false,0.003795567201450467,1.411527156829834,True
dev_test_0820,dev_test,,Jan_Paul_Miller_0001,Lynne_Slepian_0001,Jan_Paul_Miller,Lynne_Slepian,false,-0.060372158885002136,1.4562774896621704,True
dev_test_0821,dev_test,,Jan_Ullrich_0001,William_Rehnquist_0001,Jan_Ullrich,William_Rehnquist,false,-0.012587293982505798,1.4230862855911255,True
dev_test_0822,dev_test,,Janet_Chandler_0001,Zoe_Ball_0001,Janet_Chandler,Zoe_Ball,false,0.00909484550356865,1.40776789188385,True
dev_test_0823,dev_test,,Janis_Ruth_Coulter_0001,Laurent_Woulzy_0001,Janis_Ruth_Coulter,Laurent_Woulzy,false,-0.04035963863134384,1.4424697160720825,True
dev_test_0824,dev_test,,Jason_Clermont_0001,Vladimir_Ustinov_0001,Jason_Clermont,Vladimir_Ustinov,false,-0.02058393508195877,1.4286943674087524,True
dev_test_0825,dev_test,,Jason_Kapono_0001,Patricia_Medina_0001,Jason_Kapono,Patricia_Medina,false,-0.006923998240381479,1.4191011190414429,True
dev_test_0826,dev_test,,Jason_Mewes_0001,Will_Smith_0001,Jason_Mewes,Will_Smith,false,0.005944021511822939,1.4100042581558228,True
dev_test_0827,dev_test,,Jason_White_0001,Wolfgang_Clement_0001,Jason_White,Wolfgang_Clement,false,-0.006586568895727396,1.418863296508789,True
dev_test_0828,dev_test,,Jean-Pierre_Raffarin_0002,Robert_Horan_0002,Jean-Pierre_Raffarin,Robert_Horan,false,0.17177356779575348,1.2870326042175293,True
dev_test_0829,dev_test,,Jean-Pierre_Raffarin_0006,Paul_Kariya_0001,Jean-Pierre_Raffarin,Paul_Kariya,false,0.014712227508425713,1.403771996498108,True
dev_test_0830,dev_test,,Jeane_Kirkpatrick_0001,Richard_Carl_0001,Jeane_Kirkpatrick,Richard_Carl,false,0.048150669783353806,1.3797458410263062,True
dev_test_0831,dev_test,,Jeane_Kirkpatrick_0001,Tamika_Catchings_0001,Jeane_Kirkpatrick,Tamika_Catchings,false,0.06670629233121872,1.366231083869934,True
dev_test_0832,dev_test,,Jeanne_Anne_Schroeder_0001,Yoriko_Kawaguchi_0013,Jeanne_Anne_Schroeder,Yoriko_Kawaguchi,false,-0.05508079752326012,1.4526394605636597,True
dev_test_0833,dev_test,,Jeannette_Biedermann_0001,Roy_Moore_0006,Jeannette_Biedermann,Roy_Moore,false,0.015113325789570808,1.4034862518310547,True
dev_test_0834,dev_test,,Jeffrey_Pfeffer_0001,Terry_Lynn_Barton_0001,Jeffrey_Pfeffer,Terry_Lynn_Barton,false,0.015770139172673225,1.4030181169509888,True
dev_test_0835,dev_test,,Jen_Bice_0001,Lily_Tomlin_0002,Jen_Bice,Lily_Tomlin,false,-0.029941074550151825,1.435228943824768,True
dev_test_0836,dev_test,,Jen_Bice_0001,Martha_Burk_0002,Jen_Bice,Martha_Burk,false,-0.0891118273139,1.4758806228637695,True
dev_test_0837,dev_test,,Jenna_Elfman_0001,Mack_Brown_0001,Jenna_Elfman,Mack_Brown,false,0.00271222204901278,1.4122943878173828,True
dev_test_0838,dev_test,,Jenna_Elfman_0001,Steffi_Graf_0005,Jenna_Elfman,Steffi_Graf,false,-0.014932495541870594,1.424733281135559,True
dev_test_0839,dev_test,,Jenna_Elfman_0001,Willie_Wilson_0001,Jenna_Elfman,Willie_Wilson,false,0.04260082542896271,1.3837623596191406,True
dev_test_0840,dev_test,,Jennifer_Keller_0004,Paula_Abdul_0001,Jennifer_Keller,Paula_Abdul,false,-0.06161019578576088,1.4571274518966675,True
dev_test_0841,dev_test,,Jennifer_Thompson_0001,Serge_Melac_0001,Jennifer_Thompson,Serge_Melac,false,0.009318185970187187,1.4076091051101685,True
dev_test_0842,dev_test,,Jeremy_Greenstock_0007,Jim_Flaherty_0001,Jeremy_Greenstock,Jim_Flaherty,false,0.02012886479496956,1.3999080657958984,True
dev_test_0843,dev_test,,Jerry_Bruckheimer_0001,John_Blaney_0001,Jerry_Bruckheimer,John_Blaney,false,0.04691997542977333,1.380637526512146,True
dev_test_0844,dev_test,,Jerry_Jones_0001,Robert_Woody_Johnson_0001,Jerry_Jones,Robert_Woody_Johnson,false,-0.006852859165519476,1.419050931930542,True
dev_test_0845,dev_test,,Jesse_Ventura_0001,Reggie_Lewis_0001,Jesse_Ventura,Reggie_Lewis,false,0.008353210054337978,1.408294677734375,True
dev_test_0846,dev_test,,Jesse_Ventura_0003,Roy_Romanow_0001,Jesse_Ventura,Roy_Romanow,false,0.026609081774950027,1.3952711820602417,True
dev_test_0847,dev_test,,Jessica_Biel_0001,Jim_Freudenberg_0001,Jessica_Biel,Jim_Freudenberg,false,-0.05650780349969864,1.453621506690979,True
dev_test_0848,dev_test,,Jim_Calhoun_0001,Perry_Farrell_0001,Jim_Calhoun,Perry_Farrell,false,-0.00583649892359972,1.4183344841003418,True
dev_test_0849,dev_test,,Jim_Cantalupo_0001,Joe_Pantoliano_0001,Jim_Cantalupo,Joe_Pantoliano,false,0.0443066842854023,1.3825290203094482,True
dev_test_0850,dev_test,,Jim_Hahn_0004,Vaclav_Havel_0003,Jim_Hahn,Vaclav_Havel,false,-0.08023219555616379,1.4698517322540283,True
dev_test_0851,dev_test,,Jim_Hahn_0004,Vicente_Fernandez_0002,Jim_Hahn,Vicente_Fernandez,false,-0.04794183373451233,1.4477167129516602,True
dev_test_0852,dev_test,,Jim_Letten_0001,Victor_Hanescu_0001,Jim_Letten,Victor_Hanescu,false,0.034770917147397995,1.3894093036651611,True
dev_test_0853,dev_test,,Joaquin_Phoenix_0001,Kajsa_Bergqvist_0001,Joaquin_Phoenix,Kajsa_Bergqvist,false,0.09548643976449966,1.3450008630752563,True
dev_test_0854,dev_test,,Joe_Pantoliano_0001,Robin_Tunney_0001,Joe_Pantoliano,Robin_Tunney,false,-0.02221917361021042,1.4298385381698608,True
dev_test_0855,dev_test,,John_Belushi_0001,Mahima_Chaudhari_0001,John_Belushi,Mahima_Chaudhari,false,-0.048772361129522324,1.448290228843689,True
dev_test_0856,dev_test,,John_Blaney_0002,Sam_Brownback_0001,John_Blaney,Sam_Brownback,false,0.005290213506668806,1.4104678630828857,True
dev_test_0857,dev_test,,John_Franco_0001,Teri_Files_0001,John_Franco,Teri_Files,false,0.0053218756802380085,1.4104453325271606,True
dev_test_0858,dev_test,,John_Garamendi_0002,Peter_Goldmark_0001,John_Garamendi,Peter_Goldmark,false,0.13776043057441711,1.3131942749023438,True
dev_test_0859,dev_test,,John_Kerr_0001,Susan_Whelan_0001,John_Kerr,Susan_Whelan,false,-0.010599314235150814,1.4216886758804321,True
dev_test_0860,dev_test,,John_Lynch_0001,Stefano_Gabbana_0001,John_Lynch,Stefano_Gabbana,false,-0.09305389970541,1.4785492420196533,True
dev_test_0861,dev_test,,John_Mayer_0003,Miguel_Jimenez_0001,John_Mayer,Miguel_Jimenez,false,-0.057894423604011536,1.4545751810073853,True
dev_test_0862,dev_test,,John_McCallum_0001,Mark_Andrew_0001,John_McCallum,Mark_Andrew,false,0.005947920028120279,1.4100013971328735,True
dev_test_0863,dev_test,,John_Rowland_0002,Robert_Lee_Yates_Jr_0001,John_Rowland,Robert_Lee_Yates_Jr,false,0.023742549121379852,1.3973242044448853,True
dev_test_0864,dev_test,,John_Walsh_0002,Paul_Hogan_0002,John_Walsh,Paul_Hogan,false,0.006871454417705536,1.409346342086792,True
dev_test_0865,dev_test,,Johnny_Depp_0002,Scott_Dickson_0001,Johnny_Depp,Scott_Dickson,false,0.036567650735378265,1.3881155252456665,True
dev_test_0866,dev_test,,Jorge_Arce_0001,Samuel_Waksal_0003,Jorge_Arce,Samuel_Waksal,false,0.01678805612027645,1.4022923707962036,True
dev_test_0867,dev_test,,Jorge_Quiroga_0001,Ramona_Rispton_0001,Jorge_Quiroga,Ramona_Rispton,false,-0.020810453221201897,1.4288530349731445,True
dev_test_0868,dev_test,,Jorge_Quiroga_0001,Surakait_Sathirathai_0001,Jorge_Quiroga,Surakait_Sathirathai,false,0.003627422731369734,1.4116461277008057,True
dev_test_0869,dev_test,,Jose_Bove_0001,Michalis_Chrisohoides_0001,Jose_Bove,Michalis_Chrisohoides,false,-0.029939722269773483,1.4352279901504517,True
dev_test_0870,dev_test,,Jose_Bove_0001,Princess_Diana_0001,Jose_Bove,Princess_Diana,false,0.008713576011359692,1.4080387353897095,True
dev_test_0871,dev_test,,Jose_Luis_Chilavert_0001,Sofyan_Dawood_0001,Jose_Luis_Chilavert,Sofyan_Dawood,false,-0.009477934800088406,1.4208996295928955,True
dev_test_0872,dev_test,,Juan_Carlos_0001,Patricia_Phillips_0001,Juan_Carlos,Patricia_Phillips,false,-0.07741251587867737,1.4679322242736816,True
dev_test_0873,dev_test,,Judy_Dean_0001,Kristanna_Loken_0001,Judy_Dean,Kristanna_Loken,false,-0.05443267151713371,1.452193260192871,True
dev_test_0874,dev_test,,Julia_Ormond_0001,Randy_Dryer_0001,Julia_Ormond,Randy_Dryer,false,-0.026950543746352196,1.4331438541412354,True
dev_test_0875,dev_test,,Julio_Cesar_Chavez_0001,Marc_Racicot_0001,Julio_Cesar_Chavez,Marc_Racicot,false,-0.13022194802761078,1.5034772157669067,True
dev_test_0876,dev_test,,Kaoru_Hasuike_0001,Tom_Foy_0001,Kaoru_Hasuike,Tom_Foy,false,-0.09125908464193344,1.47733473777771,True
dev_test_0877,dev_test,,Karen_Allen_0001,LeRoy_Millette_Jr_0001,Karen_Allen,LeRoy_Millette_Jr,false,0.033800918608903885,1.390107274055481,True
dev_test_0878,dev_test,,Karen_Allen_0001,Rick_Bragg_0001,Karen_Allen,Rick_Bragg,false,0.06750915944576263,1.3656432628631592,True
dev_test_0879,dev_test,,Karl-Heinz_Rummenigge_0001,Wayne_Newton_0001,Karl-Heinz_Rummenigge,Wayne_Newton,false,0.04537077620625496,1.3817591667175293,True
dev_test_0880,dev_test,,Katie_Boone_0001,Terri_Clark_0001,Katie_Boone,Terri_Clark,false,-0.029735324904322624,1.4350855350494385,True
dev_test_0881,dev_test,,Keith_Osik_0001,Robert_Nardelli_0001,Keith_Osik,Robert_Nardelli,false,-0.029836993664503098,1.4351564645767212,True
dev_test_0882,dev_test,,Kent_Robinson_0001,Marquier_Montano_Contreras_0001,Kent_Robinson,Marquier_Montano_Contreras,false,-0.013285885564982891,1.423577070236206,True
dev_test_0883,dev_test,,Kevin_Gil_0001,Mary_Bono_0001,Kevin_Gil,Mary_Bono,false,-0.027812564745545387,1.43374502658844,True
dev_test_0884,dev_test,,Kevin_Hearn_0001,Todd_Haynes_0003,Kevin_Hearn,Todd_Haynes,false,0.18196004629135132,1.2790933847427368,True
dev_test_0885,dev_test,,Khader_Rashid_Rahim_0001,Martha_Burk_0001,Khader_Rashid_Rahim,Martha_Burk,false,0.030758697539567947,1.392293930053711,True
dev_test_0886,dev_test,,Khader_Rashid_Rahim_0001,Michael_Arif_0001,Khader_Rashid_Rahim,Michael_Arif,false,0.055871445685625076,1.374138593673706,True
dev_test_0887,dev_test,,Kim_Yong-il_0002,Terri_Clark_0001,Kim_Yong-il,Terri_Clark,false,-0.08881208300590515,1.475677490234375,True
dev_test_0888,dev_test,,Koichi_Tanaka_0001,Sterling_Hitchcock_0001,Koichi_Tanaka,Sterling_Hitchcock,false,-0.00853180792182684,1.4202336072921753,True
dev_test_0889,dev_test,,Kosuke_Kitajima_0002,Qazi_Hussain_Ahmed_0001,Kosuke_Kitajima,Qazi_Hussain_Ahmed,false,-0.033028118312358856,1.4373782873153687,True
dev_test_0890,dev_test,,Kristin_Davis_0003,Steven_Van_Zandt_0001,Kristin_Davis,Steven_Van_Zandt,false,0.07372552901506424,1.361083745956421,True
dev_test_0891,dev_test,,Kurt_Hellstrom_0001,Manuel_Pellegrini_0001,Kurt_Hellstrom,Manuel_Pellegrini,false,0.03011668659746647,1.3927550315856934,True
dev_test_0892,dev_test,,Laszlo_Kovacs_0001,Michael_Arif_0001,Laszlo_Kovacs,Michael_Arif,false,-0.05678452178835869,1.453811764717102,True
dev_test_0893,dev_test,,Laura_Elena_Harring_0001,Rowan_Williams_0001,Laura_Elena_Harring,Rowan_Williams,false,0.07209642976522446,1.3622801303863525,True
dev_test_0894,dev_test,,Laurel_Clark_0001,Rahul_Dravid_0001,Laurel_Clark,Rahul_Dravid,false,0.048295870423316956,1.3796405792236328,True
dev_test_0895,dev_test,,Lawrence_Di_Rita_0001,Tim_Allen_0002,Lawrence_Di_Rita,Tim_Allen,false,-0.013272684998810291,1.423567771911621,True
dev_test_0896,dev_test,,Lawrence_Roberts_0001,Malik_Mahmud_0001,Lawrence_Roberts,Malik_Mahmud,false,-0.05559218302369118,1.4529914855957031,True
dev_test_0897,dev_test,,Lea_Fastow_0001,Todd_Parrott_0001,Lea_Fastow,Todd_Parrott,false,0.15142789483070374,1.3027448654174805,True
dev_test_0898,dev_test,,Lee_Baca_0001,Pat_Summerall_0001,Lee_Baca,Pat_Summerall,false,0.0026559829711914062,1.4123342037200928,True
dev_test_0899,dev_test,,Leisel_Jones_0001,Steven_Hatfill_0001,Leisel_Jones,Steven_Hatfill,false,0.05532924830913544,1.3745331764221191,True
dev_test_0900,dev_test,,Lena_Katina_0001,Queen_Noor_0001,Lena_Katina,Queen_Noor,false,0.05311480537056923,1.3761433362960815,True
dev_test_0901,dev_test,,Leonard_Glick_0001,Terrence_Trammell_0001,Leonard_Glick,Terrence_Trammell,false,0.06498675048351288,1.3674890995025635,True
dev_test_0902,dev_test,,Leonard_Schrank_0001,Ozzy_Osbourne_0001,Leonard_Schrank,Ozzy_Osbourne,false,0.029604587703943253,1.393122673034668,True
dev_test_0903,dev_test,,Leslie_Wiser_Jr_0001,Mireya_Moscoso_0001,Leslie_Wiser_Jr,Mireya_Moscoso,false,-0.0267903134226799,1.4330320358276367,True
dev_test_0904,dev_test,,Lisa_Murkowski_0001,Svetlana_Belousova_0001,Lisa_Murkowski,Svetlana_Belousova,false,0.03584488108754158,1.3886359930038452,True
dev_test_0905,dev_test,,Lisa_Raymond_0002,Robert_Redford_0007,Lisa_Raymond,Robert_Redford,false,,,False
dev_test_0906,dev_test,,Ludwig_Ovalle_0001,Mauricio_Macri_0001,Ludwig_Ovalle,Mauricio_Macri,false,-0.023569514974951744,1.430782675743103,True
dev_test_0907,dev_test,,Luis_Pujols_0001,Rohman_al-Ghozi_0001,Luis_Pujols,Rohman_al-Ghozi,false,-0.045844074338674545,1.446267008781433,True
dev_test_0908,dev_test,,Makhdoom_Amin_Fahim_0001,Tang_Jiaxuan_0005,Makhdoom_Amin_Fahim,Tang_Jiaxuan,false,0.0801876112818718,1.356327772140503,True
dev_test_0909,dev_test,,Malcolm_Wild_0001,Owen_Wilson_0002,Malcolm_Wild,Owen_Wilson,false,-0.04496102035045624,1.445656180381775,True
dev_test_0910,dev_test,,Mamdouh_Habib_0001,Polona_Bas_0001,Mamdouh_Habib,Polona_Bas,false,-0.0034686888102442026,1.4166641235351562,True
dev_test_0911,dev_test,,Manijeh_Hekmat_0001,Richard_Carl_0001,Manijeh_Hekmat,Richard_Carl,false,-0.03716132417321205,1.4402508735656738,True
dev_test_0912,dev_test,,Manijeh_Hekmat_0001,Se_Hyuk_Joo_0001,Manijeh_Hekmat,Se_Hyuk_Joo,false,-0.03364573419094086,1.4378079175949097,True
dev_test_0913,dev_test,,Marc_Anthony_0001,Vince_Vaughan_0001,Marc_Anthony,Vince_Vaughan,false,-0.03511400148272514,1.438828706741333,True
dev_test_0914,dev_test,,Margie_Puente_0001,Rafiq_Hariri_0001,Margie_Puente,Rafiq_Hariri,false,0.09952064603567123,1.3419979810714722,True
dev_test_0915,dev_test,,Maria_Callas_0001,Melchor_Cob_Castro_0001,Maria_Callas,Melchor_Cob_Castro,false,-0.015778599306941032,1.4253270626068115,True
dev_test_0916,dev_test,,Mario_Lemieux_0001,Pedro_Solbes_0004,Mario_Lemieux,Pedro_Solbes,false,0.10688096284866333,1.336502194404602,True
dev_test_0917,dev_test,,Marissa_Jaret_Winokur_0001,Vincent_Sombrotto_0001,Marissa_Jaret_Winokur,Vincent_Sombrotto,false,0.0509357787668705,1.3777258396148682,True
dev_test_0918,dev_test,,Mark_Dacey_0002,Russ_Ortiz_0001,Mark_Dacey,Russ_Ortiz,false,0.025515038520097733,1.3960551023483276,True
dev_test_0919,dev_test,,Mark_Martin_0001,Vladimir_Spidla_0002,Mark_Martin,Vladimir_Spidla,false,-0.0038733994588255882,1.41694974899292,True
dev_test_0920,dev_test,,Mark_Mishkin_0001,Nick_Reilly_0001,Mark_Mishkin,Nick_Reilly,false,0.08361899107694626,1.3537954092025757,True
dev_test_0921,dev_test,,Mark_Mishkin_0001,Shawn_Marion_0001,Mark_Mishkin,Shawn_Marion,false,-0.008729970082640648,1.4203732013702393,True
dev_test_0922,dev_test,,Marricia_Tate_0001,Rita_Moreno_0002,Marricia_Tate,Rita_Moreno,false,-0.049223847687244415,1.4486019611358643,True
dev_test_0923,dev_test,,Mary_Landrieu_0001,Robert_Gordon_Card_0001,Mary_Landrieu,Robert_Gordon_Card,false,0.00531563488766551,1.4104498624801636,True
dev_test_0924,dev_test,,Maryn_McKenna_0001,Shawn_Marion_0001,Maryn_McKenna,Shawn_Marion,false,0.04240759462118149,1.3839020729064941,True
dev_test_0925,dev_test,,Maryn_McKenna_0001,Tim_Pawlenty_0001,Maryn_McKenna,Tim_Pawlenty,false,0.03843797743320465,1.3867675065994263,True
dev_test_0926,dev_test,,Masum_Turker_0001,Norman_Mineta_0001,Masum_Turker,Norman_Mineta,false,0.09440906345844269,1.345801591873169,True
dev_test_0927,dev_test,,Matt_Dillon_0001,Regina_Ip_0001,Matt_Dillon,Regina_Ip,false,-0.08821699768304825,1.4752742052078247,True
dev_test_0928,dev_test,,Matthias_Sammer_0001,Robbie_Naish_0001,Matthias_Sammer,Robbie_Naish,false,0.02760378085076809,1.3945581912994385,True
dev_test_0929,dev_test,,Melissa_Etheridge_0002,Teri_Files_0001,Melissa_Etheridge,Teri_Files,false,0.06539133936166763,1.3671931028366089,True
dev_test_0930,dev_test,,Michael_J_Sheehan_0001,Michael_Smith_Foster_0001,Michael_J_Sheehan,Michael_Smith_Foster,false,-0.0011749416589736938,1.4150440692901611,True
dev_test_0931,dev_test,,Michael_Linscott_0001,Robin_Tunney_0001,Michael_Linscott,Robin_Tunney,false,0.027550235390663147,1.3945965766906738,True
dev_test_0932,dev_test,,Michael_Phelps_0005,Pat_Burns_0002,Michael_Phelps,Pat_Burns,false,0.01071240659803152,1.406618356704712,True
dev_test_0933,dev_test,,Michael_Sheehan_0001,Vincent_Cianci_Jr_0001,Michael_Sheehan,Vincent_Cianci_Jr,false,0.007205763831734657,1.4091089963912964,True
dev_test_0934,dev_test,,Michael_Smith_Foster_0001,Rupert_Murdoch_0001,Michael_Smith_Foster,Rupert_Murdoch,false,-0.058424949645996094,1.454939842224121,True
dev_test_0935,dev_test,,Michelle_Yeoh_0005,Shoshannah_Stern_0001,Michelle_Yeoh,Shoshannah_Stern,false,-0.01939219981431961,1.427860140800476,True
dev_test_0936,dev_test,,Miguel_Aldana_Ibarra_0001,Mikhail_Gorbachev_0001,Miguel_Aldana_Ibarra,Mikhail_Gorbachev,false,-0.10962343215942383,1.4897136688232422,True
dev_test_0937,dev_test,,Miguel_Jimenez_0001,Paris_Hilton_0001,Miguel_Jimenez,Paris_Hilton,false,-0.016728071495890617,1.4259930849075317,True
dev_test_0938,dev_test,,Mike_Helton_0002,Reggie_Lewis_0001,Mike_Helton,Reggie_Lewis,false,-0.054760582745075226,1.4524191617965698,True
dev_test_0939,dev_test,,Mike_Leach_0001,Thomas_Haeggstroem_0001,Mike_Leach,Thomas_Haeggstroem,false,0.004108835477381945,1.4113051891326904,True
dev_test_0940,dev_test,,Mike_Maroth_0001,Stefan_Holm_0001,Mike_Maroth,Stefan_Holm,false,0.012833214364945889,1.4051098823547363,True
dev_test_0941,dev_test,,Mike_Slive_0001,Paul_Sarbanes_0003,Mike_Slive,Paul_Sarbanes,false,0.004767158068716526,1.4108386039733887,True
dev_test_0942,dev_test,,Mikhail_Youzhny_0002,Vince_Dooley_0001,Mikhail_Youzhny,Vince_Dooley,false,0.008329417556524277,1.4083116054534912,True
dev_test_0943,dev_test,,Mikulas_Dzurinda_0002,Shirley_Jones_0001,Mikulas_Dzurinda,Shirley_Jones,false,0.10163382440805435,1.3404223918914795,True
dev_test_0944,dev_test,,Miles_Stewart_0001,Yasushi_Akashi_0001,Miles_Stewart,Yasushi_Akashi,false,-0.04342398792505264,1.4445925951004028,True
dev_test_0945,dev_test,,Mirela_Manjani_0001,Robert_Woody_Johnson_0001,Mirela_Manjani,Robert_Woody_Johnson,false,0.02778792940080166,1.3944261074066162,True
dev_test_0946,dev_test,,Mitchell_McLaughlin_0001,Timothy_Goebel_0001,Mitchell_McLaughlin,Timothy_Goebel,false,-0.04049239680171013,1.4425618648529053,True
dev_test_0947,dev_test,,Mohammed_Baqir_al-Hakim_0003,Neil_Goldman_0001,Mohammed_Baqir_al-Hakim,Neil_Goldman,false,0.012782137840986252,1.4051462411880493,True
dev_test_0948,dev_test,,Mona_Ayoub_0001,Todd_Parrott_0001,Mona_Ayoub,Todd_Parrott,false,0.04871689900755882,1.3793354034423828,True
dev_test_0949,dev_test,,Mufti_Mohammad_Syed_0001,Ralf_Schumacher_0004,Mufti_Mohammad_Syed,Ralf_Schumacher,false,-0.0656522586941719,1.459898829460144,True
dev_test_0950,dev_test,,Nathalie_Gagnon_0001,Rupert_Grint_0002,Nathalie_Gagnon,Rupert_Grint,false,0.059215646237134933,1.371702790260315,True
dev_test_0951,dev_test,,Neil_Goldman_0001,Niall_Connolly_0001,Neil_Goldman,Niall_Connolly,false,-0.0440717376768589,1.4450409412384033,True
dev_test_0952,dev_test,,Nick_Reilly_0001,Tassos_Papadopoulos_0001,Nick_Reilly,Tassos_Papadopoulos,false,0.05443938076496124,1.3751804828643799,True
dev_test_0953,dev_test,,Nicolas_Sarkozy_0001,Shanna_Zolman_0001,Nicolas_Sarkozy,Shanna_Zolman,false,-0.04177175089716911,1.4434484243392944,True
dev_test_0954,dev_test,,Norm_Coleman_0002,Osmond_Smith_0001,Norm_Coleman,Osmond_Smith,false,0.01595211960375309,1.4028884172439575,True
dev_test_0955,dev_test,,Norman_Mailer_0001,Steven_Curtis_Chapman_0001,Norman_Mailer,Steven_Curtis_Chapman,false,0.06983412802219391,1.3639397621154785,True
dev_test_0956,dev_test,,Oliver_Neuville_0001,Shawn_Marion_0001,Oliver_Neuville,Shawn_Marion,false,-0.008494483307003975,1.4202073812484741,True
dev_test_0957,dev_test,,Park_Jie-won_0001,Steve_Patterson_0001,Park_Jie-won,Steve_Patterson,false,-0.02773398533463478,1.4336904287338257,True
dev_test_0958,dev_test,,Patty_Sheehan_0001,William_Nessen_0001,Patty_Sheehan,William_Nessen,false,-0.07075310498476028,1.4633885622024536,True
dev_test_0959,dev_test,,Paul_Hogan_0001,Thomas_Watjen_0001,Paul_Hogan,Thomas_Watjen,false,-0.07508864998817444,1.4663482904434204,True
dev_test_0960,dev_test,,Paul_Hogan_0001,William_Martin_0001,Paul_Hogan,William_Martin,false,0.02343689277768135,1.3975428342819214,True
dev_test_0961,dev_test,,Paul_Kariya_0001,Shannon_OBrien_0002,Paul_Kariya,Shannon_OBrien,false,-0.09870385378599167,1.482365608215332,True
dev_test_0962,dev_test,,Paul_Martin_0001,Stephanie_Cohen_Aloro_0001,Paul_Martin,Stephanie_Cohen_Aloro,false,-0.04717693477869034,1.447188138961792,True
dev_test_0963,dev_test,,Paul_Michael_Daniels_0001,Simon_Chalk_0001,Paul_Michael_Daniels,Simon_Chalk,false,0.1991407871246338,1.2655901908874512,True
dev_test_0964,dev_test,,Paul_Schrader_0001,Teri_Files_0001,Paul_Schrader,Teri_Files,false,0.021238453686237335,1.3991150856018066,True
dev_test_0965,dev_test,,Paula_Prentiss_0001,Thomas_Mesereau_Jr_0001,Paula_Prentiss,Thomas_Mesereau_Jr,false,-0.12100332975387573,1.4973331689834595,True
dev_test_0966,dev_test,,Pedro_Martinez_0001,Stephen_Glassroth_0001,Pedro_Martinez,Stephen_Glassroth,false,0.029034357517957687,1.3935319185256958,True
dev_test_0967,dev_test,,Peter_Fitzgerald_0001,Zelma_Novelo_0001,Peter_Fitzgerald,Zelma_Novelo,false,-0.0703556016087532,1.4631168842315674,True
dev_test_0968,dev_test,,Phil_Jackson_0001,Richard_Penniman_0001,Phil_Jackson,Richard_Penniman,false,-0.03022800199687481,1.4354289770126343,True
dev_test_0969,dev_test,,Phillipe_Comtois_0001,Richard_Carl_0001,Phillipe_Comtois,Richard_Carl,false,0.134525328874588,1.3156554698944092,True
dev_test_0970,dev_test,,Pierre_Boulanger_0001,Shania_Twain_0001,Pierre_Boulanger,Shania_Twain,false,0.04802565276622772,1.3798364400863647,True
dev_test_0971,dev_test,,Princess_Diana_0001,Steffi_Graf_0002,Princess_Diana,Steffi_Graf,false,-0.04759416729211807,1.4474765062332153,True
dev_test_0972,dev_test,,Priscilla_Presley_0001,Sergey_Lavrov_0005,Priscilla_Presley,Sergey_Lavrov,false,0.02346128039062023,1.397525429725647,True
dev_test_0973,dev_test,,Priscilla_Presley_0001,Victoria_Beckham_0003,Priscilla_Presley,Victoria_Beckham,false,0.05262451246380806,1.3764995336532593,True
dev_test_0974,dev_test,,Richard_Butler_0001,Victoria_Beckham_0001,Richard_Butler,Victoria_Beckham,false,0.04014640673995018,1.3855350017547607,True
dev_test_0975,dev_test,,Richard_Pennington_0001,Stacy_Nelson_0001,Richard_Pennington,Stacy_Nelson,false,-0.003844995517283678,1.4169297218322754,True
dev_test_0976,dev_test,,Rick_Caruso_0001,Steve_Wariner_0001,Rick_Caruso,Steve_Wariner,false,0.013297177851200104,1.4047795534133911,True
dev_test_0977,dev_test,,Rick_Perry_0006,Svetlana_Koroleva_0001,Rick_Perry,Svetlana_Koroleva,false,0.0036731495056301355,1.4116138219833374,True
dev_test_0978,dev_test,,Ricky_Cottrill_0001,Sananda_Maitreya_0001,Ricky_Cottrill,Sananda_Maitreya,false,-0.06247934699058533,1.4577237367630005,True
dev_test_0979,dev_test,,Robert_Flodquist_0001,Winona_Ryder_0011,Robert_Flodquist,Winona_Ryder,false,0.04418688639998436,1.3826158046722412,True
dev_test_0980,dev_test,,Rod_Stewart_0001,Tom_Scully_0001,Rod_Stewart,Tom_Scully,false,0.024551482871174812,1.396745204925537,True
dev_test_0981,dev_test,,Rod_Stewart_0003,Se_Hyuk_Joo_0001,Rod_Stewart,Se_Hyuk_Joo,false,-0.017997177317738533,1.4268827438354492,True
dev_test_0982,dev_test,,Rod_Thorn_0001,Yves_Brodeur_0001,Rod_Thorn,Yves_Brodeur,false,-0.032609712332487106,1.4370871782302856,True
dev_test_0983,dev_test,,Ron_Howard_0001,Tim_Pawlenty_0001,Ron_Howard,Tim_Pawlenty,false,0.10628948360681534,1.3369446992874146,True
dev_test_0984,dev_test,,Ronaldo_Luis_Nazario_de_Lima_0001,Samuel_Waksal_0002,Ronaldo_Luis_Nazario_de_Lima,Samuel_Waksal,false,-0.08667055517435074,1.4742255210876465,True
dev_test_0985,dev_test,,Sami_Al-Arian_0001,Tommy_Lasorda_0001,Sami_Al-Arian,Tommy_Lasorda,false,-0.06038535386323929,1.4562866687774658,True
dev_test_0986,dev_test,,Sarah_Canale_0001,Steven_Curtis_Chapman_0001,Sarah_Canale,Steven_Curtis_Chapman,false,-0.10848041623830795,1.4889461994171143,True
dev_test_0987,dev_test,,Sasha_Cohen_0001,Valery_Giscard_dEstaing_0005,Sasha_Cohen,Valery_Giscard_dEstaing,false,-0.052948083728551865,1.451170563697815,True
dev_test_0988,dev_test,,Scott_Dalton_0001,Tamara_Mowry_0001,Scott_Dalton,Tamara_Mowry,false,-0.01515933033078909,1.4248924255371094,True
dev_test_0989,dev_test,,Sergio_Castellitto_0001,Steve_Lavin_0005,Sergio_Castellitto,Steve_Lavin,false,0.0011650342494249344,1.4133895635604858,True
dev_test_0990,dev_test,,Seth_Gorney_0001,Wilton_Gregory_0001,Seth_Gorney,Wilton_Gregory,false,0.03482838720083237,1.389367938041687,True
dev_test_0991,dev_test,,Shane_Mosley_0001,Stacey_Dales-Schuman_0001,Shane_Mosley,Stacey_Dales-Schuman,false,0.08365238457918167,1.3537707328796387,True
dev_test_0992,dev_test,,Sheila_Taormina_0001,Stephan_Eberharter_0001,Sheila_Taormina,Stephan_Eberharter,false,0.06715913116931915,1.3658995628356934,True
dev_test_0993,dev_test,,Stefano_Gabbana_0001,Tang_Jiaxuan_0003,Stefano_Gabbana,Tang_Jiaxuan,false,-0.0743037760257721,1.4658128023147583,True
dev_test_0994,dev_test,,Steve_Wariner_0001,Toshi_Izawa_0001,Steve_Wariner,Toshi_Izawa,false,0.03242318332195282,1.3910980224609375,True
dev_test_0995,dev_test,,Steve_Zahn_0001,Tab_Baldwin_0001,Steve_Zahn,Tab_Baldwin,false,-0.015500407665967941,1.425131916999817,True
dev_test_0996,dev_test,,Susan_Whelan_0001,Wolfgang_Schneiderhan_0001,Susan_Whelan,Wolfgang_Schneiderhan,false,-0.015680210664868355,1.425257921218872,True
dev_test_0997,dev_test,,Takeo_Fukui_0001,Will_Ofenheusle_0001,Takeo_Fukui,Will_Ofenheusle,false,-0.05244018882513046,1.4508205652236938,True
dev_test_0998,dev_test,,Tamara_Mowry_0001,Zach_Parise_0001,Tamara_Mowry,Zach_Parise,false,0.053777579218149185,1.3756616115570068,True
dev_test_0999,dev_test,,Tatiana_Kennedy_Schlossberg_0001,Thomas_Watjen_0001,Tatiana_Kennedy_Schlossberg,Thomas_Watjen,false,-0.005808042827993631,1.4183145761489868,True
dev_test_1000,dev_test,,Todd_Petit_0001,Vicente_Fernandez_0003,Todd_Petit,Vicente_Fernandez,false,-0.011461245827376842,1.4222948551177979,True
