threshold,far,fpr,tar,tpr,frr,fnr,accuracy,tp,fp,tn,fn
inf,0.0,0.0,0.0,0.0,1.0,1.0,0.5,0,0,1093,1093
0.933648943901062,0.0,0.0,0.0009149130832570906,0.0009149130832570906,0.9990850869167429,0.9990850869167429,0.5004574565416285,1,0,1093,1092
0.9042510390281677,0.0,0.0,0.0018298261665141812,0.0018298261665141812,0.9981701738334858,0.9981701738334858,0.5009149130832571,2,0,1093,1091
0.9042059183120728,0.0,0.0,0.0027447392497712718,0.0027447392497712718,0.9972552607502287,0.9972552607502287,0.5013723696248856,3,0,1093,1090
0.9009085893630981,0.0,0.0,0.0036596523330283625,0.0036596523330283625,0.9963403476669717,0.9963403476669717,0.5018298261665142,4,0,1093,1089
0.8982158303260803,0.0,0.0,0.004574565416285453,0.004574565416285453,0.9954254345837146,0.9954254345837146,0.5022872827081427,5,0,1093,1088
0.8975296020507812,0.0,0.0,0.0054894784995425435,0.0054894784995425435,0.9945105215004575,0.9945105215004575,0.5027447392497713,6,0,1093,1087
0.8928909301757812,0.0,0.0,0.006404391582799634,0.006404391582799634,0.9935956084172004,0.9935956084172004,0.5032021957913998,7,0,1093,1086
0.8885002136230469,0.0,0.0,0.007319304666056725,0.007319304666056725,0.9926806953339433,0.9926806953339433,0.5036596523330283,8,0,1093,1085
0.8853372931480408,0.0,0.0,0.008234217749313814,0.008234217749313814,0.9917657822506862,0.9917657822506862,0.5041171088746569,9,0,1093,1084
0.8768740892410278,0.0,0.0,0.009149130832570906,0.009149130832570906,0.9908508691674291,0.9908508691674291,0.5045745654162854,10,0,1093,1083
0.8767881989479065,0.0,0.0,0.010064043915827997,0.010064043915827997,0.989935956084172,0.989935956084172,0.505032021957914,11,0,1093,1082
0.8766281604766846,0.0,0.0,0.010978956999085087,0.010978956999085087,0.9890210430009149,0.9890210430009149,0.5054894784995425,12,0,1093,1081
0.8691080212593079,0.0,0.0,0.011893870082342177,0.011893870082342177,0.9881061299176578,0.9881061299176578,0.505946935041171,13,0,1093,1080
0.8682226538658142,0.0,0.0,0.012808783165599268,0.012808783165599268,0.9871912168344007,0.9871912168344007,0.5064043915827996,14,0,1093,1079
0.8665376901626587,0.0,0.0,0.013723696248856358,0.013723696248856358,0.9862763037511436,0.9862763037511436,0.5068618481244281,15,0,1093,1078
0.8647711873054504,0.0,0.0,0.01463860933211345,0.01463860933211345,0.9853613906678865,0.9853613906678865,0.5073193046660567,16,0,1093,1077
0.8644102215766907,0.0,0.0,0.01555352241537054,0.01555352241537054,0.9844464775846294,0.9844464775846294,0.5077767612076852,17,0,1093,1076
0.8600414991378784,0.0,0.0,0.01646843549862763,0.01646843549862763,0.9835315645013724,0.9835315645013724,0.5082342177493138,18,0,1093,1075
0.859135627746582,0.0,0.0,0.01738334858188472,0.01738334858188472,0.9826166514181153,0.9826166514181153,0.5086916742909423,19,0,1093,1074
0.8588375449180603,0.0,0.0,0.018298261665141813,0.018298261665141813,0.9817017383348582,0.9817017383348582,0.5091491308325709,20,0,1093,1073
0.8585276007652283,0.0,0.0,0.0192131747483989,0.0192131747483989,0.9807868252516011,0.9807868252516011,0.5096065873741995,21,0,1093,1072
0.8548539876937866,0.0,0.0,0.020128087831655993,0.020128087831655993,0.979871912168344,0.979871912168344,0.510064043915828,22,0,1093,1071
0.8528739809989929,0.0,0.0,0.021043000914913082,0.021043000914913082,0.9789569990850869,0.9789569990850869,0.5105215004574566,23,0,1093,1070
0.8521039485931396,0.0,0.0,0.021957913998170174,0.021957913998170174,0.9780420860018298,0.9780420860018298,0.5109789569990851,24,0,1093,1069
0.8498141765594482,0.0,0.0,0.022872827081427266,0.022872827081427266,0.9771271729185728,0.9771271729185728,0.5114364135407137,25,0,1093,1068
0.8497796058654785,0.0,0.0,0.023787740164684355,0.023787740164684355,0.9762122598353157,0.9762122598353157,0.5118938700823422,26,0,1093,1067
0.849340558052063,0.0,0.0,0.024702653247941447,0.024702653247941447,0.9752973467520586,0.9752973467520586,0.5123513266239708,27,0,1093,1066
0.8471464514732361,0.0,0.0,0.025617566331198535,0.025617566331198535,0.9743824336688015,0.9743824336688015,0.5128087831655993,28,0,1093,1065
0.8462359309196472,0.0,0.0,0.026532479414455627,0.026532479414455627,0.9734675205855444,0.9734675205855444,0.5132662397072278,29,0,1093,1064
0.8453981876373291,0.0,0.0,0.027447392497712716,0.027447392497712716,0.9725526075022873,0.9725526075022873,0.5137236962488564,30,0,1093,1063
0.8442803621292114,0.0,0.0,0.028362305580969808,0.028362305580969808,0.9716376944190301,0.9716376944190301,0.5141811527904849,31,0,1093,1062
0.8437134623527527,0.0,0.0,0.0292772186642269,0.0292772186642269,0.970722781335773,0.970722781335773,0.5146386093321135,32,0,1093,1061
0.8411042094230652,0.0,0.0,0.03019213174748399,0.03019213174748399,0.969807868252516,0.969807868252516,0.515096065873742,33,0,1093,1060
0.8405225872993469,0.0,0.0,0.03110704483074108,0.03110704483074108,0.9688929551692589,0.9688929551692589,0.5155535224153706,34,0,1093,1059
0.839749276638031,0.0,0.0,0.03202195791399817,0.03202195791399817,0.9679780420860018,0.9679780420860018,0.5160109789569991,35,0,1093,1058
0.8385705351829529,0.0,0.0,0.03293687099725526,0.03293687099725526,0.9670631290027447,0.9670631290027447,0.5164684354986276,36,0,1093,1057
0.8385035991668701,0.0,0.0,0.03385178408051235,0.03385178408051235,0.9661482159194876,0.9661482159194876,0.5169258920402562,37,0,1093,1056
0.8361213207244873,0.0,0.0,0.03476669716376944,0.03476669716376944,0.9652333028362305,0.9652333028362305,0.5173833485818847,38,0,1093,1055
0.8346716165542603,0.0,0.0,0.035681610247026534,0.035681610247026534,0.9643183897529735,0.9643183897529735,0.5178408051235133,39,0,1093,1054
0.8344222903251648,0.0,0.0,0.036596523330283626,0.036596523330283626,0.9634034766697164,0.9634034766697164,0.5182982616651418,40,0,1093,1053
0.8343944549560547,0.0,0.0,0.03751143641354071,0.03751143641354071,0.9624885635864593,0.9624885635864593,0.5187557182067704,41,0,1093,1052
0.83437180519104,0.0,0.0,0.0384263494967978,0.0384263494967978,0.9615736505032022,0.9615736505032022,0.5192131747483989,42,0,1093,1051
0.8336522579193115,0.0,0.0,0.039341262580054895,0.039341262580054895,0.9606587374199451,0.9606587374199451,0.5196706312900274,43,0,1093,1050
0.8327714204788208,0.0,0.0,0.04025617566331199,0.04025617566331199,0.959743824336688,0.959743824336688,0.520128087831656,44,0,1093,1049
0.8323780298233032,0.0,0.0,0.04117108874656908,0.04117108874656908,0.958828911253431,0.958828911253431,0.5205855443732845,45,0,1093,1048
0.8319175243377686,0.0,0.0,0.042086001829826164,0.042086001829826164,0.9579139981701739,0.9579139981701739,0.5210430009149131,46,0,1093,1047
0.831279993057251,0.0,0.0,0.043000914913083256,0.043000914913083256,0.9569990850869168,0.9569990850869168,0.5215004574565416,47,0,1093,1046
0.8276269435882568,0.0,0.0,0.04391582799634035,0.04391582799634035,0.9560841720036597,0.9560841720036597,0.5219579139981702,48,0,1093,1045
0.8273704648017883,0.0,0.0,0.04483074107959744,0.04483074107959744,0.9551692589204026,0.9551692589204026,0.5224153705397987,49,0,1093,1044
0.8272801637649536,0.0,0.0,0.04574565416285453,0.04574565416285453,0.9542543458371455,0.9542543458371455,0.5228728270814272,50,0,1093,1043
0.8264281153678894,0.0,0.0,0.04666056724611162,0.04666056724611162,0.9533394327538883,0.9533394327538883,0.5233302836230558,51,0,1093,1042
0.8253803849220276,0.0,0.0,0.04757548032936871,0.04757548032936871,0.9524245196706312,0.9524245196706312,0.5237877401646843,52,0,1093,1041
0.8253426551818848,0.0,0.0,0.0484903934126258,0.0484903934126258,0.9515096065873742,0.9515096065873742,0.5242451967063129,53,0,1093,1040
0.8251135349273682,0.0,0.0,0.04940530649588289,0.04940530649588289,0.9505946935041171,0.9505946935041171,0.5247026532479414,54,0,1093,1039
0.8233678340911865,0.0,0.0,0.05032021957913998,0.05032021957913998,0.94967978042086,0.94967978042086,0.52516010978957,55,0,1093,1038
0.8233371376991272,0.0,0.0,0.05123513266239707,0.05123513266239707,0.9487648673376029,0.9487648673376029,0.5256175663311985,56,0,1093,1037
0.8231199979782104,0.0,0.0,0.05215004574565416,0.05215004574565416,0.9478499542543458,0.9478499542543458,0.526075022872827,57,0,1093,1036
0.8229666948318481,0.0,0.0,0.053064958828911254,0.053064958828911254,0.9469350411710887,0.9469350411710887,0.5265324794144556,58,0,1093,1035
0.8217941522598267,0.0,0.0,0.053979871912168347,0.053979871912168347,0.9460201280878316,0.9460201280878316,0.5269899359560841,59,0,1093,1034
0.8208965063095093,0.0,0.0,0.05489478499542543,0.05489478499542543,0.9451052150045746,0.9451052150045746,0.5274473924977127,60,0,1093,1033
0.8195174932479858,0.0,0.0,0.055809698078682524,0.055809698078682524,0.9441903019213175,0.9441903019213175,0.5279048490393413,61,0,1093,1032
0.819428026676178,0.0,0.0,0.056724611161939616,0.056724611161939616,0.9432753888380604,0.9432753888380604,0.5283623055809699,62,0,1093,1031
0.8184768557548523,0.0,0.0,0.05763952424519671,0.05763952424519671,0.9423604757548033,0.9423604757548033,0.5288197621225984,63,0,1093,1030
0.8181754946708679,0.0,0.0,0.0585544373284538,0.0585544373284538,0.9414455626715462,0.9414455626715462,0.529277218664227,64,0,1093,1029
0.8173359632492065,0.0,0.0,0.059469350411710885,0.059469350411710885,0.9405306495882891,0.9405306495882891,0.5297346752058555,65,0,1093,1028
0.8163636326789856,0.0,0.0,0.06038426349496798,0.06038426349496798,0.939615736505032,0.939615736505032,0.530192131747484,66,0,1093,1027
0.814592182636261,0.0,0.0,0.06129917657822507,0.06129917657822507,0.938700823421775,0.938700823421775,0.5306495882891126,67,0,1093,1026
0.8134995102882385,0.0,0.0,0.06221408966148216,0.06221408966148216,0.9377859103385179,0.9377859103385179,0.5311070448307411,68,0,1093,1025
0.8131910562515259,0.0,0.0,0.06312900274473925,0.06312900274473925,0.9368709972552608,0.9368709972552608,0.5315645013723697,69,0,1093,1024
0.8123149871826172,0.0,0.0,0.06404391582799634,0.06404391582799634,0.9359560841720037,0.9359560841720037,0.5320219579139982,70,0,1093,1023
0.8115779161453247,0.0,0.0,0.06495882891125343,0.06495882891125343,0.9350411710887465,0.9350411710887465,0.5324794144556267,71,0,1093,1022
0.8114905953407288,0.0,0.0,0.06587374199451052,0.06587374199451052,0.9341262580054894,0.9341262580054894,0.5329368709972553,72,0,1093,1021
0.8113536238670349,0.0,0.0,0.06678865507776761,0.06678865507776761,0.9332113449222323,0.9332113449222323,0.5333943275388838,73,0,1093,1020
0.8109155893325806,0.0,0.0,0.0677035681610247,0.0677035681610247,0.9322964318389753,0.9322964318389753,0.5338517840805124,74,0,1093,1019
0.8108336925506592,0.0,0.0,0.0686184812442818,0.0686184812442818,0.9313815187557182,0.9313815187557182,0.5343092406221409,75,0,1093,1018
0.8106269240379333,0.0,0.0,0.06953339432753888,0.06953339432753888,0.9304666056724611,0.9304666056724611,0.5347666971637695,76,0,1093,1017
0.8100622296333313,0.0,0.0,0.07044830741079597,0.07044830741079597,0.929551692589204,0.929551692589204,0.535224153705398,77,0,1093,1016
0.8100089430809021,0.0,0.0,0.07136322049405307,0.07136322049405307,0.9286367795059469,0.9286367795059469,0.5356816102470265,78,0,1093,1015
0.8099140524864197,0.0,0.0,0.07227813357731015,0.07227813357731015,0.9277218664226898,0.9277218664226898,0.5361390667886551,79,0,1093,1014
0.8078752756118774,0.0,0.0,0.07319304666056725,0.07319304666056725,0.9268069533394327,0.9268069533394327,0.5365965233302836,80,0,1093,1013
0.8069792985916138,0.0,0.0,0.07410795974382434,0.07410795974382434,0.9258920402561757,0.9258920402561757,0.5370539798719122,81,0,1093,1012
0.8061956763267517,0.0,0.0,0.07502287282708142,0.07502287282708142,0.9249771271729186,0.9249771271729186,0.5375114364135407,82,0,1093,1011
0.8061761856079102,0.0,0.0,0.07593778591033852,0.07593778591033852,0.9240622140896615,0.9240622140896615,0.5379688929551693,83,0,1093,1010
0.8057570457458496,0.0,0.0,0.0768526989935956,0.0768526989935956,0.9231473010064044,0.9231473010064044,0.5384263494967978,84,0,1093,1009
0.8046444654464722,0.0,0.0,0.0777676120768527,0.0777676120768527,0.9222323879231473,0.9222323879231473,0.5388838060384263,85,0,1093,1008
0.8045831322669983,0.0,0.0,0.07868252516010979,0.07868252516010979,0.9213174748398902,0.9213174748398902,0.5393412625800549,86,0,1093,1007
0.8045018911361694,0.0,0.0,0.07959743824336687,0.07959743824336687,0.9204025617566332,0.9204025617566332,0.5397987191216834,87,0,1093,1006
0.804374635219574,0.0,0.0,0.08051235132662397,0.08051235132662397,0.9194876486733761,0.9194876486733761,0.540256175663312,88,0,1093,1005
0.8043208718299866,0.0,0.0,0.08142726440988106,0.08142726440988106,0.918572735590119,0.918572735590119,0.5407136322049405,89,0,1093,1004
0.8038660883903503,0.0,0.0,0.08234217749313816,0.08234217749313816,0.9176578225068619,0.9176578225068619,0.541171088746569,90,0,1093,1003
0.8030186891555786,0.0,0.0,0.08325709057639524,0.08325709057639524,0.9167429094236048,0.9167429094236048,0.5416285452881976,91,0,1093,1002
0.8021583557128906,0.0,0.0,0.08417200365965233,0.08417200365965233,0.9158279963403476,0.9158279963403476,0.5420860018298261,92,0,1093,1001
0.8012082576751709,0.0,0.0,0.08508691674290943,0.08508691674290943,0.9149130832570905,0.9149130832570905,0.5425434583714547,93,0,1093,1000
0.8004396557807922,0.0,0.0,0.08600182982616651,0.08600182982616651,0.9139981701738334,0.9139981701738334,0.5430009149130832,94,0,1093,999
0.8003701567649841,0.0,0.0,0.08691674290942361,0.08691674290942361,0.9130832570905764,0.9130832570905764,0.5434583714547118,95,0,1093,998
0.799791157245636,0.0,0.0,0.0878316559926807,0.0878316559926807,0.9121683440073193,0.9121683440073193,0.5439158279963403,96,0,1093,997
0.7996674180030823,0.0,0.0,0.08874656907593778,0.08874656907593778,0.9112534309240622,0.9112534309240622,0.5443732845379688,97,0,1093,996
0.7986624836921692,0.0,0.0,0.08966148215919488,0.08966148215919488,0.9103385178408051,0.9103385178408051,0.5448307410795974,98,0,1093,995
0.7984534502029419,0.0,0.0,0.09057639524245197,0.09057639524245197,0.909423604757548,0.909423604757548,0.5452881976212259,99,0,1093,994
0.7974847555160522,0.0,0.0,0.09149130832570906,0.09149130832570906,0.9085086916742909,0.9085086916742909,0.5457456541628545,100,0,1093,993
0.7962484359741211,0.0,0.0,0.09240622140896615,0.09240622140896615,0.9075937785910339,0.9075937785910339,0.546203110704483,101,0,1093,992
0.7960718870162964,0.0,0.0,0.09332113449222323,0.09332113449222323,0.9066788655077768,0.9066788655077768,0.5466605672461117,102,0,1093,991
0.7959859371185303,0.0,0.0,0.09423604757548033,0.09423604757548033,0.9057639524245197,0.9057639524245197,0.5471180237877402,103,0,1093,990
0.7947238683700562,0.0,0.0,0.09515096065873742,0.09515096065873742,0.9048490393412626,0.9048490393412626,0.5475754803293688,104,0,1093,989
0.7938807606697083,0.0,0.0,0.09606587374199452,0.09606587374199452,0.9039341262580055,0.9039341262580055,0.5480329368709973,105,0,1093,988
0.7934381365776062,0.0,0.0,0.0969807868252516,0.0969807868252516,0.9030192131747484,0.9030192131747484,0.5484903934126258,106,0,1093,987
0.7931385636329651,0.0,0.0,0.09789569990850869,0.09789569990850869,0.9021043000914913,0.9021043000914913,0.5489478499542544,107,0,1093,986
0.7919009923934937,0.0,0.0,0.09881061299176579,0.09881061299176579,0.9011893870082343,0.9011893870082343,0.5494053064958829,108,0,1093,985
0.7918565273284912,0.0,0.0,0.09972552607502287,0.09972552607502287,0.9002744739249772,0.9002744739249772,0.5498627630375115,109,0,1093,984
0.7918137907981873,0.0,0.0,0.10064043915827996,0.10064043915827996,0.8993595608417201,0.8993595608417201,0.55032021957914,110,0,1093,983
0.7916588187217712,0.0,0.0,0.10155535224153706,0.10155535224153706,0.898444647758463,0.898444647758463,0.5507776761207686,111,0,1093,982
0.7896521091461182,0.0,0.0,0.10247026532479414,0.10247026532479414,0.8975297346752058,0.8975297346752058,0.5512351326623971,112,0,1093,981
0.7888172268867493,0.0,0.0,0.10338517840805124,0.10338517840805124,0.8966148215919487,0.8966148215919487,0.5516925892040256,113,0,1093,980
0.7885873913764954,0.0,0.0,0.10430009149130832,0.10430009149130832,0.8956999085086916,0.8956999085086916,0.5521500457456542,114,0,1093,979
0.7885665893554688,0.0,0.0,0.10521500457456541,0.10521500457456541,0.8947849954254345,0.8947849954254345,0.5526075022872827,115,0,1093,978
0.7884238362312317,0.0,0.0,0.10612991765782251,0.10612991765782251,0.8938700823421775,0.8938700823421775,0.5530649588289113,116,0,1093,977
0.7882465720176697,0.0,0.0,0.1070448307410796,0.1070448307410796,0.8929551692589204,0.8929551692589204,0.5535224153705398,117,0,1093,976
0.7877566814422607,0.0,0.0,0.10795974382433669,0.10795974382433669,0.8920402561756633,0.8920402561756633,0.5539798719121684,118,0,1093,975
0.7877292633056641,0.0,0.0,0.10887465690759378,0.10887465690759378,0.8911253430924062,0.8911253430924062,0.5544373284537969,119,0,1093,974
0.7876220345497131,0.0,0.0,0.10978956999085086,0.10978956999085086,0.8902104300091491,0.8902104300091491,0.5548947849954254,120,0,1093,973
0.7874507308006287,0.0,0.0,0.11070448307410796,0.11070448307410796,0.889295516925892,0.889295516925892,0.555352241537054,121,0,1093,972
0.7873356938362122,0.0,0.0,0.11161939615736505,0.11161939615736505,0.888380603842635,0.888380603842635,0.5558096980786825,122,0,1093,971
0.7871384620666504,0.0,0.0,0.11253430924062215,0.11253430924062215,0.8874656907593779,0.8874656907593779,0.5562671546203111,123,0,1093,970
0.7860144972801208,0.0,0.0,0.11344922232387923,0.11344922232387923,0.8865507776761208,0.8865507776761208,0.5567246111619396,124,0,1093,969
0.7857784032821655,0.0,0.0,0.11436413540713632,0.11436413540713632,0.8856358645928637,0.8856358645928637,0.5571820677035682,125,0,1093,968
0.7850461006164551,0.0,0.0,0.11527904849039342,0.11527904849039342,0.8847209515096066,0.8847209515096066,0.5576395242451967,126,0,1093,967
0.7827845811843872,0.0,0.0,0.1161939615736505,0.1161939615736505,0.8838060384263495,0.8838060384263495,0.5580969807868252,127,0,1093,966
0.7822251915931702,0.0,0.0,0.1171088746569076,0.1171088746569076,0.8828911253430924,0.8828911253430924,0.5585544373284538,128,0,1093,965
0.7821205854415894,0.0,0.0,0.11802378774016468,0.11802378774016468,0.8819762122598354,0.8819762122598354,0.5590118938700823,129,0,1093,964
0.7819222807884216,0.0,0.0,0.11893870082342177,0.11893870082342177,0.8810612991765783,0.8810612991765783,0.5594693504117109,130,0,1093,963
0.7818333506584167,0.0,0.0,0.11985361390667887,0.11985361390667887,0.8801463860933212,0.8801463860933212,0.5599268069533394,131,0,1093,962
0.7814985513687134,0.0,0.0,0.12076852698993595,0.12076852698993595,0.879231473010064,0.879231473010064,0.560384263494968,132,0,1093,961
0.7812789082527161,0.0,0.0,0.12168344007319305,0.12168344007319305,0.8783165599268069,0.8783165599268069,0.5608417200365965,133,0,1093,960
0.780933678150177,0.0,0.0,0.12259835315645014,0.12259835315645014,0.8774016468435498,0.8774016468435498,0.561299176578225,134,0,1093,959
0.7808539271354675,0.0,0.0,0.12351326623970722,0.12351326623970722,0.8764867337602927,0.8764867337602927,0.5617566331198536,135,0,1093,958
0.7804508805274963,0.0,0.0,0.12442817932296432,0.12442817932296432,0.8755718206770357,0.8755718206770357,0.5622140896614821,136,0,1093,957
0.7802041172981262,0.0,0.0,0.1253430924062214,0.1253430924062214,0.8746569075937786,0.8746569075937786,0.5626715462031107,137,0,1093,956
0.7800900340080261,0.0,0.0,0.1262580054894785,0.1262580054894785,0.8737419945105215,0.8737419945105215,0.5631290027447392,138,0,1093,955
0.7798894643783569,0.0,0.0,0.12717291857273558,0.12717291857273558,0.8728270814272644,0.8728270814272644,0.5635864592863677,139,0,1093,954
0.7787073254585266,0.0,0.0,0.1280878316559927,0.1280878316559927,0.8719121683440073,0.8719121683440073,0.5640439158279963,140,0,1093,953
0.7785434722900391,0.0,0.0,0.12900274473924978,0.12900274473924978,0.8709972552607502,0.8709972552607502,0.5645013723696248,141,0,1093,952
0.7784901261329651,0.0,0.0,0.12991765782250686,0.12991765782250686,0.8700823421774931,0.8700823421774931,0.5649588289112535,142,0,1093,951
0.7781813144683838,0.0,0.0,0.13083257090576395,0.13083257090576395,0.869167429094236,0.869167429094236,0.565416285452882,143,0,1093,950
0.7780710458755493,0.0,0.0,0.13174748398902103,0.13174748398902103,0.868252516010979,0.868252516010979,0.5658737419945106,144,0,1093,949
0.7780567407608032,0.0,0.0,0.13266239707227814,0.13266239707227814,0.8673376029277219,0.8673376029277219,0.5663311985361391,145,0,1093,948
0.7779887914657593,0.0,0.0,0.13357731015553523,0.13357731015553523,0.8664226898444648,0.8664226898444648,0.5667886550777677,146,0,1093,947
0.7779609560966492,0.0,0.0,0.1344922232387923,0.1344922232387923,0.8655077767612077,0.8655077767612077,0.5672461116193962,147,0,1093,946
0.7767293453216553,0.0,0.0,0.1354071363220494,0.1354071363220494,0.8645928636779506,0.8645928636779506,0.5677035681610247,148,0,1093,945
0.7765048146247864,0.0,0.0,0.13632204940530648,0.13632204940530648,0.8636779505946935,0.8636779505946935,0.5681610247026533,149,0,1093,944
0.775306761264801,0.0,0.0,0.1372369624885636,0.1372369624885636,0.8627630375114365,0.8627630375114365,0.5686184812442818,150,0,1093,943
0.7751717567443848,0.0,0.0,0.13815187557182068,0.13815187557182068,0.8618481244281794,0.8618481244281794,0.5690759377859104,151,0,1093,942
0.7750654220581055,0.0,0.0,0.13906678865507777,0.13906678865507777,0.8609332113449222,0.8609332113449222,0.5695333943275389,152,0,1093,941
0.7749145030975342,0.0,0.0,0.13998170173833485,0.13998170173833485,0.8600182982616651,0.8600182982616651,0.5699908508691675,153,0,1093,940
0.7745401859283447,0.0,0.0,0.14089661482159194,0.14089661482159194,0.859103385178408,0.859103385178408,0.570448307410796,154,0,1093,939
0.7740918397903442,0.0,0.0,0.14181152790484905,0.14181152790484905,0.8581884720951509,0.8581884720951509,0.5709057639524245,155,0,1093,938
0.7740470170974731,0.0,0.0,0.14272644098810613,0.14272644098810613,0.8572735590118938,0.8572735590118938,0.5713632204940531,156,0,1093,937
0.7740395069122314,0.0,0.0,0.14364135407136322,0.14364135407136322,0.8563586459286368,0.8563586459286368,0.5718206770356816,157,0,1093,936
0.773930013179779,0.0,0.0,0.1445562671546203,0.1445562671546203,0.8554437328453797,0.8554437328453797,0.5722781335773102,158,0,1093,935
0.7738083004951477,0.0,0.0,0.1454711802378774,0.1454711802378774,0.8545288197621226,0.8545288197621226,0.5727355901189387,159,0,1093,934
0.7725319266319275,0.0,0.0,0.1463860933211345,0.1463860933211345,0.8536139066788655,0.8536139066788655,0.5731930466605673,160,0,1093,933
0.7716327905654907,0.0,0.0,0.1473010064043916,0.1473010064043916,0.8526989935956084,0.8526989935956084,0.5736505032021958,161,0,1093,932
0.7713906168937683,0.0,0.0,0.14821591948764867,0.14821591948764867,0.8517840805123513,0.8517840805123513,0.5741079597438243,162,0,1093,931
0.7711085677146912,0.0,0.0,0.14913083257090576,0.14913083257090576,0.8508691674290942,0.8508691674290942,0.5745654162854529,163,0,1093,930
0.7708420157432556,0.0,0.0,0.15004574565416284,0.15004574565416284,0.8499542543458372,0.8499542543458372,0.5750228728270814,164,0,1093,929
0.7702572345733643,0.0,0.0,0.15096065873741996,0.15096065873741996,0.8490393412625801,0.8490393412625801,0.57548032936871,165,0,1093,928
0.7702206373214722,0.0,0.0,0.15187557182067704,0.15187557182067704,0.848124428179323,0.848124428179323,0.5759377859103385,166,0,1093,927
0.7700490951538086,0.0,0.0,0.15279048490393413,0.15279048490393413,0.8472095150960659,0.8472095150960659,0.576395242451967,167,0,1093,926
0.7697463035583496,0.0,0.0,0.1537053979871912,0.1537053979871912,0.8462946020128088,0.8462946020128088,0.5768526989935956,168,0,1093,925
0.7685278654098511,0.0,0.0,0.1546203110704483,0.1546203110704483,0.8453796889295517,0.8453796889295517,0.5773101555352241,169,0,1093,924
0.7679561376571655,0.0,0.0,0.1555352241537054,0.1555352241537054,0.8444647758462946,0.8444647758462946,0.5777676120768527,170,0,1093,923
0.7678936719894409,0.0,0.0,0.1564501372369625,0.1564501372369625,0.8435498627630376,0.8435498627630376,0.5782250686184812,171,0,1093,922
0.7672535181045532,0.0,0.0,0.15736505032021958,0.15736505032021958,0.8426349496797805,0.8426349496797805,0.5786825251601098,172,0,1093,921
0.7672398090362549,0.0,0.0,0.15827996340347666,0.15827996340347666,0.8417200365965233,0.8417200365965233,0.5791399817017383,173,0,1093,920
0.7667824029922485,0.0,0.0,0.15919487648673375,0.15919487648673375,0.8408051235132662,0.8408051235132662,0.5795974382433668,174,0,1093,919
0.7666639089584351,0.0,0.0,0.16010978956999086,0.16010978956999086,0.8398902104300091,0.8398902104300091,0.5800548947849954,175,0,1093,918
0.7660939693450928,0.0,0.0,0.16102470265324795,0.16102470265324795,0.838975297346752,0.838975297346752,0.5805123513266239,176,0,1093,917
0.7660665512084961,0.0,0.0,0.16193961573650503,0.16193961573650503,0.8380603842634949,0.8380603842634949,0.5809698078682525,177,0,1093,916
0.7660494446754456,0.0,0.0,0.16285452881976212,0.16285452881976212,0.8371454711802379,0.8371454711802379,0.581427264409881,178,0,1093,915
0.765244722366333,0.0,0.0,0.1637694419030192,0.1637694419030192,0.8362305580969808,0.8362305580969808,0.5818847209515096,179,0,1093,914
0.76520174741745,0.0,0.0,0.16468435498627632,0.16468435498627632,0.8353156450137237,0.8353156450137237,0.5823421774931381,180,0,1093,913
0.764949381351471,0.0,0.0,0.1655992680695334,0.1655992680695334,0.8344007319304666,0.8344007319304666,0.5827996340347666,181,0,1093,912
0.7649410367012024,0.0,0.0,0.16651418115279049,0.16651418115279049,0.8334858188472095,0.8334858188472095,0.5832570905763952,182,0,1093,911
0.7645803689956665,0.0,0.0,0.16742909423604757,0.16742909423604757,0.8325709057639524,0.8325709057639524,0.5837145471180238,183,0,1093,910
0.7632731795310974,0.0,0.0,0.16834400731930466,0.16834400731930466,0.8316559926806953,0.8316559926806953,0.5841720036596524,184,0,1093,909
0.7631096839904785,0.0,0.0,0.16925892040256177,0.16925892040256177,0.8307410795974383,0.8307410795974383,0.5846294602012809,185,0,1093,908
0.762934148311615,0.0,0.0,0.17017383348581885,0.17017383348581885,0.8298261665141812,0.8298261665141812,0.5850869167429095,186,0,1093,907
0.7628625631332397,0.0,0.0,0.17108874656907594,0.17108874656907594,0.8289112534309241,0.8289112534309241,0.585544373284538,187,0,1093,906
0.7626328468322754,0.0,0.0,0.17200365965233302,0.17200365965233302,0.827996340347667,0.827996340347667,0.5860018298261666,188,0,1093,905
0.7625758051872253,0.0,0.0,0.1729185727355901,0.1729185727355901,0.8270814272644099,0.8270814272644099,0.5864592863677951,189,0,1093,904
0.7623151540756226,0.0,0.0,0.17383348581884722,0.17383348581884722,0.8261665141811528,0.8261665141811528,0.5869167429094236,190,0,1093,903
0.7622591853141785,0.0,0.0,0.1747483989021043,0.1747483989021043,0.8252516010978957,0.8252516010978957,0.5873741994510522,191,0,1093,902
0.7615218162536621,0.0,0.0,0.1756633119853614,0.1756633119853614,0.8243366880146387,0.8243366880146387,0.5878316559926807,192,0,1093,901
0.7612729072570801,0.0,0.0,0.17657822506861848,0.17657822506861848,0.8234217749313815,0.8234217749313815,0.5882891125343093,193,0,1093,900
0.7599647045135498,0.0,0.0,0.17749313815187556,0.17749313815187556,0.8225068618481244,0.8225068618481244,0.5887465690759378,194,0,1093,899
0.7598289847373962,0.0,0.0,0.17840805123513268,0.17840805123513268,0.8215919487648673,0.8215919487648673,0.5892040256175664,195,0,1093,898
0.7594072818756104,0.0,0.0,0.17932296431838976,0.17932296431838976,0.8206770356816102,0.8206770356816102,0.5896614821591949,196,0,1093,897
0.7592874765396118,0.0,0.0,0.18023787740164685,0.18023787740164685,0.8197621225983531,0.8197621225983531,0.5901189387008234,197,0,1093,896
0.7589759230613708,0.0,0.0,0.18115279048490393,0.18115279048490393,0.818847209515096,0.818847209515096,0.590576395242452,198,0,1093,895
0.7584439516067505,0.0,0.0,0.18206770356816102,0.18206770356816102,0.817932296431839,0.817932296431839,0.5910338517840805,199,0,1093,894
0.7582874298095703,0.0,0.0,0.18298261665141813,0.18298261665141813,0.8170173833485819,0.8170173833485819,0.5914913083257091,200,0,1093,893
0.7579882144927979,0.0,0.0,0.1838975297346752,0.1838975297346752,0.8161024702653248,0.8161024702653248,0.5919487648673376,201,0,1093,892
0.7576760053634644,0.0,0.0,0.1848124428179323,0.1848124428179323,0.8151875571820677,0.8151875571820677,0.5924062214089661,202,0,1093,891
0.7574808597564697,0.0,0.0,0.18572735590118938,0.18572735590118938,0.8142726440988106,0.8142726440988106,0.5928636779505947,203,0,1093,890
0.7569881677627563,0.0,0.0,0.18664226898444647,0.18664226898444647,0.8133577310155535,0.8133577310155535,0.5933211344922232,204,0,1093,889
0.7569001317024231,0.0,0.0,0.18755718206770358,0.18755718206770358,0.8124428179322964,0.8124428179322964,0.5937785910338518,205,0,1093,888
0.7568708062171936,0.0,0.0,0.18847209515096067,0.18847209515096067,0.8115279048490394,0.8115279048490394,0.5942360475754803,206,0,1093,887
0.7566596269607544,0.0,0.0,0.18938700823421775,0.18938700823421775,0.8106129917657823,0.8106129917657823,0.5946935041171089,207,0,1093,886
0.7560122609138489,0.0,0.0,0.19030192131747484,0.19030192131747484,0.8096980786825252,0.8096980786825252,0.5951509606587374,208,0,1093,885
0.7559548020362854,0.0,0.0,0.19121683440073192,0.19121683440073192,0.8087831655992681,0.8087831655992681,0.595608417200366,209,0,1093,884
0.7559179663658142,0.0,0.0,0.19213174748398903,0.19213174748398903,0.807868252516011,0.807868252516011,0.5960658737419945,210,0,1093,883
0.7558470368385315,0.0,0.0,0.19304666056724612,0.19304666056724612,0.8069533394327539,0.8069533394327539,0.596523330283623,211,0,1093,882
0.7549313902854919,0.0,0.0,0.1939615736505032,0.1939615736505032,0.8060384263494969,0.8060384263494969,0.5969807868252516,212,0,1093,881
0.7545571327209473,0.0,0.0,0.1948764867337603,0.1948764867337603,0.8051235132662397,0.8051235132662397,0.5974382433668801,213,0,1093,880
0.7544384002685547,0.0,0.0,0.19579139981701738,0.19579139981701738,0.8042086001829826,0.8042086001829826,0.5978956999085087,214,0,1093,879
0.7538951635360718,0.0,0.0,0.19670631290027446,0.19670631290027446,0.8032936870997255,0.8032936870997255,0.5983531564501372,215,0,1093,878
0.7533998489379883,0.0,0.0,0.19762122598353157,0.19762122598353157,0.8023787740164684,0.8023787740164684,0.5988106129917657,216,0,1093,877
0.7533901333808899,0.0,0.0,0.19853613906678866,0.19853613906678866,0.8014638609332113,0.8014638609332113,0.5992680695333943,217,0,1093,876
0.7529100179672241,0.0,0.0,0.19945105215004574,0.19945105215004574,0.8005489478499542,0.8005489478499542,0.5997255260750228,218,0,1093,875
0.7525554895401001,0.0,0.0,0.20036596523330283,0.20036596523330283,0.7996340347666971,0.7996340347666971,0.6001829826166514,219,0,1093,874
0.7524544596672058,0.0,0.0,0.2012808783165599,0.2012808783165599,0.7987191216834401,0.7987191216834401,0.6006404391582799,220,0,1093,873
0.7519662380218506,0.0,0.0,0.20219579139981703,0.20219579139981703,0.797804208600183,0.797804208600183,0.6010978956999085,221,0,1093,872
0.7516070604324341,0.0,0.0,0.2031107044830741,0.2031107044830741,0.7968892955169259,0.7968892955169259,0.601555352241537,222,0,1093,871
0.7510562539100647,0.0,0.0,0.2040256175663312,0.2040256175663312,0.7959743824336688,0.7959743824336688,0.6020128087831657,223,0,1093,870
0.7507034540176392,0.0,0.0,0.20494053064958828,0.20494053064958828,0.7950594693504117,0.7950594693504117,0.6024702653247942,224,0,1093,869
0.7504938244819641,0.0,0.0,0.20585544373284537,0.20585544373284537,0.7941445562671546,0.7941445562671546,0.6029277218664227,225,0,1093,868
0.7504454255104065,0.0,0.0,0.20677035681610248,0.20677035681610248,0.7932296431838975,0.7932296431838975,0.6033851784080513,226,0,1093,867
0.7501214742660522,0.0,0.0,0.20768526989935956,0.20768526989935956,0.7923147301006405,0.7923147301006405,0.6038426349496798,227,0,1093,866
0.749815046787262,0.0,0.0,0.20860018298261665,0.20860018298261665,0.7913998170173834,0.7913998170173834,0.6043000914913084,228,0,1093,865
0.7493972182273865,0.0,0.0,0.20951509606587373,0.20951509606587373,0.7904849039341263,0.7904849039341263,0.6047575480329369,229,0,1093,864
0.7488763332366943,0.0,0.0,0.21043000914913082,0.21043000914913082,0.7895699908508692,0.7895699908508692,0.6052150045745655,230,0,1093,863
0.7488753795623779,0.0,0.0,0.21134492223238793,0.21134492223238793,0.7886550777676121,0.7886550777676121,0.605672461116194,231,0,1093,862
0.7485125064849854,0.0,0.0,0.21225983531564502,0.21225983531564502,0.787740164684355,0.787740164684355,0.6061299176578225,232,0,1093,861
0.7484753131866455,0.0,0.0,0.2131747483989021,0.2131747483989021,0.7868252516010978,0.7868252516010978,0.6065873741994511,233,0,1093,860
0.7484181523323059,0.0,0.0,0.2140896614821592,0.2140896614821592,0.7859103385178408,0.7859103385178408,0.6070448307410796,234,0,1093,859
0.747981071472168,0.0,0.0,0.21500457456541627,0.21500457456541627,0.7849954254345837,0.7849954254345837,0.6075022872827082,235,0,1093,858
0.7479549646377563,0.0,0.0,0.21591948764867339,0.21591948764867339,0.7840805123513266,0.7840805123513266,0.6079597438243367,236,0,1093,857
0.7478303909301758,0.0,0.0,0.21683440073193047,0.21683440073193047,0.7831655992680695,0.7831655992680695,0.6084172003659652,237,0,1093,856
0.7477848529815674,0.0,0.0,0.21774931381518756,0.21774931381518756,0.7822506861848124,0.7822506861848124,0.6088746569075938,238,0,1093,855
0.7477043271064758,0.0,0.0,0.21866422689844464,0.21866422689844464,0.7813357731015553,0.7813357731015553,0.6093321134492223,239,0,1093,854
0.747542142868042,0.0,0.0,0.21957913998170173,0.21957913998170173,0.7804208600182982,0.7804208600182982,0.6097895699908509,240,0,1093,853
0.747387707233429,0.0,0.0,0.22049405306495884,0.22049405306495884,0.7795059469350412,0.7795059469350412,0.6102470265324794,241,0,1093,852
0.74738609790802,0.0,0.0,0.22140896614821592,0.22140896614821592,0.7785910338517841,0.7785910338517841,0.610704483074108,242,0,1093,851
0.7471272945404053,0.0,0.0,0.222323879231473,0.222323879231473,0.777676120768527,0.777676120768527,0.6111619396157365,243,0,1093,850
0.7471039295196533,0.0,0.0,0.2232387923147301,0.2232387923147301,0.7767612076852699,0.7767612076852699,0.611619396157365,244,0,1093,849
0.7468562126159668,0.0,0.0,0.22415370539798718,0.22415370539798718,0.7758462946020128,0.7758462946020128,0.6120768526989936,245,0,1093,848
0.7458370923995972,0.0,0.0,0.2250686184812443,0.2250686184812443,0.7749313815187557,0.7749313815187557,0.6125343092406221,246,0,1093,847
0.745830237865448,0.0,0.0,0.22598353156450138,0.22598353156450138,0.7740164684354987,0.7740164684354987,0.6129917657822507,247,0,1093,846
0.7458289861679077,0.0,0.0,0.22689844464775846,0.22689844464775846,0.7731015553522416,0.7731015553522416,0.6134492223238792,248,0,1093,845
0.7456393241882324,0.0,0.0,0.22781335773101555,0.22781335773101555,0.7721866422689845,0.7721866422689845,0.6139066788655078,249,0,1093,844
0.7453653216362,0.0,0.0,0.22872827081427263,0.22872827081427263,0.7712717291857274,0.7712717291857274,0.6143641354071363,250,0,1093,843
0.7452079653739929,0.0,0.0,0.22964318389752975,0.22964318389752975,0.7703568161024703,0.7703568161024703,0.6148215919487648,251,0,1093,842
0.7451738119125366,0.0,0.0,0.23055809698078683,0.23055809698078683,0.7694419030192132,0.7694419030192132,0.6152790484903934,252,0,1093,841
0.7446807622909546,0.0,0.0,0.23147301006404392,0.23147301006404392,0.7685269899359561,0.7685269899359561,0.6157365050320219,253,0,1093,840
0.7443978786468506,0.0,0.0,0.232387923147301,0.232387923147301,0.7676120768526989,0.7676120768526989,0.6161939615736505,254,0,1093,839
0.7442057132720947,0.0,0.0,0.23330283623055809,0.23330283623055809,0.7666971637694419,0.7666971637694419,0.616651418115279,255,0,1093,838
0.7440597414970398,0.0,0.0,0.2342177493138152,0.2342177493138152,0.7657822506861848,0.7657822506861848,0.6171088746569076,256,0,1093,837
0.7439196109771729,0.0,0.0,0.23513266239707228,0.23513266239707228,0.7648673376029277,0.7648673376029277,0.6175663311985361,257,0,1093,836
0.7437645792961121,0.0,0.0,0.23604757548032937,0.23604757548032937,0.7639524245196706,0.7639524245196706,0.6180237877401646,258,0,1093,835
0.7435047626495361,0.0,0.0,0.23696248856358645,0.23696248856358645,0.7630375114364135,0.7630375114364135,0.6184812442817932,259,0,1093,834
0.7431554794311523,0.0,0.0,0.23787740164684354,0.23787740164684354,0.7621225983531564,0.7621225983531564,0.6189387008234217,260,0,1093,833
0.7429373264312744,0.0,0.0,0.23879231473010065,0.23879231473010065,0.7612076852698993,0.7612076852698993,0.6193961573650503,261,0,1093,832
0.7427850365638733,0.0,0.0,0.23970722781335774,0.23970722781335774,0.7602927721866423,0.7602927721866423,0.6198536139066788,262,0,1093,831
0.7419328093528748,0.0,0.0,0.24062214089661482,0.24062214089661482,0.7593778591033852,0.7593778591033852,0.6203110704483074,263,0,1093,830
0.7418043613433838,0.0,0.0,0.2415370539798719,0.2415370539798719,0.7584629460201281,0.7584629460201281,0.620768526989936,264,0,1093,829
0.7415258288383484,0.0,0.0,0.242451967063129,0.242451967063129,0.757548032936871,0.757548032936871,0.6212259835315646,265,0,1093,828
0.7413613796234131,0.0,0.0,0.2433668801463861,0.2433668801463861,0.7566331198536139,0.7566331198536139,0.6216834400731931,266,0,1093,827
0.7413538098335266,0.0,0.0,0.2442817932296432,0.2442817932296432,0.7557182067703568,0.7557182067703568,0.6221408966148216,267,0,1093,826
0.7408013939857483,0.0,0.0,0.24519670631290028,0.24519670631290028,0.7548032936870998,0.7548032936870998,0.6225983531564502,268,0,1093,825
0.7407681941986084,0.0,0.0,0.24611161939615736,0.24611161939615736,0.7538883806038427,0.7538883806038427,0.6230558096980787,269,0,1093,824
0.7406435012817383,0.0,0.0,0.24702653247941445,0.24702653247941445,0.7529734675205856,0.7529734675205856,0.6235132662397073,270,0,1093,823
0.7406425476074219,0.0,0.0,0.24794144556267156,0.24794144556267156,0.7520585544373285,0.7520585544373285,0.6239707227813358,271,0,1093,822
0.7405509352684021,0.0,0.0,0.24885635864592864,0.24885635864592864,0.7511436413540714,0.7511436413540714,0.6244281793229643,272,0,1093,821
0.7403422594070435,0.0,0.0,0.24977127172918573,0.24977127172918573,0.7502287282708143,0.7502287282708143,0.6248856358645929,273,0,1093,820
0.740056037902832,0.0,0.0,0.2506861848124428,0.2506861848124428,0.7493138151875571,0.7493138151875571,0.6253430924062214,274,0,1093,819
0.7399508953094482,0.0,0.0,0.2516010978956999,0.2516010978956999,0.7483989021043,0.7483989021043,0.62580054894785,275,0,1093,818
0.7398379445075989,0.0,0.0,0.252516010978957,0.252516010978957,0.747483989021043,0.747483989021043,0.6262580054894785,276,0,1093,817
0.7388758659362793,0.0,0.0,0.25343092406221407,0.25343092406221407,0.7465690759377859,0.7465690759377859,0.6267154620311071,277,0,1093,816
0.7382034659385681,0.0,0.0,0.25434583714547115,0.25434583714547115,0.7456541628545288,0.7456541628545288,0.6271729185727356,278,0,1093,815
0.7381346821784973,0.0,0.0,0.2552607502287283,0.2552607502287283,0.7447392497712717,0.7447392497712717,0.6276303751143641,279,0,1093,814
0.7378490567207336,0.0,0.0,0.2561756633119854,0.2561756633119854,0.7438243366880146,0.7438243366880146,0.6280878316559927,280,0,1093,813
0.7375617027282715,0.0,0.0,0.25709057639524246,0.25709057639524246,0.7429094236047575,0.7429094236047575,0.6285452881976212,281,0,1093,812
0.7375521063804626,0.0,0.0,0.25800548947849955,0.25800548947849955,0.7419945105215004,0.7419945105215004,0.6290027447392498,282,0,1093,811
0.7373606562614441,0.0,0.0,0.25892040256175664,0.25892040256175664,0.7410795974382434,0.7410795974382434,0.6294602012808783,283,0,1093,810
0.7372592687606812,0.0,0.0,0.2598353156450137,0.2598353156450137,0.7401646843549863,0.7401646843549863,0.6299176578225069,284,0,1093,809
0.7368844747543335,0.0,0.0,0.2607502287282708,0.2607502287282708,0.7392497712717292,0.7392497712717292,0.6303751143641354,285,0,1093,808
0.7368231415748596,0.0,0.0,0.2616651418115279,0.2616651418115279,0.7383348581884721,0.7383348581884721,0.630832570905764,286,0,1093,807
0.73589688539505,0.0,0.0,0.262580054894785,0.262580054894785,0.737419945105215,0.737419945105215,0.6312900274473925,287,0,1093,806
0.7358503937721252,0.0,0.0,0.26349496797804206,0.26349496797804206,0.7365050320219579,0.7365050320219579,0.631747483989021,288,0,1093,805
0.7358012199401855,0.0,0.0,0.2644098810612992,0.2644098810612992,0.7355901189387009,0.7355901189387009,0.6322049405306496,289,0,1093,804
0.73567795753479,0.0,0.0,0.2653247941445563,0.2653247941445563,0.7346752058554438,0.7346752058554438,0.6326623970722781,290,0,1093,803
0.7356739640235901,0.0,0.0,0.26623970722781337,0.26623970722781337,0.7337602927721867,0.7337602927721867,0.6331198536139067,291,0,1093,802
0.7355529069900513,0.0,0.0,0.26715462031107046,0.26715462031107046,0.7328453796889296,0.7328453796889296,0.6335773101555352,292,0,1093,801
0.7352545261383057,0.0,0.0,0.26806953339432754,0.26806953339432754,0.7319304666056725,0.7319304666056725,0.6340347666971637,293,0,1093,800
0.7349192500114441,0.0,0.0,0.2689844464775846,0.2689844464775846,0.7310155535224153,0.7310155535224153,0.6344922232387923,294,0,1093,799
0.7347687482833862,0.0,0.0,0.2698993595608417,0.2698993595608417,0.7301006404391582,0.7301006404391582,0.6349496797804208,295,0,1093,798
0.7347103357315063,0.0,0.0,0.2708142726440988,0.2708142726440988,0.7291857273559011,0.7291857273559011,0.6354071363220494,296,0,1093,797
0.7344603538513184,0.0,0.0,0.2717291857273559,0.2717291857273559,0.7282708142726441,0.7282708142726441,0.6358645928636779,297,0,1093,796
0.7343147993087769,0.0,0.0,0.27264409881061297,0.27264409881061297,0.727355901189387,0.727355901189387,0.6363220494053065,298,0,1093,795
0.7341369390487671,0.0,0.0,0.2735590118938701,0.2735590118938701,0.7264409881061299,0.7264409881061299,0.636779505946935,299,0,1093,794
0.7336344718933105,0.0,0.0,0.2744739249771272,0.2744739249771272,0.7255260750228728,0.7255260750228728,0.6372369624885635,300,0,1093,793
0.7334231734275818,0.0,0.0,0.2753888380603843,0.2753888380603843,0.7246111619396157,0.7246111619396157,0.6376944190301921,301,0,1093,792
0.7330827116966248,0.0,0.0,0.27630375114364136,0.27630375114364136,0.7236962488563586,0.7236962488563586,0.6381518755718206,302,0,1093,791
0.7330329418182373,0.0,0.0,0.27721866422689845,0.27721866422689845,0.7227813357731016,0.7227813357731016,0.6386093321134492,303,0,1093,790
0.7330324053764343,0.0,0.0,0.27813357731015553,0.27813357731015553,0.7218664226898445,0.7218664226898445,0.6390667886550778,304,0,1093,789
0.7329925298690796,0.0,0.0,0.2790484903934126,0.2790484903934126,0.7209515096065874,0.7209515096065874,0.6395242451967064,305,0,1093,788
0.7327951192855835,0.0,0.0,0.2799634034766697,0.2799634034766697,0.7200365965233303,0.7200365965233303,0.6399817017383349,306,0,1093,787
0.732666552066803,0.0,0.0,0.2808783165599268,0.2808783165599268,0.7191216834400732,0.7191216834400732,0.6404391582799634,307,0,1093,786
0.7326300740242004,0.0,0.0,0.2817932296431839,0.2817932296431839,0.7182067703568161,0.7182067703568161,0.640896614821592,308,0,1093,785
0.7322909832000732,0.0,0.0,0.282708142726441,0.282708142726441,0.717291857273559,0.717291857273559,0.6413540713632205,309,0,1093,784
0.7320780754089355,0.0,0.0,0.2836230558096981,0.2836230558096981,0.716376944190302,0.716376944190302,0.6418115279048491,310,0,1093,783
0.7311536073684692,0.0,0.0,0.2845379688929552,0.2845379688929552,0.7154620311070449,0.7154620311070449,0.6422689844464776,311,0,1093,782
0.7309373021125793,0.0,0.0,0.28545288197621227,0.28545288197621227,0.7145471180237878,0.7145471180237878,0.6427264409881062,312,0,1093,781
0.7297580242156982,0.0,0.0,0.28636779505946935,0.28636779505946935,0.7136322049405307,0.7136322049405307,0.6431838975297347,313,0,1093,780
0.7296790480613708,0.0,0.0,0.28728270814272644,0.28728270814272644,0.7127172918572735,0.7127172918572735,0.6436413540713632,314,0,1093,779
0.7296145558357239,0.0,0.0,0.2881976212259835,0.2881976212259835,0.7118023787740164,0.7118023787740164,0.6440988106129918,315,0,1093,778
0.7293905019760132,0.0,0.0,0.2891125343092406,0.2891125343092406,0.7108874656907593,0.7108874656907593,0.6445562671546203,316,0,1093,777
0.7284322381019592,0.0,0.0,0.2900274473924977,0.2900274473924977,0.7099725526075022,0.7099725526075022,0.6450137236962489,317,0,1093,776
0.7280887365341187,0.0,0.0,0.2909423604757548,0.2909423604757548,0.7090576395242452,0.7090576395242452,0.6454711802378774,318,0,1093,775
0.7280498743057251,0.0,0.0,0.2918572735590119,0.2918572735590119,0.7081427264409881,0.7081427264409881,0.645928636779506,319,0,1093,774
0.7279343008995056,0.0,0.0,0.292772186642269,0.292772186642269,0.707227813357731,0.707227813357731,0.6463860933211345,320,0,1093,773
0.7278624176979065,0.0,0.0,0.2936870997255261,0.2936870997255261,0.7063129002744739,0.7063129002744739,0.646843549862763,321,0,1093,772
0.7274088263511658,0.0,0.0,0.2946020128087832,0.2946020128087832,0.7053979871912168,0.7053979871912168,0.6473010064043916,322,0,1093,771
0.7273547649383545,0.0,0.0,0.29551692589204026,0.29551692589204026,0.7044830741079597,0.7044830741079597,0.6477584629460201,323,0,1093,770
0.7272704839706421,0.0,0.0,0.29643183897529735,0.29643183897529735,0.7035681610247027,0.7035681610247027,0.6482159194876487,324,0,1093,769
0.726605236530304,0.0,0.0,0.29734675205855443,0.29734675205855443,0.7026532479414456,0.7026532479414456,0.6486733760292772,325,0,1093,768
0.7263482809066772,0.0,0.0,0.2982616651418115,0.2982616651418115,0.7017383348581885,0.7017383348581885,0.6491308325709058,326,0,1093,767
0.7262675762176514,0.0,0.0,0.2991765782250686,0.2991765782250686,0.7008234217749314,0.7008234217749314,0.6495882891125343,327,0,1093,766
0.7259977459907532,0.0,0.0,0.3000914913083257,0.3000914913083257,0.6999085086916743,0.6999085086916743,0.6500457456541628,328,0,1093,765
0.7253772616386414,0.0,0.0,0.3010064043915828,0.3010064043915828,0.6989935956084172,0.6989935956084172,0.6505032021957914,329,0,1093,764
0.7252016067504883,0.0,0.0,0.3019213174748399,0.3019213174748399,0.6980786825251601,0.6980786825251601,0.6509606587374199,330,0,1093,763
0.7250255346298218,0.0,0.0,0.302836230558097,0.302836230558097,0.6971637694419031,0.6971637694419031,0.6514181152790485,331,0,1093,762
0.7249597311019897,0.0,0.0,0.3037511436413541,0.3037511436413541,0.696248856358646,0.696248856358646,0.651875571820677,332,0,1093,761
0.7247607707977295,0.0,0.0,0.30466605672461117,0.30466605672461117,0.6953339432753889,0.6953339432753889,0.6523330283623056,333,0,1093,760
0.724682092666626,0.0,0.0,0.30558096980786825,0.30558096980786825,0.6944190301921317,0.6944190301921317,0.6527904849039341,334,0,1093,759
0.7246258854866028,0.0,0.0,0.30649588289112534,0.30649588289112534,0.6935041171088746,0.6935041171088746,0.6532479414455626,335,0,1093,758
0.724622368812561,0.0,0.0,0.3074107959743824,0.3074107959743824,0.6925892040256175,0.6925892040256175,0.6537053979871912,336,0,1093,757
0.7245765924453735,0.0,0.0,0.3083257090576395,0.3083257090576395,0.6916742909423604,0.6916742909423604,0.6541628545288197,337,0,1093,756
0.7245747447013855,0.0,0.0,0.3092406221408966,0.3092406221408966,0.6907593778591034,0.6907593778591034,0.6546203110704483,338,0,1093,755
0.724363386631012,0.0,0.0,0.3101555352241537,0.3101555352241537,0.6898444647758463,0.6898444647758463,0.6550777676120768,339,0,1093,754
0.724024772644043,0.0,0.0,0.3110704483074108,0.3110704483074108,0.6889295516925892,0.6889295516925892,0.6555352241537054,340,0,1093,753
0.7237392067909241,0.0,0.0,0.3119853613906679,0.3119853613906679,0.6880146386093321,0.6880146386093321,0.6559926806953339,341,0,1093,752
0.723206639289856,0.0,0.0,0.312900274473925,0.312900274473925,0.687099725526075,0.687099725526075,0.6564501372369624,342,0,1093,751
0.7231230735778809,0.0,0.0,0.3138151875571821,0.3138151875571821,0.6861848124428179,0.6861848124428179,0.656907593778591,343,0,1093,750
0.7230899930000305,0.0,0.0,0.31473010064043916,0.31473010064043916,0.6852698993595608,0.6852698993595608,0.6573650503202195,344,0,1093,749
0.7228537797927856,0.0,0.0,0.31564501372369624,0.31564501372369624,0.6843549862763038,0.6843549862763038,0.6578225068618482,345,0,1093,748
0.7226762771606445,0.0,0.0,0.31655992680695333,0.31655992680695333,0.6834400731930467,0.6834400731930467,0.6582799634034767,346,0,1093,747
0.7224327325820923,0.0,0.0,0.3174748398902104,0.3174748398902104,0.6825251601097896,0.6825251601097896,0.6587374199451053,347,0,1093,746
0.7224300503730774,0.0,0.0,0.3183897529734675,0.3183897529734675,0.6816102470265325,0.6816102470265325,0.6591948764867338,348,0,1093,745
0.7216686606407166,0.0,0.0,0.3193046660567246,0.3193046660567246,0.6806953339432754,0.6806953339432754,0.6596523330283623,349,0,1093,744
0.7214788198471069,0.0,0.0,0.3202195791399817,0.3202195791399817,0.6797804208600183,0.6797804208600183,0.6601097895699909,350,0,1093,743
0.7213515043258667,0.0,0.0,0.3211344922232388,0.3211344922232388,0.6788655077767612,0.6788655077767612,0.6605672461116194,351,0,1093,742
0.7213082909584045,0.0,0.0,0.3220494053064959,0.3220494053064959,0.6779505946935042,0.6779505946935042,0.661024702653248,352,0,1093,741
0.721086323261261,0.0,0.0,0.322964318389753,0.322964318389753,0.6770356816102471,0.6770356816102471,0.6614821591948765,353,0,1093,740
0.7210380434989929,0.0,0.0,0.32387923147301007,0.32387923147301007,0.67612076852699,0.67612076852699,0.6619396157365051,354,0,1093,739
0.7206276059150696,0.0,0.0,0.32479414455626715,0.32479414455626715,0.6752058554437328,0.6752058554437328,0.6623970722781336,355,0,1093,738
0.7204164862632751,0.0,0.0,0.32570905763952424,0.32570905763952424,0.6742909423604757,0.6742909423604757,0.6628545288197621,356,0,1093,737
0.7202599048614502,0.0,0.0,0.3266239707227813,0.3266239707227813,0.6733760292772186,0.6733760292772186,0.6633119853613907,357,0,1093,736
0.7201747298240662,0.0,0.0,0.3275388838060384,0.3275388838060384,0.6724611161939615,0.6724611161939615,0.6637694419030192,358,0,1093,735
0.7199289798736572,0.0,0.0,0.3284537968892955,0.3284537968892955,0.6715462031107045,0.6715462031107045,0.6642268984446478,359,0,1093,734
0.71951824426651,0.0,0.0,0.32936870997255263,0.32936870997255263,0.6706312900274474,0.6706312900274474,0.6646843549862763,360,0,1093,733
0.7193971276283264,0.0,0.0,0.3302836230558097,0.3302836230558097,0.6697163769441903,0.6697163769441903,0.6651418115279049,361,0,1093,732
0.7191542387008667,0.0,0.0,0.3311985361390668,0.3311985361390668,0.6688014638609332,0.6688014638609332,0.6655992680695334,362,0,1093,731
0.7191278338432312,0.0,0.0,0.3321134492223239,0.3321134492223239,0.6678865507776761,0.6678865507776761,0.6660567246111619,363,0,1093,730
0.7188296914100647,0.0,0.0,0.33302836230558097,0.33302836230558097,0.666971637694419,0.666971637694419,0.6665141811527905,364,0,1093,729
0.7187098860740662,0.0,0.0,0.33394327538883806,0.33394327538883806,0.6660567246111619,0.6660567246111619,0.666971637694419,365,0,1093,728
0.7185133695602417,0.0,0.0,0.33485818847209514,0.33485818847209514,0.6651418115279049,0.6651418115279049,0.6674290942360476,366,0,1093,727
0.7180430889129639,0.0,0.0,0.3357731015553522,0.3357731015553522,0.6642268984446478,0.6642268984446478,0.6678865507776761,367,0,1093,726
0.7176422476768494,0.0,0.0,0.3366880146386093,0.3366880146386093,0.6633119853613907,0.6633119853613907,0.6683440073193047,368,0,1093,725
0.7174205780029297,0.0,0.0,0.3376029277218664,0.3376029277218664,0.6623970722781336,0.6623970722781336,0.6688014638609332,369,0,1093,724
0.7173148393630981,0.0,0.0,0.33851784080512354,0.33851784080512354,0.6614821591948765,0.6614821591948765,0.6692589204025617,370,0,1093,723
0.7172800898551941,0.0,0.0,0.3394327538883806,0.3394327538883806,0.6605672461116194,0.6605672461116194,0.6697163769441903,371,0,1093,722
0.71723473072052,0.0,0.0,0.3403476669716377,0.3403476669716377,0.6596523330283623,0.6596523330283623,0.6701738334858188,372,0,1093,721
0.7172149419784546,0.0,0.0,0.3412625800548948,0.3412625800548948,0.6587374199451053,0.6587374199451053,0.6706312900274474,373,0,1093,720
0.71714186668396,0.0,0.0,0.3421774931381519,0.3421774931381519,0.6578225068618482,0.6578225068618482,0.6710887465690759,374,0,1093,719
0.7167635560035706,0.0,0.0,0.34309240622140896,0.34309240622140896,0.656907593778591,0.656907593778591,0.6715462031107045,375,0,1093,718
0.7166047692298889,0.0,0.0,0.34400731930466605,0.34400731930466605,0.6559926806953339,0.6559926806953339,0.672003659652333,376,0,1093,717
0.7165597677230835,0.0,0.0,0.34492223238792313,0.34492223238792313,0.6550777676120768,0.6550777676120768,0.6724611161939615,377,0,1093,716
0.71599280834198,0.0,0.0,0.3458371454711802,0.3458371454711802,0.6541628545288197,0.6541628545288197,0.6729185727355901,378,0,1093,715
0.7159130573272705,0.0,0.0,0.3467520585544373,0.3467520585544373,0.6532479414455626,0.6532479414455626,0.6733760292772186,379,0,1093,714
0.7158063054084778,0.0,0.0,0.34766697163769444,0.34766697163769444,0.6523330283623056,0.6523330283623056,0.6738334858188472,380,0,1093,713
0.715715229511261,0.0,0.0,0.34858188472095153,0.34858188472095153,0.6514181152790485,0.6514181152790485,0.6742909423604757,381,0,1093,712
0.7155866622924805,0.0,0.0,0.3494967978042086,0.3494967978042086,0.6505032021957914,0.6505032021957914,0.6747483989021043,382,0,1093,711
0.7155851721763611,0.0,0.0,0.3504117108874657,0.3504117108874657,0.6495882891125343,0.6495882891125343,0.6752058554437328,383,0,1093,710
0.715533971786499,0.0,0.0,0.3513266239707228,0.3513266239707228,0.6486733760292772,0.6486733760292772,0.6756633119853613,384,0,1093,709
0.7154908180236816,0.0,0.0,0.35224153705397987,0.35224153705397987,0.6477584629460201,0.6477584629460201,0.67612076852699,385,0,1093,708
0.7150784730911255,0.0,0.0,0.35315645013723695,0.35315645013723695,0.646843549862763,0.646843549862763,0.6765782250686185,386,0,1093,707
0.7149463891983032,0.0,0.0,0.35407136322049404,0.35407136322049404,0.645928636779506,0.645928636779506,0.6770356816102471,387,0,1093,706
0.7148232460021973,0.0,0.0,0.3549862763037511,0.3549862763037511,0.6450137236962489,0.6450137236962489,0.6774931381518756,388,0,1093,705
0.7147587537765503,0.0,0.0,0.3559011893870082,0.3559011893870082,0.6440988106129918,0.6440988106129918,0.6779505946935042,389,0,1093,704
0.7145496010780334,0.0,0.0,0.35681610247026535,0.35681610247026535,0.6431838975297347,0.6431838975297347,0.6784080512351327,390,0,1093,703
0.7142599821090698,0.0,0.0,0.35773101555352244,0.35773101555352244,0.6422689844464776,0.6422689844464776,0.6788655077767612,391,0,1093,702
0.7141847014427185,0.0,0.0,0.3586459286367795,0.3586459286367795,0.6413540713632205,0.6413540713632205,0.6793229643183898,392,0,1093,701
0.7140350937843323,0.0,0.0,0.3595608417200366,0.3595608417200366,0.6404391582799634,0.6404391582799634,0.6797804208600183,393,0,1093,700
0.7139507532119751,0.0,0.0,0.3604757548032937,0.3604757548032937,0.6395242451967064,0.6395242451967064,0.6802378774016469,394,0,1093,699
0.7138267755508423,0.0,0.0,0.3613906678865508,0.3613906678865508,0.6386093321134492,0.6386093321134492,0.6806953339432754,395,0,1093,698
0.7137659788131714,0.0,0.0,0.36230558096980786,0.36230558096980786,0.6376944190301921,0.6376944190301921,0.681152790484904,396,0,1093,697
0.7134803533554077,0.0,0.0,0.36322049405306495,0.36322049405306495,0.636779505946935,0.636779505946935,0.6816102470265325,397,0,1093,696
0.7134738564491272,0.0,0.0,0.36413540713632203,0.36413540713632203,0.6358645928636779,0.6358645928636779,0.682067703568161,398,0,1093,695
0.7131595611572266,0.0,0.0,0.3650503202195791,0.3650503202195791,0.6349496797804208,0.6349496797804208,0.6825251601097896,399,0,1093,694
0.7124877572059631,0.0,0.0,0.36596523330283626,0.36596523330283626,0.6340347666971637,0.6340347666971637,0.6829826166514181,400,0,1093,693
0.7124024629592896,0.0,0.0,0.36688014638609334,0.36688014638609334,0.6331198536139067,0.6331198536139067,0.6834400731930467,401,0,1093,692
0.7122218608856201,0.0,0.0,0.3677950594693504,0.3677950594693504,0.6322049405306496,0.6322049405306496,0.6838975297346752,402,0,1093,691
0.7117244601249695,0.0,0.0,0.3687099725526075,0.3687099725526075,0.6312900274473925,0.6312900274473925,0.6843549862763038,403,0,1093,690
0.7115234136581421,0.0,0.0,0.3696248856358646,0.3696248856358646,0.6303751143641354,0.6303751143641354,0.6848124428179323,404,0,1093,689
0.7115201354026794,0.0,0.0,0.3705397987191217,0.3705397987191217,0.6294602012808783,0.6294602012808783,0.6852698993595608,405,0,1093,688
0.7113508582115173,0.0,0.0,0.37145471180237877,0.37145471180237877,0.6285452881976212,0.6285452881976212,0.6857273559011894,406,0,1093,687
0.7106226086616516,0.0,0.0,0.37236962488563585,0.37236962488563585,0.6276303751143641,0.6276303751143641,0.6861848124428179,407,0,1093,686
0.7104887366294861,0.0,0.0,0.37328453796889294,0.37328453796889294,0.6267154620311071,0.6267154620311071,0.6866422689844465,408,0,1093,685
0.7104884386062622,0.0,0.0,0.37419945105215,0.37419945105215,0.62580054894785,0.62580054894785,0.687099725526075,409,0,1093,684
0.7102901339530945,0.0,0.0,0.37511436413540716,0.37511436413540716,0.6248856358645929,0.6248856358645929,0.6875571820677036,410,0,1093,683
0.7098066210746765,0.0,0.0,0.37602927721866425,0.37602927721866425,0.6239707227813358,0.6239707227813358,0.6880146386093321,411,0,1093,682
0.709643542766571,0.0,0.0,0.37694419030192133,0.37694419030192133,0.6230558096980787,0.6230558096980787,0.6884720951509606,412,0,1093,681
0.7095310688018799,0.0,0.0,0.3778591033851784,0.3778591033851784,0.6221408966148216,0.6221408966148216,0.6889295516925892,413,0,1093,680
0.709358811378479,0.0,0.0,0.3787740164684355,0.3787740164684355,0.6212259835315646,0.6212259835315646,0.6893870082342177,414,0,1093,679
0.7092834115028381,0.0,0.0,0.3796889295516926,0.3796889295516926,0.6203110704483074,0.6203110704483074,0.6898444647758463,415,0,1093,678
0.7091241478919983,0.0,0.0,0.3806038426349497,0.3806038426349497,0.6193961573650503,0.6193961573650503,0.6903019213174748,416,0,1093,677
0.7085217237472534,0.0,0.0,0.38151875571820676,0.38151875571820676,0.6184812442817932,0.6184812442817932,0.6907593778591034,417,0,1093,676
0.7083947658538818,0.0,0.0,0.38243366880146384,0.38243366880146384,0.6175663311985361,0.6175663311985361,0.6912168344007319,418,0,1093,675
0.7080962061882019,0.0,0.0,0.38334858188472093,0.38334858188472093,0.616651418115279,0.616651418115279,0.6916742909423604,419,0,1093,674
0.7079926133155823,0.0,0.0,0.38426349496797807,0.38426349496797807,0.6157365050320219,0.6157365050320219,0.692131747483989,420,0,1093,673
0.7078471779823303,0.0,0.0,0.38517840805123515,0.38517840805123515,0.6148215919487648,0.6148215919487648,0.6925892040256175,421,0,1093,672
0.707841157913208,0.0,0.0,0.38609332113449224,0.38609332113449224,0.6139066788655078,0.6139066788655078,0.6930466605672461,422,0,1093,671
0.7074213027954102,0.0,0.0,0.3870082342177493,0.3870082342177493,0.6129917657822507,0.6129917657822507,0.6935041171088746,423,0,1093,670
0.7070004343986511,0.0,0.0,0.3879231473010064,0.3879231473010064,0.6120768526989936,0.6120768526989936,0.6939615736505031,424,0,1093,669
0.706565797328949,0.0,0.0,0.3888380603842635,0.3888380603842635,0.6111619396157365,0.6111619396157365,0.6944190301921317,425,0,1093,668
0.7064802646636963,0.0,0.0,0.3897529734675206,0.3897529734675206,0.6102470265324794,0.6102470265324794,0.6948764867337603,426,0,1093,667
0.7064530253410339,0.0,0.0,0.39066788655077767,0.39066788655077767,0.6093321134492223,0.6093321134492223,0.6953339432753889,427,0,1093,666
0.7063193917274475,0.0,0.0,0.39158279963403475,0.39158279963403475,0.6084172003659652,0.6084172003659652,0.6957913998170174,428,0,1093,665
0.7059972286224365,0.0,0.0,0.39249771271729184,0.39249771271729184,0.6075022872827082,0.6075022872827082,0.696248856358646,429,0,1093,664
0.7057456374168396,0.0,0.0,0.3934126258005489,0.3934126258005489,0.6065873741994511,0.6065873741994511,0.6967063129002745,430,0,1093,663
0.705636739730835,0.0,0.0,0.39432753888380606,0.39432753888380606,0.605672461116194,0.605672461116194,0.6971637694419031,431,0,1093,662
0.7052896618843079,0.0,0.0,0.39524245196706315,0.39524245196706315,0.6047575480329369,0.6047575480329369,0.6976212259835316,432,0,1093,661
0.7048203945159912,0.0,0.0,0.39615736505032023,0.39615736505032023,0.6038426349496798,0.6038426349496798,0.6980786825251601,433,0,1093,660
0.704801619052887,0.0,0.0,0.3970722781335773,0.3970722781335773,0.6029277218664227,0.6029277218664227,0.6985361390667887,434,0,1093,659
0.7046102285385132,0.0,0.0,0.3979871912168344,0.3979871912168344,0.6020128087831657,0.6020128087831657,0.6989935956084172,435,0,1093,658
0.7045847177505493,0.0,0.0,0.3989021043000915,0.3989021043000915,0.6010978956999085,0.6010978956999085,0.6994510521500458,436,0,1093,657
0.7044191956520081,0.0,0.0,0.39981701738334857,0.39981701738334857,0.6001829826166514,0.6001829826166514,0.6999085086916743,437,0,1093,656
0.7043955326080322,0.0,0.0,0.40073193046660566,0.40073193046660566,0.5992680695333943,0.5992680695333943,0.7003659652333029,438,0,1093,655
0.7043904662132263,0.0,0.0,0.40164684354986274,0.40164684354986274,0.5983531564501372,0.5983531564501372,0.7008234217749314,439,0,1093,654
0.7043571472167969,0.0,0.0,0.4025617566331198,0.4025617566331198,0.5974382433668801,0.5974382433668801,0.7012808783165599,440,0,1093,653
0.7041082978248596,0.0,0.0,0.40347666971637697,0.40347666971637697,0.596523330283623,0.596523330283623,0.7017383348581885,441,0,1093,652
0.703963577747345,0.0,0.0,0.40439158279963405,0.40439158279963405,0.595608417200366,0.595608417200366,0.702195791399817,442,0,1093,651
0.7032510042190552,0.0,0.0,0.40530649588289114,0.40530649588289114,0.5946935041171089,0.5946935041171089,0.7026532479414456,443,0,1093,650
0.7031769156455994,0.0,0.0,0.4062214089661482,0.4062214089661482,0.5937785910338518,0.5937785910338518,0.7031107044830741,444,0,1093,649
0.7028400301933289,0.0,0.0,0.4071363220494053,0.4071363220494053,0.5928636779505947,0.5928636779505947,0.7035681610247027,445,0,1093,648
0.7028260827064514,0.0,0.0,0.4080512351326624,0.4080512351326624,0.5919487648673376,0.5919487648673376,0.7040256175663312,446,0,1093,647
0.7027168273925781,0.0,0.0,0.4089661482159195,0.4089661482159195,0.5910338517840805,0.5910338517840805,0.7044830741079597,447,0,1093,646
0.7023447155952454,0.0,0.0,0.40988106129917656,0.40988106129917656,0.5901189387008234,0.5901189387008234,0.7049405306495883,448,0,1093,645
0.7022414207458496,0.0,0.0,0.41079597438243365,0.41079597438243365,0.5892040256175664,0.5892040256175664,0.7053979871912168,449,0,1093,644
0.7021369338035583,0.0,0.0,0.41171088746569073,0.41171088746569073,0.5882891125343093,0.5882891125343093,0.7058554437328454,450,0,1093,643
0.7018463015556335,0.0,0.0,0.4126258005489479,0.4126258005489479,0.5873741994510522,0.5873741994510522,0.7063129002744739,451,0,1093,642
0.7016262412071228,0.0,0.0,0.41354071363220496,0.41354071363220496,0.5864592863677951,0.5864592863677951,0.7067703568161025,452,0,1093,641
0.7014618515968323,0.0,0.0,0.41445562671546204,0.41445562671546204,0.585544373284538,0.585544373284538,0.707227813357731,453,0,1093,640
0.7014022469520569,0.0,0.0,0.41537053979871913,0.41537053979871913,0.5846294602012809,0.5846294602012809,0.7076852698993595,454,0,1093,639
0.701323390007019,0.0,0.0,0.4162854528819762,0.4162854528819762,0.5837145471180238,0.5837145471180238,0.7081427264409881,455,0,1093,638
0.701214075088501,0.0,0.0,0.4172003659652333,0.4172003659652333,0.5827996340347666,0.5827996340347666,0.7086001829826166,456,0,1093,637
0.700884997844696,0.0,0.0,0.4181152790484904,0.4181152790484904,0.5818847209515096,0.5818847209515096,0.7090576395242452,457,0,1093,636
0.7008114457130432,0.0,0.0,0.41903019213174747,0.41903019213174747,0.5809698078682525,0.5809698078682525,0.7095150960658737,458,0,1093,635
0.7007661461830139,0.0,0.0,0.41994510521500455,0.41994510521500455,0.5800548947849954,0.5800548947849954,0.7099725526075022,459,0,1093,634
0.7006667852401733,0.0,0.0,0.42086001829826164,0.42086001829826164,0.5791399817017383,0.5791399817017383,0.7104300091491308,460,0,1093,633
0.7004876136779785,0.0,0.0,0.4217749313815188,0.4217749313815188,0.5782250686184812,0.5782250686184812,0.7108874656907593,461,0,1093,632
0.7003095746040344,0.0,0.0,0.42268984446477587,0.42268984446477587,0.5773101555352241,0.5773101555352241,0.7113449222323879,462,0,1093,631
0.7001678943634033,0.0,0.0,0.42360475754803295,0.42360475754803295,0.576395242451967,0.576395242451967,0.7118023787740164,463,0,1093,630
0.6991404891014099,0.0,0.0,0.42451967063129004,0.42451967063129004,0.57548032936871,0.57548032936871,0.712259835315645,464,0,1093,629
0.6991379857063293,0.0,0.0,0.4254345837145471,0.4254345837145471,0.5745654162854529,0.5745654162854529,0.7127172918572735,465,0,1093,628
0.6990731358528137,0.0,0.0,0.4263494967978042,0.4263494967978042,0.5736505032021958,0.5736505032021958,0.7131747483989022,466,0,1093,627
0.6988672614097595,0.0,0.0,0.4272644098810613,0.4272644098810613,0.5727355901189387,0.5727355901189387,0.7136322049405307,467,0,1093,626
0.6981359124183655,0.0,0.0,0.4281793229643184,0.4281793229643184,0.5718206770356816,0.5718206770356816,0.7140896614821592,468,0,1093,625
0.6974278092384338,0.0,0.0,0.42909423604757546,0.42909423604757546,0.5709057639524245,0.5709057639524245,0.7145471180237878,469,0,1093,624
0.6968478560447693,0.0,0.0,0.4309240622140897,0.4309240622140897,0.5690759377859104,0.5690759377859104,0.7154620311070449,471,0,1093,622
0.6967729330062866,0.0,0.0,0.43183897529734677,0.43183897529734677,0.5681610247026533,0.5681610247026533,0.7159194876486734,472,0,1093,621
0.6967343091964722,0.0,0.0,0.43275388838060386,0.43275388838060386,0.5672461116193962,0.5672461116193962,0.716376944190302,473,0,1093,620
0.6965771913528442,0.0,0.0,0.43366880146386094,0.43366880146386094,0.5663311985361391,0.5663311985361391,0.7168344007319305,474,0,1093,619
0.6964677572250366,0.0,0.0,0.434583714547118,0.434583714547118,0.565416285452882,0.565416285452882,0.717291857273559,475,0,1093,618
0.6960558891296387,0.0,0.0,0.4354986276303751,0.4354986276303751,0.5645013723696248,0.5645013723696248,0.7177493138151876,476,0,1093,617
0.6956915855407715,0.0,0.0,0.4364135407136322,0.4364135407136322,0.5635864592863677,0.5635864592863677,0.7182067703568161,477,0,1093,616
0.6955464482307434,0.0,0.0,0.4373284537968893,0.4373284537968893,0.5626715462031107,0.5626715462031107,0.7186642268984447,478,0,1093,615
0.6954855918884277,0.0,0.0,0.43824336688014637,0.43824336688014637,0.5617566331198536,0.5617566331198536,0.7191216834400732,479,0,1093,614
0.6953907012939453,0.0,0.0,0.43915827996340345,0.43915827996340345,0.5608417200365965,0.5608417200365965,0.7195791399817018,480,0,1093,613
0.6944323182106018,0.0,0.0,0.4400731930466606,0.4400731930466606,0.5599268069533394,0.5599268069533394,0.7200365965233303,481,0,1093,612
0.6941114664077759,0.0,0.0,0.4409881061299177,0.4409881061299177,0.5590118938700823,0.5590118938700823,0.7204940530649588,482,0,1093,611
0.6940034627914429,0.0,0.0,0.44190301921317476,0.44190301921317476,0.5580969807868252,0.5580969807868252,0.7209515096065874,483,0,1093,610
0.6938121914863586,0.0,0.0,0.44281793229643185,0.44281793229643185,0.5571820677035682,0.5571820677035682,0.7214089661482159,484,0,1093,609
0.693336009979248,0.0,0.0,0.44373284537968893,0.44373284537968893,0.5562671546203111,0.5562671546203111,0.7218664226898445,485,0,1093,608
0.6931860446929932,0.0,0.0,0.444647758462946,0.444647758462946,0.555352241537054,0.555352241537054,0.722323879231473,486,0,1093,607
0.6930178999900818,0.0,0.0,0.4455626715462031,0.4455626715462031,0.5544373284537969,0.5544373284537969,0.7227813357731016,487,0,1093,606
0.6929543614387512,0.0,0.0,0.4464775846294602,0.4464775846294602,0.5535224153705398,0.5535224153705398,0.7232387923147301,488,0,1093,605
0.6929011344909668,0.0,0.0,0.4473924977127173,0.4473924977127173,0.5526075022872827,0.5526075022872827,0.7236962488563586,489,0,1093,604
0.6927193403244019,0.0,0.0,0.44830741079597436,0.44830741079597436,0.5516925892040256,0.5516925892040256,0.7241537053979872,490,0,1093,603
0.6925029158592224,0.0,0.0,0.4492223238792315,0.4492223238792315,0.5507776761207686,0.5507776761207686,0.7246111619396157,491,0,1093,602
0.6924571990966797,0.0,0.0,0.4501372369624886,0.4501372369624886,0.5498627630375115,0.5498627630375115,0.7250686184812443,492,0,1093,601
0.6924449801445007,0.0,0.0,0.45105215004574567,0.45105215004574567,0.5489478499542544,0.5489478499542544,0.7255260750228728,493,0,1093,600
0.691823422908783,0.0,0.0,0.45196706312900276,0.45196706312900276,0.5480329368709973,0.5480329368709973,0.7259835315645013,494,0,1093,599
0.6915600895881653,0.0,0.0,0.45288197621225984,0.45288197621225984,0.5471180237877402,0.5471180237877402,0.7264409881061299,495,0,1093,598
0.6911565661430359,0.0,0.0,0.4537968892955169,0.4537968892955169,0.546203110704483,0.546203110704483,0.7268984446477584,496,0,1093,597
0.6907593011856079,0.0,0.0,0.454711802378774,0.454711802378774,0.5452881976212259,0.5452881976212259,0.727355901189387,497,0,1093,596
0.690544605255127,0.0,0.0,0.4556267154620311,0.4556267154620311,0.5443732845379688,0.5443732845379688,0.7278133577310155,498,0,1093,595
0.6902956962585449,0.0,0.0,0.4565416285452882,0.4565416285452882,0.5434583714547118,0.5434583714547118,0.7282708142726441,499,0,1093,594
0.6902417540550232,0.0,0.0,0.45745654162854527,0.45745654162854527,0.5425434583714547,0.5425434583714547,0.7287282708142726,500,0,1093,593
0.6895145177841187,0.0,0.0,0.4583714547118024,0.4583714547118024,0.5416285452881976,0.5416285452881976,0.7291857273559011,501,0,1093,592
0.6891186237335205,0.0,0.0,0.4592863677950595,0.4592863677950595,0.5407136322049405,0.5407136322049405,0.7296431838975297,502,0,1093,591
0.6888362765312195,0.0,0.0,0.4602012808783166,0.4602012808783166,0.5397987191216834,0.5397987191216834,0.7301006404391582,503,0,1093,590
0.6883540153503418,0.0,0.0,0.46111619396157366,0.46111619396157366,0.5388838060384263,0.5388838060384263,0.7305580969807868,504,0,1093,589
0.688100278377533,0.0,0.0,0.46203110704483075,0.46203110704483075,0.5379688929551693,0.5379688929551693,0.7310155535224153,505,0,1093,588
0.6879212856292725,0.0,0.0,0.46294602012808783,0.46294602012808783,0.5370539798719122,0.5370539798719122,0.7314730100640439,506,0,1093,587
0.6878469586372375,0.0,0.0,0.4638609332113449,0.4638609332113449,0.5361390667886551,0.5361390667886551,0.7319304666056725,507,0,1093,586
0.6873337626457214,0.0,0.0,0.464775846294602,0.464775846294602,0.535224153705398,0.535224153705398,0.7323879231473011,508,0,1093,585
0.6865800619125366,0.0,0.0,0.4656907593778591,0.4656907593778591,0.5343092406221409,0.5343092406221409,0.7328453796889296,509,0,1093,584
0.6865088939666748,0.0,0.0,0.46660567246111617,0.46660567246111617,0.5333943275388838,0.5333943275388838,0.7333028362305581,510,0,1093,583
0.6862200498580933,0.0,0.0,0.46752058554437326,0.46752058554437326,0.5324794144556267,0.5324794144556267,0.7337602927721867,511,0,1093,582
0.6857060790061951,0.0,0.0,0.4684354986276304,0.4684354986276304,0.5315645013723697,0.5315645013723697,0.7342177493138152,512,0,1093,581
0.6856349110603333,0.0,0.0,0.4693504117108875,0.4693504117108875,0.5306495882891126,0.5306495882891126,0.7346752058554438,513,0,1093,580
0.6855331659317017,0.0,0.0,0.47026532479414457,0.47026532479414457,0.5297346752058555,0.5297346752058555,0.7351326623970723,514,0,1093,579
0.6854746341705322,0.0,0.0,0.47118023787740165,0.47118023787740165,0.5288197621225984,0.5288197621225984,0.7355901189387009,515,0,1093,578
0.6849496364593506,0.0,0.0,0.47209515096065874,0.47209515096065874,0.5279048490393413,0.5279048490393413,0.7360475754803294,516,0,1093,577
0.6846407055854797,0.0,0.0,0.4730100640439158,0.4730100640439158,0.5269899359560841,0.5269899359560841,0.7365050320219579,517,0,1093,576
0.684532642364502,0.0,0.0,0.4739249771271729,0.4739249771271729,0.526075022872827,0.526075022872827,0.7369624885635865,518,0,1093,575
0.6844937801361084,0.0,0.0,0.47483989021043,0.47483989021043,0.52516010978957,0.52516010978957,0.737419945105215,519,0,1093,574
0.6844412684440613,0.0,0.0,0.4757548032936871,0.4757548032936871,0.5242451967063129,0.5242451967063129,0.7378774016468436,520,0,1093,573
0.6841912269592285,0.0,0.0,0.47666971637694416,0.47666971637694416,0.5233302836230558,0.5233302836230558,0.7383348581884721,521,0,1093,572
0.6836711764335632,0.0,0.0,0.4775846294602013,0.4775846294602013,0.5224153705397987,0.5224153705397987,0.7387923147301007,522,0,1093,571
0.683431088924408,0.0,0.0,0.4784995425434584,0.4784995425434584,0.5215004574565416,0.5215004574565416,0.7392497712717292,523,0,1093,570
0.6828003525733948,0.0,0.0,0.4794144556267155,0.4794144556267155,0.5205855443732845,0.5205855443732845,0.7397072278133577,524,0,1093,569
0.6827496290206909,0.0,0.0,0.48032936870997256,0.48032936870997256,0.5196706312900274,0.5196706312900274,0.7401646843549863,525,0,1093,568
0.682722806930542,0.0,0.0,0.48124428179322964,0.48124428179322964,0.5187557182067704,0.5187557182067704,0.7406221408966148,526,0,1093,567
0.6824776530265808,0.0,0.0,0.48215919487648673,0.48215919487648673,0.5178408051235133,0.5178408051235133,0.7410795974382434,527,0,1093,566
0.6824021935462952,0.0,0.0,0.4830741079597438,0.4830741079597438,0.5169258920402562,0.5169258920402562,0.7415370539798719,528,0,1093,565
0.6817887425422668,0.0,0.0,0.4839890210430009,0.4839890210430009,0.5160109789569991,0.5160109789569991,0.7419945105215004,529,0,1093,564
0.6815029382705688,0.0,0.0,0.484903934126258,0.484903934126258,0.515096065873742,0.515096065873742,0.742451967063129,530,0,1093,563
0.681405246257782,0.0,0.0,0.48581884720951507,0.48581884720951507,0.5141811527904849,0.5141811527904849,0.7429094236047575,531,0,1093,562
0.6813369989395142,0.0,0.0,0.4867337602927722,0.4867337602927722,0.5132662397072278,0.5132662397072278,0.7433668801463861,532,0,1093,561
0.6813101768493652,0.0,0.0,0.4876486733760293,0.4876486733760293,0.5123513266239708,0.5123513266239708,0.7438243366880146,533,0,1093,560
0.6810393333435059,0.0,0.0,0.4885635864592864,0.4885635864592864,0.5114364135407137,0.5114364135407137,0.7442817932296432,534,0,1093,559
0.6807511448860168,0.0,0.0,0.48947849954254347,0.48947849954254347,0.5105215004574566,0.5105215004574566,0.7447392497712717,535,0,1093,558
0.6807371973991394,0.0,0.0,0.49039341262580055,0.49039341262580055,0.5096065873741995,0.5096065873741995,0.7451967063129002,536,0,1093,557
0.6804800629615784,0.0,0.0,0.49130832570905764,0.49130832570905764,0.5086916742909423,0.5086916742909423,0.7456541628545288,537,0,1093,556
0.6804792284965515,0.0,0.0,0.4922232387923147,0.4922232387923147,0.5077767612076852,0.5077767612076852,0.7461116193961573,538,0,1093,555
0.6804717183113098,0.0,0.0,0.4931381518755718,0.4931381518755718,0.5068618481244281,0.5068618481244281,0.7465690759377859,539,0,1093,554
0.6797019243240356,0.0,0.0,0.4940530649588289,0.4940530649588289,0.505946935041171,0.505946935041171,0.7470265324794144,540,0,1093,553
0.6792100071907043,0.0,0.0,0.494967978042086,0.494967978042086,0.505032021957914,0.505032021957914,0.747483989021043,541,0,1093,552
0.6790856122970581,0.0,0.0,0.4958828911253431,0.4958828911253431,0.5041171088746569,0.5041171088746569,0.7479414455626715,542,0,1093,551
0.6789803504943848,0.0,0.0,0.4967978042086002,0.4967978042086002,0.5032021957913998,0.5032021957913998,0.7483989021043,543,0,1093,550
0.6789624691009521,0.0,0.0,0.4977127172918573,0.4977127172918573,0.5022872827081427,0.5022872827081427,0.7488563586459286,544,0,1093,549
0.6789464354515076,0.0,0.0,0.4986276303751144,0.4986276303751144,0.5013723696248856,0.5013723696248856,0.7493138151875571,545,0,1093,548
0.6788360476493835,0.0,0.0,0.49954254345837146,0.49954254345837146,0.5004574565416285,0.5004574565416285,0.7497712717291857,546,0,1093,547
0.6785979270935059,0.0,0.0,0.5004574565416285,0.5004574565416285,0.49954254345837146,0.49954254345837146,0.7502287282708143,547,0,1093,546
0.6784328818321228,0.0,0.0,0.5013723696248856,0.5013723696248856,0.4986276303751144,0.4986276303751144,0.7506861848124429,548,0,1093,545
0.6783968210220337,0.0,0.0,0.5022872827081427,0.5022872827081427,0.4977127172918573,0.4977127172918573,0.7511436413540714,549,0,1093,544
0.677971601486206,0.0,0.0,0.5032021957913998,0.5032021957913998,0.4967978042086002,0.4967978042086002,0.7516010978957,550,0,1093,543
0.6777583360671997,0.0,0.0,0.5041171088746569,0.5041171088746569,0.4958828911253431,0.4958828911253431,0.7520585544373285,551,0,1093,542
0.6777403354644775,0.0,0.0,0.505032021957914,0.505032021957914,0.494967978042086,0.494967978042086,0.752516010978957,552,0,1093,541
0.6777254343032837,0.0,0.0,0.505946935041171,0.505946935041171,0.4940530649588289,0.4940530649588289,0.7529734675205856,553,0,1093,540
0.677690863609314,0.0,0.0,0.5068618481244281,0.5068618481244281,0.4931381518755718,0.4931381518755718,0.7534309240622141,554,0,1093,539
0.6776810884475708,0.0,0.0,0.5077767612076852,0.5077767612076852,0.4922232387923147,0.4922232387923147,0.7538883806038427,555,0,1093,538
0.6775714159011841,0.0,0.0,0.5086916742909423,0.5086916742909423,0.49130832570905764,0.49130832570905764,0.7543458371454712,556,0,1093,537
0.6774493455886841,0.0,0.0,0.5096065873741995,0.5096065873741995,0.49039341262580055,0.49039341262580055,0.7548032936870998,557,0,1093,536
0.6772758364677429,0.0,0.0,0.5105215004574566,0.5105215004574566,0.48947849954254347,0.48947849954254347,0.7552607502287283,558,0,1093,535
0.6772295236587524,0.0,0.0,0.5114364135407137,0.5114364135407137,0.4885635864592864,0.4885635864592864,0.7557182067703568,559,0,1093,534
0.6771726012229919,0.0,0.0,0.5123513266239708,0.5123513266239708,0.4876486733760293,0.4876486733760293,0.7561756633119854,560,0,1093,533
0.6770657300949097,0.0,0.0,0.5132662397072278,0.5132662397072278,0.4867337602927722,0.4867337602927722,0.7566331198536139,561,0,1093,532
0.6767371296882629,0.0,0.0,0.5141811527904849,0.5141811527904849,0.48581884720951507,0.48581884720951507,0.7570905763952425,562,0,1093,531
0.6758039593696594,0.0,0.0,0.515096065873742,0.515096065873742,0.484903934126258,0.484903934126258,0.757548032936871,563,0,1093,530
0.6756171584129333,0.0,0.0,0.5160109789569991,0.5160109789569991,0.4839890210430009,0.4839890210430009,0.7580054894784996,564,0,1093,529
0.6753632426261902,0.0,0.0,0.5169258920402562,0.5169258920402562,0.4830741079597438,0.4830741079597438,0.7584629460201281,565,0,1093,528
0.6753363609313965,0.0,0.0,0.5178408051235133,0.5178408051235133,0.48215919487648673,0.48215919487648673,0.7589204025617566,566,0,1093,527
0.6751912236213684,0.0,0.0,0.5187557182067704,0.5187557182067704,0.48124428179322964,0.48124428179322964,0.7593778591033852,567,0,1093,526
0.6750249266624451,0.0,0.0,0.5196706312900274,0.5196706312900274,0.48032936870997256,0.48032936870997256,0.7598353156450137,568,0,1093,525
0.6746938228607178,0.0,0.0,0.5205855443732845,0.5205855443732845,0.4794144556267155,0.4794144556267155,0.7602927721866423,569,0,1093,524
0.6745901107788086,0.0,0.0,0.5215004574565416,0.5215004574565416,0.4784995425434584,0.4784995425434584,0.7607502287282708,570,0,1093,523
0.6742866039276123,0.0,0.0,0.5224153705397987,0.5224153705397987,0.4775846294602013,0.4775846294602013,0.7612076852698993,571,0,1093,522
0.673857569694519,0.0,0.0,0.5233302836230558,0.5233302836230558,0.47666971637694416,0.47666971637694416,0.7616651418115279,572,0,1093,521
0.6737658381462097,0.0,0.0,0.5242451967063129,0.5242451967063129,0.4757548032936871,0.4757548032936871,0.7621225983531564,573,0,1093,520
0.6734312176704407,0.0,0.0,0.52516010978957,0.52516010978957,0.47483989021043,0.47483989021043,0.762580054894785,574,0,1093,519
0.6733157634735107,0.0,0.0,0.526075022872827,0.526075022872827,0.4739249771271729,0.4739249771271729,0.7630375114364135,575,0,1093,518
0.6732966303825378,0.0,0.0,0.5269899359560841,0.5269899359560841,0.4730100640439158,0.4730100640439158,0.7634949679780421,576,0,1093,517
0.6732887029647827,0.0,0.0,0.5279048490393413,0.5279048490393413,0.47209515096065874,0.47209515096065874,0.7639524245196706,577,0,1093,516
0.6732101440429688,0.0,0.0,0.5288197621225984,0.5288197621225984,0.47118023787740165,0.47118023787740165,0.7644098810612991,578,0,1093,515
0.6731224060058594,0.0,0.0,0.5297346752058555,0.5297346752058555,0.47026532479414457,0.47026532479414457,0.7648673376029277,579,0,1093,514
0.6728817224502563,0.0,0.0,0.5306495882891126,0.5306495882891126,0.4693504117108875,0.4693504117108875,0.7653247941445562,580,0,1093,513
0.6726505756378174,0.0,0.0,0.5315645013723697,0.5315645013723697,0.4684354986276304,0.4684354986276304,0.7657822506861848,581,0,1093,512
0.672587513923645,0.0,0.0,0.5324794144556267,0.5324794144556267,0.46752058554437326,0.46752058554437326,0.7662397072278133,582,0,1093,511
0.6723846197128296,0.0,0.0,0.5333943275388838,0.5333943275388838,0.46660567246111617,0.46660567246111617,0.7666971637694419,583,0,1093,510
0.672177255153656,0.0,0.0,0.5343092406221409,0.5343092406221409,0.4656907593778591,0.4656907593778591,0.7671546203110704,584,0,1093,509
0.6721563339233398,0.0,0.0,0.535224153705398,0.535224153705398,0.464775846294602,0.464775846294602,0.7676120768526989,585,0,1093,508
0.6719803214073181,0.0,0.0,0.5361390667886551,0.5361390667886551,0.4638609332113449,0.4638609332113449,0.7680695333943275,586,0,1093,507
0.6719112992286682,0.0,0.0,0.5370539798719122,0.5370539798719122,0.46294602012808783,0.46294602012808783,0.7685269899359561,587,0,1093,506
0.6718614101409912,0.0,0.0,0.5379688929551693,0.5379688929551693,0.46203110704483075,0.46203110704483075,0.7689844464775847,588,0,1093,505
0.6716383099555969,0.0,0.0,0.5388838060384263,0.5388838060384263,0.46111619396157366,0.46111619396157366,0.7694419030192132,589,0,1093,504
0.6714317798614502,0.0,0.0,0.5397987191216834,0.5397987191216834,0.4602012808783166,0.4602012808783166,0.7698993595608418,590,0,1093,503
0.6712214350700378,0.0,0.0,0.5407136322049405,0.5407136322049405,0.4592863677950595,0.4592863677950595,0.7703568161024703,591,0,1093,502
0.6710668206214905,0.0,0.0,0.5416285452881976,0.5416285452881976,0.4583714547118024,0.4583714547118024,0.7708142726440989,592,0,1093,501
0.6708368062973022,0.0,0.0,0.5425434583714547,0.5425434583714547,0.45745654162854527,0.45745654162854527,0.7712717291857274,593,0,1093,500
0.6708105206489563,0.0,0.0,0.5434583714547118,0.5434583714547118,0.4565416285452882,0.4565416285452882,0.7717291857273559,594,0,1093,499
0.6702138781547546,0.0,0.0,0.5443732845379688,0.5443732845379688,0.4556267154620311,0.4556267154620311,0.7721866422689845,595,0,1093,498
0.6701160669326782,0.0,0.0,0.5452881976212259,0.5452881976212259,0.454711802378774,0.454711802378774,0.772644098810613,596,0,1093,497
0.6699426770210266,0.0,0.0,0.546203110704483,0.546203110704483,0.4537968892955169,0.4537968892955169,0.7731015553522416,597,0,1093,496
0.6698350310325623,0.0,0.0,0.5471180237877402,0.5471180237877402,0.45288197621225984,0.45288197621225984,0.7735590118938701,598,0,1093,495
0.6697878241539001,0.0,0.0,0.5480329368709973,0.5480329368709973,0.45196706312900276,0.45196706312900276,0.7740164684354987,599,0,1093,494
0.6697854995727539,0.0,0.0,0.5489478499542544,0.5489478499542544,0.45105215004574567,0.45105215004574567,0.7744739249771272,600,0,1093,493
0.6690804362297058,0.0,0.0,0.5498627630375115,0.5498627630375115,0.4501372369624886,0.4501372369624886,0.7749313815187557,601,0,1093,492
0.6688873767852783,0.0,0.0,0.5507776761207686,0.5507776761207686,0.4492223238792315,0.4492223238792315,0.7753888380603843,602,0,1093,491
0.6687469482421875,0.0,0.0,0.5516925892040256,0.5516925892040256,0.44830741079597436,0.44830741079597436,0.7758462946020128,603,0,1093,490
0.6686117649078369,0.0,0.0,0.5526075022872827,0.5526075022872827,0.4473924977127173,0.4473924977127173,0.7763037511436414,604,0,1093,489
0.6685721278190613,0.0,0.0,0.5535224153705398,0.5535224153705398,0.4464775846294602,0.4464775846294602,0.7767612076852699,605,0,1093,488
0.668466329574585,0.0,0.0,0.5544373284537969,0.5544373284537969,0.4455626715462031,0.4455626715462031,0.7772186642268984,606,0,1093,487
0.6679642200469971,0.0,0.0,0.555352241537054,0.555352241537054,0.444647758462946,0.444647758462946,0.777676120768527,607,0,1093,486
0.6678935885429382,0.0,0.0,0.5562671546203111,0.5562671546203111,0.44373284537968893,0.44373284537968893,0.7781335773101555,608,0,1093,485
0.6677922010421753,0.0,0.0,0.5571820677035682,0.5571820677035682,0.44281793229643185,0.44281793229643185,0.7785910338517841,609,0,1093,484
0.6673935651779175,0.0,0.0,0.5580969807868252,0.5580969807868252,0.44190301921317476,0.44190301921317476,0.7790484903934126,610,0,1093,483
0.6671969890594482,0.0,0.0,0.5590118938700823,0.5590118938700823,0.4409881061299177,0.4409881061299177,0.7795059469350412,611,0,1093,482
0.6671298742294312,0.0,0.0,0.5599268069533394,0.5599268069533394,0.4400731930466606,0.4400731930466606,0.7799634034766697,612,0,1093,481
0.667079746723175,0.0,0.0,0.5608417200365965,0.5608417200365965,0.43915827996340345,0.43915827996340345,0.7804208600182982,613,0,1093,480
0.6668922305107117,0.0,0.0,0.5617566331198536,0.5617566331198536,0.43824336688014637,0.43824336688014637,0.7808783165599268,614,0,1093,479
0.66669762134552,0.0,0.0,0.5626715462031107,0.5626715462031107,0.4373284537968893,0.4373284537968893,0.7813357731015553,615,0,1093,478
0.6665298938751221,0.0,0.0,0.5635864592863677,0.5635864592863677,0.4364135407136322,0.4364135407136322,0.7817932296431839,616,0,1093,477
0.6663116216659546,0.0,0.0,0.5645013723696248,0.5645013723696248,0.4354986276303751,0.4354986276303751,0.7822506861848124,617,0,1093,476
0.6661185026168823,0.0,0.0,0.565416285452882,0.565416285452882,0.434583714547118,0.434583714547118,0.782708142726441,618,0,1093,475
0.6660066246986389,0.0,0.0,0.5663311985361391,0.5663311985361391,0.43366880146386094,0.43366880146386094,0.7831655992680695,619,0,1093,474
0.6649690866470337,0.0,0.0,0.5672461116193962,0.5672461116193962,0.43275388838060386,0.43275388838060386,0.783623055809698,620,0,1093,473
0.6647130250930786,0.0,0.0,0.5681610247026533,0.5681610247026533,0.43183897529734677,0.43183897529734677,0.7840805123513266,621,0,1093,472
0.6645848155021667,0.0,0.0,0.5690759377859104,0.5690759377859104,0.4309240622140897,0.4309240622140897,0.7845379688929551,622,0,1093,471
0.6645408868789673,0.0,0.0,0.5699908508691675,0.5699908508691675,0.43000914913083255,0.43000914913083255,0.7849954254345837,623,0,1093,470
0.6642799973487854,0.0,0.0,0.5709057639524245,0.5709057639524245,0.42909423604757546,0.42909423604757546,0.7854528819762122,624,0,1093,469
0.6642003655433655,0.0,0.0,0.5718206770356816,0.5718206770356816,0.4281793229643184,0.4281793229643184,0.7859103385178408,625,0,1093,468
0.6638498902320862,0.0,0.0,0.5727355901189387,0.5727355901189387,0.4272644098810613,0.4272644098810613,0.7863677950594693,626,0,1093,467
0.6638485789299011,0.0,0.0,0.5736505032021958,0.5736505032021958,0.4263494967978042,0.4263494967978042,0.7868252516010978,627,0,1093,466
0.6636435985565186,0.0,0.0,0.5745654162854529,0.5745654162854529,0.4254345837145471,0.4254345837145471,0.7872827081427265,628,0,1093,465
0.6634635329246521,0.0,0.0,0.57548032936871,0.57548032936871,0.42451967063129004,0.42451967063129004,0.787740164684355,629,0,1093,464
0.6633522510528564,0.0,0.0,0.576395242451967,0.576395242451967,0.42360475754803295,0.42360475754803295,0.7881976212259836,630,0,1093,463
0.6633350253105164,0.0,0.0,0.5773101555352241,0.5773101555352241,0.42268984446477587,0.42268984446477587,0.7886550777676121,631,0,1093,462
0.6632524728775024,0.0,0.0,0.5782250686184812,0.5782250686184812,0.4217749313815188,0.4217749313815188,0.7891125343092407,632,0,1093,461
0.6632437705993652,0.0,0.0,0.5791399817017383,0.5791399817017383,0.42086001829826164,0.42086001829826164,0.7895699908508692,633,0,1093,460
0.6630775332450867,0.0,0.0,0.5800548947849954,0.5800548947849954,0.41994510521500455,0.41994510521500455,0.7900274473924978,634,0,1093,459
0.6626884341239929,0.0,0.0,0.5809698078682525,0.5809698078682525,0.41903019213174747,0.41903019213174747,0.7904849039341263,635,0,1093,458
0.6624774932861328,0.0,0.0,0.5818847209515096,0.5818847209515096,0.4181152790484904,0.4181152790484904,0.7909423604757548,636,0,1093,457
0.6621628403663635,0.0,0.0,0.5827996340347666,0.5827996340347666,0.4172003659652333,0.4172003659652333,0.7913998170173834,637,0,1093,456
0.6620727181434631,0.0,0.0,0.5837145471180238,0.5837145471180238,0.4162854528819762,0.4162854528819762,0.7918572735590119,638,0,1093,455
0.6620613932609558,0.0,0.0,0.5846294602012809,0.5846294602012809,0.41537053979871913,0.41537053979871913,0.7923147301006405,639,0,1093,454
0.6619952321052551,0.0,0.0,0.585544373284538,0.585544373284538,0.41445562671546204,0.41445562671546204,0.792772186642269,640,0,1093,453
0.6618631482124329,0.0,0.0,0.5864592863677951,0.5864592863677951,0.41354071363220496,0.41354071363220496,0.7932296431838975,641,0,1093,452
0.6616831421852112,0.0,0.0,0.5873741994510522,0.5873741994510522,0.4126258005489479,0.4126258005489479,0.7936870997255261,642,0,1093,451
0.6615147590637207,0.0,0.0,0.5882891125343093,0.5882891125343093,0.41171088746569073,0.41171088746569073,0.7941445562671546,643,0,1093,450
0.6614669561386108,0.0,0.0,0.5892040256175664,0.5892040256175664,0.41079597438243365,0.41079597438243365,0.7946020128087832,644,0,1093,449
0.661439836025238,0.0,0.0,0.5901189387008234,0.5901189387008234,0.40988106129917656,0.40988106129917656,0.7950594693504117,645,0,1093,448
0.6613852381706238,0.0,0.0,0.5910338517840805,0.5910338517840805,0.4089661482159195,0.4089661482159195,0.7955169258920403,646,0,1093,447
0.6613638401031494,0.0,0.0,0.5919487648673376,0.5919487648673376,0.4080512351326624,0.4080512351326624,0.7959743824336688,647,0,1093,446
0.6609090566635132,0.0,0.0,0.5928636779505947,0.5928636779505947,0.4071363220494053,0.4071363220494053,0.7964318389752973,648,0,1093,445
0.6606480479240417,0.0,0.0,0.5937785910338518,0.5937785910338518,0.4062214089661482,0.4062214089661482,0.7968892955169259,649,0,1093,444
0.660434365272522,0.0,0.0,0.5946935041171089,0.5946935041171089,0.40530649588289114,0.40530649588289114,0.7973467520585544,650,0,1093,443
0.6602906584739685,0.0,0.0,0.595608417200366,0.595608417200366,0.40439158279963405,0.40439158279963405,0.797804208600183,651,0,1093,442
0.6591278314590454,0.0,0.0,0.596523330283623,0.596523330283623,0.40347666971637697,0.40347666971637697,0.7982616651418115,652,0,1093,441
0.6589202880859375,0.0,0.0,0.5974382433668801,0.5974382433668801,0.4025617566331198,0.4025617566331198,0.7987191216834401,653,0,1093,440
0.6576129198074341,0.0,0.0,0.5983531564501372,0.5983531564501372,0.40164684354986274,0.40164684354986274,0.7991765782250686,654,0,1093,439
0.6572032570838928,0.0,0.0,0.5992680695333943,0.5992680695333943,0.40073193046660566,0.40073193046660566,0.7996340347666971,655,0,1093,438
0.6571828722953796,0.0,0.0,0.6001829826166514,0.6001829826166514,0.39981701738334857,0.39981701738334857,0.8000914913083257,656,0,1093,437
0.6571542024612427,0.0,0.0,0.6010978956999085,0.6010978956999085,0.3989021043000915,0.3989021043000915,0.8005489478499542,657,0,1093,436
0.6571401953697205,0.0,0.0,0.6020128087831657,0.6020128087831657,0.3979871912168344,0.3979871912168344,0.8010064043915828,658,0,1093,435
0.6570858359336853,0.0,0.0,0.6029277218664227,0.6029277218664227,0.3970722781335773,0.3970722781335773,0.8014638609332113,659,0,1093,434
0.6565927863121033,0.0,0.0,0.6038426349496798,0.6038426349496798,0.39615736505032023,0.39615736505032023,0.8019213174748399,660,0,1093,433
0.6562512516975403,0.0,0.0,0.6047575480329369,0.6047575480329369,0.39524245196706315,0.39524245196706315,0.8023787740164684,661,0,1093,432
0.6562223434448242,0.0,0.0,0.605672461116194,0.605672461116194,0.39432753888380606,0.39432753888380606,0.8028362305580969,662,0,1093,431
0.6555942296981812,0.0,0.0,0.6065873741994511,0.6065873741994511,0.3934126258005489,0.3934126258005489,0.8032936870997255,663,0,1093,430
0.6552848219871521,0.0,0.0,0.6075022872827082,0.6075022872827082,0.39249771271729184,0.39249771271729184,0.803751143641354,664,0,1093,429
0.6552299857139587,0.0,0.0,0.6084172003659652,0.6084172003659652,0.39158279963403475,0.39158279963403475,0.8042086001829826,665,0,1093,428
0.6549139022827148,0.0,0.0,0.6093321134492223,0.6093321134492223,0.39066788655077767,0.39066788655077767,0.8046660567246111,666,0,1093,427
0.6541827321052551,0.0,0.0,0.6102470265324794,0.6102470265324794,0.3897529734675206,0.3897529734675206,0.8051235132662397,667,0,1093,426
0.6540234684944153,0.0,0.0,0.6111619396157365,0.6111619396157365,0.3888380603842635,0.3888380603842635,0.8055809698078683,668,0,1093,425
0.653721809387207,0.0,0.0,0.6120768526989936,0.6120768526989936,0.3879231473010064,0.3879231473010064,0.8060384263494969,669,0,1093,424
0.653486967086792,0.0,0.0,0.6129917657822507,0.6129917657822507,0.3870082342177493,0.3870082342177493,0.8064958828911254,670,0,1093,423
0.6532114744186401,0.0,0.0,0.6139066788655078,0.6139066788655078,0.38609332113449224,0.38609332113449224,0.8069533394327539,671,0,1093,422
0.6531926393508911,0.0,0.0,0.6148215919487648,0.6148215919487648,0.38517840805123515,0.38517840805123515,0.8074107959743825,672,0,1093,421
0.6528647541999817,0.0,0.0,0.6157365050320219,0.6157365050320219,0.38426349496797807,0.38426349496797807,0.807868252516011,673,0,1093,420
0.6525765061378479,0.0,0.0,0.616651418115279,0.616651418115279,0.38334858188472093,0.38334858188472093,0.8083257090576396,674,0,1093,419
0.6523364186286926,0.0,0.0,0.6175663311985361,0.6175663311985361,0.38243366880146384,0.38243366880146384,0.8087831655992681,675,0,1093,418
0.6518502235412598,0.0,0.0,0.6184812442817932,0.6184812442817932,0.38151875571820676,0.38151875571820676,0.8092406221408966,676,0,1093,417
0.6515771150588989,0.0,0.0,0.6193961573650503,0.6193961573650503,0.3806038426349497,0.3806038426349497,0.8096980786825252,677,0,1093,416
0.6515737175941467,0.0,0.0,0.6203110704483074,0.6203110704483074,0.3796889295516926,0.3796889295516926,0.8101555352241537,678,0,1093,415
0.6511468887329102,0.0,0.0,0.6212259835315646,0.6212259835315646,0.3787740164684355,0.3787740164684355,0.8106129917657823,679,0,1093,414
0.650542676448822,0.0,0.0,0.6221408966148216,0.6221408966148216,0.3778591033851784,0.3778591033851784,0.8110704483074108,680,0,1093,413
0.650274932384491,0.0,0.0,0.6230558096980787,0.6230558096980787,0.37694419030192133,0.37694419030192133,0.8115279048490394,681,0,1093,412
0.6499484181404114,0.0,0.0,0.6239707227813358,0.6239707227813358,0.37602927721866425,0.37602927721866425,0.8119853613906679,682,0,1093,411
0.6495663523674011,0.0,0.0,0.6248856358645929,0.6248856358645929,0.37511436413540716,0.37511436413540716,0.8124428179322964,683,0,1093,410
0.6495071053504944,0.0,0.0,0.62580054894785,0.62580054894785,0.37419945105215,0.37419945105215,0.812900274473925,684,0,1093,409
0.6487208604812622,0.0,0.0,0.6267154620311071,0.6267154620311071,0.37328453796889294,0.37328453796889294,0.8133577310155535,685,0,1093,408
0.64835524559021,0.0,0.0,0.6276303751143641,0.6276303751143641,0.37236962488563585,0.37236962488563585,0.8138151875571821,686,0,1093,407
0.6480231881141663,0.0,0.0,0.6285452881976212,0.6285452881976212,0.37145471180237877,0.37145471180237877,0.8142726440988106,687,0,1093,406
0.6479343771934509,0.0,0.0,0.6294602012808783,0.6294602012808783,0.3705397987191217,0.3705397987191217,0.8147301006404392,688,0,1093,405
0.6476378440856934,0.0,0.0,0.6303751143641354,0.6303751143641354,0.3696248856358646,0.3696248856358646,0.8151875571820677,689,0,1093,404
0.6474269032478333,0.0,0.0,0.6312900274473925,0.6312900274473925,0.3687099725526075,0.3687099725526075,0.8156450137236962,690,0,1093,403
0.6472156643867493,0.0,0.0,0.6322049405306496,0.6322049405306496,0.3677950594693504,0.3677950594693504,0.8161024702653248,691,0,1093,402
0.6469331979751587,0.0,0.0,0.6331198536139067,0.6331198536139067,0.36688014638609334,0.36688014638609334,0.8165599268069533,692,0,1093,401
0.6467368006706238,0.0,0.0,0.6340347666971637,0.6340347666971637,0.36596523330283626,0.36596523330283626,0.8170173833485819,693,0,1093,400
0.6467021107673645,0.0,0.0,0.6349496797804208,0.6349496797804208,0.3650503202195791,0.3650503202195791,0.8174748398902104,694,0,1093,399
0.6463099718093872,0.0,0.0,0.6358645928636779,0.6358645928636779,0.36413540713632203,0.36413540713632203,0.817932296431839,695,0,1093,398
0.646237313747406,0.0,0.0,0.636779505946935,0.636779505946935,0.36322049405306495,0.36322049405306495,0.8183897529734675,696,0,1093,397
0.646183431148529,0.0,0.0,0.6376944190301921,0.6376944190301921,0.36230558096980786,0.36230558096980786,0.818847209515096,697,0,1093,396
0.6460665464401245,0.0,0.0,0.6386093321134492,0.6386093321134492,0.3613906678865508,0.3613906678865508,0.8193046660567246,698,0,1093,395
0.6455242037773132,0.0,0.0,0.6395242451967064,0.6395242451967064,0.3604757548032937,0.3604757548032937,0.8197621225983531,699,0,1093,394
0.6452345252037048,0.0,0.0,0.6404391582799634,0.6404391582799634,0.3595608417200366,0.3595608417200366,0.8202195791399817,700,0,1093,393
0.6451637148857117,0.0,0.0,0.6413540713632205,0.6413540713632205,0.3586459286367795,0.3586459286367795,0.8206770356816102,701,0,1093,392
0.6450947523117065,0.0,0.0,0.6422689844464776,0.6422689844464776,0.35773101555352244,0.35773101555352244,0.8211344922232388,702,0,1093,391
0.6445974707603455,0.0,0.0,0.6431838975297347,0.6431838975297347,0.35681610247026535,0.35681610247026535,0.8215919487648673,703,0,1093,390
0.6441298127174377,0.0,0.0,0.6440988106129918,0.6440988106129918,0.3559011893870082,0.3559011893870082,0.8220494053064958,704,0,1093,389
0.6437572240829468,0.0,0.0,0.6450137236962489,0.6450137236962489,0.3549862763037511,0.3549862763037511,0.8225068618481244,705,0,1093,388
0.6432466506958008,0.0,0.0,0.645928636779506,0.645928636779506,0.35407136322049404,0.35407136322049404,0.8229643183897529,706,0,1093,387
0.6430113315582275,0.0,0.0,0.646843549862763,0.646843549862763,0.35315645013723695,0.35315645013723695,0.8234217749313815,707,0,1093,386
0.64296954870224,0.0,0.0,0.6477584629460201,0.6477584629460201,0.35224153705397987,0.35224153705397987,0.82387923147301,708,0,1093,385
0.6427904963493347,0.0,0.0,0.6486733760292772,0.6486733760292772,0.3513266239707228,0.3513266239707228,0.8243366880146387,709,0,1093,384
0.6418529748916626,0.0,0.0,0.6495882891125343,0.6495882891125343,0.3504117108874657,0.3504117108874657,0.8247941445562672,710,0,1093,383
0.6403069496154785,0.0,0.0,0.6505032021957914,0.6505032021957914,0.3494967978042086,0.3494967978042086,0.8252516010978957,711,0,1093,382
0.6399852633476257,0.0,0.0,0.6514181152790485,0.6514181152790485,0.34858188472095153,0.34858188472095153,0.8257090576395243,712,0,1093,381
0.6395052671432495,0.0,0.0,0.6523330283623056,0.6523330283623056,0.34766697163769444,0.34766697163769444,0.8261665141811528,713,0,1093,380
0.639482319355011,0.0,0.0,0.6532479414455626,0.6532479414455626,0.3467520585544373,0.3467520585544373,0.8266239707227814,714,0,1093,379
0.6391453146934509,0.0,0.0,0.6541628545288197,0.6541628545288197,0.3458371454711802,0.3458371454711802,0.8270814272644099,715,0,1093,378
0.6390721201896667,0.0,0.0,0.6550777676120768,0.6550777676120768,0.34492223238792313,0.34492223238792313,0.8275388838060385,716,0,1093,377
0.638849139213562,0.0,0.0,0.6559926806953339,0.6559926806953339,0.34400731930466605,0.34400731930466605,0.827996340347667,717,0,1093,376
0.6379620432853699,0.0,0.0,0.656907593778591,0.656907593778591,0.34309240622140896,0.34309240622140896,0.8284537968892955,718,0,1093,375
0.6378792524337769,0.0,0.0,0.6578225068618482,0.6578225068618482,0.3421774931381519,0.3421774931381519,0.8289112534309241,719,0,1093,374
0.6375982165336609,0.0,0.0,0.6587374199451053,0.6587374199451053,0.3412625800548948,0.3412625800548948,0.8293687099725526,720,0,1093,373
0.6375024914741516,0.0,0.0,0.6596523330283623,0.6596523330283623,0.3403476669716377,0.3403476669716377,0.8298261665141812,721,0,1093,372
0.6356589794158936,0.0,0.0,0.6605672461116194,0.6605672461116194,0.3394327538883806,0.3394327538883806,0.8302836230558097,722,0,1093,371
0.6353079080581665,0.0,0.0,0.6614821591948765,0.6614821591948765,0.33851784080512354,0.33851784080512354,0.8307410795974383,723,0,1093,370
0.6346611380577087,0.0,0.0,0.6623970722781336,0.6623970722781336,0.3376029277218664,0.3376029277218664,0.8311985361390668,724,0,1093,369
0.6344197392463684,0.0,0.0,0.6633119853613907,0.6633119853613907,0.3366880146386093,0.3366880146386093,0.8316559926806953,725,0,1093,368
0.6335521340370178,0.0,0.0,0.6642268984446478,0.6642268984446478,0.3357731015553522,0.3357731015553522,0.8321134492223239,726,0,1093,367
0.6334909796714783,0.0,0.0,0.6651418115279049,0.6651418115279049,0.33485818847209514,0.33485818847209514,0.8325709057639524,727,0,1093,366
0.6331138014793396,0.0,0.0,0.6660567246111619,0.6660567246111619,0.33394327538883806,0.33394327538883806,0.833028362305581,728,0,1093,365
0.6328985691070557,0.0,0.0,0.666971637694419,0.666971637694419,0.33302836230558097,0.33302836230558097,0.8334858188472095,729,0,1093,364
0.6328939199447632,0.0,0.0,0.6678865507776761,0.6678865507776761,0.3321134492223239,0.3321134492223239,0.8339432753888381,730,0,1093,363
0.6321698427200317,0.0,0.0,0.6688014638609332,0.6688014638609332,0.3311985361390668,0.3311985361390668,0.8344007319304666,731,0,1093,362
0.6320728063583374,0.0,0.0,0.6697163769441903,0.6697163769441903,0.3302836230558097,0.3302836230558097,0.8348581884720951,732,0,1093,361
0.6315451860427856,0.0,0.0,0.6706312900274474,0.6706312900274474,0.32936870997255263,0.32936870997255263,0.8353156450137237,733,0,1093,360
0.6308326125144958,0.0,0.0,0.6715462031107045,0.6715462031107045,0.3284537968892955,0.3284537968892955,0.8357731015553522,734,0,1093,359
0.6305425763130188,0.0,0.0,0.6724611161939615,0.6724611161939615,0.3275388838060384,0.3275388838060384,0.8362305580969808,735,0,1093,358
0.6300556659698486,0.0,0.0,0.6733760292772186,0.6733760292772186,0.3266239707227813,0.3266239707227813,0.8366880146386093,736,0,1093,357
0.6300379633903503,0.0,0.0,0.6742909423604757,0.6742909423604757,0.32570905763952424,0.32570905763952424,0.8371454711802379,737,0,1093,356
0.6295041441917419,0.0,0.0,0.6752058554437328,0.6752058554437328,0.32479414455626715,0.32479414455626715,0.8376029277218664,738,0,1093,355
0.6294329762458801,0.0,0.0,0.67612076852699,0.67612076852699,0.32387923147301007,0.32387923147301007,0.8380603842634949,739,0,1093,354
0.6293497085571289,0.0,0.0,0.6770356816102471,0.6770356816102471,0.322964318389753,0.322964318389753,0.8385178408051235,740,0,1093,353
0.6292209625244141,0.0,0.0,0.6779505946935042,0.6779505946935042,0.3220494053064959,0.3220494053064959,0.838975297346752,741,0,1093,352
0.6290435791015625,0.0,0.0,0.6788655077767612,0.6788655077767612,0.3211344922232388,0.3211344922232388,0.8394327538883806,742,0,1093,351
0.6285243034362793,0.0,0.0,0.6797804208600183,0.6797804208600183,0.3202195791399817,0.3202195791399817,0.8398902104300091,743,0,1093,350
0.6284322142601013,0.0,0.0,0.6806953339432754,0.6806953339432754,0.3193046660567246,0.3193046660567246,0.8403476669716377,744,0,1093,349
0.6283746957778931,0.0,0.0,0.6816102470265325,0.6816102470265325,0.3183897529734675,0.3183897529734675,0.8408051235132662,745,0,1093,348
0.6276751160621643,0.0,0.0,0.6825251601097896,0.6825251601097896,0.3174748398902104,0.3174748398902104,0.8412625800548947,746,0,1093,347
0.6276581883430481,0.0,0.0,0.6834400731930467,0.6834400731930467,0.31655992680695333,0.31655992680695333,0.8417200365965233,747,0,1093,346
0.626939058303833,0.0,0.0,0.6843549862763038,0.6843549862763038,0.31564501372369624,0.31564501372369624,0.8421774931381518,748,0,1093,345
0.6262074708938599,0.0,0.0,0.6852698993595608,0.6852698993595608,0.31473010064043916,0.31473010064043916,0.8426349496797805,749,0,1093,344
0.6260197162628174,0.0,0.0,0.6861848124428179,0.6861848124428179,0.3138151875571821,0.3138151875571821,0.843092406221409,750,0,1093,343
0.6258357167243958,0.0,0.0,0.687099725526075,0.687099725526075,0.312900274473925,0.312900274473925,0.8435498627630376,751,0,1093,342
0.6258334517478943,0.0,0.0,0.6880146386093321,0.6880146386093321,0.3119853613906679,0.3119853613906679,0.8440073193046661,752,0,1093,341
0.6252778172492981,0.0,0.0,0.6889295516925892,0.6889295516925892,0.3110704483074108,0.3110704483074108,0.8444647758462946,753,0,1093,340
0.6250329613685608,0.0,0.0,0.6898444647758463,0.6898444647758463,0.3101555352241537,0.3101555352241537,0.8449222323879232,754,0,1093,339
0.624910295009613,0.0,0.0,0.6907593778591034,0.6907593778591034,0.3092406221408966,0.3092406221408966,0.8453796889295517,755,0,1093,338
0.6246818900108337,0.0,0.0,0.6916742909423604,0.6916742909423604,0.3083257090576395,0.3083257090576395,0.8458371454711803,756,0,1093,337
0.6243762969970703,0.0,0.0,0.6925892040256175,0.6925892040256175,0.3074107959743824,0.3074107959743824,0.8462946020128088,757,0,1093,336
0.6243672370910645,0.0,0.0,0.6935041171088746,0.6935041171088746,0.30649588289112534,0.30649588289112534,0.8467520585544374,758,0,1093,335
0.6237420439720154,0.0,0.0,0.6944190301921317,0.6944190301921317,0.30558096980786825,0.30558096980786825,0.8472095150960659,759,0,1093,334
0.6237138509750366,0.0,0.0,0.6953339432753889,0.6953339432753889,0.30466605672461117,0.30466605672461117,0.8476669716376944,760,0,1093,333
0.6233671307563782,0.0,0.0,0.696248856358646,0.696248856358646,0.3037511436413541,0.3037511436413541,0.848124428179323,761,0,1093,332
0.623120129108429,0.0,0.0,0.6971637694419031,0.6971637694419031,0.302836230558097,0.302836230558097,0.8485818847209515,762,0,1093,331
0.622882068157196,0.0,0.0,0.6980786825251601,0.6980786825251601,0.3019213174748399,0.3019213174748399,0.8490393412625801,763,0,1093,330
0.6227104067802429,0.0,0.0,0.6989935956084172,0.6989935956084172,0.3010064043915828,0.3010064043915828,0.8494967978042086,764,0,1093,329
0.6225718259811401,0.0,0.0,0.6999085086916743,0.6999085086916743,0.3000914913083257,0.3000914913083257,0.8499542543458372,765,0,1093,328
0.6224145889282227,0.0,0.0,0.7008234217749314,0.7008234217749314,0.2991765782250686,0.2991765782250686,0.8504117108874657,766,0,1093,327
0.621481716632843,0.0,0.0,0.7017383348581885,0.7017383348581885,0.2982616651418115,0.2982616651418115,0.8508691674290942,767,0,1093,326
0.6211263537406921,0.0,0.0,0.7026532479414456,0.7026532479414456,0.29734675205855443,0.29734675205855443,0.8513266239707228,768,0,1093,325
0.6209010481834412,0.0,0.0,0.7035681610247027,0.7035681610247027,0.29643183897529735,0.29643183897529735,0.8517840805123513,769,0,1093,324
0.6207054853439331,0.0,0.0,0.7044830741079597,0.7044830741079597,0.29551692589204026,0.29551692589204026,0.8522415370539799,770,0,1093,323
0.620553731918335,0.0,0.0,0.7053979871912168,0.7053979871912168,0.2946020128087832,0.2946020128087832,0.8526989935956084,771,0,1093,322
0.620180070400238,0.0,0.0,0.7063129002744739,0.7063129002744739,0.2936870997255261,0.2936870997255261,0.853156450137237,772,0,1093,321
0.6200635433197021,0.0,0.0,0.707227813357731,0.707227813357731,0.292772186642269,0.292772186642269,0.8536139066788655,773,0,1093,320
0.619091272354126,0.0,0.0,0.7081427264409881,0.7081427264409881,0.2918572735590119,0.2918572735590119,0.854071363220494,774,0,1093,319
0.6189122796058655,0.0,0.0,0.7090576395242452,0.7090576395242452,0.2909423604757548,0.2909423604757548,0.8545288197621226,775,0,1093,318
0.6187198758125305,0.0,0.0,0.7099725526075022,0.7099725526075022,0.2900274473924977,0.2900274473924977,0.8549862763037511,776,0,1093,317
0.6185253858566284,0.0,0.0,0.7108874656907593,0.7108874656907593,0.2891125343092406,0.2891125343092406,0.8554437328453797,777,0,1093,316
0.6182878613471985,0.0,0.0,0.7118023787740164,0.7118023787740164,0.2881976212259835,0.2881976212259835,0.8559011893870082,778,0,1093,315
0.6164096593856812,0.0,0.0,0.7127172918572735,0.7127172918572735,0.28728270814272644,0.28728270814272644,0.8563586459286368,779,0,1093,314
0.6163613200187683,0.0,0.0,0.7136322049405307,0.7136322049405307,0.28636779505946935,0.28636779505946935,0.8568161024702653,780,0,1093,313
0.6160507798194885,0.0,0.0,0.7145471180237878,0.7145471180237878,0.28545288197621227,0.28545288197621227,0.8572735590118938,781,0,1093,312
0.6158419847488403,0.0,0.0,0.7154620311070449,0.7154620311070449,0.2845379688929552,0.2845379688929552,0.8577310155535224,782,0,1093,311
0.6157285571098328,0.0,0.0,0.716376944190302,0.716376944190302,0.2836230558096981,0.2836230558096981,0.8581884720951509,783,0,1093,310
0.6155956983566284,0.0,0.0,0.717291857273559,0.717291857273559,0.282708142726441,0.282708142726441,0.8586459286367795,784,0,1093,309
0.6154775619506836,0.0,0.0,0.7182067703568161,0.7182067703568161,0.2817932296431839,0.2817932296431839,0.859103385178408,785,0,1093,308
0.6145722270011902,0.0,0.0,0.7191216834400732,0.7191216834400732,0.2808783165599268,0.2808783165599268,0.8595608417200366,786,0,1093,307
0.6144377589225769,0.0,0.0,0.7200365965233303,0.7200365965233303,0.2799634034766697,0.2799634034766697,0.8600182982616651,787,0,1093,306
0.6141115427017212,0.0,0.0,0.7209515096065874,0.7209515096065874,0.2790484903934126,0.2790484903934126,0.8604757548032936,788,0,1093,305
0.6140748262405396,0.0,0.0,0.7218664226898445,0.7218664226898445,0.27813357731015553,0.27813357731015553,0.8609332113449222,789,0,1093,304
0.6137038469314575,0.0,0.0,0.7227813357731016,0.7227813357731016,0.27721866422689845,0.27721866422689845,0.8613906678865508,790,0,1093,303
0.6135749816894531,0.0,0.0,0.7236962488563586,0.7236962488563586,0.27630375114364136,0.27630375114364136,0.8618481244281794,791,0,1093,302
0.6134925484657288,0.0,0.0,0.7246111619396157,0.7246111619396157,0.2753888380603843,0.2753888380603843,0.8623055809698079,792,0,1093,301
0.6133622527122498,0.0,0.0,0.7255260750228728,0.7255260750228728,0.2744739249771272,0.2744739249771272,0.8627630375114365,793,0,1093,300
0.6132646203041077,0.0,0.0,0.7264409881061299,0.7264409881061299,0.2735590118938701,0.2735590118938701,0.863220494053065,794,0,1093,299
0.6132522225379944,0.0,0.0,0.727355901189387,0.727355901189387,0.27264409881061297,0.27264409881061297,0.8636779505946935,795,0,1093,298
0.612697422504425,0.0,0.0,0.7282708142726441,0.7282708142726441,0.2717291857273559,0.2717291857273559,0.8641354071363221,796,0,1093,297
0.6122828722000122,0.0,0.0,0.7291857273559011,0.7291857273559011,0.2708142726440988,0.2708142726440988,0.8645928636779506,797,0,1093,296
0.6105544567108154,0.0,0.0,0.7301006404391582,0.7301006404391582,0.2698993595608417,0.2698993595608417,0.8650503202195792,798,0,1093,295
0.6102471351623535,0.0,0.0,0.7310155535224153,0.7310155535224153,0.2689844464775846,0.2689844464775846,0.8655077767612077,799,0,1093,294
0.6099682450294495,0.0,0.0,0.7319304666056725,0.7319304666056725,0.26806953339432754,0.26806953339432754,0.8659652333028363,800,0,1093,293
0.6098959445953369,0.0,0.0,0.7328453796889296,0.7328453796889296,0.26715462031107046,0.26715462031107046,0.8664226898444648,801,0,1093,292
0.6097816824913025,0.0,0.0,0.7337602927721867,0.7337602927721867,0.26623970722781337,0.26623970722781337,0.8668801463860933,802,0,1093,291
0.6097657084465027,0.0,0.0,0.7346752058554438,0.7346752058554438,0.2653247941445563,0.2653247941445563,0.8673376029277219,803,0,1093,290
0.6095852851867676,0.0,0.0,0.7355901189387009,0.7355901189387009,0.2644098810612992,0.2644098810612992,0.8677950594693504,804,0,1093,289
0.6094465255737305,0.0,0.0,0.7365050320219579,0.7365050320219579,0.26349496797804206,0.26349496797804206,0.868252516010979,805,0,1093,288
0.6094082593917847,0.0,0.0,0.737419945105215,0.737419945105215,0.262580054894785,0.262580054894785,0.8687099725526075,806,0,1093,287
0.6093987822532654,0.0,0.0,0.7383348581884721,0.7383348581884721,0.2616651418115279,0.2616651418115279,0.869167429094236,807,0,1093,286
0.6093714237213135,0.0,0.0,0.7392497712717292,0.7392497712717292,0.2607502287282708,0.2607502287282708,0.8696248856358646,808,0,1093,285
0.608891487121582,0.0,0.0,0.7401646843549863,0.7401646843549863,0.2598353156450137,0.2598353156450137,0.8700823421774931,809,0,1093,284
0.6085774898529053,0.0,0.0,0.7410795974382434,0.7410795974382434,0.25892040256175664,0.25892040256175664,0.8705397987191217,810,0,1093,283
0.6085066795349121,0.0,0.0,0.7419945105215004,0.7419945105215004,0.25800548947849955,0.25800548947849955,0.8709972552607502,811,0,1093,282
0.6080209016799927,0.0,0.0,0.7429094236047575,0.7429094236047575,0.25709057639524246,0.25709057639524246,0.8714547118023788,812,0,1093,281
0.6071639657020569,0.0,0.0,0.7438243366880146,0.7438243366880146,0.2561756633119854,0.2561756633119854,0.8719121683440073,813,0,1093,280
0.6063866019248962,0.0,0.0,0.7447392497712717,0.7447392497712717,0.2552607502287283,0.2552607502287283,0.8723696248856359,814,0,1093,279
0.6060031056404114,0.0,0.0,0.7456541628545288,0.7456541628545288,0.25434583714547115,0.25434583714547115,0.8728270814272644,815,0,1093,278
0.6053874492645264,0.0,0.0,0.7465690759377859,0.7465690759377859,0.25343092406221407,0.25343092406221407,0.8732845379688929,816,0,1093,277
0.6052048206329346,0.0,0.0,0.747483989021043,0.747483989021043,0.252516010978957,0.252516010978957,0.8737419945105215,817,0,1093,276
0.6044259071350098,0.0,0.0,0.7483989021043,0.7483989021043,0.2516010978956999,0.2516010978956999,0.87419945105215,818,0,1093,275
0.6044158935546875,0.0,0.0,0.7493138151875571,0.7493138151875571,0.2506861848124428,0.2506861848124428,0.8746569075937786,819,0,1093,274
0.6034488081932068,0.0,0.0,0.7502287282708143,0.7502287282708143,0.24977127172918573,0.24977127172918573,0.8751143641354071,820,0,1093,273
0.603373110294342,0.0,0.0,0.7511436413540714,0.7511436413540714,0.24885635864592864,0.24885635864592864,0.8755718206770357,821,0,1093,272
0.603226900100708,0.0,0.0,0.7520585544373285,0.7520585544373285,0.24794144556267156,0.24794144556267156,0.8760292772186642,822,0,1093,271
0.6022228598594666,0.0,0.0,0.7529734675205856,0.7529734675205856,0.24702653247941445,0.24702653247941445,0.8764867337602927,823,0,1093,270
0.6016769409179688,0.0,0.0,0.7538883806038427,0.7538883806038427,0.24611161939615736,0.24611161939615736,0.8769441903019213,824,0,1093,269
0.6013504266738892,0.0,0.0,0.7548032936870998,0.7548032936870998,0.24519670631290028,0.24519670631290028,0.8774016468435498,825,0,1093,268
0.6011366844177246,0.0,0.0,0.7557182067703568,0.7557182067703568,0.2442817932296432,0.2442817932296432,0.8778591033851784,826,0,1093,267
0.6007997989654541,0.0,0.0,0.7566331198536139,0.7566331198536139,0.2433668801463861,0.2433668801463861,0.8783165599268069,827,0,1093,266
0.6005231738090515,0.0,0.0,0.757548032936871,0.757548032936871,0.242451967063129,0.242451967063129,0.8787740164684354,828,0,1093,265
0.598858654499054,0.0,0.0,0.7584629460201281,0.7584629460201281,0.2415370539798719,0.2415370539798719,0.879231473010064,829,0,1093,264
0.5987764000892639,0.0,0.0,0.7593778591033852,0.7593778591033852,0.24062214089661482,0.24062214089661482,0.8796889295516926,830,0,1093,263
0.598680317401886,0.0,0.0,0.7602927721866423,0.7602927721866423,0.23970722781335774,0.23970722781335774,0.8801463860933212,831,0,1093,262
0.5984445214271545,0.0,0.0,0.7612076852698993,0.7612076852698993,0.23879231473010065,0.23879231473010065,0.8806038426349497,832,0,1093,261
0.5982436537742615,0.0,0.0,0.7621225983531564,0.7621225983531564,0.23787740164684354,0.23787740164684354,0.8810612991765783,833,0,1093,260
0.5977302193641663,0.0,0.0,0.7630375114364135,0.7630375114364135,0.23696248856358645,0.23696248856358645,0.8815187557182068,834,0,1093,259
0.5975546836853027,0.0,0.0,0.7639524245196706,0.7639524245196706,0.23604757548032937,0.23604757548032937,0.8819762122598354,835,0,1093,258
0.597217857837677,0.0,0.0,0.7648673376029277,0.7648673376029277,0.23513266239707228,0.23513266239707228,0.8824336688014639,836,0,1093,257
0.5968202948570251,0.0,0.0,0.7657822506861848,0.7657822506861848,0.2342177493138152,0.2342177493138152,0.8828911253430924,837,0,1093,256
0.5963559150695801,0.0,0.0,0.7666971637694419,0.7666971637694419,0.23330283623055809,0.23330283623055809,0.883348581884721,838,0,1093,255
0.5962866544723511,0.0,0.0,0.7676120768526989,0.7676120768526989,0.232387923147301,0.232387923147301,0.8838060384263495,839,0,1093,254
0.5958784222602844,0.0,0.0,0.7685269899359561,0.7685269899359561,0.23147301006404392,0.23147301006404392,0.8842634949679781,840,0,1093,253
0.5958680510520935,0.0,0.0,0.7694419030192132,0.7694419030192132,0.23055809698078683,0.23055809698078683,0.8847209515096066,841,0,1093,252
0.5956200957298279,0.0,0.0,0.7703568161024703,0.7703568161024703,0.22964318389752975,0.22964318389752975,0.8851784080512352,842,0,1093,251
0.5954421162605286,0.0,0.0,0.7712717291857274,0.7712717291857274,0.22872827081427263,0.22872827081427263,0.8856358645928637,843,0,1093,250
0.5945056676864624,0.0,0.0,0.7721866422689845,0.7721866422689845,0.22781335773101555,0.22781335773101555,0.8860933211344922,844,0,1093,249
0.5944355726242065,0.0,0.0,0.7731015553522416,0.7731015553522416,0.22689844464775846,0.22689844464775846,0.8865507776761208,845,0,1093,248
0.5938366651535034,0.0,0.0,0.7740164684354987,0.7740164684354987,0.22598353156450138,0.22598353156450138,0.8870082342177493,846,0,1093,247
0.5932253003120422,0.0,0.0,0.7749313815187557,0.7749313815187557,0.2250686184812443,0.2250686184812443,0.8874656907593779,847,0,1093,246
0.5925393104553223,0.0,0.0,0.7758462946020128,0.7758462946020128,0.22415370539798718,0.22415370539798718,0.8879231473010064,848,0,1093,245
0.5921212434768677,0.0,0.0,0.7767612076852699,0.7767612076852699,0.2232387923147301,0.2232387923147301,0.888380603842635,849,0,1093,244
0.5920020937919617,0.0,0.0,0.777676120768527,0.777676120768527,0.222323879231473,0.222323879231473,0.8888380603842635,850,0,1093,243
0.5903997421264648,0.0,0.0,0.7785910338517841,0.7785910338517841,0.22140896614821592,0.22140896614821592,0.889295516925892,851,0,1093,242
0.5903902053833008,0.0,0.0,0.7795059469350412,0.7795059469350412,0.22049405306495884,0.22049405306495884,0.8897529734675206,852,0,1093,241
0.5898898243904114,0.0,0.0,0.7804208600182982,0.7804208600182982,0.21957913998170173,0.21957913998170173,0.8902104300091491,853,0,1093,240
0.5897375345230103,0.0,0.0,0.7813357731015553,0.7813357731015553,0.21866422689844464,0.21866422689844464,0.8906678865507777,854,0,1093,239
0.5897155404090881,0.0,0.0,0.7822506861848124,0.7822506861848124,0.21774931381518756,0.21774931381518756,0.8911253430924062,855,0,1093,238
0.5896593332290649,0.0,0.0,0.7831655992680695,0.7831655992680695,0.21683440073193047,0.21683440073193047,0.8915827996340348,856,0,1093,237
0.5895993709564209,0.0,0.0,0.7840805123513266,0.7840805123513266,0.21591948764867339,0.21591948764867339,0.8920402561756633,857,0,1093,236
0.589140772819519,0.0,0.0,0.7849954254345837,0.7849954254345837,0.21500457456541627,0.21500457456541627,0.8924977127172918,858,0,1093,235
0.588788628578186,0.0,0.0,0.7859103385178408,0.7859103385178408,0.2140896614821592,0.2140896614821592,0.8929551692589204,859,0,1093,234
0.5883238315582275,0.0,0.0,0.7868252516010978,0.7868252516010978,0.2131747483989021,0.2131747483989021,0.8934126258005489,860,0,1093,233
0.5875716209411621,0.0,0.0,0.787740164684355,0.787740164684355,0.21225983531564502,0.21225983531564502,0.8938700823421775,861,0,1093,232
0.5875563621520996,0.0,0.0,0.7886550777676121,0.7886550777676121,0.21134492223238793,0.21134492223238793,0.894327538883806,862,0,1093,231
0.5874846577644348,0.0,0.0,0.7895699908508692,0.7895699908508692,0.21043000914913082,0.21043000914913082,0.8947849954254345,863,0,1093,230
0.5872806906700134,0.0,0.0,0.7904849039341263,0.7904849039341263,0.20951509606587373,0.20951509606587373,0.8952424519670631,864,0,1093,229
0.5868611931800842,0.0,0.0,0.7913998170173834,0.7913998170173834,0.20860018298261665,0.20860018298261665,0.8956999085086916,865,0,1093,228
0.5867763757705688,0.0,0.0,0.7923147301006405,0.7923147301006405,0.20768526989935956,0.20768526989935956,0.8961573650503202,866,0,1093,227
0.5867472290992737,0.0,0.0,0.7932296431838975,0.7932296431838975,0.20677035681610248,0.20677035681610248,0.8966148215919487,867,0,1093,226
0.5866173505783081,0.0,0.0,0.7941445562671546,0.7941445562671546,0.20585544373284537,0.20585544373284537,0.8970722781335773,868,0,1093,225
0.5865103006362915,0.0,0.0,0.7950594693504117,0.7950594693504117,0.20494053064958828,0.20494053064958828,0.8975297346752058,869,0,1093,224
0.5863488912582397,0.0,0.0,0.7959743824336688,0.7959743824336688,0.2040256175663312,0.2040256175663312,0.8979871912168343,870,0,1093,223
0.5862959623336792,0.0,0.0,0.7968892955169259,0.7968892955169259,0.2031107044830741,0.2031107044830741,0.898444647758463,871,0,1093,222
0.5862012505531311,0.0,0.0,0.797804208600183,0.797804208600183,0.20219579139981703,0.20219579139981703,0.8989021043000915,872,0,1093,221
0.5860310196876526,0.0,0.0,0.7987191216834401,0.7987191216834401,0.2012808783165599,0.2012808783165599,0.8993595608417201,873,0,1093,220
0.585464358329773,0.0,0.0,0.7996340347666971,0.7996340347666971,0.20036596523330283,0.20036596523330283,0.8998170173833486,874,0,1093,219
0.5850692987442017,0.0,0.0,0.8005489478499542,0.8005489478499542,0.19945105215004574,0.19945105215004574,0.9002744739249772,875,0,1093,218
0.5847787857055664,0.0,0.0,0.8014638609332113,0.8014638609332113,0.19853613906678866,0.19853613906678866,0.9007319304666057,876,0,1093,217
0.5847505927085876,0.0,0.0,0.8023787740164684,0.8023787740164684,0.19762122598353157,0.19762122598353157,0.9011893870082343,877,0,1093,216
0.5845011472702026,0.0,0.0,0.8032936870997255,0.8032936870997255,0.19670631290027446,0.19670631290027446,0.9016468435498628,878,0,1093,215
0.5843790769577026,0.0,0.0,0.8042086001829826,0.8042086001829826,0.19579139981701738,0.19579139981701738,0.9021043000914913,879,0,1093,214
0.5843268632888794,0.0,0.0,0.8051235132662397,0.8051235132662397,0.1948764867337603,0.1948764867337603,0.9025617566331199,880,0,1093,213
0.5840957760810852,0.0,0.0,0.8060384263494969,0.8060384263494969,0.1939615736505032,0.1939615736505032,0.9030192131747484,881,0,1093,212
0.5835642218589783,0.0,0.0,0.8069533394327539,0.8069533394327539,0.19304666056724612,0.19304666056724612,0.903476669716377,882,0,1093,211
0.5825892686843872,0.0,0.0,0.807868252516011,0.807868252516011,0.19213174748398903,0.19213174748398903,0.9039341262580055,883,0,1093,210
0.5821599960327148,0.0,0.0,0.8087831655992681,0.8087831655992681,0.19121683440073192,0.19121683440073192,0.904391582799634,884,0,1093,209
0.5821332931518555,0.0,0.0,0.8096980786825252,0.8096980786825252,0.19030192131747484,0.19030192131747484,0.9048490393412626,885,0,1093,208
0.5818139314651489,0.0,0.0,0.8106129917657823,0.8106129917657823,0.18938700823421775,0.18938700823421775,0.9053064958828911,886,0,1093,207
0.5808086395263672,0.0,0.0,0.8115279048490394,0.8115279048490394,0.18847209515096067,0.18847209515096067,0.9057639524245197,887,0,1093,206
0.5803460478782654,0.0,0.0,0.8124428179322964,0.8124428179322964,0.18755718206770358,0.18755718206770358,0.9062214089661482,888,0,1093,205
0.5799777507781982,0.0,0.0,0.8133577310155535,0.8133577310155535,0.18664226898444647,0.18664226898444647,0.9066788655077768,889,0,1093,204
0.5796319246292114,0.0,0.0,0.8142726440988106,0.8142726440988106,0.18572735590118938,0.18572735590118938,0.9071363220494053,890,0,1093,203
0.5794137120246887,0.0,0.0,0.8151875571820677,0.8151875571820677,0.1848124428179323,0.1848124428179323,0.9075937785910339,891,0,1093,202
0.5791344046592712,0.0,0.0,0.8161024702653248,0.8161024702653248,0.1838975297346752,0.1838975297346752,0.9080512351326624,892,0,1093,201
0.5786709189414978,0.0,0.0,0.8170173833485819,0.8170173833485819,0.18298261665141813,0.18298261665141813,0.9085086916742909,893,0,1093,200
0.5783418416976929,0.0,0.0,0.817932296431839,0.817932296431839,0.18206770356816102,0.18206770356816102,0.9089661482159195,894,0,1093,199
0.57765132188797,0.0,0.0,0.818847209515096,0.818847209515096,0.18115279048490393,0.18115279048490393,0.909423604757548,895,0,1093,198
0.5774929523468018,0.0,0.0,0.8197621225983531,0.8197621225983531,0.18023787740164685,0.18023787740164685,0.9098810612991766,896,0,1093,197
0.5770897269248962,0.0,0.0,0.8206770356816102,0.8206770356816102,0.17932296431838976,0.17932296431838976,0.9103385178408051,897,0,1093,196
0.5770806074142456,0.0,0.0,0.8215919487648673,0.8215919487648673,0.17840805123513268,0.17840805123513268,0.9107959743824336,898,0,1093,195
0.5768820643424988,0.0,0.0,0.8225068618481244,0.8225068618481244,0.17749313815187556,0.17749313815187556,0.9112534309240622,899,0,1093,194
0.5760563015937805,0.0,0.0,0.8234217749313815,0.8234217749313815,0.17657822506861848,0.17657822506861848,0.9117108874656907,900,0,1093,193
0.5751876831054688,0.0,0.0,0.8243366880146387,0.8243366880146387,0.1756633119853614,0.1756633119853614,0.9121683440073193,901,0,1093,192
0.5746779441833496,0.0,0.0,0.8252516010978957,0.8252516010978957,0.1747483989021043,0.1747483989021043,0.9126258005489478,902,0,1093,191
0.5746672749519348,0.0,0.0,0.8261665141811528,0.8261665141811528,0.17383348581884722,0.17383348581884722,0.9130832570905764,903,0,1093,190
0.5746595859527588,0.0,0.0,0.8270814272644099,0.8270814272644099,0.1729185727355901,0.1729185727355901,0.9135407136322049,904,0,1093,189
0.5745599269866943,0.0,0.0,0.827996340347667,0.827996340347667,0.17200365965233302,0.17200365965233302,0.9139981701738334,905,0,1093,188
0.5742548704147339,0.0,0.0,0.8289112534309241,0.8289112534309241,0.17108874656907594,0.17108874656907594,0.914455626715462,906,0,1093,187
0.5735796093940735,0.0,0.0,0.8298261665141812,0.8298261665141812,0.17017383348581885,0.17017383348581885,0.9149130832570905,907,0,1093,186
0.5733055472373962,0.0,0.0,0.8307410795974383,0.8307410795974383,0.16925892040256177,0.16925892040256177,0.9153705397987191,908,0,1093,185
0.5733006000518799,0.0,0.0,0.8316559926806953,0.8316559926806953,0.16834400731930466,0.16834400731930466,0.9158279963403476,909,0,1093,184
0.5730091333389282,0.0,0.0,0.8325709057639524,0.8325709057639524,0.16742909423604757,0.16742909423604757,0.9162854528819762,910,0,1093,183
0.5729793906211853,0.0,0.0,0.8334858188472095,0.8334858188472095,0.16651418115279049,0.16651418115279049,0.9167429094236048,911,0,1093,182
0.5711444020271301,0.0,0.0,0.8344007319304666,0.8344007319304666,0.1655992680695334,0.1655992680695334,0.9172003659652334,912,0,1093,181
0.5705239176750183,0.0,0.0,0.8353156450137237,0.8353156450137237,0.16468435498627632,0.16468435498627632,0.9176578225068619,913,0,1093,180
0.5702279806137085,0.0,0.0,0.8362305580969808,0.8362305580969808,0.1637694419030192,0.1637694419030192,0.9181152790484904,914,0,1093,179
0.5698773860931396,0.0,0.0,0.8371454711802379,0.8371454711802379,0.16285452881976212,0.16285452881976212,0.918572735590119,915,0,1093,178
0.5688498020172119,0.0,0.0,0.8380603842634949,0.8380603842634949,0.16193961573650503,0.16193961573650503,0.9190301921317475,916,0,1093,177
0.5684008002281189,0.0,0.0,0.838975297346752,0.838975297346752,0.16102470265324795,0.16102470265324795,0.9194876486733761,917,0,1093,176
0.5683225989341736,0.0,0.0,0.8398902104300091,0.8398902104300091,0.16010978956999086,0.16010978956999086,0.9199451052150046,918,0,1093,175
0.5681287050247192,0.0,0.0,0.8408051235132662,0.8408051235132662,0.15919487648673375,0.15919487648673375,0.9204025617566332,919,0,1093,174
0.5678503513336182,0.0,0.0,0.8417200365965233,0.8417200365965233,0.15827996340347666,0.15827996340347666,0.9208600182982617,920,0,1093,173
0.5677261352539062,0.0,0.0,0.8426349496797805,0.8426349496797805,0.15736505032021958,0.15736505032021958,0.9213174748398902,921,0,1093,172
0.5673567056655884,0.0,0.0,0.8435498627630376,0.8435498627630376,0.1564501372369625,0.1564501372369625,0.9217749313815188,922,0,1093,171
0.5671519637107849,0.0,0.0,0.8444647758462946,0.8444647758462946,0.1555352241537054,0.1555352241537054,0.9222323879231473,923,0,1093,170
0.5668802857398987,0.0,0.0,0.8453796889295517,0.8453796889295517,0.1546203110704483,0.1546203110704483,0.9226898444647759,924,0,1093,169
0.5667866468429565,0.0,0.0,0.8462946020128088,0.8462946020128088,0.1537053979871912,0.1537053979871912,0.9231473010064044,925,0,1093,168
0.5666459798812866,0.0,0.0,0.8472095150960659,0.8472095150960659,0.15279048490393413,0.15279048490393413,0.923604757548033,926,0,1093,167
0.5665618181228638,0.0,0.0,0.848124428179323,0.848124428179323,0.15187557182067704,0.15187557182067704,0.9240622140896615,927,0,1093,166
0.5665255188941956,0.0,0.0,0.8490393412625801,0.8490393412625801,0.15096065873741996,0.15096065873741996,0.92451967063129,928,0,1093,165
0.5660609006881714,0.0,0.0,0.8499542543458372,0.8499542543458372,0.15004574565416284,0.15004574565416284,0.9249771271729186,929,0,1093,164
0.5654463768005371,0.0,0.0,0.8508691674290942,0.8508691674290942,0.14913083257090576,0.14913083257090576,0.9254345837145471,930,0,1093,163
0.5652419924736023,0.0,0.0,0.8517840805123513,0.8517840805123513,0.14821591948764867,0.14821591948764867,0.9258920402561757,931,0,1093,162
0.5648370385169983,0.0,0.0,0.8526989935956084,0.8526989935956084,0.1473010064043916,0.1473010064043916,0.9263494967978042,932,0,1093,161
0.5646739602088928,0.0,0.0,0.8536139066788655,0.8536139066788655,0.1463860933211345,0.1463860933211345,0.9268069533394327,933,0,1093,160
0.5640234351158142,0.0,0.0,0.8545288197621226,0.8545288197621226,0.1454711802378774,0.1454711802378774,0.9272644098810613,934,0,1093,159
0.5639263391494751,0.0,0.0,0.8554437328453797,0.8554437328453797,0.1445562671546203,0.1445562671546203,0.9277218664226898,935,0,1093,158
0.5637593269348145,0.0,0.0,0.8563586459286368,0.8563586459286368,0.14364135407136322,0.14364135407136322,0.9281793229643184,936,0,1093,157
0.5635461211204529,0.0,0.0,0.8572735590118938,0.8572735590118938,0.14272644098810613,0.14272644098810613,0.9286367795059469,937,0,1093,156
0.5634853839874268,0.0,0.0,0.8581884720951509,0.8581884720951509,0.14181152790484905,0.14181152790484905,0.9290942360475755,938,0,1093,155
0.5633403062820435,0.0,0.0,0.859103385178408,0.859103385178408,0.14089661482159194,0.14089661482159194,0.929551692589204,939,0,1093,154
0.5631465315818787,0.0,0.0,0.8600182982616651,0.8600182982616651,0.13998170173833485,0.13998170173833485,0.9300091491308325,940,0,1093,153
0.5630461573600769,0.0,0.0,0.8609332113449222,0.8609332113449222,0.13906678865507777,0.13906678865507777,0.9304666056724611,941,0,1093,152
0.5621936321258545,0.0,0.0,0.8618481244281794,0.8618481244281794,0.13815187557182068,0.13815187557182068,0.9309240622140896,942,0,1093,151
0.5620222687721252,0.0,0.0,0.8627630375114365,0.8627630375114365,0.1372369624885636,0.1372369624885636,0.9313815187557182,943,0,1093,150
0.5615548491477966,0.0,0.0,0.8636779505946935,0.8636779505946935,0.13632204940530648,0.13632204940530648,0.9318389752973467,944,0,1093,149
0.5601955056190491,0.0,0.0,0.8645928636779506,0.8645928636779506,0.1354071363220494,0.1354071363220494,0.9322964318389753,945,0,1093,148
0.5599985718727112,0.0,0.0,0.8655077767612077,0.8655077767612077,0.1344922232387923,0.1344922232387923,0.9327538883806038,946,0,1093,147
0.559071958065033,0.0,0.0,0.8664226898444648,0.8664226898444648,0.13357731015553523,0.13357731015553523,0.9332113449222323,947,0,1093,146
0.5589489936828613,0.0,0.0,0.8673376029277219,0.8673376029277219,0.13266239707227814,0.13266239707227814,0.9336688014638609,948,0,1093,145
0.5580458045005798,0.0,0.0,0.868252516010979,0.868252516010979,0.13174748398902103,0.13174748398902103,0.9341262580054894,949,0,1093,144
0.5577980875968933,0.0,0.0,0.869167429094236,0.869167429094236,0.13083257090576395,0.13083257090576395,0.934583714547118,950,0,1093,143
0.5568618178367615,0.0,0.0,0.8700823421774931,0.8700823421774931,0.12991765782250686,0.12991765782250686,0.9350411710887465,951,0,1093,142
0.5568280220031738,0.0,0.0,0.8709972552607502,0.8709972552607502,0.12900274473924978,0.12900274473924978,0.9354986276303752,952,0,1093,141
0.5567441582679749,0.0,0.0,0.8719121683440073,0.8719121683440073,0.1280878316559927,0.1280878316559927,0.9359560841720037,953,0,1093,140
0.5567137598991394,0.0,0.0,0.8728270814272644,0.8728270814272644,0.12717291857273558,0.12717291857273558,0.9364135407136323,954,0,1093,139
0.5563087463378906,0.0,0.0,0.8737419945105215,0.8737419945105215,0.1262580054894785,0.1262580054894785,0.9368709972552608,955,0,1093,138
0.5555474758148193,0.0,0.0,0.8746569075937786,0.8746569075937786,0.1253430924062214,0.1253430924062214,0.9373284537968893,956,0,1093,137
0.5555470585823059,0.0,0.0,0.8755718206770357,0.8755718206770357,0.12442817932296432,0.12442817932296432,0.9377859103385179,957,0,1093,136
0.5549055337905884,0.0,0.0,0.8764867337602927,0.8764867337602927,0.12351326623970722,0.12351326623970722,0.9382433668801464,958,0,1093,135
0.5548378229141235,0.0,0.0,0.8774016468435498,0.8774016468435498,0.12259835315645014,0.12259835315645014,0.938700823421775,959,0,1093,134
0.5544548034667969,0.0,0.0,0.8783165599268069,0.8783165599268069,0.12168344007319305,0.12168344007319305,0.9391582799634035,960,0,1093,133
0.554453432559967,0.0,0.0,0.879231473010064,0.879231473010064,0.12076852698993595,0.12076852698993595,0.939615736505032,961,0,1093,132
0.5539120435714722,0.0,0.0,0.8801463860933212,0.8801463860933212,0.11985361390667887,0.11985361390667887,0.9400731930466606,962,0,1093,131
0.5538074374198914,0.0,0.0,0.8810612991765783,0.8810612991765783,0.11893870082342177,0.11893870082342177,0.9405306495882891,963,0,1093,130
0.5537422895431519,0.0,0.0,0.8819762122598354,0.8819762122598354,0.11802378774016468,0.11802378774016468,0.9409881061299177,964,0,1093,129
0.5509495735168457,0.0,0.0,0.8828911253430924,0.8828911253430924,0.1171088746569076,0.1171088746569076,0.9414455626715462,965,0,1093,128
0.5509036779403687,0.0,0.0,0.8838060384263495,0.8838060384263495,0.1161939615736505,0.1161939615736505,0.9419030192131748,966,0,1093,127
0.5498564839363098,0.0,0.0,0.8847209515096066,0.8847209515096066,0.11527904849039342,0.11527904849039342,0.9423604757548033,967,0,1093,126
0.5484799146652222,0.0,0.0,0.8856358645928637,0.8856358645928637,0.11436413540713632,0.11436413540713632,0.9428179322964318,968,0,1093,125
0.5483422875404358,0.0,0.0,0.8865507776761208,0.8865507776761208,0.11344922232387923,0.11344922232387923,0.9432753888380604,969,0,1093,124
0.5475338697433472,0.0,0.0,0.8874656907593779,0.8874656907593779,0.11253430924062215,0.11253430924062215,0.9437328453796889,970,0,1093,123
0.5471506714820862,0.0,0.0,0.888380603842635,0.888380603842635,0.11161939615736505,0.11161939615736505,0.9441903019213175,971,0,1093,122
0.5468131303787231,0.0,0.0,0.889295516925892,0.889295516925892,0.11070448307410796,0.11070448307410796,0.944647758462946,972,0,1093,121
0.5458877682685852,0.0,0.0,0.8902104300091491,0.8902104300091491,0.10978956999085086,0.10978956999085086,0.9451052150045746,973,0,1093,120
0.545344352722168,0.0,0.0,0.8911253430924062,0.8911253430924062,0.10887465690759378,0.10887465690759378,0.9455626715462031,974,0,1093,119
0.5447046160697937,0.0,0.0,0.8920402561756633,0.8920402561756633,0.10795974382433669,0.10795974382433669,0.9460201280878316,975,0,1093,118
0.5420610904693604,0.0,0.0,0.8929551692589204,0.8929551692589204,0.1070448307410796,0.1070448307410796,0.9464775846294602,976,0,1093,117
0.5411961674690247,0.0,0.0,0.8938700823421775,0.8938700823421775,0.10612991765782251,0.10612991765782251,0.9469350411710887,977,0,1093,116
0.5409547686576843,0.0,0.0,0.8947849954254345,0.8947849954254345,0.10521500457456541,0.10521500457456541,0.9473924977127173,978,0,1093,115
0.5399042367935181,0.0,0.0,0.8956999085086916,0.8956999085086916,0.10430009149130832,0.10430009149130832,0.9478499542543458,979,0,1093,114
0.5393373966217041,0.0,0.0,0.8966148215919487,0.8966148215919487,0.10338517840805124,0.10338517840805124,0.9483074107959744,980,0,1093,113
0.5383412837982178,0.0,0.0,0.8975297346752058,0.8975297346752058,0.10247026532479414,0.10247026532479414,0.9487648673376029,981,0,1093,112
0.5382053256034851,0.0,0.0,0.898444647758463,0.898444647758463,0.10155535224153706,0.10155535224153706,0.9492223238792314,982,0,1093,111
0.5375615954399109,0.0,0.0,0.8993595608417201,0.8993595608417201,0.10064043915827996,0.10064043915827996,0.94967978042086,983,0,1093,110
0.5372378826141357,0.0,0.0,0.9002744739249772,0.9002744739249772,0.09972552607502287,0.09972552607502287,0.9501372369624885,984,0,1093,109
0.5370705723762512,0.0,0.0,0.9011893870082343,0.9011893870082343,0.09881061299176579,0.09881061299176579,0.9505946935041171,985,0,1093,108
0.5362282991409302,0.0,0.0,0.9021043000914913,0.9021043000914913,0.09789569990850869,0.09789569990850869,0.9510521500457456,986,0,1093,107
0.5359886884689331,0.0,0.0,0.9030192131747484,0.9030192131747484,0.0969807868252516,0.0969807868252516,0.9515096065873742,987,0,1093,106
0.5358430743217468,0.0,0.0,0.9039341262580055,0.9039341262580055,0.09606587374199452,0.09606587374199452,0.9519670631290027,988,0,1093,105
0.5351561307907104,0.0,0.0,0.9048490393412626,0.9048490393412626,0.09515096065873742,0.09515096065873742,0.9524245196706312,989,0,1093,104
0.5347806811332703,0.0,0.0,0.9057639524245197,0.9057639524245197,0.09423604757548033,0.09423604757548033,0.9528819762122598,990,0,1093,103
0.5321652293205261,0.0,0.0,0.9066788655077768,0.9066788655077768,0.09332113449222323,0.09332113449222323,0.9533394327538883,991,0,1093,102
0.5320742130279541,0.0,0.0,0.9075937785910339,0.9075937785910339,0.09240622140896615,0.09240622140896615,0.953796889295517,992,0,1093,101
0.529890775680542,0.0,0.0,0.9085086916742909,0.9085086916742909,0.09149130832570906,0.09149130832570906,0.9542543458371455,993,0,1093,100
0.5288177132606506,0.0,0.0,0.909423604757548,0.909423604757548,0.09057639524245197,0.09057639524245197,0.9547118023787741,994,0,1093,99
0.5257795453071594,0.0,0.0,0.9103385178408051,0.9103385178408051,0.08966148215919488,0.08966148215919488,0.9551692589204026,995,0,1093,98
0.5256460905075073,0.0,0.0,0.9112534309240622,0.9112534309240622,0.08874656907593778,0.08874656907593778,0.9556267154620312,996,0,1093,97
0.5254777669906616,0.0,0.0,0.9121683440073193,0.9121683440073193,0.0878316559926807,0.0878316559926807,0.9560841720036597,997,0,1093,96
0.5245324373245239,0.0,0.0,0.9130832570905764,0.9130832570905764,0.08691674290942361,0.08691674290942361,0.9565416285452882,998,0,1093,95
0.5235227346420288,0.0,0.0,0.9139981701738334,0.9139981701738334,0.08600182982616651,0.08600182982616651,0.9569990850869168,999,0,1093,94
0.5233147144317627,0.0,0.0,0.9149130832570905,0.9149130832570905,0.08508691674290943,0.08508691674290943,0.9574565416285453,1000,0,1093,93
0.5227947235107422,0.0,0.0,0.9158279963403476,0.9158279963403476,0.08417200365965233,0.08417200365965233,0.9579139981701739,1001,0,1093,92
0.5179309248924255,0.0,0.0,0.9167429094236048,0.9167429094236048,0.08325709057639524,0.08325709057639524,0.9583714547118024,1002,0,1093,91
0.5168191194534302,0.0,0.0,0.9176578225068619,0.9176578225068619,0.08234217749313816,0.08234217749313816,0.958828911253431,1003,0,1093,90
0.5164912939071655,0.0,0.0,0.918572735590119,0.918572735590119,0.08142726440988106,0.08142726440988106,0.9592863677950595,1004,0,1093,89
0.5162764191627502,0.0,0.0,0.9194876486733761,0.9194876486733761,0.08051235132662397,0.08051235132662397,0.959743824336688,1005,0,1093,88
0.5162026286125183,0.0,0.0,0.9204025617566332,0.9204025617566332,0.07959743824336687,0.07959743824336687,0.9602012808783166,1006,0,1093,87
0.5151161551475525,0.0,0.0,0.9213174748398902,0.9213174748398902,0.07868252516010979,0.07868252516010979,0.9606587374199451,1007,0,1093,86
0.5142914056777954,0.0,0.0,0.9222323879231473,0.9222323879231473,0.0777676120768527,0.0777676120768527,0.9611161939615737,1008,0,1093,85
0.5126111507415771,0.0,0.0,0.9231473010064044,0.9231473010064044,0.0768526989935956,0.0768526989935956,0.9615736505032022,1009,0,1093,84
0.5124449729919434,0.0,0.0,0.9240622140896615,0.9240622140896615,0.07593778591033852,0.07593778591033852,0.9620311070448307,1010,0,1093,83
0.5119084715843201,0.0,0.0,0.9249771271729186,0.9249771271729186,0.07502287282708142,0.07502287282708142,0.9624885635864593,1011,0,1093,82
0.5110377669334412,0.0,0.0,0.9258920402561757,0.9258920402561757,0.07410795974382434,0.07410795974382434,0.9629460201280878,1012,0,1093,81
0.5107203722000122,0.0,0.0,0.9268069533394327,0.9268069533394327,0.07319304666056725,0.07319304666056725,0.9634034766697164,1013,0,1093,80
0.5096140503883362,0.0,0.0,0.9277218664226898,0.9277218664226898,0.07227813357731015,0.07227813357731015,0.9638609332113449,1014,0,1093,79
0.5094875693321228,0.0,0.0,0.9286367795059469,0.9286367795059469,0.07136322049405307,0.07136322049405307,0.9643183897529735,1015,0,1093,78
0.5071550607681274,0.0,0.0,0.929551692589204,0.929551692589204,0.07044830741079597,0.07044830741079597,0.964775846294602,1016,0,1093,77
0.5063356161117554,0.0,0.0,0.9304666056724611,0.9304666056724611,0.06953339432753888,0.06953339432753888,0.9652333028362305,1017,0,1093,76
0.5059928894042969,0.0,0.0,0.9313815187557182,0.9313815187557182,0.0686184812442818,0.0686184812442818,0.9656907593778591,1018,0,1093,75
0.5059164762496948,0.0,0.0,0.9322964318389753,0.9322964318389753,0.0677035681610247,0.0677035681610247,0.9661482159194876,1019,0,1093,74
0.5042597651481628,0.0,0.0,0.9332113449222323,0.9332113449222323,0.06678865507776761,0.06678865507776761,0.9666056724611162,1020,0,1093,73
0.5015354752540588,0.0,0.0,0.9341262580054894,0.9341262580054894,0.06587374199451052,0.06587374199451052,0.9670631290027447,1021,0,1093,72
0.4999525249004364,0.0,0.0,0.9350411710887465,0.9350411710887465,0.06495882891125343,0.06495882891125343,0.9675205855443733,1022,0,1093,71
0.49900421500205994,0.0,0.0,0.9359560841720037,0.9359560841720037,0.06404391582799634,0.06404391582799634,0.9679780420860018,1023,0,1093,70
0.4979129731655121,0.0,0.0,0.9368709972552608,0.9368709972552608,0.06312900274473925,0.06312900274473925,0.9684354986276303,1024,0,1093,69
0.49605339765548706,0.0,0.0,0.9377859103385179,0.9377859103385179,0.06221408966148216,0.06221408966148216,0.9688929551692589,1025,0,1093,68
0.4954219460487366,0.0,0.0,0.938700823421775,0.938700823421775,0.06129917657822507,0.06129917657822507,0.9693504117108874,1026,0,1093,67
0.4945526421070099,0.0,0.0,0.939615736505032,0.939615736505032,0.06038426349496798,0.06038426349496798,0.969807868252516,1027,0,1093,66
0.4945480227470398,0.0,0.0,0.9405306495882891,0.9405306495882891,0.059469350411710885,0.059469350411710885,0.9702653247941445,1028,0,1093,65
0.49453455209732056,0.0,0.0,0.9414455626715462,0.9414455626715462,0.0585544373284538,0.0585544373284538,0.970722781335773,1029,0,1093,64
0.4944821894168854,0.0,0.0,0.9423604757548033,0.9423604757548033,0.05763952424519671,0.05763952424519671,0.9711802378774016,1030,0,1093,63
0.4905754327774048,0.0,0.0,0.9432753888380604,0.9432753888380604,0.056724611161939616,0.056724611161939616,0.9716376944190301,1031,0,1093,62
0.48931562900543213,0.0,0.0,0.9441903019213175,0.9441903019213175,0.055809698078682524,0.055809698078682524,0.9720951509606587,1032,0,1093,61
0.4881493151187897,0.0,0.0,0.9451052150045746,0.9451052150045746,0.05489478499542543,0.05489478499542543,0.9725526075022873,1033,0,1093,60
0.48648300766944885,0.0,0.0,0.9460201280878316,0.9460201280878316,0.053979871912168347,0.053979871912168347,0.9730100640439159,1034,0,1093,59
0.48378172516822815,0.0,0.0,0.9469350411710887,0.9469350411710887,0.053064958828911254,0.053064958828911254,0.9734675205855444,1035,0,1093,58
0.48357588052749634,0.0,0.0,0.9478499542543458,0.9478499542543458,0.05215004574565416,0.05215004574565416,0.973924977127173,1036,0,1093,57
0.4830043613910675,0.0,0.0,0.9487648673376029,0.9487648673376029,0.05123513266239707,0.05123513266239707,0.9743824336688015,1037,0,1093,56
0.4819934070110321,0.0,0.0,0.94967978042086,0.94967978042086,0.05032021957913998,0.05032021957913998,0.97483989021043,1038,0,1093,55
0.47897619009017944,0.0,0.0,0.9505946935041171,0.9505946935041171,0.04940530649588289,0.04940530649588289,0.9752973467520586,1039,0,1093,54
0.4780814051628113,0.0,0.0,0.9515096065873742,0.9515096065873742,0.0484903934126258,0.0484903934126258,0.9757548032936871,1040,0,1093,53
0.4730641543865204,0.0,0.0,0.9524245196706312,0.9524245196706312,0.04757548032936871,0.04757548032936871,0.9762122598353157,1041,0,1093,52
0.47028422355651855,0.0,0.0,0.9533394327538883,0.9533394327538883,0.04666056724611162,0.04666056724611162,0.9766697163769442,1042,0,1093,51
0.4672732949256897,0.0,0.0,0.9542543458371455,0.9542543458371455,0.04574565416285453,0.04574565416285453,0.9771271729185728,1043,0,1093,50
0.4658752381801605,0.0,0.0,0.9551692589204026,0.9551692589204026,0.04483074107959744,0.04483074107959744,0.9775846294602013,1044,0,1093,49
0.4657304286956787,0.0,0.0,0.9560841720036597,0.9560841720036597,0.04391582799634035,0.04391582799634035,0.9780420860018298,1045,0,1093,48
0.46470701694488525,0.0,0.0,0.9569990850869168,0.9569990850869168,0.043000914913083256,0.043000914913083256,0.9784995425434584,1046,0,1093,47
0.46014922857284546,0.0,0.0,0.9579139981701739,0.9579139981701739,0.042086001829826164,0.042086001829826164,0.9789569990850869,1047,0,1093,46
0.45525023341178894,0.0,0.0,0.958828911253431,0.958828911253431,0.04117108874656908,0.04117108874656908,0.9794144556267155,1048,0,1093,45
0.44830286502838135,0.0,0.0,0.959743824336688,0.959743824336688,0.04025617566331199,0.04025617566331199,0.979871912168344,1049,0,1093,44
0.4452565014362335,0.0,0.0,0.9606587374199451,0.9606587374199451,0.039341262580054895,0.039341262580054895,0.9803293687099726,1050,0,1093,43
0.44505345821380615,0.0,0.0,0.9615736505032022,0.9615736505032022,0.0384263494967978,0.0384263494967978,0.9807868252516011,1051,0,1093,42
0.44436806440353394,0.0,0.0,0.9624885635864593,0.9624885635864593,0.03751143641354071,0.03751143641354071,0.9812442817932296,1052,0,1093,41
0.4426079988479614,0.0,0.0,0.9634034766697164,0.9634034766697164,0.036596523330283626,0.036596523330283626,0.9817017383348582,1053,0,1093,40
0.4417867660522461,0.0,0.0,0.9643183897529735,0.9643183897529735,0.035681610247026534,0.035681610247026534,0.9821591948764867,1054,0,1093,39
0.4412967264652252,0.0,0.0,0.9652333028362305,0.9652333028362305,0.03476669716376944,0.03476669716376944,0.9826166514181153,1055,0,1093,38
0.4406789541244507,0.0,0.0,0.9661482159194876,0.9661482159194876,0.03385178408051235,0.03385178408051235,0.9830741079597438,1056,0,1093,37
0.43975430727005005,0.0,0.0,0.9670631290027447,0.9670631290027447,0.03293687099725526,0.03293687099725526,0.9835315645013724,1057,0,1093,36
0.43655920028686523,0.0,0.0,0.9679780420860018,0.9679780420860018,0.03202195791399817,0.03202195791399817,0.9839890210430009,1058,0,1093,35
0.42844483256340027,0.0,0.0,0.9688929551692589,0.9688929551692589,0.03110704483074108,0.03110704483074108,0.9844464775846294,1059,0,1093,34
0.4253608286380768,0.0,0.0,0.969807868252516,0.969807868252516,0.03019213174748399,0.03019213174748399,0.984903934126258,1060,0,1093,33
0.4200904071331024,0.0,0.0,0.970722781335773,0.970722781335773,0.0292772186642269,0.0292772186642269,0.9853613906678865,1061,0,1093,32
0.4184272289276123,0.0,0.0,0.9716376944190301,0.9716376944190301,0.028362305580969808,0.028362305580969808,0.9858188472095151,1062,0,1093,31
0.4056626856327057,0.0,0.0,0.9725526075022873,0.9725526075022873,0.027447392497712716,0.027447392497712716,0.9862763037511436,1063,0,1093,30
0.39265838265419006,0.0,0.0,0.9734675205855444,0.9734675205855444,0.026532479414455627,0.026532479414455627,0.9867337602927722,1064,0,1093,29
0.38497716188430786,0.0,0.0,0.9743824336688015,0.9743824336688015,0.025617566331198535,0.025617566331198535,0.9871912168344007,1065,0,1093,28
0.3848150372505188,0.0,0.0,0.9752973467520586,0.9752973467520586,0.024702653247941447,0.024702653247941447,0.9876486733760292,1066,0,1093,27
0.32158955931663513,0.0,0.0,0.9762122598353157,0.9762122598353157,0.023787740164684355,0.023787740164684355,0.9881061299176578,1067,0,1093,26
0.31228989362716675,0.0,0.0,0.9771271729185728,0.9771271729185728,0.022872827081427266,0.022872827081427266,0.9885635864592863,1068,0,1093,25
0.2019648551940918,0.0009149130832570906,0.0009149130832570906,0.9771271729185728,0.9771271729185728,0.022872827081427266,0.022872827081427266,0.9881061299176578,1068,1,1092,25
0.18837274610996246,0.0018298261665141812,0.0018298261665141812,0.9771271729185728,0.9771271729185728,0.022872827081427266,0.022872827081427266,0.9876486733760292,1068,2,1091,25
0.18170350790023804,0.0027447392497712718,0.0027447392497712718,0.9771271729185728,0.9771271729185728,0.022872827081427266,0.022872827081427266,0.9871912168344007,1068,3,1090,25
0.18026430904865265,0.0036596523330283625,0.0036596523330283625,0.9771271729185728,0.9771271729185728,0.022872827081427266,0.022872827081427266,0.9867337602927722,1068,4,1089,25
0.16757328808307648,0.004574565416285453,0.004574565416285453,0.9771271729185728,0.9771271729185728,0.022872827081427266,0.022872827081427266,0.9862763037511436,1068,5,1088,25
0.16017766296863556,0.0054894784995425435,0.0054894784995425435,0.9771271729185728,0.9771271729185728,0.022872827081427266,0.022872827081427266,0.9858188472095151,1068,6,1087,25
0.1598031371831894,0.0054894784995425435,0.0054894784995425435,0.9780420860018298,0.9780420860018298,0.021957913998170174,0.021957913998170174,0.9862763037511436,1069,6,1087,24
0.15636390447616577,0.0054894784995425435,0.0054894784995425435,0.9789569990850869,0.9789569990850869,0.021043000914913082,0.021043000914913082,0.9867337602927722,1070,6,1087,23
0.15298444032669067,0.006404391582799634,0.006404391582799634,0.9789569990850869,0.9789569990850869,0.021043000914913082,0.021043000914913082,0.9862763037511436,1070,7,1086,23
0.14885485172271729,0.007319304666056725,0.007319304666056725,0.9789569990850869,0.9789569990850869,0.021043000914913082,0.021043000914913082,0.9858188472095151,1070,8,1085,23
0.1440412998199463,0.008234217749313814,0.008234217749313814,0.9789569990850869,0.9789569990850869,0.021043000914913082,0.021043000914913082,0.9853613906678865,1070,9,1084,23
0.14348793029785156,0.009149130832570906,0.009149130832570906,0.9789569990850869,0.9789569990850869,0.021043000914913082,0.021043000914913082,0.984903934126258,1070,10,1083,23
0.140720933675766,0.010064043915827997,0.010064043915827997,0.9789569990850869,0.9789569990850869,0.021043000914913082,0.021043000914913082,0.9844464775846294,1070,11,1082,23
0.1403125375509262,0.010978956999085087,0.010978956999085087,0.9789569990850869,0.9789569990850869,0.021043000914913082,0.021043000914913082,0.9839890210430009,1070,12,1081,23
0.13944506645202637,0.011893870082342177,0.011893870082342177,0.9789569990850869,0.9789569990850869,0.021043000914913082,0.021043000914913082,0.9835315645013724,1070,13,1080,23
0.1381712108850479,0.012808783165599268,0.012808783165599268,0.9789569990850869,0.9789569990850869,0.021043000914913082,0.021043000914913082,0.9830741079597438,1070,14,1079,23
0.1365094929933548,0.013723696248856358,0.013723696248856358,0.9789569990850869,0.9789569990850869,0.021043000914913082,0.021043000914913082,0.9826166514181153,1070,15,1078,23
0.13565556704998016,0.01463860933211345,0.01463860933211345,0.9789569990850869,0.9789569990850869,0.021043000914913082,0.021043000914913082,0.9821591948764867,1070,16,1077,23
0.13315579295158386,0.01555352241537054,0.01555352241537054,0.9789569990850869,0.9789569990850869,0.021043000914913082,0.021043000914913082,0.9817017383348582,1070,17,1076,23
0.13137634098529816,0.01646843549862763,0.01646843549862763,0.9789569990850869,0.9789569990850869,0.021043000914913082,0.021043000914913082,0.9812442817932296,1070,18,1075,23
0.12978823482990265,0.01738334858188472,0.01738334858188472,0.9789569990850869,0.9789569990850869,0.021043000914913082,0.021043000914913082,0.9807868252516011,1070,19,1074,23
0.12903828918933868,0.018298261665141813,0.018298261665141813,0.9789569990850869,0.9789569990850869,0.021043000914913082,0.021043000914913082,0.9803293687099726,1070,20,1073,23
0.12893658876419067,0.0192131747483989,0.0192131747483989,0.9789569990850869,0.9789569990850869,0.021043000914913082,0.021043000914913082,0.979871912168344,1070,21,1072,23
0.12757976353168488,0.020128087831655993,0.020128087831655993,0.9789569990850869,0.9789569990850869,0.021043000914913082,0.021043000914913082,0.9794144556267155,1070,22,1071,23
0.12654972076416016,0.021043000914913082,0.021043000914913082,0.9789569990850869,0.9789569990850869,0.021043000914913082,0.021043000914913082,0.9789569990850869,1070,23,1070,23
0.12622074782848358,0.021957913998170174,0.021957913998170174,0.9789569990850869,0.9789569990850869,0.021043000914913082,0.021043000914913082,0.9784995425434584,1070,24,1069,23
0.12575848400592804,0.022872827081427266,0.022872827081427266,0.9789569990850869,0.9789569990850869,0.021043000914913082,0.021043000914913082,0.9780420860018298,1070,25,1068,23
0.12565048038959503,0.023787740164684355,0.023787740164684355,0.9789569990850869,0.9789569990850869,0.021043000914913082,0.021043000914913082,0.9775846294602013,1070,26,1067,23
0.12506835162639618,0.024702653247941447,0.024702653247941447,0.9789569990850869,0.9789569990850869,0.021043000914913082,0.021043000914913082,0.9771271729185728,1070,27,1066,23
0.12453261762857437,0.025617566331198535,0.025617566331198535,0.9789569990850869,0.9789569990850869,0.021043000914913082,0.021043000914913082,0.9766697163769442,1070,28,1065,23
0.12343766540288925,0.026532479414455627,0.026532479414455627,0.9789569990850869,0.9789569990850869,0.021043000914913082,0.021043000914913082,0.9762122598353157,1070,29,1064,23
0.12116117030382156,0.027447392497712716,0.027447392497712716,0.9789569990850869,0.9789569990850869,0.021043000914913082,0.021043000914913082,0.9757548032936871,1070,30,1063,23
0.11830037087202072,0.028362305580969808,0.028362305580969808,0.9789569990850869,0.9789569990850869,0.021043000914913082,0.021043000914913082,0.9752973467520586,1070,31,1062,23
0.11777928471565247,0.0292772186642269,0.0292772186642269,0.9789569990850869,0.9789569990850869,0.021043000914913082,0.021043000914913082,0.97483989021043,1070,32,1061,23
0.11756626516580582,0.03019213174748399,0.03019213174748399,0.9789569990850869,0.9789569990850869,0.021043000914913082,0.021043000914913082,0.9743824336688015,1070,33,1060,23
0.11701469123363495,0.03110704483074108,0.03110704483074108,0.9789569990850869,0.9789569990850869,0.021043000914913082,0.021043000914913082,0.973924977127173,1070,34,1059,23
0.11660420894622803,0.03202195791399817,0.03202195791399817,0.9789569990850869,0.9789569990850869,0.021043000914913082,0.021043000914913082,0.9734675205855444,1070,35,1058,23
0.11648596078157425,0.03293687099725526,0.03293687099725526,0.9789569990850869,0.9789569990850869,0.021043000914913082,0.021043000914913082,0.9730100640439159,1070,36,1057,23
0.11643176525831223,0.03385178408051235,0.03385178408051235,0.9789569990850869,0.9789569990850869,0.021043000914913082,0.021043000914913082,0.9725526075022873,1070,37,1056,23
0.11614763736724854,0.03476669716376944,0.03476669716376944,0.9789569990850869,0.9789569990850869,0.021043000914913082,0.021043000914913082,0.9720951509606587,1070,38,1055,23
0.11572436988353729,0.035681610247026534,0.035681610247026534,0.9789569990850869,0.9789569990850869,0.021043000914913082,0.021043000914913082,0.9716376944190301,1070,39,1054,23
0.11355844140052795,0.036596523330283626,0.036596523330283626,0.9789569990850869,0.9789569990850869,0.021043000914913082,0.021043000914913082,0.9711802378774016,1070,40,1053,23
0.1123514249920845,0.03751143641354071,0.03751143641354071,0.9789569990850869,0.9789569990850869,0.021043000914913082,0.021043000914913082,0.970722781335773,1070,41,1052,23
0.11170388758182526,0.0384263494967978,0.0384263494967978,0.9789569990850869,0.9789569990850869,0.021043000914913082,0.021043000914913082,0.9702653247941445,1070,42,1051,23
0.11141235381364822,0.039341262580054895,0.039341262580054895,0.9789569990850869,0.9789569990850869,0.021043000914913082,0.021043000914913082,0.969807868252516,1070,43,1050,23
0.11062268912792206,0.04025617566331199,0.04025617566331199,0.9789569990850869,0.9789569990850869,0.021043000914913082,0.021043000914913082,0.9693504117108874,1070,44,1049,23
0.10983312129974365,0.04117108874656908,0.04117108874656908,0.9789569990850869,0.9789569990850869,0.021043000914913082,0.021043000914913082,0.9688929551692589,1070,45,1048,23
0.1084059476852417,0.042086001829826164,0.042086001829826164,0.9789569990850869,0.9789569990850869,0.021043000914913082,0.021043000914913082,0.9684354986276303,1070,46,1047,23
0.10702136904001236,0.043000914913083256,0.043000914913083256,0.9789569990850869,0.9789569990850869,0.021043000914913082,0.021043000914913082,0.9679780420860018,1070,47,1046,23
0.10599786043167114,0.04391582799634035,0.04391582799634035,0.9789569990850869,0.9789569990850869,0.021043000914913082,0.021043000914913082,0.9675205855443733,1070,48,1045,23
0.10545922815799713,0.04483074107959744,0.04483074107959744,0.9789569990850869,0.9789569990850869,0.021043000914913082,0.021043000914913082,0.9670631290027447,1070,49,1044,23
0.1048976480960846,0.04574565416285453,0.04574565416285453,0.9789569990850869,0.9789569990850869,0.021043000914913082,0.021043000914913082,0.9666056724611162,1070,50,1043,23
0.10481385886669159,0.04666056724611162,0.04666056724611162,0.9789569990850869,0.9789569990850869,0.021043000914913082,0.021043000914913082,0.9661482159194876,1070,51,1042,23
0.10282161831855774,0.04757548032936871,0.04757548032936871,0.9789569990850869,0.9789569990850869,0.021043000914913082,0.021043000914913082,0.9656907593778591,1070,52,1041,23
0.10215827077627182,0.0484903934126258,0.0484903934126258,0.9789569990850869,0.9789569990850869,0.021043000914913082,0.021043000914913082,0.9652333028362305,1070,53,1040,23
0.1021241545677185,0.04940530649588289,0.04940530649588289,0.9789569990850869,0.9789569990850869,0.021043000914913082,0.021043000914913082,0.964775846294602,1070,54,1039,23
0.10211343318223953,0.05032021957913998,0.05032021957913998,0.9789569990850869,0.9789569990850869,0.021043000914913082,0.021043000914913082,0.9643183897529735,1070,55,1038,23
0.10211154073476791,0.05123513266239707,0.05123513266239707,0.9789569990850869,0.9789569990850869,0.021043000914913082,0.021043000914913082,0.9638609332113449,1070,56,1037,23
0.10106603801250458,0.05215004574565416,0.05215004574565416,0.9789569990850869,0.9789569990850869,0.021043000914913082,0.021043000914913082,0.9634034766697164,1070,57,1036,23
0.10001536458730698,0.053064958828911254,0.053064958828911254,0.9789569990850869,0.9789569990850869,0.021043000914913082,0.021043000914913082,0.9629460201280878,1070,58,1035,23
0.09923487156629562,0.053979871912168347,0.053979871912168347,0.9789569990850869,0.9789569990850869,0.021043000914913082,0.021043000914913082,0.9624885635864593,1070,59,1034,23
0.09875054657459259,0.05489478499542543,0.05489478499542543,0.9789569990850869,0.9789569990850869,0.021043000914913082,0.021043000914913082,0.9620311070448307,1070,60,1033,23
0.09866130352020264,0.055809698078682524,0.055809698078682524,0.9789569990850869,0.9789569990850869,0.021043000914913082,0.021043000914913082,0.9615736505032022,1070,61,1032,23
0.0981965959072113,0.056724611161939616,0.056724611161939616,0.9789569990850869,0.9789569990850869,0.021043000914913082,0.021043000914913082,0.9611161939615737,1070,62,1031,23
0.09730282425880432,0.056724611161939616,0.056724611161939616,0.979871912168344,0.979871912168344,0.020128087831655993,0.020128087831655993,0.9615736505032022,1071,62,1031,22
0.09648135304450989,0.05763952424519671,0.05763952424519671,0.979871912168344,0.979871912168344,0.020128087831655993,0.020128087831655993,0.9611161939615737,1071,63,1030,22
0.09523297101259232,0.0585544373284538,0.0585544373284538,0.979871912168344,0.979871912168344,0.020128087831655993,0.020128087831655993,0.9606587374199451,1071,64,1029,22
0.09451217204332352,0.059469350411710885,0.059469350411710885,0.979871912168344,0.979871912168344,0.020128087831655993,0.020128087831655993,0.9602012808783166,1071,65,1028,22
0.09337189793586731,0.06038426349496798,0.06038426349496798,0.979871912168344,0.979871912168344,0.020128087831655993,0.020128087831655993,0.959743824336688,1071,66,1027,22
0.09312394261360168,0.06129917657822507,0.06129917657822507,0.979871912168344,0.979871912168344,0.020128087831655993,0.020128087831655993,0.9592863677950595,1071,67,1026,22
0.09298493713140488,0.06221408966148216,0.06221408966148216,0.979871912168344,0.979871912168344,0.020128087831655993,0.020128087831655993,0.958828911253431,1071,68,1025,22
0.09279180318117142,0.06312900274473925,0.06312900274473925,0.979871912168344,0.979871912168344,0.020128087831655993,0.020128087831655993,0.9583714547118024,1071,69,1024,22
0.09257004410028458,0.06404391582799634,0.06404391582799634,0.979871912168344,0.979871912168344,0.020128087831655993,0.020128087831655993,0.9579139981701739,1071,70,1023,22
0.09183916449546814,0.06495882891125343,0.06495882891125343,0.979871912168344,0.979871912168344,0.020128087831655993,0.020128087831655993,0.9574565416285453,1071,71,1022,22
0.09168800711631775,0.06587374199451052,0.06587374199451052,0.979871912168344,0.979871912168344,0.020128087831655993,0.020128087831655993,0.9569990850869168,1071,72,1021,22
0.09158054739236832,0.06678865507776761,0.06678865507776761,0.979871912168344,0.979871912168344,0.020128087831655993,0.020128087831655993,0.9565416285452882,1071,73,1020,22
0.0908103957772255,0.0677035681610247,0.0677035681610247,0.979871912168344,0.979871912168344,0.020128087831655993,0.020128087831655993,0.9560841720036597,1071,74,1019,22
0.09057028591632843,0.0686184812442818,0.0686184812442818,0.979871912168344,0.979871912168344,0.020128087831655993,0.020128087831655993,0.9556267154620312,1071,75,1018,22
0.0900045782327652,0.06953339432753888,0.06953339432753888,0.979871912168344,0.979871912168344,0.020128087831655993,0.020128087831655993,0.9551692589204026,1071,76,1017,22
0.08945165574550629,0.07044830741079597,0.07044830741079597,0.979871912168344,0.979871912168344,0.020128087831655993,0.020128087831655993,0.9547118023787741,1071,77,1016,22
0.08918576687574387,0.07136322049405307,0.07136322049405307,0.979871912168344,0.979871912168344,0.020128087831655993,0.020128087831655993,0.9542543458371455,1071,78,1015,22
0.08879857510328293,0.07227813357731015,0.07227813357731015,0.979871912168344,0.979871912168344,0.020128087831655993,0.020128087831655993,0.953796889295517,1071,79,1014,22
0.08724729716777802,0.07319304666056725,0.07319304666056725,0.979871912168344,0.979871912168344,0.020128087831655993,0.020128087831655993,0.9533394327538883,1071,80,1013,22
0.08682318776845932,0.07410795974382434,0.07410795974382434,0.979871912168344,0.979871912168344,0.020128087831655993,0.020128087831655993,0.9528819762122598,1071,81,1012,22
0.0867183655500412,0.07502287282708142,0.07502287282708142,0.979871912168344,0.979871912168344,0.020128087831655993,0.020128087831655993,0.9524245196706312,1071,82,1011,22
0.08638116717338562,0.07593778591033852,0.07593778591033852,0.979871912168344,0.979871912168344,0.020128087831655993,0.020128087831655993,0.9519670631290027,1071,83,1010,22
0.08614310622215271,0.0768526989935956,0.0768526989935956,0.979871912168344,0.979871912168344,0.020128087831655993,0.020128087831655993,0.9515096065873742,1071,84,1009,22
0.08534297347068787,0.0777676120768527,0.0777676120768527,0.979871912168344,0.979871912168344,0.020128087831655993,0.020128087831655993,0.9510521500457456,1071,85,1008,22
0.08446691930294037,0.07868252516010979,0.07868252516010979,0.979871912168344,0.979871912168344,0.020128087831655993,0.020128087831655993,0.9505946935041171,1071,86,1007,22
0.084304578602314,0.07959743824336687,0.07959743824336687,0.979871912168344,0.979871912168344,0.020128087831655993,0.020128087831655993,0.9501372369624885,1071,87,1006,22
0.08362303674221039,0.08051235132662397,0.08051235132662397,0.979871912168344,0.979871912168344,0.020128087831655993,0.020128087831655993,0.94967978042086,1071,88,1005,22
0.08328192681074142,0.08142726440988106,0.08142726440988106,0.979871912168344,0.979871912168344,0.020128087831655993,0.020128087831655993,0.9492223238792314,1071,89,1004,22
0.08171974867582321,0.08234217749313816,0.08234217749313816,0.979871912168344,0.979871912168344,0.020128087831655993,0.020128087831655993,0.9487648673376029,1071,90,1003,22
0.08115497976541519,0.08325709057639524,0.08325709057639524,0.979871912168344,0.979871912168344,0.020128087831655993,0.020128087831655993,0.9483074107959744,1071,91,1002,22
0.08109442889690399,0.08417200365965233,0.08417200365965233,0.979871912168344,0.979871912168344,0.020128087831655993,0.020128087831655993,0.9478499542543458,1071,92,1001,22
0.08102568238973618,0.08417200365965233,0.08417200365965233,0.9807868252516011,0.9807868252516011,0.0192131747483989,0.0192131747483989,0.9483074107959744,1072,92,1001,21
0.07970742136240005,0.08508691674290943,0.08508691674290943,0.9807868252516011,0.9807868252516011,0.0192131747483989,0.0192131747483989,0.9478499542543458,1072,93,1000,21
0.07914817333221436,0.08600182982616651,0.08600182982616651,0.9807868252516011,0.9807868252516011,0.0192131747483989,0.0192131747483989,0.9473924977127173,1072,94,999,21
0.07900575548410416,0.08691674290942361,0.08691674290942361,0.9807868252516011,0.9807868252516011,0.0192131747483989,0.0192131747483989,0.9469350411710887,1072,95,998,21
0.07899554073810577,0.0878316559926807,0.0878316559926807,0.9807868252516011,0.9807868252516011,0.0192131747483989,0.0192131747483989,0.9464775846294602,1072,96,997,21
0.07804267853498459,0.08874656907593778,0.08874656907593778,0.9807868252516011,0.9807868252516011,0.0192131747483989,0.0192131747483989,0.9460201280878316,1072,97,996,21
0.07759504020214081,0.08966148215919488,0.08966148215919488,0.9807868252516011,0.9807868252516011,0.0192131747483989,0.0192131747483989,0.9455626715462031,1072,98,995,21
0.0766412690281868,0.09057639524245197,0.09057639524245197,0.9807868252516011,0.9807868252516011,0.0192131747483989,0.0192131747483989,0.9451052150045746,1072,99,994,21
0.07661143690347672,0.09149130832570906,0.09149130832570906,0.9807868252516011,0.9807868252516011,0.0192131747483989,0.0192131747483989,0.944647758462946,1072,100,993,21
0.07641666382551193,0.09240622140896615,0.09240622140896615,0.9807868252516011,0.9807868252516011,0.0192131747483989,0.0192131747483989,0.9441903019213175,1072,101,992,21
0.07584262639284134,0.09332113449222323,0.09332113449222323,0.9807868252516011,0.9807868252516011,0.0192131747483989,0.0192131747483989,0.9437328453796889,1072,102,991,21
0.07582269608974457,0.09423604757548033,0.09423604757548033,0.9807868252516011,0.9807868252516011,0.0192131747483989,0.0192131747483989,0.9432753888380604,1072,103,990,21
0.07560062408447266,0.09515096065873742,0.09515096065873742,0.9807868252516011,0.9807868252516011,0.0192131747483989,0.0192131747483989,0.9428179322964318,1072,104,989,21
0.07511185854673386,0.09606587374199452,0.09606587374199452,0.9807868252516011,0.9807868252516011,0.0192131747483989,0.0192131747483989,0.9423604757548033,1072,105,988,21
0.07445918023586273,0.0969807868252516,0.0969807868252516,0.9807868252516011,0.9807868252516011,0.0192131747483989,0.0192131747483989,0.9419030192131748,1072,106,987,21
0.07403460890054703,0.09789569990850869,0.09789569990850869,0.9807868252516011,0.9807868252516011,0.0192131747483989,0.0192131747483989,0.9414455626715462,1072,107,986,21
0.07348702102899551,0.09881061299176579,0.09881061299176579,0.9807868252516011,0.9807868252516011,0.0192131747483989,0.0192131747483989,0.9409881061299177,1072,108,985,21
0.07296176254749298,0.09881061299176579,0.09881061299176579,0.9817017383348582,0.9817017383348582,0.018298261665141813,0.018298261665141813,0.9414455626715462,1073,108,985,20
0.0723787322640419,0.09972552607502287,0.09972552607502287,0.9817017383348582,0.9817017383348582,0.018298261665141813,0.018298261665141813,0.9409881061299177,1073,109,984,20
0.07226603478193283,0.10064043915827996,0.10064043915827996,0.9817017383348582,0.9817017383348582,0.018298261665141813,0.018298261665141813,0.9405306495882891,1073,110,983,20
0.07183586061000824,0.10155535224153706,0.10155535224153706,0.9817017383348582,0.9817017383348582,0.018298261665141813,0.018298261665141813,0.9400731930466606,1073,111,982,20
0.07154104113578796,0.10247026532479414,0.10247026532479414,0.9817017383348582,0.9817017383348582,0.018298261665141813,0.018298261665141813,0.939615736505032,1073,112,981,20
0.07134243100881577,0.10338517840805124,0.10338517840805124,0.9817017383348582,0.9817017383348582,0.018298261665141813,0.018298261665141813,0.9391582799634035,1073,113,980,20
0.07067369669675827,0.10430009149130832,0.10430009149130832,0.9817017383348582,0.9817017383348582,0.018298261665141813,0.018298261665141813,0.938700823421775,1073,114,979,20
0.07045937329530716,0.10521500457456541,0.10521500457456541,0.9817017383348582,0.9817017383348582,0.018298261665141813,0.018298261665141813,0.9382433668801464,1073,115,978,20
0.07032620906829834,0.10612991765782251,0.10612991765782251,0.9817017383348582,0.9817017383348582,0.018298261665141813,0.018298261665141813,0.9377859103385179,1073,116,977,20
0.06997942179441452,0.1070448307410796,0.1070448307410796,0.9817017383348582,0.9817017383348582,0.018298261665141813,0.018298261665141813,0.9373284537968893,1073,117,976,20
0.06971047073602676,0.10795974382433669,0.10795974382433669,0.9817017383348582,0.9817017383348582,0.018298261665141813,0.018298261665141813,0.9368709972552608,1073,118,975,20
0.06940291076898575,0.10887465690759378,0.10887465690759378,0.9817017383348582,0.9817017383348582,0.018298261665141813,0.018298261665141813,0.9364135407136323,1073,119,974,20
0.06917184591293335,0.10978956999085086,0.10978956999085086,0.9817017383348582,0.9817017383348582,0.018298261665141813,0.018298261665141813,0.9359560841720037,1073,120,973,20
0.06901165097951889,0.11070448307410796,0.11070448307410796,0.9817017383348582,0.9817017383348582,0.018298261665141813,0.018298261665141813,0.9354986276303752,1073,121,972,20
0.06894374638795853,0.11161939615736505,0.11161939615736505,0.9817017383348582,0.9817017383348582,0.018298261665141813,0.018298261665141813,0.9350411710887465,1073,122,971,20
0.06891431659460068,0.11253430924062215,0.11253430924062215,0.9817017383348582,0.9817017383348582,0.018298261665141813,0.018298261665141813,0.934583714547118,1073,123,970,20
0.06850162893533707,0.11344922232387923,0.11344922232387923,0.9817017383348582,0.9817017383348582,0.018298261665141813,0.018298261665141813,0.9341262580054894,1073,124,969,20
0.06831350177526474,0.11436413540713632,0.11436413540713632,0.9817017383348582,0.9817017383348582,0.018298261665141813,0.018298261665141813,0.9336688014638609,1073,125,968,20
0.06830941140651703,0.11527904849039342,0.11527904849039342,0.9817017383348582,0.9817017383348582,0.018298261665141813,0.018298261665141813,0.9332113449222323,1073,126,967,20
0.06829004734754562,0.1161939615736505,0.1161939615736505,0.9817017383348582,0.9817017383348582,0.018298261665141813,0.018298261665141813,0.9327538883806038,1073,127,966,20
0.06822752207517624,0.1171088746569076,0.1171088746569076,0.9817017383348582,0.9817017383348582,0.018298261665141813,0.018298261665141813,0.9322964318389753,1073,128,965,20
0.06775589287281036,0.11802378774016468,0.11802378774016468,0.9817017383348582,0.9817017383348582,0.018298261665141813,0.018298261665141813,0.9318389752973467,1073,129,964,20
0.06775207817554474,0.11893870082342177,0.11893870082342177,0.9817017383348582,0.9817017383348582,0.018298261665141813,0.018298261665141813,0.9313815187557182,1073,130,963,20
0.06709560751914978,0.11985361390667887,0.11985361390667887,0.9817017383348582,0.9817017383348582,0.018298261665141813,0.018298261665141813,0.9309240622140896,1073,131,962,20
0.06706976145505905,0.12076852698993595,0.12076852698993595,0.9817017383348582,0.9817017383348582,0.018298261665141813,0.018298261665141813,0.9304666056724611,1073,132,961,20
0.06706409901380539,0.12168344007319305,0.12168344007319305,0.9817017383348582,0.9817017383348582,0.018298261665141813,0.018298261665141813,0.9300091491308325,1073,133,960,20
0.06694511324167252,0.12259835315645014,0.12259835315645014,0.9817017383348582,0.9817017383348582,0.018298261665141813,0.018298261665141813,0.929551692589204,1073,134,959,20
0.06629592925310135,0.12351326623970722,0.12351326623970722,0.9817017383348582,0.9817017383348582,0.018298261665141813,0.018298261665141813,0.9290942360475755,1073,135,958,20
0.06622205674648285,0.12442817932296432,0.12442817932296432,0.9817017383348582,0.9817017383348582,0.018298261665141813,0.018298261665141813,0.9286367795059469,1073,136,957,20
0.06607159972190857,0.1253430924062214,0.1253430924062214,0.9817017383348582,0.9817017383348582,0.018298261665141813,0.018298261665141813,0.9281793229643184,1073,137,956,20
0.0659332200884819,0.1262580054894785,0.1262580054894785,0.9817017383348582,0.9817017383348582,0.018298261665141813,0.018298261665141813,0.9277218664226898,1073,138,955,20
0.0657934918999672,0.12717291857273558,0.12717291857273558,0.9817017383348582,0.9817017383348582,0.018298261665141813,0.018298261665141813,0.9272644098810613,1073,139,954,20
0.06571707874536514,0.1280878316559927,0.1280878316559927,0.9817017383348582,0.9817017383348582,0.018298261665141813,0.018298261665141813,0.9268069533394327,1073,140,953,20
0.06564924865961075,0.12900274473924978,0.12900274473924978,0.9817017383348582,0.9817017383348582,0.018298261665141813,0.018298261665141813,0.9263494967978042,1073,141,952,20
0.06529440730810165,0.12991765782250686,0.12991765782250686,0.9817017383348582,0.9817017383348582,0.018298261665141813,0.018298261665141813,0.9258920402561757,1073,142,951,20
0.06528088450431824,0.13083257090576395,0.13083257090576395,0.9817017383348582,0.9817017383348582,0.018298261665141813,0.018298261665141813,0.9254345837145471,1073,143,950,20
0.0649089440703392,0.13174748398902103,0.13174748398902103,0.9817017383348582,0.9817017383348582,0.018298261665141813,0.018298261665141813,0.9249771271729186,1073,144,949,20
0.06483855843544006,0.13266239707227814,0.13266239707227814,0.9817017383348582,0.9817017383348582,0.018298261665141813,0.018298261665141813,0.92451967063129,1073,145,948,20
0.06469358503818512,0.13357731015553523,0.13357731015553523,0.9817017383348582,0.9817017383348582,0.018298261665141813,0.018298261665141813,0.9240622140896615,1073,146,947,20
0.06434599310159683,0.1344922232387923,0.1344922232387923,0.9817017383348582,0.9817017383348582,0.018298261665141813,0.018298261665141813,0.923604757548033,1073,147,946,20
0.06433019042015076,0.1354071363220494,0.1354071363220494,0.9817017383348582,0.9817017383348582,0.018298261665141813,0.018298261665141813,0.9231473010064044,1073,148,945,20
0.06432510912418365,0.13632204940530648,0.13632204940530648,0.9817017383348582,0.9817017383348582,0.018298261665141813,0.018298261665141813,0.9226898444647759,1073,149,944,20
0.0637047290802002,0.1372369624885636,0.1372369624885636,0.9817017383348582,0.9817017383348582,0.018298261665141813,0.018298261665141813,0.9222323879231473,1073,150,943,20
0.06363403797149658,0.13815187557182068,0.13815187557182068,0.9817017383348582,0.9817017383348582,0.018298261665141813,0.018298261665141813,0.9217749313815188,1073,151,942,20
0.06352342665195465,0.13906678865507777,0.13906678865507777,0.9817017383348582,0.9817017383348582,0.018298261665141813,0.018298261665141813,0.9213174748398902,1073,152,941,20
0.06349106878042221,0.13998170173833485,0.13998170173833485,0.9817017383348582,0.9817017383348582,0.018298261665141813,0.018298261665141813,0.9208600182982617,1073,153,940,20
0.0634077787399292,0.14089661482159194,0.14089661482159194,0.9817017383348582,0.9817017383348582,0.018298261665141813,0.018298261665141813,0.9204025617566332,1073,154,939,20
0.06315657496452332,0.14181152790484905,0.14181152790484905,0.9817017383348582,0.9817017383348582,0.018298261665141813,0.018298261665141813,0.9199451052150046,1073,155,938,20
0.06285441666841507,0.14272644098810613,0.14272644098810613,0.9817017383348582,0.9817017383348582,0.018298261665141813,0.018298261665141813,0.9194876486733761,1073,156,937,20
0.062478333711624146,0.14364135407136322,0.14364135407136322,0.9817017383348582,0.9817017383348582,0.018298261665141813,0.018298261665141813,0.9190301921317475,1073,157,936,20
0.06172915920615196,0.1445562671546203,0.1445562671546203,0.9817017383348582,0.9817017383348582,0.018298261665141813,0.018298261665141813,0.918572735590119,1073,158,935,20
0.061471566557884216,0.1454711802378774,0.1454711802378774,0.9817017383348582,0.9817017383348582,0.018298261665141813,0.018298261665141813,0.9181152790484904,1073,159,934,20
0.061219535768032074,0.1463860933211345,0.1463860933211345,0.9817017383348582,0.9817017383348582,0.018298261665141813,0.018298261665141813,0.9176578225068619,1073,160,933,20
0.061184708029031754,0.1473010064043916,0.1473010064043916,0.9817017383348582,0.9817017383348582,0.018298261665141813,0.018298261665141813,0.9172003659652334,1073,161,932,20
0.06114378571510315,0.14821591948764867,0.14821591948764867,0.9817017383348582,0.9817017383348582,0.018298261665141813,0.018298261665141813,0.9167429094236048,1073,162,931,20
0.06095732003450394,0.14913083257090576,0.14913083257090576,0.9817017383348582,0.9817017383348582,0.018298261665141813,0.018298261665141813,0.9162854528819762,1073,163,930,20
0.06095090135931969,0.15004574565416284,0.15004574565416284,0.9817017383348582,0.9817017383348582,0.018298261665141813,0.018298261665141813,0.9158279963403476,1073,164,929,20
0.060737982392311096,0.15096065873741996,0.15096065873741996,0.9817017383348582,0.9817017383348582,0.018298261665141813,0.018298261665141813,0.9153705397987191,1073,165,928,20
0.06044696643948555,0.15187557182067704,0.15187557182067704,0.9817017383348582,0.9817017383348582,0.018298261665141813,0.018298261665141813,0.9149130832570905,1073,166,927,20
0.060126397758722305,0.15279048490393413,0.15279048490393413,0.9817017383348582,0.9817017383348582,0.018298261665141813,0.018298261665141813,0.914455626715462,1073,167,926,20
0.060089562088251114,0.1537053979871912,0.1537053979871912,0.9817017383348582,0.9817017383348582,0.018298261665141813,0.018298261665141813,0.9139981701738334,1073,168,925,20
0.060078464448451996,0.1546203110704483,0.1546203110704483,0.9817017383348582,0.9817017383348582,0.018298261665141813,0.018298261665141813,0.9135407136322049,1073,169,924,20
0.059960924088954926,0.1555352241537054,0.1555352241537054,0.9817017383348582,0.9817017383348582,0.018298261665141813,0.018298261665141813,0.9130832570905764,1073,170,923,20
0.05991286039352417,0.1564501372369625,0.1564501372369625,0.9817017383348582,0.9817017383348582,0.018298261665141813,0.018298261665141813,0.9126258005489478,1073,171,922,20
0.05980745330452919,0.15736505032021958,0.15736505032021958,0.9817017383348582,0.9817017383348582,0.018298261665141813,0.018298261665141813,0.9121683440073193,1073,172,921,20
0.05942687392234802,0.15827996340347666,0.15827996340347666,0.9817017383348582,0.9817017383348582,0.018298261665141813,0.018298261665141813,0.9117108874656907,1073,173,920,20
0.05909768491983414,0.15919487648673375,0.15919487648673375,0.9817017383348582,0.9817017383348582,0.018298261665141813,0.018298261665141813,0.9112534309240622,1073,174,919,20
0.05888111889362335,0.16010978956999086,0.16010978956999086,0.9817017383348582,0.9817017383348582,0.018298261665141813,0.018298261665141813,0.9107959743824336,1073,175,918,20
0.05887872725725174,0.16102470265324795,0.16102470265324795,0.9817017383348582,0.9817017383348582,0.018298261665141813,0.018298261665141813,0.9103385178408051,1073,176,917,20
0.058862365782260895,0.16193961573650503,0.16193961573650503,0.9817017383348582,0.9817017383348582,0.018298261665141813,0.018298261665141813,0.9098810612991766,1073,177,916,20
0.05866379663348198,0.16285452881976212,0.16285452881976212,0.9817017383348582,0.9817017383348582,0.018298261665141813,0.018298261665141813,0.909423604757548,1073,178,915,20
0.05841628834605217,0.1637694419030192,0.1637694419030192,0.9817017383348582,0.9817017383348582,0.018298261665141813,0.018298261665141813,0.9089661482159195,1073,179,914,20
0.0582096241414547,0.1637694419030192,0.1637694419030192,0.9826166514181153,0.9826166514181153,0.01738334858188472,0.01738334858188472,0.909423604757548,1074,179,914,19
0.05810348689556122,0.16468435498627632,0.16468435498627632,0.9826166514181153,0.9826166514181153,0.01738334858188472,0.01738334858188472,0.9089661482159195,1074,180,913,19
0.05800238251686096,0.1655992680695334,0.1655992680695334,0.9826166514181153,0.9826166514181153,0.01738334858188472,0.01738334858188472,0.9085086916742909,1074,181,912,19
0.05782197043299675,0.16651418115279049,0.16651418115279049,0.9826166514181153,0.9826166514181153,0.01738334858188472,0.01738334858188472,0.9080512351326624,1074,182,911,19
0.05781255662441254,0.16742909423604757,0.16742909423604757,0.9826166514181153,0.9826166514181153,0.01738334858188472,0.01738334858188472,0.9075937785910339,1074,183,910,19
0.05774271860718727,0.16834400731930466,0.16834400731930466,0.9826166514181153,0.9826166514181153,0.01738334858188472,0.01738334858188472,0.9071363220494053,1074,184,909,19
0.057742662727832794,0.16925892040256177,0.16925892040256177,0.9826166514181153,0.9826166514181153,0.01738334858188472,0.01738334858188472,0.9066788655077768,1074,185,908,19
0.05772729590535164,0.17017383348581885,0.17017383348581885,0.9826166514181153,0.9826166514181153,0.01738334858188472,0.01738334858188472,0.9062214089661482,1074,186,907,19
0.05764993280172348,0.17108874656907594,0.17108874656907594,0.9826166514181153,0.9826166514181153,0.01738334858188472,0.01738334858188472,0.9057639524245197,1074,187,906,19
0.057342901825904846,0.17200365965233302,0.17200365965233302,0.9826166514181153,0.9826166514181153,0.01738334858188472,0.01738334858188472,0.9053064958828911,1074,188,905,19
0.05729357898235321,0.1729185727355901,0.1729185727355901,0.9826166514181153,0.9826166514181153,0.01738334858188472,0.01738334858188472,0.9048490393412626,1074,189,904,19
0.057002343237400055,0.17383348581884722,0.17383348581884722,0.9826166514181153,0.9826166514181153,0.01738334858188472,0.01738334858188472,0.904391582799634,1074,190,903,19
0.05690788850188255,0.1747483989021043,0.1747483989021043,0.9826166514181153,0.9826166514181153,0.01738334858188472,0.01738334858188472,0.9039341262580055,1074,191,902,19
0.05651767924427986,0.1756633119853614,0.1756633119853614,0.9826166514181153,0.9826166514181153,0.01738334858188472,0.01738334858188472,0.903476669716377,1074,192,901,19
0.055477894842624664,0.17657822506861848,0.17657822506861848,0.9826166514181153,0.9826166514181153,0.01738334858188472,0.01738334858188472,0.9030192131747484,1074,193,900,19
0.05508672073483467,0.17749313815187556,0.17749313815187556,0.9826166514181153,0.9826166514181153,0.01738334858188472,0.01738334858188472,0.9025617566331199,1074,194,899,19
0.05455217510461807,0.17840805123513268,0.17840805123513268,0.9826166514181153,0.9826166514181153,0.01738334858188472,0.01738334858188472,0.9021043000914913,1074,195,898,19
0.05440600961446762,0.17932296431838976,0.17932296431838976,0.9826166514181153,0.9826166514181153,0.01738334858188472,0.01738334858188472,0.9016468435498628,1074,196,897,19
0.05415314435958862,0.18023787740164685,0.18023787740164685,0.9826166514181153,0.9826166514181153,0.01738334858188472,0.01738334858188472,0.9011893870082343,1074,197,896,19
0.05397273227572441,0.18115279048490393,0.18115279048490393,0.9826166514181153,0.9826166514181153,0.01738334858188472,0.01738334858188472,0.9007319304666057,1074,198,895,19
0.05358835682272911,0.18206770356816102,0.18206770356816102,0.9826166514181153,0.9826166514181153,0.01738334858188472,0.01738334858188472,0.9002744739249772,1074,199,894,19
0.05353803187608719,0.18298261665141813,0.18298261665141813,0.9826166514181153,0.9826166514181153,0.01738334858188472,0.01738334858188472,0.8998170173833486,1074,200,893,19
0.0529337041079998,0.1838975297346752,0.1838975297346752,0.9826166514181153,0.9826166514181153,0.01738334858188472,0.01738334858188472,0.8993595608417201,1074,201,892,19
0.052634838968515396,0.1848124428179323,0.1848124428179323,0.9826166514181153,0.9826166514181153,0.01738334858188472,0.01738334858188472,0.8989021043000915,1074,202,891,19
0.052399471402168274,0.18572735590118938,0.18572735590118938,0.9826166514181153,0.9826166514181153,0.01738334858188472,0.01738334858188472,0.898444647758463,1074,203,890,19
0.05225377529859543,0.18664226898444647,0.18664226898444647,0.9826166514181153,0.9826166514181153,0.01738334858188472,0.01738334858188472,0.8979871912168343,1074,204,889,19
0.05218661576509476,0.18755718206770358,0.18755718206770358,0.9826166514181153,0.9826166514181153,0.01738334858188472,0.01738334858188472,0.8975297346752058,1074,205,888,19
0.05209922417998314,0.18847209515096067,0.18847209515096067,0.9826166514181153,0.9826166514181153,0.01738334858188472,0.01738334858188472,0.8970722781335773,1074,206,887,19
0.05191529914736748,0.18938700823421775,0.18938700823421775,0.9826166514181153,0.9826166514181153,0.01738334858188472,0.01738334858188472,0.8966148215919487,1074,207,886,19
0.051828134804964066,0.19030192131747484,0.19030192131747484,0.9826166514181153,0.9826166514181153,0.01738334858188472,0.01738334858188472,0.8961573650503202,1074,208,885,19
0.05171425640583038,0.19121683440073192,0.19121683440073192,0.9826166514181153,0.9826166514181153,0.01738334858188472,0.01738334858188472,0.8956999085086916,1074,209,884,19
0.051694292575120926,0.19213174748398903,0.19213174748398903,0.9826166514181153,0.9826166514181153,0.01738334858188472,0.01738334858188472,0.8952424519670631,1074,210,883,19
0.051452383399009705,0.19304666056724612,0.19304666056724612,0.9826166514181153,0.9826166514181153,0.01738334858188472,0.01738334858188472,0.8947849954254345,1074,211,882,19
0.05132719874382019,0.1939615736505032,0.1939615736505032,0.9826166514181153,0.9826166514181153,0.01738334858188472,0.01738334858188472,0.894327538883806,1074,212,881,19
0.05117028206586838,0.1948764867337603,0.1948764867337603,0.9826166514181153,0.9826166514181153,0.01738334858188472,0.01738334858188472,0.8938700823421775,1074,213,880,19
0.050911739468574524,0.19579139981701738,0.19579139981701738,0.9826166514181153,0.9826166514181153,0.01738334858188472,0.01738334858188472,0.8934126258005489,1074,214,879,19
0.05090140923857689,0.19670631290027446,0.19670631290027446,0.9826166514181153,0.9826166514181153,0.01738334858188472,0.01738334858188472,0.8929551692589204,1074,215,878,19
0.050740569829940796,0.19762122598353157,0.19762122598353157,0.9826166514181153,0.9826166514181153,0.01738334858188472,0.01738334858188472,0.8924977127172918,1074,216,877,19
0.05068659782409668,0.19853613906678866,0.19853613906678866,0.9826166514181153,0.9826166514181153,0.01738334858188472,0.01738334858188472,0.8920402561756633,1074,217,876,19
0.050665274262428284,0.19945105215004574,0.19945105215004574,0.9826166514181153,0.9826166514181153,0.01738334858188472,0.01738334858188472,0.8915827996340348,1074,218,875,19
0.050356633961200714,0.20036596523330283,0.20036596523330283,0.9826166514181153,0.9826166514181153,0.01738334858188472,0.01738334858188472,0.8911253430924062,1074,219,874,19
0.05022202432155609,0.2012808783165599,0.2012808783165599,0.9826166514181153,0.9826166514181153,0.01738334858188472,0.01738334858188472,0.8906678865507777,1074,220,873,19
0.05009196326136589,0.20219579139981703,0.20219579139981703,0.9826166514181153,0.9826166514181153,0.01738334858188472,0.01738334858188472,0.8902104300091491,1074,221,872,19
0.050019342452287674,0.2031107044830741,0.2031107044830741,0.9826166514181153,0.9826166514181153,0.01738334858188472,0.01738334858188472,0.8897529734675206,1074,222,871,19
0.050008196383714676,0.2040256175663312,0.2040256175663312,0.9826166514181153,0.9826166514181153,0.01738334858188472,0.01738334858188472,0.889295516925892,1074,223,870,19
0.049800805747509,0.20494053064958828,0.20494053064958828,0.9826166514181153,0.9826166514181153,0.01738334858188472,0.01738334858188472,0.8888380603842635,1074,224,869,19
0.04932910576462746,0.20585544373284537,0.20585544373284537,0.9826166514181153,0.9826166514181153,0.01738334858188472,0.01738334858188472,0.888380603842635,1074,225,868,19
0.0486716665327549,0.20677035681610248,0.20677035681610248,0.9826166514181153,0.9826166514181153,0.01738334858188472,0.01738334858188472,0.8879231473010064,1074,226,867,19
0.04852404445409775,0.20768526989935956,0.20768526989935956,0.9826166514181153,0.9826166514181153,0.01738334858188472,0.01738334858188472,0.8874656907593779,1074,227,866,19
0.04840797558426857,0.20860018298261665,0.20860018298261665,0.9826166514181153,0.9826166514181153,0.01738334858188472,0.01738334858188472,0.8870082342177493,1074,228,865,19
0.048245400190353394,0.20951509606587373,0.20951509606587373,0.9826166514181153,0.9826166514181153,0.01738334858188472,0.01738334858188472,0.8865507776761208,1074,229,864,19
0.048064254224300385,0.21043000914913082,0.21043000914913082,0.9826166514181153,0.9826166514181153,0.01738334858188472,0.01738334858188472,0.8860933211344922,1074,230,863,19
0.04801314324140549,0.21134492223238793,0.21134492223238793,0.9826166514181153,0.9826166514181153,0.01738334858188472,0.01738334858188472,0.8856358645928637,1074,231,862,19
0.047815024852752686,0.21225983531564502,0.21225983531564502,0.9826166514181153,0.9826166514181153,0.01738334858188472,0.01738334858188472,0.8851784080512352,1074,232,861,19
0.04771161451935768,0.2131747483989021,0.2131747483989021,0.9826166514181153,0.9826166514181153,0.01738334858188472,0.01738334858188472,0.8847209515096066,1074,233,860,19
0.047504495829343796,0.2140896614821592,0.2140896614821592,0.9826166514181153,0.9826166514181153,0.01738334858188472,0.01738334858188472,0.8842634949679781,1074,234,859,19
0.047454655170440674,0.21500457456541627,0.21500457456541627,0.9826166514181153,0.9826166514181153,0.01738334858188472,0.01738334858188472,0.8838060384263495,1074,235,858,19
0.0472138337790966,0.21591948764867339,0.21591948764867339,0.9826166514181153,0.9826166514181153,0.01738334858188472,0.01738334858188472,0.883348581884721,1074,236,857,19
0.04689974710345268,0.21683440073193047,0.21683440073193047,0.9826166514181153,0.9826166514181153,0.01738334858188472,0.01738334858188472,0.8828911253430924,1074,237,856,19
0.04599408060312271,0.21774931381518756,0.21774931381518756,0.9826166514181153,0.9826166514181153,0.01738334858188472,0.01738334858188472,0.8824336688014639,1074,238,855,19
0.045869357883930206,0.21866422689844464,0.21866422689844464,0.9826166514181153,0.9826166514181153,0.01738334858188472,0.01738334858188472,0.8819762122598354,1074,239,854,19
0.045798949897289276,0.21957913998170173,0.21957913998170173,0.9826166514181153,0.9826166514181153,0.01738334858188472,0.01738334858188472,0.8815187557182068,1074,240,853,19
0.045193880796432495,0.22049405306495884,0.22049405306495884,0.9826166514181153,0.9826166514181153,0.01738334858188472,0.01738334858188472,0.8810612991765783,1074,241,852,19
0.0449882373213768,0.22140896614821592,0.22140896614821592,0.9826166514181153,0.9826166514181153,0.01738334858188472,0.01738334858188472,0.8806038426349497,1074,242,851,19
0.04455694928765297,0.222323879231473,0.222323879231473,0.9826166514181153,0.9826166514181153,0.01738334858188472,0.01738334858188472,0.8801463860933212,1074,243,850,19
0.04440515488386154,0.2232387923147301,0.2232387923147301,0.9826166514181153,0.9826166514181153,0.01738334858188472,0.01738334858188472,0.8796889295516926,1074,244,849,19
0.04437028244137764,0.22415370539798718,0.22415370539798718,0.9826166514181153,0.9826166514181153,0.01738334858188472,0.01738334858188472,0.879231473010064,1074,245,848,19
0.04437018185853958,0.2250686184812443,0.2250686184812443,0.9826166514181153,0.9826166514181153,0.01738334858188472,0.01738334858188472,0.8787740164684354,1074,246,847,19
0.04435392841696739,0.22598353156450138,0.22598353156450138,0.9826166514181153,0.9826166514181153,0.01738334858188472,0.01738334858188472,0.8783165599268069,1074,247,846,19
0.04430236294865608,0.22689844464775846,0.22689844464775846,0.9826166514181153,0.9826166514181153,0.01738334858188472,0.01738334858188472,0.8778591033851784,1074,248,845,19
0.04429522156715393,0.22781335773101555,0.22781335773101555,0.9826166514181153,0.9826166514181153,0.01738334858188472,0.01738334858188472,0.8774016468435498,1074,249,844,19
0.04415441304445267,0.22872827081427263,0.22872827081427263,0.9826166514181153,0.9826166514181153,0.01738334858188472,0.01738334858188472,0.8769441903019213,1074,250,843,19
0.044095274060964584,0.22964318389752975,0.22964318389752975,0.9826166514181153,0.9826166514181153,0.01738334858188472,0.01738334858188472,0.8764867337602927,1074,251,842,19
0.04405522346496582,0.23055809698078683,0.23055809698078683,0.9826166514181153,0.9826166514181153,0.01738334858188472,0.01738334858188472,0.8760292772186642,1074,252,841,19
0.04399966821074486,0.23147301006404392,0.23147301006404392,0.9826166514181153,0.9826166514181153,0.01738334858188472,0.01738334858188472,0.8755718206770357,1074,253,840,19
0.04395190626382828,0.232387923147301,0.232387923147301,0.9826166514181153,0.9826166514181153,0.01738334858188472,0.01738334858188472,0.8751143641354071,1074,254,839,19
0.043713927268981934,0.23330283623055809,0.23330283623055809,0.9826166514181153,0.9826166514181153,0.01738334858188472,0.01738334858188472,0.8746569075937786,1074,255,838,19
0.043449822813272476,0.2342177493138152,0.2342177493138152,0.9826166514181153,0.9826166514181153,0.01738334858188472,0.01738334858188472,0.87419945105215,1074,256,837,19
0.043086227029561996,0.23513266239707228,0.23513266239707228,0.9826166514181153,0.9826166514181153,0.01738334858188472,0.01738334858188472,0.8737419945105215,1074,257,836,19
0.042872510850429535,0.23604757548032937,0.23604757548032937,0.9826166514181153,0.9826166514181153,0.01738334858188472,0.01738334858188472,0.8732845379688929,1074,258,835,19
0.04275549575686455,0.23696248856358645,0.23696248856358645,0.9826166514181153,0.9826166514181153,0.01738334858188472,0.01738334858188472,0.8728270814272644,1074,259,834,19
0.04275357350707054,0.23696248856358645,0.23696248856358645,0.9835315645013724,0.9835315645013724,0.01646843549862763,0.01646843549862763,0.8732845379688929,1075,259,834,18
0.042631201446056366,0.23787740164684354,0.23787740164684354,0.9835315645013724,0.9835315645013724,0.01646843549862763,0.01646843549862763,0.8728270814272644,1075,260,833,18
0.04262503981590271,0.23879231473010065,0.23879231473010065,0.9835315645013724,0.9835315645013724,0.01646843549862763,0.01646843549862763,0.8723696248856359,1075,261,832,18
0.04212668538093567,0.23970722781335774,0.23970722781335774,0.9835315645013724,0.9835315645013724,0.01646843549862763,0.01646843549862763,0.8719121683440073,1075,262,831,18
0.041980303823947906,0.24062214089661482,0.24062214089661482,0.9835315645013724,0.9835315645013724,0.01646843549862763,0.01646843549862763,0.8714547118023788,1075,263,830,18
0.04178932309150696,0.2415370539798719,0.2415370539798719,0.9835315645013724,0.9835315645013724,0.01646843549862763,0.01646843549862763,0.8709972552607502,1075,264,829,18
0.04177252948284149,0.242451967063129,0.242451967063129,0.9835315645013724,0.9835315645013724,0.01646843549862763,0.01646843549862763,0.8705397987191217,1075,265,828,18
0.04171976447105408,0.2433668801463861,0.2433668801463861,0.9835315645013724,0.9835315645013724,0.01646843549862763,0.01646843549862763,0.8700823421774931,1075,266,827,18
0.04158240184187889,0.2442817932296432,0.2442817932296432,0.9835315645013724,0.9835315645013724,0.01646843549862763,0.01646843549862763,0.8696248856358646,1075,267,826,18
0.04155590757727623,0.24519670631290028,0.24519670631290028,0.9835315645013724,0.9835315645013724,0.01646843549862763,0.01646843549862763,0.869167429094236,1075,268,825,18
0.041356757283210754,0.24611161939615736,0.24611161939615736,0.9835315645013724,0.9835315645013724,0.01646843549862763,0.01646843549862763,0.8687099725526075,1075,269,824,18
0.04131950065493584,0.24702653247941445,0.24702653247941445,0.9835315645013724,0.9835315645013724,0.01646843549862763,0.01646843549862763,0.868252516010979,1075,270,823,18
0.04131947457790375,0.24794144556267156,0.24794144556267156,0.9835315645013724,0.9835315645013724,0.01646843549862763,0.01646843549862763,0.8677950594693504,1075,271,822,18
0.04127878323197365,0.24885635864592864,0.24885635864592864,0.9835315645013724,0.9835315645013724,0.01646843549862763,0.01646843549862763,0.8673376029277219,1075,272,821,18
0.041206978261470795,0.24977127172918573,0.24977127172918573,0.9835315645013724,0.9835315645013724,0.01646843549862763,0.01646843549862763,0.8668801463860933,1075,273,820,18
0.040931396186351776,0.2506861848124428,0.2506861848124428,0.9835315645013724,0.9835315645013724,0.01646843549862763,0.01646843549862763,0.8664226898444648,1075,274,819,18
0.04090949147939682,0.2516010978956999,0.2516010978956999,0.9835315645013724,0.9835315645013724,0.01646843549862763,0.01646843549862763,0.8659652333028363,1075,275,818,18
0.04089491069316864,0.252516010978957,0.252516010978957,0.9835315645013724,0.9835315645013724,0.01646843549862763,0.01646843549862763,0.8655077767612077,1075,276,817,18
0.04078640416264534,0.25343092406221407,0.25343092406221407,0.9835315645013724,0.9835315645013724,0.01646843549862763,0.01646843549862763,0.8650503202195792,1075,277,816,18
0.04051573947072029,0.25434583714547115,0.25434583714547115,0.9835315645013724,0.9835315645013724,0.01646843549862763,0.01646843549862763,0.8645928636779506,1075,278,815,18
0.04037424176931381,0.2552607502287283,0.2552607502287283,0.9835315645013724,0.9835315645013724,0.01646843549862763,0.01646843549862763,0.8641354071363221,1075,279,814,18
0.04032367467880249,0.2561756633119854,0.2561756633119854,0.9835315645013724,0.9835315645013724,0.01646843549862763,0.01646843549862763,0.8636779505946935,1075,280,813,18
0.04017117992043495,0.25709057639524246,0.25709057639524246,0.9835315645013724,0.9835315645013724,0.01646843549862763,0.01646843549862763,0.863220494053065,1075,281,812,18
0.04001946374773979,0.25800548947849955,0.25800548947849955,0.9835315645013724,0.9835315645013724,0.01646843549862763,0.01646843549862763,0.8627630375114365,1075,282,811,18
0.039963435381650925,0.25892040256175664,0.25892040256175664,0.9835315645013724,0.9835315645013724,0.01646843549862763,0.01646843549862763,0.8623055809698079,1075,283,810,18
0.03989512100815773,0.2598353156450137,0.2598353156450137,0.9835315645013724,0.9835315645013724,0.01646843549862763,0.01646843549862763,0.8618481244281794,1075,284,809,18
0.03956979885697365,0.2607502287282708,0.2607502287282708,0.9835315645013724,0.9835315645013724,0.01646843549862763,0.01646843549862763,0.8613906678865508,1075,285,808,18
0.039419516921043396,0.2616651418115279,0.2616651418115279,0.9835315645013724,0.9835315645013724,0.01646843549862763,0.01646843549862763,0.8609332113449222,1075,286,807,18
0.03926565498113632,0.262580054894785,0.262580054894785,0.9835315645013724,0.9835315645013724,0.01646843549862763,0.01646843549862763,0.8604757548032936,1075,287,806,18
0.03884527087211609,0.26349496797804206,0.26349496797804206,0.9835315645013724,0.9835315645013724,0.01646843549862763,0.01646843549862763,0.8600182982616651,1075,288,805,18
0.03856291249394417,0.2644098810612992,0.2644098810612992,0.9835315645013724,0.9835315645013724,0.01646843549862763,0.01646843549862763,0.8595608417200366,1075,289,804,18
0.038292352110147476,0.2653247941445563,0.2653247941445563,0.9835315645013724,0.9835315645013724,0.01646843549862763,0.01646843549862763,0.859103385178408,1075,290,803,18
0.03824715316295624,0.26623970722781337,0.26623970722781337,0.9835315645013724,0.9835315645013724,0.01646843549862763,0.01646843549862763,0.8586459286367795,1075,291,802,18
0.038015708327293396,0.26715462031107046,0.26715462031107046,0.9835315645013724,0.9835315645013724,0.01646843549862763,0.01646843549862763,0.8581884720951509,1075,292,801,18
0.03785829618573189,0.26806953339432754,0.26806953339432754,0.9835315645013724,0.9835315645013724,0.01646843549862763,0.01646843549862763,0.8577310155535224,1075,293,800,18
0.03782720863819122,0.26806953339432754,0.26806953339432754,0.9844464775846294,0.9844464775846294,0.01555352241537054,0.01555352241537054,0.8581884720951509,1076,293,800,17
0.037785209715366364,0.2689844464775846,0.2689844464775846,0.9844464775846294,0.9844464775846294,0.01555352241537054,0.01555352241537054,0.8577310155535224,1076,294,799,17
0.03734184801578522,0.2698993595608417,0.2698993595608417,0.9844464775846294,0.9844464775846294,0.01555352241537054,0.01555352241537054,0.8572735590118938,1076,295,798,17
0.037303268909454346,0.2708142726440988,0.2708142726440988,0.9844464775846294,0.9844464775846294,0.01555352241537054,0.01555352241537054,0.8568161024702653,1076,296,797,17
0.03729719668626785,0.2717291857273559,0.2717291857273559,0.9844464775846294,0.9844464775846294,0.01555352241537054,0.01555352241537054,0.8563586459286368,1076,297,796,17
0.03688892722129822,0.27264409881061297,0.27264409881061297,0.9844464775846294,0.9844464775846294,0.01555352241537054,0.01555352241537054,0.8559011893870082,1076,298,795,17
0.03673546388745308,0.2735590118938701,0.2735590118938701,0.9844464775846294,0.9844464775846294,0.01555352241537054,0.01555352241537054,0.8554437328453797,1076,299,794,17
0.03645249828696251,0.2744739249771272,0.2744739249771272,0.9844464775846294,0.9844464775846294,0.01555352241537054,0.01555352241537054,0.8549862763037511,1076,300,793,17
0.03592995926737785,0.2753888380603843,0.2753888380603843,0.9844464775846294,0.9844464775846294,0.01555352241537054,0.01555352241537054,0.8545288197621226,1076,301,792,17
0.03578140586614609,0.27630375114364136,0.27630375114364136,0.9844464775846294,0.9844464775846294,0.01555352241537054,0.01555352241537054,0.854071363220494,1076,302,791,17
0.03577603027224541,0.27721866422689845,0.27721866422689845,0.9844464775846294,0.9844464775846294,0.01555352241537054,0.01555352241537054,0.8536139066788655,1076,303,790,17
0.035535961389541626,0.27813357731015553,0.27813357731015553,0.9844464775846294,0.9844464775846294,0.01555352241537054,0.01555352241537054,0.853156450137237,1076,304,789,17
0.03541409969329834,0.2790484903934126,0.2790484903934126,0.9844464775846294,0.9844464775846294,0.01555352241537054,0.01555352241537054,0.8526989935956084,1076,305,788,17
0.0353134423494339,0.2799634034766697,0.2799634034766697,0.9844464775846294,0.9844464775846294,0.01555352241537054,0.01555352241537054,0.8522415370539799,1076,306,787,17
0.035149697214365005,0.2808783165599268,0.2808783165599268,0.9844464775846294,0.9844464775846294,0.01555352241537054,0.01555352241537054,0.8517840805123513,1076,307,786,17
0.03513624146580696,0.2817932296431839,0.2817932296431839,0.9844464775846294,0.9844464775846294,0.01555352241537054,0.01555352241537054,0.8513266239707228,1076,308,785,17
0.034930333495140076,0.282708142726441,0.282708142726441,0.9844464775846294,0.9844464775846294,0.01555352241537054,0.01555352241537054,0.8508691674290942,1076,309,784,17
0.03480902314186096,0.2836230558096981,0.2836230558096981,0.9844464775846294,0.9844464775846294,0.01555352241537054,0.01555352241537054,0.8504117108874657,1076,310,783,17
0.03457976505160332,0.2845379688929552,0.2845379688929552,0.9844464775846294,0.9844464775846294,0.01555352241537054,0.01555352241537054,0.8499542543458372,1076,311,782,17
0.034578390419483185,0.28545288197621227,0.28545288197621227,0.9844464775846294,0.9844464775846294,0.01555352241537054,0.01555352241537054,0.8494967978042086,1076,312,781,17
0.034557852894067764,0.28636779505946935,0.28636779505946935,0.9844464775846294,0.9844464775846294,0.01555352241537054,0.01555352241537054,0.8490393412625801,1076,313,780,17
0.034331437200307846,0.28728270814272644,0.28728270814272644,0.9844464775846294,0.9844464775846294,0.01555352241537054,0.01555352241537054,0.8485818847209515,1076,314,779,17
0.03398548811674118,0.2881976212259835,0.2881976212259835,0.9844464775846294,0.9844464775846294,0.01555352241537054,0.01555352241537054,0.848124428179323,1076,315,778,17
0.033933255821466446,0.2891125343092406,0.2891125343092406,0.9844464775846294,0.9844464775846294,0.01555352241537054,0.01555352241537054,0.8476669716376944,1076,316,777,17
0.033889155834913254,0.2900274473924977,0.2900274473924977,0.9844464775846294,0.9844464775846294,0.01555352241537054,0.01555352241537054,0.8472095150960659,1076,317,776,17
0.033817365765571594,0.2909423604757548,0.2909423604757548,0.9844464775846294,0.9844464775846294,0.01555352241537054,0.01555352241537054,0.8467520585544374,1076,318,775,17
0.03360398858785629,0.2918572735590119,0.2918572735590119,0.9844464775846294,0.9844464775846294,0.01555352241537054,0.01555352241537054,0.8462946020128088,1076,319,774,17
0.033377163112163544,0.292772186642269,0.292772186642269,0.9844464775846294,0.9844464775846294,0.01555352241537054,0.01555352241537054,0.8458371454711803,1076,320,773,17
0.033080391585826874,0.2936870997255261,0.2936870997255261,0.9844464775846294,0.9844464775846294,0.01555352241537054,0.01555352241537054,0.8453796889295517,1076,321,772,17
0.0329776369035244,0.2946020128087832,0.2946020128087832,0.9844464775846294,0.9844464775846294,0.01555352241537054,0.01555352241537054,0.8449222323879232,1076,322,771,17
0.03292110562324524,0.29551692589204026,0.29551692589204026,0.9844464775846294,0.9844464775846294,0.01555352241537054,0.01555352241537054,0.8444647758462946,1076,323,770,17
0.03278740867972374,0.29643183897529735,0.29643183897529735,0.9844464775846294,0.9844464775846294,0.01555352241537054,0.01555352241537054,0.8440073193046661,1076,324,769,17
0.0327867828309536,0.29734675205855443,0.29734675205855443,0.9844464775846294,0.9844464775846294,0.01555352241537054,0.01555352241537054,0.8435498627630376,1076,325,768,17
0.03268689289689064,0.2982616651418115,0.2982616651418115,0.9844464775846294,0.9844464775846294,0.01555352241537054,0.01555352241537054,0.843092406221409,1076,326,767,17
0.03267096355557442,0.2991765782250686,0.2991765782250686,0.9844464775846294,0.9844464775846294,0.01555352241537054,0.01555352241537054,0.8426349496797805,1076,327,766,17
0.03267081081867218,0.3000914913083257,0.3000914913083257,0.9844464775846294,0.9844464775846294,0.01555352241537054,0.01555352241537054,0.8421774931381518,1076,328,765,17
0.032540708780288696,0.3010064043915828,0.3010064043915828,0.9844464775846294,0.9844464775846294,0.01555352241537054,0.01555352241537054,0.8417200365965233,1076,329,764,17
0.032300036400556564,0.3019213174748399,0.3019213174748399,0.9844464775846294,0.9844464775846294,0.01555352241537054,0.01555352241537054,0.8412625800548947,1076,330,763,17
0.03223516047000885,0.302836230558097,0.302836230558097,0.9844464775846294,0.9844464775846294,0.01555352241537054,0.01555352241537054,0.8408051235132662,1076,331,762,17
0.03212093189358711,0.3037511436413541,0.3037511436413541,0.9844464775846294,0.9844464775846294,0.01555352241537054,0.01555352241537054,0.8403476669716377,1076,332,761,17
0.03211688995361328,0.30466605672461117,0.30466605672461117,0.9844464775846294,0.9844464775846294,0.01555352241537054,0.01555352241537054,0.8398902104300091,1076,333,760,17
0.03210454434156418,0.30558096980786825,0.30558096980786825,0.9844464775846294,0.9844464775846294,0.01555352241537054,0.01555352241537054,0.8394327538883806,1076,334,759,17
0.03203486651182175,0.30649588289112534,0.30649588289112534,0.9844464775846294,0.9844464775846294,0.01555352241537054,0.01555352241537054,0.838975297346752,1076,335,758,17
0.0319826565682888,0.3074107959743824,0.3074107959743824,0.9844464775846294,0.9844464775846294,0.01555352241537054,0.01555352241537054,0.8385178408051235,1076,336,757,17
0.031982336193323135,0.3083257090576395,0.3083257090576395,0.9844464775846294,0.9844464775846294,0.01555352241537054,0.01555352241537054,0.8380603842634949,1076,337,756,17
0.03185519948601723,0.3092406221408966,0.3092406221408966,0.9844464775846294,0.9844464775846294,0.01555352241537054,0.01555352241537054,0.8376029277218664,1076,338,755,17
0.03166496008634567,0.3101555352241537,0.3101555352241537,0.9844464775846294,0.9844464775846294,0.01555352241537054,0.01555352241537054,0.8371454711802379,1076,339,754,17
0.030687488615512848,0.3110704483074108,0.3110704483074108,0.9844464775846294,0.9844464775846294,0.01555352241537054,0.01555352241537054,0.8366880146386093,1076,340,753,17
0.030536875128746033,0.3119853613906679,0.3119853613906679,0.9844464775846294,0.9844464775846294,0.01555352241537054,0.01555352241537054,0.8362305580969808,1076,341,752,17
0.030504344031214714,0.312900274473925,0.312900274473925,0.9844464775846294,0.9844464775846294,0.01555352241537054,0.01555352241537054,0.8357731015553522,1076,342,751,17
0.030417311936616898,0.3138151875571821,0.3138151875571821,0.9844464775846294,0.9844464775846294,0.01555352241537054,0.01555352241537054,0.8353156450137237,1076,343,750,17
0.030290938913822174,0.31473010064043916,0.31473010064043916,0.9844464775846294,0.9844464775846294,0.01555352241537054,0.01555352241537054,0.8348581884720951,1076,344,749,17
0.03023744374513626,0.31564501372369624,0.31564501372369624,0.9844464775846294,0.9844464775846294,0.01555352241537054,0.01555352241537054,0.8344007319304666,1076,345,748,17
0.030158130452036858,0.31655992680695333,0.31655992680695333,0.9844464775846294,0.9844464775846294,0.01555352241537054,0.01555352241537054,0.8339432753888381,1076,346,747,17
0.03001934476196766,0.3174748398902104,0.3174748398902104,0.9844464775846294,0.9844464775846294,0.01555352241537054,0.01555352241537054,0.8334858188472095,1076,347,746,17
0.029778925701975822,0.3183897529734675,0.3183897529734675,0.9844464775846294,0.9844464775846294,0.01555352241537054,0.01555352241537054,0.833028362305581,1076,348,745,17
0.02963518723845482,0.3193046660567246,0.3193046660567246,0.9844464775846294,0.9844464775846294,0.01555352241537054,0.01555352241537054,0.8325709057639524,1076,349,744,17
0.029587076976895332,0.3202195791399817,0.3202195791399817,0.9844464775846294,0.9844464775846294,0.01555352241537054,0.01555352241537054,0.8321134492223239,1076,350,743,17
0.02932361513376236,0.3211344922232388,0.3211344922232388,0.9844464775846294,0.9844464775846294,0.01555352241537054,0.01555352241537054,0.8316559926806953,1076,351,742,17
0.029076797887682915,0.3220494053064959,0.3220494053064959,0.9844464775846294,0.9844464775846294,0.01555352241537054,0.01555352241537054,0.8311985361390668,1076,352,741,17
0.028964897617697716,0.322964318389753,0.322964318389753,0.9844464775846294,0.9844464775846294,0.01555352241537054,0.01555352241537054,0.8307410795974383,1076,353,740,17
0.028943685814738274,0.32387923147301007,0.32387923147301007,0.9844464775846294,0.9844464775846294,0.01555352241537054,0.01555352241537054,0.8302836230558097,1076,354,739,17
0.028559671714901924,0.32479414455626715,0.32479414455626715,0.9844464775846294,0.9844464775846294,0.01555352241537054,0.01555352241537054,0.8298261665141812,1076,355,738,17
0.028194749727845192,0.32570905763952424,0.32570905763952424,0.9844464775846294,0.9844464775846294,0.01555352241537054,0.01555352241537054,0.8293687099725526,1076,356,737,17
0.027678733691573143,0.3266239707227813,0.3266239707227813,0.9844464775846294,0.9844464775846294,0.01555352241537054,0.01555352241537054,0.8289112534309241,1076,357,736,17
0.02760780230164528,0.3275388838060384,0.3275388838060384,0.9844464775846294,0.9844464775846294,0.01555352241537054,0.01555352241537054,0.8284537968892955,1076,358,735,17
0.02737603150308132,0.3284537968892955,0.3284537968892955,0.9844464775846294,0.9844464775846294,0.01555352241537054,0.01555352241537054,0.827996340347667,1076,359,734,17
0.02712736465036869,0.32936870997255263,0.32936870997255263,0.9844464775846294,0.9844464775846294,0.01555352241537054,0.01555352241537054,0.8275388838060385,1076,360,733,17
0.026814309880137444,0.3302836230558097,0.3302836230558097,0.9844464775846294,0.9844464775846294,0.01555352241537054,0.01555352241537054,0.8270814272644099,1076,361,732,17
0.026529958471655846,0.3311985361390668,0.3311985361390668,0.9844464775846294,0.9844464775846294,0.01555352241537054,0.01555352241537054,0.8266239707227814,1076,362,731,17
0.026396751403808594,0.3321134492223239,0.3321134492223239,0.9844464775846294,0.9844464775846294,0.01555352241537054,0.01555352241537054,0.8261665141811528,1076,363,730,17
0.026372171938419342,0.33302836230558097,0.33302836230558097,0.9844464775846294,0.9844464775846294,0.01555352241537054,0.01555352241537054,0.8257090576395243,1076,364,729,17
0.02630043961107731,0.33302836230558097,0.33302836230558097,0.9853613906678865,0.9853613906678865,0.01463860933211345,0.01463860933211345,0.8261665141811528,1077,364,729,16
0.02601580321788788,0.33394327538883806,0.33394327538883806,0.9853613906678865,0.9853613906678865,0.01463860933211345,0.01463860933211345,0.8257090576395243,1077,365,728,16
0.026006773114204407,0.33485818847209514,0.33485818847209514,0.9853613906678865,0.9853613906678865,0.01463860933211345,0.01463860933211345,0.8252516010978957,1077,366,727,16
0.02590583637356758,0.3357731015553522,0.3357731015553522,0.9853613906678865,0.9853613906678865,0.01463860933211345,0.01463860933211345,0.8247941445562672,1077,367,726,16
0.02551134303212166,0.3366880146386093,0.3366880146386093,0.9853613906678865,0.9853613906678865,0.01463860933211345,0.01463860933211345,0.8243366880146387,1077,368,725,16
0.025174695998430252,0.3376029277218664,0.3376029277218664,0.9853613906678865,0.9853613906678865,0.01463860933211345,0.01463860933211345,0.82387923147301,1077,369,724,16
0.02499144710600376,0.33851784080512354,0.33851784080512354,0.9853613906678865,0.9853613906678865,0.01463860933211345,0.01463860933211345,0.8234217749313815,1077,370,723,16
0.024893764406442642,0.3394327538883806,0.3394327538883806,0.9853613906678865,0.9853613906678865,0.01463860933211345,0.01463860933211345,0.8229643183897529,1077,371,722,16
0.02475621923804283,0.3403476669716377,0.3403476669716377,0.9853613906678865,0.9853613906678865,0.01463860933211345,0.01463860933211345,0.8225068618481244,1077,372,721,16
0.02424023486673832,0.3412625800548948,0.3412625800548948,0.9853613906678865,0.9853613906678865,0.01463860933211345,0.01463860933211345,0.8220494053064958,1077,373,720,16
0.02398981712758541,0.3421774931381519,0.3421774931381519,0.9853613906678865,0.9853613906678865,0.01463860933211345,0.01463860933211345,0.8215919487648673,1077,374,719,16
0.023947181180119514,0.34309240622140896,0.34309240622140896,0.9853613906678865,0.9853613906678865,0.01463860933211345,0.01463860933211345,0.8211344922232388,1077,375,718,16
0.02385649085044861,0.34400731930466605,0.34400731930466605,0.9853613906678865,0.9853613906678865,0.01463860933211345,0.01463860933211345,0.8206770356816102,1077,376,717,16
0.02383691817522049,0.34492223238792313,0.34492223238792313,0.9853613906678865,0.9853613906678865,0.01463860933211345,0.01463860933211345,0.8202195791399817,1077,377,716,16
0.023764312267303467,0.3458371454711802,0.3458371454711802,0.9853613906678865,0.9853613906678865,0.01463860933211345,0.01463860933211345,0.8197621225983531,1077,378,715,16
0.023742061108350754,0.3467520585544373,0.3467520585544373,0.9853613906678865,0.9853613906678865,0.01463860933211345,0.01463860933211345,0.8193046660567246,1077,379,714,16
0.023464851081371307,0.34766697163769444,0.34766697163769444,0.9853613906678865,0.9853613906678865,0.01463860933211345,0.01463860933211345,0.818847209515096,1077,380,713,16
0.023349281400442123,0.34858188472095153,0.34858188472095153,0.9853613906678865,0.9853613906678865,0.01463860933211345,0.01463860933211345,0.8183897529734675,1077,381,712,16
0.02332824096083641,0.3494967978042086,0.3494967978042086,0.9853613906678865,0.9853613906678865,0.01463860933211345,0.01463860933211345,0.817932296431839,1077,382,711,16
0.02266034297645092,0.3504117108874657,0.3504117108874657,0.9853613906678865,0.9853613906678865,0.01463860933211345,0.01463860933211345,0.8174748398902104,1077,383,710,16
0.022606395184993744,0.3513266239707228,0.3513266239707228,0.9853613906678865,0.9853613906678865,0.01463860933211345,0.01463860933211345,0.8170173833485819,1077,384,709,16
0.02254381775856018,0.35224153705397987,0.35224153705397987,0.9853613906678865,0.9853613906678865,0.01463860933211345,0.01463860933211345,0.8165599268069533,1077,385,708,16
0.02249167114496231,0.35315645013723695,0.35315645013723695,0.9853613906678865,0.9853613906678865,0.01463860933211345,0.01463860933211345,0.8161024702653248,1077,386,707,16
0.02248598262667656,0.35315645013723695,0.35315645013723695,0.9862763037511436,0.9862763037511436,0.013723696248856358,0.013723696248856358,0.8165599268069533,1078,386,707,15
0.022451255470514297,0.35407136322049404,0.35407136322049404,0.9862763037511436,0.9862763037511436,0.013723696248856358,0.013723696248856358,0.8161024702653248,1078,387,706,15
0.022383807227015495,0.3549862763037511,0.3549862763037511,0.9862763037511436,0.9862763037511436,0.013723696248856358,0.013723696248856358,0.8156450137236962,1078,388,705,15
0.022220376878976822,0.3559011893870082,0.3559011893870082,0.9862763037511436,0.9862763037511436,0.013723696248856358,0.013723696248856358,0.8151875571820677,1078,389,704,15
0.022150233387947083,0.35681610247026535,0.35681610247026535,0.9862763037511436,0.9862763037511436,0.013723696248856358,0.013723696248856358,0.8147301006404392,1078,390,703,15
0.02214619144797325,0.35773101555352244,0.35773101555352244,0.9862763037511436,0.9862763037511436,0.013723696248856358,0.013723696248856358,0.8142726440988106,1078,391,702,15
0.022110547870397568,0.3586459286367795,0.3586459286367795,0.9862763037511436,0.9862763037511436,0.013723696248856358,0.013723696248856358,0.8138151875571821,1078,392,701,15
0.02188817970454693,0.3595608417200366,0.3595608417200366,0.9862763037511436,0.9862763037511436,0.013723696248856358,0.013723696248856358,0.8133577310155535,1078,393,700,15
0.02183224819600582,0.3604757548032937,0.3604757548032937,0.9862763037511436,0.9862763037511436,0.013723696248856358,0.013723696248856358,0.812900274473925,1078,394,699,15
0.021814590319991112,0.3613906678865508,0.3613906678865508,0.9862763037511436,0.9862763037511436,0.013723696248856358,0.013723696248856358,0.8124428179322964,1078,395,698,15
0.021610913798213005,0.36230558096980786,0.36230558096980786,0.9862763037511436,0.9862763037511436,0.013723696248856358,0.013723696248856358,0.8119853613906679,1078,396,697,15
0.02133573219180107,0.36322049405306495,0.36322049405306495,0.9862763037511436,0.9862763037511436,0.013723696248856358,0.013723696248856358,0.8115279048490394,1078,397,696,15
0.02113964408636093,0.36413540713632203,0.36413540713632203,0.9862763037511436,0.9862763037511436,0.013723696248856358,0.013723696248856358,0.8110704483074108,1078,398,695,15
0.021076107397675514,0.3650503202195791,0.3650503202195791,0.9862763037511436,0.9862763037511436,0.013723696248856358,0.013723696248856358,0.8106129917657823,1078,399,694,15
0.02076566591858864,0.36596523330283626,0.36596523330283626,0.9862763037511436,0.9862763037511436,0.013723696248856358,0.013723696248856358,0.8101555352241537,1078,400,693,15
0.020386582240462303,0.36688014638609334,0.36688014638609334,0.9862763037511436,0.9862763037511436,0.013723696248856358,0.013723696248856358,0.8096980786825252,1078,401,692,15
0.02023058757185936,0.3677950594693504,0.3677950594693504,0.9862763037511436,0.9862763037511436,0.013723696248856358,0.013723696248856358,0.8092406221408966,1078,402,691,15
0.02001071348786354,0.3687099725526075,0.3687099725526075,0.9862763037511436,0.9862763037511436,0.013723696248856358,0.013723696248856358,0.8087831655992681,1078,403,690,15
0.019924255087971687,0.3696248856358646,0.3696248856358646,0.9862763037511436,0.9862763037511436,0.013723696248856358,0.013723696248856358,0.8083257090576396,1078,404,689,15
0.01990629732608795,0.3705397987191217,0.3705397987191217,0.9862763037511436,0.9862763037511436,0.013723696248856358,0.013723696248856358,0.807868252516011,1078,405,688,15
0.019901691004633904,0.37145471180237877,0.37145471180237877,0.9862763037511436,0.9862763037511436,0.013723696248856358,0.013723696248856358,0.8074107959743825,1078,406,687,15
0.01989566534757614,0.37236962488563585,0.37236962488563585,0.9862763037511436,0.9862763037511436,0.013723696248856358,0.013723696248856358,0.8069533394327539,1078,407,686,15
0.019863300025463104,0.37328453796889294,0.37328453796889294,0.9862763037511436,0.9862763037511436,0.013723696248856358,0.013723696248856358,0.8064958828911254,1078,408,685,15
0.019756166264414787,0.37419945105215,0.37419945105215,0.9862763037511436,0.9862763037511436,0.013723696248856358,0.013723696248856358,0.8060384263494969,1078,409,684,15
0.019336530938744545,0.37511436413540716,0.37511436413540716,0.9862763037511436,0.9862763037511436,0.013723696248856358,0.013723696248856358,0.8055809698078683,1078,410,683,15
0.019185109063982964,0.37602927721866425,0.37602927721866425,0.9862763037511436,0.9862763037511436,0.013723696248856358,0.013723696248856358,0.8051235132662397,1078,411,682,15
0.019052403047680855,0.37694419030192133,0.37694419030192133,0.9862763037511436,0.9862763037511436,0.013723696248856358,0.013723696248856358,0.8046660567246111,1078,412,681,15
0.01892448216676712,0.3778591033851784,0.3778591033851784,0.9862763037511436,0.9862763037511436,0.013723696248856358,0.013723696248856358,0.8042086001829826,1078,413,680,15
0.018878743052482605,0.3787740164684355,0.3787740164684355,0.9862763037511436,0.9862763037511436,0.013723696248856358,0.013723696248856358,0.803751143641354,1078,414,679,15
0.018815692514181137,0.3796889295516926,0.3796889295516926,0.9862763037511436,0.9862763037511436,0.013723696248856358,0.013723696248856358,0.8032936870997255,1078,415,678,15
0.01838538609445095,0.3806038426349497,0.3806038426349497,0.9862763037511436,0.9862763037511436,0.013723696248856358,0.013723696248856358,0.8028362305580969,1078,416,677,15
0.018338702619075775,0.38151875571820676,0.38151875571820676,0.9862763037511436,0.9862763037511436,0.013723696248856358,0.013723696248856358,0.8023787740164684,1078,417,676,15
0.018190033733844757,0.38243366880146384,0.38243366880146384,0.9862763037511436,0.9862763037511436,0.013723696248856358,0.013723696248856358,0.8019213174748399,1078,418,675,15
0.018129568547010422,0.38334858188472093,0.38334858188472093,0.9862763037511436,0.9862763037511436,0.013723696248856358,0.013723696248856358,0.8014638609332113,1078,419,674,15
0.018112892284989357,0.38426349496797807,0.38426349496797807,0.9862763037511436,0.9862763037511436,0.013723696248856358,0.013723696248856358,0.8010064043915828,1078,420,673,15
0.01802707277238369,0.38517840805123515,0.38517840805123515,0.9862763037511436,0.9862763037511436,0.013723696248856358,0.013723696248856358,0.8005489478499542,1078,421,672,15
0.017936987802386284,0.38609332113449224,0.38609332113449224,0.9862763037511436,0.9862763037511436,0.013723696248856358,0.013723696248856358,0.8000914913083257,1078,422,671,15
0.01786564290523529,0.3870082342177493,0.3870082342177493,0.9862763037511436,0.9862763037511436,0.013723696248856358,0.013723696248856358,0.7996340347666971,1078,423,670,15
0.017731089144945145,0.3879231473010064,0.3879231473010064,0.9862763037511436,0.9862763037511436,0.013723696248856358,0.013723696248856358,0.7991765782250686,1078,424,669,15
0.017650188878178596,0.3888380603842635,0.3888380603842635,0.9862763037511436,0.9862763037511436,0.013723696248856358,0.013723696248856358,0.7987191216834401,1078,425,668,15
0.017563316971063614,0.3897529734675206,0.3897529734675206,0.9862763037511436,0.9862763037511436,0.013723696248856358,0.013723696248856358,0.7982616651418115,1078,426,667,15
0.017339885234832764,0.39066788655077767,0.39066788655077767,0.9862763037511436,0.9862763037511436,0.013723696248856358,0.013723696248856358,0.797804208600183,1078,427,666,15
0.017253452911973,0.39066788655077767,0.39066788655077767,0.9871912168344007,0.9871912168344007,0.012808783165599268,0.012808783165599268,0.7982616651418115,1079,427,666,14
0.017237385734915733,0.39158279963403475,0.39158279963403475,0.9871912168344007,0.9871912168344007,0.012808783165599268,0.012808783165599268,0.797804208600183,1079,428,665,14
0.016812317073345184,0.39249771271729184,0.39249771271729184,0.9871912168344007,0.9871912168344007,0.012808783165599268,0.012808783165599268,0.7973467520585544,1079,429,664,14
0.01678117737174034,0.3934126258005489,0.3934126258005489,0.9871912168344007,0.9871912168344007,0.012808783165599268,0.012808783165599268,0.7968892955169259,1079,430,663,14
0.016730887815356255,0.39432753888380606,0.39432753888380606,0.9871912168344007,0.9871912168344007,0.012808783165599268,0.012808783165599268,0.7964318389752973,1079,431,662,14
0.016592998057603836,0.39524245196706315,0.39524245196706315,0.9871912168344007,0.9871912168344007,0.012808783165599268,0.012808783165599268,0.7959743824336688,1079,432,661,14
0.016578610986471176,0.39615736505032023,0.39615736505032023,0.9871912168344007,0.9871912168344007,0.012808783165599268,0.012808783165599268,0.7955169258920403,1079,433,660,14
0.016414863988757133,0.3970722781335773,0.3970722781335773,0.9871912168344007,0.9871912168344007,0.012808783165599268,0.012808783165599268,0.7950594693504117,1079,434,659,14
0.016318928450345993,0.3979871912168344,0.3979871912168344,0.9871912168344007,0.9871912168344007,0.012808783165599268,0.012808783165599268,0.7946020128087832,1079,435,658,14
0.01606241799890995,0.3989021043000915,0.3989021043000915,0.9871912168344007,0.9871912168344007,0.012808783165599268,0.012808783165599268,0.7941445562671546,1079,436,657,14
0.016060009598731995,0.39981701738334857,0.39981701738334857,0.9871912168344007,0.9871912168344007,0.012808783165599268,0.012808783165599268,0.7936870997255261,1079,437,656,14
0.015982838347554207,0.40073193046660566,0.40073193046660566,0.9871912168344007,0.9871912168344007,0.012808783165599268,0.012808783165599268,0.7932296431838975,1079,438,655,14
0.015969960018992424,0.40164684354986274,0.40164684354986274,0.9871912168344007,0.9871912168344007,0.012808783165599268,0.012808783165599268,0.792772186642269,1079,439,654,14
0.01576126366853714,0.4025617566331198,0.4025617566331198,0.9871912168344007,0.9871912168344007,0.012808783165599268,0.012808783165599268,0.7923147301006405,1079,440,653,14
0.015674665570259094,0.40347666971637697,0.40347666971637697,0.9871912168344007,0.9871912168344007,0.012808783165599268,0.012808783165599268,0.7918572735590119,1079,441,652,14
0.01566420868039131,0.40439158279963405,0.40439158279963405,0.9871912168344007,0.9871912168344007,0.012808783165599268,0.012808783165599268,0.7913998170173834,1079,442,651,14
0.015585081651806831,0.40530649588289114,0.40530649588289114,0.9871912168344007,0.9871912168344007,0.012808783165599268,0.012808783165599268,0.7909423604757548,1079,443,650,14
0.015522383153438568,0.4062214089661482,0.4062214089661482,0.9871912168344007,0.9871912168344007,0.012808783165599268,0.012808783165599268,0.7904849039341263,1079,444,649,14
0.015245781280100346,0.4071363220494053,0.4071363220494053,0.9871912168344007,0.9871912168344007,0.012808783165599268,0.012808783165599268,0.7900274473924978,1079,445,648,14
0.01524412352591753,0.4080512351326624,0.4080512351326624,0.9871912168344007,0.9871912168344007,0.012808783165599268,0.012808783165599268,0.7895699908508692,1079,446,647,14
0.015184157527983189,0.4080512351326624,0.4080512351326624,0.9881061299176578,0.9881061299176578,0.011893870082342177,0.011893870082342177,0.7900274473924978,1080,446,647,13
0.015180223621428013,0.4080512351326624,0.4080512351326624,0.9890210430009149,0.9890210430009149,0.010978956999085087,0.010978956999085087,0.7904849039341263,1081,446,647,12
0.015100897289812565,0.4089661482159195,0.4089661482159195,0.9890210430009149,0.9890210430009149,0.010978956999085087,0.010978956999085087,0.7900274473924978,1081,447,646,12
0.014980286359786987,0.40988106129917656,0.40988106129917656,0.9890210430009149,0.9890210430009149,0.010978956999085087,0.010978956999085087,0.7895699908508692,1081,448,645,12
0.014911281876266003,0.41079597438243365,0.41079597438243365,0.9890210430009149,0.9890210430009149,0.010978956999085087,0.010978956999085087,0.7891125343092407,1081,449,644,12
0.014753345400094986,0.41171088746569073,0.41171088746569073,0.9890210430009149,0.9890210430009149,0.010978956999085087,0.010978956999085087,0.7886550777676121,1081,450,643,12
0.014650457538664341,0.4126258005489479,0.4126258005489479,0.9890210430009149,0.9890210430009149,0.010978956999085087,0.010978956999085087,0.7881976212259836,1081,451,642,12
0.014422891661524773,0.41354071363220496,0.41354071363220496,0.9890210430009149,0.9890210430009149,0.010978956999085087,0.010978956999085087,0.787740164684355,1081,452,641,12
0.014328718185424805,0.41445562671546204,0.41445562671546204,0.9890210430009149,0.9890210430009149,0.010978956999085087,0.010978956999085087,0.7872827081427265,1081,453,640,12
0.014328330755233765,0.41537053979871913,0.41537053979871913,0.9890210430009149,0.9890210430009149,0.010978956999085087,0.010978956999085087,0.7868252516010978,1081,454,639,12
0.014287606813013554,0.4162854528819762,0.4162854528819762,0.9890210430009149,0.9890210430009149,0.010978956999085087,0.010978956999085087,0.7863677950594693,1081,455,638,12
0.01419655978679657,0.4172003659652333,0.4172003659652333,0.9890210430009149,0.9890210430009149,0.010978956999085087,0.010978956999085087,0.7859103385178408,1081,456,637,12
0.014190982095897198,0.4181152790484904,0.4181152790484904,0.9890210430009149,0.9890210430009149,0.010978956999085087,0.010978956999085087,0.7854528819762122,1081,457,636,12
0.01406229566782713,0.41903019213174747,0.41903019213174747,0.9890210430009149,0.9890210430009149,0.010978956999085087,0.010978956999085087,0.7849954254345837,1081,458,635,12
0.014061851426959038,0.41994510521500455,0.41994510521500455,0.9890210430009149,0.9890210430009149,0.010978956999085087,0.010978956999085087,0.7845379688929551,1081,459,634,12
0.014048953540623188,0.42086001829826164,0.42086001829826164,0.9890210430009149,0.9890210430009149,0.010978956999085087,0.010978956999085087,0.7840805123513266,1081,460,633,12
0.014022951014339924,0.4217749313815188,0.4217749313815188,0.9890210430009149,0.9890210430009149,0.010978956999085087,0.010978956999085087,0.783623055809698,1081,461,632,12
0.01401795819401741,0.42268984446477587,0.42268984446477587,0.9890210430009149,0.9890210430009149,0.010978956999085087,0.010978956999085087,0.7831655992680695,1081,462,631,12
0.013985327444970608,0.42360475754803295,0.42360475754803295,0.9890210430009149,0.9890210430009149,0.010978956999085087,0.010978956999085087,0.782708142726441,1081,463,630,12
0.01391221396625042,0.42451967063129004,0.42451967063129004,0.9890210430009149,0.9890210430009149,0.010978956999085087,0.010978956999085087,0.7822506861848124,1081,464,629,12
0.01375709567219019,0.4254345837145471,0.4254345837145471,0.9890210430009149,0.9890210430009149,0.010978956999085087,0.010978956999085087,0.7817932296431839,1081,465,628,12
0.013609545305371284,0.4263494967978042,0.4263494967978042,0.9890210430009149,0.9890210430009149,0.010978956999085087,0.010978956999085087,0.7813357731015553,1081,466,627,12
0.01350642740726471,0.4272644098810613,0.4272644098810613,0.9890210430009149,0.9890210430009149,0.010978956999085087,0.010978956999085087,0.7808783165599268,1081,467,626,12
0.013494627550244331,0.4281793229643184,0.4281793229643184,0.9890210430009149,0.9890210430009149,0.010978956999085087,0.010978956999085087,0.7804208600182982,1081,468,625,12
0.013462808914482594,0.42909423604757546,0.42909423604757546,0.9890210430009149,0.9890210430009149,0.010978956999085087,0.010978956999085087,0.7799634034766697,1081,469,624,12
0.013454370200634003,0.43000914913083255,0.43000914913083255,0.9890210430009149,0.9890210430009149,0.010978956999085087,0.010978956999085087,0.7795059469350412,1081,470,623,12
0.013240557163953781,0.4309240622140897,0.4309240622140897,0.9890210430009149,0.9890210430009149,0.010978956999085087,0.010978956999085087,0.7790484903934126,1081,471,622,12
0.013166800141334534,0.43183897529734677,0.43183897529734677,0.9890210430009149,0.9890210430009149,0.010978956999085087,0.010978956999085087,0.7785910338517841,1081,472,621,12
0.013104608282446861,0.43275388838060386,0.43275388838060386,0.9890210430009149,0.9890210430009149,0.010978956999085087,0.010978956999085087,0.7781335773101555,1081,473,620,12
0.012954309582710266,0.43366880146386094,0.43366880146386094,0.9890210430009149,0.9890210430009149,0.010978956999085087,0.010978956999085087,0.777676120768527,1081,474,619,12
0.012939664535224438,0.434583714547118,0.434583714547118,0.9890210430009149,0.9890210430009149,0.010978956999085087,0.010978956999085087,0.7772186642268984,1081,475,618,12
0.012895376421511173,0.4354986276303751,0.4354986276303751,0.9890210430009149,0.9890210430009149,0.010978956999085087,0.010978956999085087,0.7767612076852699,1081,476,617,12
0.012324272654950619,0.4364135407136322,0.4364135407136322,0.9890210430009149,0.9890210430009149,0.010978956999085087,0.010978956999085087,0.7763037511436414,1081,477,616,12
0.012241361662745476,0.4373284537968893,0.4373284537968893,0.9890210430009149,0.9890210430009149,0.010978956999085087,0.010978956999085087,0.7758462946020128,1081,478,615,12
0.012199542485177517,0.43824336688014637,0.43824336688014637,0.9890210430009149,0.9890210430009149,0.010978956999085087,0.010978956999085087,0.7753888380603843,1081,479,614,12
0.011954408138990402,0.43915827996340345,0.43915827996340345,0.9890210430009149,0.9890210430009149,0.010978956999085087,0.010978956999085087,0.7749313815187557,1081,480,613,12
0.011845957487821579,0.4400731930466606,0.4400731930466606,0.9890210430009149,0.9890210430009149,0.010978956999085087,0.010978956999085087,0.7744739249771272,1081,481,612,12
0.011813642457127571,0.4409881061299177,0.4409881061299177,0.9890210430009149,0.9890210430009149,0.010978956999085087,0.010978956999085087,0.7740164684354987,1081,482,611,12
0.01162884384393692,0.44190301921317476,0.44190301921317476,0.9890210430009149,0.9890210430009149,0.010978956999085087,0.010978956999085087,0.7735590118938701,1081,483,610,12
0.011444494128227234,0.44281793229643185,0.44281793229643185,0.9890210430009149,0.9890210430009149,0.010978956999085087,0.010978956999085087,0.7731015553522416,1081,484,609,12
0.01126033067703247,0.44373284537968893,0.44373284537968893,0.9890210430009149,0.9890210430009149,0.010978956999085087,0.010978956999085087,0.772644098810613,1081,485,608,12
0.011232431046664715,0.444647758462946,0.444647758462946,0.9890210430009149,0.9890210430009149,0.010978956999085087,0.010978956999085087,0.7721866422689845,1081,486,607,12
0.011087637394666672,0.4455626715462031,0.4455626715462031,0.9890210430009149,0.9890210430009149,0.010978956999085087,0.010978956999085087,0.7717291857273559,1081,487,606,12
0.011032037436962128,0.4464775846294602,0.4464775846294602,0.9890210430009149,0.9890210430009149,0.010978956999085087,0.010978956999085087,0.7712717291857274,1081,488,605,12
0.010372238233685493,0.4473924977127173,0.4473924977127173,0.9890210430009149,0.9890210430009149,0.010978956999085087,0.010978956999085087,0.7708142726440989,1081,489,604,12
0.01032551471143961,0.44830741079597436,0.44830741079597436,0.9890210430009149,0.9890210430009149,0.010978956999085087,0.010978956999085087,0.7703568161024703,1081,490,603,12
0.01028105616569519,0.4492223238792315,0.4492223238792315,0.9890210430009149,0.9890210430009149,0.010978956999085087,0.010978956999085087,0.7698993595608418,1081,491,602,12
0.010191868990659714,0.4501372369624886,0.4501372369624886,0.9890210430009149,0.9890210430009149,0.010978956999085087,0.010978956999085087,0.7694419030192132,1081,492,601,12
0.009982891380786896,0.45105215004574567,0.45105215004574567,0.9890210430009149,0.9890210430009149,0.010978956999085087,0.010978956999085087,0.7689844464775847,1081,493,600,12
0.009573389776051044,0.45196706312900276,0.45196706312900276,0.9890210430009149,0.9890210430009149,0.010978956999085087,0.010978956999085087,0.7685269899359561,1081,494,599,12
0.009341156110167503,0.45288197621225984,0.45288197621225984,0.9890210430009149,0.9890210430009149,0.010978956999085087,0.010978956999085087,0.7680695333943275,1081,495,598,12
0.00922472309321165,0.4537968892955169,0.4537968892955169,0.9890210430009149,0.9890210430009149,0.010978956999085087,0.010978956999085087,0.7676120768526989,1081,496,597,12
0.009153686463832855,0.454711802378774,0.454711802378774,0.9890210430009149,0.9890210430009149,0.010978956999085087,0.010978956999085087,0.7671546203110704,1081,497,596,12
0.009143578819930553,0.4556267154620311,0.4556267154620311,0.9890210430009149,0.9890210430009149,0.010978956999085087,0.010978956999085087,0.7666971637694419,1081,498,595,12
0.009068028070032597,0.4565416285452882,0.4565416285452882,0.9890210430009149,0.9890210430009149,0.010978956999085087,0.010978956999085087,0.7662397072278133,1081,499,594,12
0.009052744135260582,0.45745654162854527,0.45745654162854527,0.9890210430009149,0.9890210430009149,0.010978956999085087,0.010978956999085087,0.7657822506861848,1081,500,593,12
0.008871182799339294,0.4583714547118024,0.4583714547118024,0.9890210430009149,0.9890210430009149,0.010978956999085087,0.010978956999085087,0.7653247941445562,1081,501,592,12
0.008824678137898445,0.4592863677950595,0.4592863677950595,0.9890210430009149,0.9890210430009149,0.010978956999085087,0.010978956999085087,0.7648673376029277,1081,502,591,12
0.008427256718277931,0.4602012808783166,0.4602012808783166,0.9890210430009149,0.9890210430009149,0.010978956999085087,0.010978956999085087,0.7644098810612991,1081,503,590,12
0.008352987468242645,0.46111619396157366,0.46111619396157366,0.9890210430009149,0.9890210430009149,0.010978956999085087,0.010978956999085087,0.7639524245196706,1081,504,589,12
0.008030231110751629,0.46203110704483075,0.46203110704483075,0.9890210430009149,0.9890210430009149,0.010978956999085087,0.010978956999085087,0.7634949679780421,1081,505,588,12
0.008018160238862038,0.46294602012808783,0.46294602012808783,0.9890210430009149,0.9890210430009149,0.010978956999085087,0.010978956999085087,0.7630375114364135,1081,506,587,12
0.00788866076618433,0.4638609332113449,0.4638609332113449,0.9890210430009149,0.9890210430009149,0.010978956999085087,0.010978956999085087,0.762580054894785,1081,507,586,12
0.00783534161746502,0.464775846294602,0.464775846294602,0.9890210430009149,0.9890210430009149,0.010978956999085087,0.010978956999085087,0.7621225983531564,1081,508,585,12
0.007799149490892887,0.4656907593778591,0.4656907593778591,0.9890210430009149,0.9890210430009149,0.010978956999085087,0.010978956999085087,0.7616651418115279,1081,509,584,12
0.007711969781666994,0.46660567246111617,0.46660567246111617,0.9890210430009149,0.9890210430009149,0.010978956999085087,0.010978956999085087,0.7612076852698993,1081,510,583,12
0.007636928465217352,0.46752058554437326,0.46752058554437326,0.9890210430009149,0.9890210430009149,0.010978956999085087,0.010978956999085087,0.7607502287282708,1081,511,582,12
0.007471287623047829,0.4684354986276304,0.4684354986276304,0.9890210430009149,0.9890210430009149,0.010978956999085087,0.010978956999085087,0.7602927721866423,1081,512,581,12
0.007392880041152239,0.4693504117108875,0.4693504117108875,0.9890210430009149,0.9890210430009149,0.010978956999085087,0.010978956999085087,0.7598353156450137,1081,513,580,12
0.007271624635905027,0.47026532479414457,0.47026532479414457,0.9890210430009149,0.9890210430009149,0.010978956999085087,0.010978956999085087,0.7593778591033852,1081,514,579,12
0.007263096980750561,0.47118023787740165,0.47118023787740165,0.9890210430009149,0.9890210430009149,0.010978956999085087,0.010978956999085087,0.7589204025617566,1081,515,578,12
0.007032070308923721,0.47209515096065874,0.47209515096065874,0.9890210430009149,0.9890210430009149,0.010978956999085087,0.010978956999085087,0.7584629460201281,1081,516,577,12
0.006629523355513811,0.4730100640439158,0.4730100640439158,0.9890210430009149,0.9890210430009149,0.010978956999085087,0.010978956999085087,0.7580054894784996,1081,517,576,12
0.00660186680033803,0.4739249771271729,0.4739249771271729,0.9890210430009149,0.9890210430009149,0.010978956999085087,0.010978956999085087,0.757548032936871,1081,518,575,12
0.006532709114253521,0.47483989021043,0.47483989021043,0.9890210430009149,0.9890210430009149,0.010978956999085087,0.010978956999085087,0.7570905763952425,1081,519,574,12
0.006491116713732481,0.4757548032936871,0.4757548032936871,0.9890210430009149,0.9890210430009149,0.010978956999085087,0.010978956999085087,0.7566331198536139,1081,520,573,12
0.006422884296625853,0.47666971637694416,0.47666971637694416,0.9890210430009149,0.9890210430009149,0.010978956999085087,0.010978956999085087,0.7561756633119854,1081,521,572,12
0.006313431076705456,0.4775846294602013,0.4775846294602013,0.9890210430009149,0.9890210430009149,0.010978956999085087,0.010978956999085087,0.7557182067703568,1081,522,571,12
0.0062554869800806046,0.4784995425434584,0.4784995425434584,0.9890210430009149,0.9890210430009149,0.010978956999085087,0.010978956999085087,0.7552607502287283,1081,523,570,12
0.006223199889063835,0.4794144556267155,0.4794144556267155,0.9890210430009149,0.9890210430009149,0.010978956999085087,0.010978956999085087,0.7548032936870998,1081,524,569,12
0.006182576064020395,0.48032936870997256,0.48032936870997256,0.9890210430009149,0.9890210430009149,0.010978956999085087,0.010978956999085087,0.7543458371454712,1081,525,568,12
0.0060286433435976505,0.48124428179322964,0.48124428179322964,0.9890210430009149,0.9890210430009149,0.010978956999085087,0.010978956999085087,0.7538883806038427,1081,526,567,12
0.0059097642078995705,0.48215919487648673,0.48215919487648673,0.9890210430009149,0.9890210430009149,0.010978956999085087,0.010978956999085087,0.7534309240622141,1081,527,566,12
0.005852815695106983,0.4830741079597438,0.4830741079597438,0.9890210430009149,0.9890210430009149,0.010978956999085087,0.010978956999085087,0.7529734675205856,1081,528,565,12
0.005073824897408485,0.4839890210430009,0.4839890210430009,0.9890210430009149,0.9890210430009149,0.010978956999085087,0.010978956999085087,0.752516010978957,1081,529,564,12
0.005048167426139116,0.484903934126258,0.484903934126258,0.9890210430009149,0.9890210430009149,0.010978956999085087,0.010978956999085087,0.7520585544373285,1081,530,563,12
0.00490625761449337,0.48581884720951507,0.48581884720951507,0.9890210430009149,0.9890210430009149,0.010978956999085087,0.010978956999085087,0.7516010978957,1081,531,562,12
0.004793047904968262,0.4867337602927722,0.4867337602927722,0.9890210430009149,0.9890210430009149,0.010978956999085087,0.010978956999085087,0.7511436413540714,1081,532,561,12
0.0046631102450191975,0.4876486733760293,0.4876486733760293,0.9890210430009149,0.9890210430009149,0.010978956999085087,0.010978956999085087,0.7506861848124429,1081,533,560,12
0.004564918577671051,0.4885635864592864,0.4885635864592864,0.9890210430009149,0.9890210430009149,0.010978956999085087,0.010978956999085087,0.7502287282708143,1081,534,559,12
0.004429347813129425,0.48947849954254347,0.48947849954254347,0.9890210430009149,0.9890210430009149,0.010978956999085087,0.010978956999085087,0.7497712717291857,1081,535,558,12
0.004415738396346569,0.49039341262580055,0.49039341262580055,0.9890210430009149,0.9890210430009149,0.010978956999085087,0.010978956999085087,0.7493138151875571,1081,536,557,12
0.00425912206992507,0.49130832570905764,0.49130832570905764,0.9890210430009149,0.9890210430009149,0.010978956999085087,0.010978956999085087,0.7488563586459286,1081,537,556,12
0.004134762566536665,0.4922232387923147,0.4922232387923147,0.9890210430009149,0.9890210430009149,0.010978956999085087,0.010978956999085087,0.7483989021043,1081,538,555,12
0.004114782437682152,0.4931381518755718,0.4931381518755718,0.9890210430009149,0.9890210430009149,0.010978956999085087,0.010978956999085087,0.7479414455626715,1081,539,554,12
0.003904469544067979,0.4940530649588289,0.4940530649588289,0.9890210430009149,0.9890210430009149,0.010978956999085087,0.010978956999085087,0.747483989021043,1081,540,553,12
0.0037820208817720413,0.494967978042086,0.494967978042086,0.9890210430009149,0.9890210430009149,0.010978956999085087,0.010978956999085087,0.7470265324794144,1081,541,552,12
0.00368587882257998,0.4958828911253431,0.4958828911253431,0.9890210430009149,0.9890210430009149,0.010978956999085087,0.010978956999085087,0.7465690759377859,1081,542,551,12
0.0034081973135471344,0.4967978042086002,0.4967978042086002,0.9890210430009149,0.9890210430009149,0.010978956999085087,0.010978956999085087,0.7461116193961573,1081,543,550,12
0.0032256152480840683,0.4977127172918573,0.4977127172918573,0.9890210430009149,0.9890210430009149,0.010978956999085087,0.010978956999085087,0.7456541628545288,1081,544,549,12
0.0031993428710848093,0.4986276303751144,0.4986276303751144,0.9890210430009149,0.9890210430009149,0.010978956999085087,0.010978956999085087,0.7451967063129002,1081,545,548,12
0.0031941665802150965,0.4986276303751144,0.4986276303751144,0.989935956084172,0.989935956084172,0.010064043915827997,0.010064043915827997,0.7456541628545288,1082,545,548,11
0.002954967552796006,0.49954254345837146,0.49954254345837146,0.989935956084172,0.989935956084172,0.010064043915827997,0.010064043915827997,0.7451967063129002,1082,546,547,11
0.002856017090380192,0.5004574565416285,0.5004574565416285,0.989935956084172,0.989935956084172,0.010064043915827997,0.010064043915827997,0.7447392497712717,1082,547,546,11
0.002788480371236801,0.5013723696248856,0.5013723696248856,0.989935956084172,0.989935956084172,0.010064043915827997,0.010064043915827997,0.7442817932296432,1082,548,545,11
0.002751277992501855,0.5022872827081427,0.5022872827081427,0.989935956084172,0.989935956084172,0.010064043915827997,0.010064043915827997,0.7438243366880146,1082,549,544,11
0.0025779223069548607,0.5032021957913998,0.5032021957913998,0.989935956084172,0.989935956084172,0.010064043915827997,0.010064043915827997,0.7433668801463861,1082,550,543,11
0.0023870933800935745,0.5041171088746569,0.5041171088746569,0.989935956084172,0.989935956084172,0.010064043915827997,0.010064043915827997,0.7429094236047575,1082,551,542,11
0.0023796120658516884,0.5041171088746569,0.5041171088746569,0.9908508691674291,0.9908508691674291,0.009149130832570906,0.009149130832570906,0.7433668801463861,1083,551,542,10
0.0023413505405187607,0.505032021957914,0.505032021957914,0.9908508691674291,0.9908508691674291,0.009149130832570906,0.009149130832570906,0.7429094236047575,1083,552,541,10
0.002173103392124176,0.505946935041171,0.505946935041171,0.9908508691674291,0.9908508691674291,0.009149130832570906,0.009149130832570906,0.742451967063129,1083,553,540,10
0.0021448854822665453,0.5068618481244281,0.5068618481244281,0.9908508691674291,0.9908508691674291,0.009149130832570906,0.009149130832570906,0.7419945105215004,1083,554,539,10
0.0020533513743430376,0.5077767612076852,0.5077767612076852,0.9908508691674291,0.9908508691674291,0.009149130832570906,0.009149130832570906,0.7415370539798719,1083,555,538,10
0.002042877720668912,0.5086916742909423,0.5086916742909423,0.9908508691674291,0.9908508691674291,0.009149130832570906,0.009149130832570906,0.7410795974382434,1083,556,537,10
0.0019636116921901703,0.5096065873741995,0.5096065873741995,0.9908508691674291,0.9908508691674291,0.009149130832570906,0.009149130832570906,0.7406221408966148,1083,557,536,10
0.0019243428250774741,0.5105215004574566,0.5105215004574566,0.9908508691674291,0.9908508691674291,0.009149130832570906,0.009149130832570906,0.7401646843549863,1083,558,535,10
0.0019167251884937286,0.5114364135407137,0.5114364135407137,0.9908508691674291,0.9908508691674291,0.009149130832570906,0.009149130832570906,0.7397072278133577,1083,559,534,10
0.0015675219474360347,0.5123513266239708,0.5123513266239708,0.9908508691674291,0.9908508691674291,0.009149130832570906,0.009149130832570906,0.7392497712717292,1083,560,533,10
0.0011981698917225003,0.5132662397072278,0.5132662397072278,0.9908508691674291,0.9908508691674291,0.009149130832570906,0.009149130832570906,0.7387923147301007,1083,561,532,10
0.0011814110912382603,0.5141811527904849,0.5141811527904849,0.9908508691674291,0.9908508691674291,0.009149130832570906,0.009149130832570906,0.7383348581884721,1083,562,531,10
0.0011468558805063367,0.515096065873742,0.515096065873742,0.9908508691674291,0.9908508691674291,0.009149130832570906,0.009149130832570906,0.7378774016468436,1083,563,530,10
0.0010419581085443497,0.5160109789569991,0.5160109789569991,0.9908508691674291,0.9908508691674291,0.009149130832570906,0.009149130832570906,0.737419945105215,1083,564,529,10
0.0009842365980148315,0.5169258920402562,0.5169258920402562,0.9908508691674291,0.9908508691674291,0.009149130832570906,0.009149130832570906,0.7369624885635865,1083,565,528,10
0.0006493814289569855,0.5178408051235133,0.5178408051235133,0.9908508691674291,0.9908508691674291,0.009149130832570906,0.009149130832570906,0.7365050320219579,1083,566,527,10
0.00040978286415338516,0.5187557182067704,0.5187557182067704,0.9908508691674291,0.9908508691674291,0.009149130832570906,0.009149130832570906,0.7360475754803294,1083,567,526,10
0.0001886226236820221,0.5196706312900274,0.5196706312900274,0.9908508691674291,0.9908508691674291,0.009149130832570906,0.009149130832570906,0.7355901189387009,1083,568,525,10
0.0001333020773017779,0.5205855443732845,0.5205855443732845,0.9908508691674291,0.9908508691674291,0.009149130832570906,0.009149130832570906,0.7351326623970723,1083,569,524,10
-4.601478576660156e-05,0.5215004574565416,0.5215004574565416,0.9908508691674291,0.9908508691674291,0.009149130832570906,0.009149130832570906,0.7346752058554438,1083,570,523,10
-7.208064926089719e-05,0.5224153705397987,0.5224153705397987,0.9908508691674291,0.9908508691674291,0.009149130832570906,0.009149130832570906,0.7342177493138152,1083,571,522,10
-0.0002282196655869484,0.5233302836230558,0.5233302836230558,0.9908508691674291,0.9908508691674291,0.009149130832570906,0.009149130832570906,0.7337602927721867,1083,572,521,10
-0.0002416116331005469,0.5242451967063129,0.5242451967063129,0.9908508691674291,0.9908508691674291,0.009149130832570906,0.009149130832570906,0.7333028362305581,1083,573,520,10
-0.0003657555498648435,0.52516010978957,0.52516010978957,0.9908508691674291,0.9908508691674291,0.009149130832570906,0.009149130832570906,0.7328453796889296,1083,574,519,10
-0.0005209167138673365,0.526075022872827,0.526075022872827,0.9908508691674291,0.9908508691674291,0.009149130832570906,0.009149130832570906,0.7323879231473011,1083,575,518,10
-0.0006511640385724604,0.5269899359560841,0.5269899359560841,0.9908508691674291,0.9908508691674291,0.009149130832570906,0.009149130832570906,0.7319304666056725,1083,576,517,10
-0.0006884997710585594,0.5279048490393413,0.5279048490393413,0.9908508691674291,0.9908508691674291,0.009149130832570906,0.009149130832570906,0.7314730100640439,1083,577,516,10
-0.0008259975002147257,0.5288197621225984,0.5288197621225984,0.9908508691674291,0.9908508691674291,0.009149130832570906,0.009149130832570906,0.7310155535224153,1083,578,515,10
-0.0008478295058012009,0.5297346752058555,0.5297346752058555,0.9908508691674291,0.9908508691674291,0.009149130832570906,0.009149130832570906,0.7305580969807868,1083,579,514,10
-0.001155549194663763,0.5306495882891126,0.5306495882891126,0.9908508691674291,0.9908508691674291,0.009149130832570906,0.009149130832570906,0.7301006404391582,1083,580,513,10
-0.0012979302555322647,0.5315645013723697,0.5315645013723697,0.9908508691674291,0.9908508691674291,0.009149130832570906,0.009149130832570906,0.7296431838975297,1083,581,512,10
-0.001356113818474114,0.5324794144556267,0.5324794144556267,0.9908508691674291,0.9908508691674291,0.009149130832570906,0.009149130832570906,0.7291857273559011,1083,582,511,10
-0.0015717336209490895,0.5333943275388838,0.5333943275388838,0.9908508691674291,0.9908508691674291,0.009149130832570906,0.009149130832570906,0.7287282708142726,1083,583,510,10
-0.0015765615971758962,0.5343092406221409,0.5343092406221409,0.9908508691674291,0.9908508691674291,0.009149130832570906,0.009149130832570906,0.7282708142726441,1083,584,509,10
-0.0016287975013256073,0.535224153705398,0.535224153705398,0.9908508691674291,0.9908508691674291,0.009149130832570906,0.009149130832570906,0.7278133577310155,1083,585,508,10
-0.0016747169429436326,0.5361390667886551,0.5361390667886551,0.9908508691674291,0.9908508691674291,0.009149130832570906,0.009149130832570906,0.727355901189387,1083,586,507,10
-0.001786244916729629,0.5361390667886551,0.5361390667886551,0.9917657822506862,0.9917657822506862,0.008234217749313814,0.008234217749313814,0.7278133577310155,1084,586,507,9
-0.0018455982208251953,0.5370539798719122,0.5370539798719122,0.9917657822506862,0.9917657822506862,0.008234217749313814,0.008234217749313814,0.727355901189387,1084,587,506,9
-0.0018688255222514272,0.5379688929551693,0.5379688929551693,0.9917657822506862,0.9917657822506862,0.008234217749313814,0.008234217749313814,0.7268984446477584,1084,588,505,9
-0.0019715093076229095,0.5388838060384263,0.5388838060384263,0.9917657822506862,0.9917657822506862,0.008234217749313814,0.008234217749313814,0.7264409881061299,1084,589,504,9
-0.0019779226277023554,0.5397987191216834,0.5397987191216834,0.9917657822506862,0.9917657822506862,0.008234217749313814,0.008234217749313814,0.7259835315645013,1084,590,503,9
-0.0020489005837589502,0.5407136322049405,0.5407136322049405,0.9917657822506862,0.9917657822506862,0.008234217749313814,0.008234217749313814,0.7255260750228728,1084,591,502,9
-0.002102440455928445,0.5416285452881976,0.5416285452881976,0.9917657822506862,0.9917657822506862,0.008234217749313814,0.008234217749313814,0.7250686184812443,1084,592,501,9
-0.0021298269275575876,0.5425434583714547,0.5425434583714547,0.9917657822506862,0.9917657822506862,0.008234217749313814,0.008234217749313814,0.7246111619396157,1084,593,500,9
-0.002349458634853363,0.5434583714547118,0.5434583714547118,0.9917657822506862,0.9917657822506862,0.008234217749313814,0.008234217749313814,0.7241537053979872,1084,594,499,9
-0.002382952719926834,0.5443732845379688,0.5443732845379688,0.9917657822506862,0.9917657822506862,0.008234217749313814,0.008234217749313814,0.7236962488563586,1084,595,498,9
-0.0024240727070719004,0.5452881976212259,0.5452881976212259,0.9917657822506862,0.9917657822506862,0.008234217749313814,0.008234217749313814,0.7232387923147301,1084,596,497,9
-0.002448778599500656,0.546203110704483,0.546203110704483,0.9917657822506862,0.9917657822506862,0.008234217749313814,0.008234217749313814,0.7227813357731016,1084,597,496,9
-0.0026548581663519144,0.5471180237877402,0.5471180237877402,0.9917657822506862,0.9917657822506862,0.008234217749313814,0.008234217749313814,0.722323879231473,1084,598,495,9
-0.0027585073839873075,0.5480329368709973,0.5480329368709973,0.9917657822506862,0.9917657822506862,0.008234217749313814,0.008234217749313814,0.7218664226898445,1084,599,494,9
-0.0032175707165151834,0.5489478499542544,0.5489478499542544,0.9917657822506862,0.9917657822506862,0.008234217749313814,0.008234217749313814,0.7214089661482159,1084,600,493,9
-0.0032657587435096502,0.5498627630375115,0.5498627630375115,0.9917657822506862,0.9917657822506862,0.008234217749313814,0.008234217749313814,0.7209515096065874,1084,601,492,9
-0.0034198390785604715,0.5507776761207686,0.5507776761207686,0.9917657822506862,0.9917657822506862,0.008234217749313814,0.008234217749313814,0.7204940530649588,1084,602,491,9
-0.0036541037261486053,0.5516925892040256,0.5516925892040256,0.9917657822506862,0.9917657822506862,0.008234217749313814,0.008234217749313814,0.7200365965233303,1084,603,490,9
-0.003918961156159639,0.5526075022872827,0.5526075022872827,0.9917657822506862,0.9917657822506862,0.008234217749313814,0.008234217749313814,0.7195791399817018,1084,604,489,9
-0.003918991424143314,0.5535224153705398,0.5535224153705398,0.9917657822506862,0.9917657822506862,0.008234217749313814,0.008234217749313814,0.7191216834400732,1084,605,488,9
-0.004030987620353699,0.5544373284537969,0.5544373284537969,0.9917657822506862,0.9917657822506862,0.008234217749313814,0.008234217749313814,0.7186642268984447,1084,606,487,9
-0.004103146493434906,0.555352241537054,0.555352241537054,0.9917657822506862,0.9917657822506862,0.008234217749313814,0.008234217749313814,0.7182067703568161,1084,607,486,9
-0.00421401672065258,0.5562671546203111,0.5562671546203111,0.9917657822506862,0.9917657822506862,0.008234217749313814,0.008234217749313814,0.7177493138151876,1084,608,485,9
-0.004228397738188505,0.5571820677035682,0.5571820677035682,0.9917657822506862,0.9917657822506862,0.008234217749313814,0.008234217749313814,0.717291857273559,1084,609,484,9
-0.004362804815173149,0.5580969807868252,0.5580969807868252,0.9917657822506862,0.9917657822506862,0.008234217749313814,0.008234217749313814,0.7168344007319305,1084,610,483,9
-0.004380643367767334,0.5590118938700823,0.5590118938700823,0.9917657822506862,0.9917657822506862,0.008234217749313814,0.008234217749313814,0.716376944190302,1084,611,482,9
-0.004406310617923737,0.5599268069533394,0.5599268069533394,0.9917657822506862,0.9917657822506862,0.008234217749313814,0.008234217749313814,0.7159194876486734,1084,612,481,9
-0.004456672817468643,0.5608417200365965,0.5608417200365965,0.9917657822506862,0.9917657822506862,0.008234217749313814,0.008234217749313814,0.7154620311070449,1084,613,480,9
-0.004661419428884983,0.5617566331198536,0.5617566331198536,0.9917657822506862,0.9917657822506862,0.008234217749313814,0.008234217749313814,0.7150045745654163,1084,614,479,9
-0.00468062236905098,0.5626715462031107,0.5626715462031107,0.9917657822506862,0.9917657822506862,0.008234217749313814,0.008234217749313814,0.7145471180237878,1084,615,478,9
-0.004813968203961849,0.5635864592863677,0.5635864592863677,0.9917657822506862,0.9917657822506862,0.008234217749313814,0.008234217749313814,0.7140896614821592,1084,616,477,9
-0.004953128285706043,0.5645013723696248,0.5645013723696248,0.9917657822506862,0.9917657822506862,0.008234217749313814,0.008234217749313814,0.7136322049405307,1084,617,476,9
-0.004960604477673769,0.565416285452882,0.565416285452882,0.9917657822506862,0.9917657822506862,0.008234217749313814,0.008234217749313814,0.7131747483989022,1084,618,475,9
-0.005020864307880402,0.5663311985361391,0.5663311985361391,0.9917657822506862,0.9917657822506862,0.008234217749313814,0.008234217749313814,0.7127172918572735,1084,619,474,9
-0.005099434871226549,0.5672461116193962,0.5672461116193962,0.9917657822506862,0.9917657822506862,0.008234217749313814,0.008234217749313814,0.712259835315645,1084,620,473,9
-0.005160680506378412,0.5681610247026533,0.5681610247026533,0.9917657822506862,0.9917657822506862,0.008234217749313814,0.008234217749313814,0.7118023787740164,1084,621,472,9
-0.005377859342843294,0.5690759377859104,0.5690759377859104,0.9917657822506862,0.9917657822506862,0.008234217749313814,0.008234217749313814,0.7113449222323879,1084,622,471,9
-0.005431275814771652,0.5699908508691675,0.5699908508691675,0.9917657822506862,0.9917657822506862,0.008234217749313814,0.008234217749313814,0.7108874656907593,1084,623,470,9
-0.005453914869576693,0.5709057639524245,0.5709057639524245,0.9917657822506862,0.9917657822506862,0.008234217749313814,0.008234217749313814,0.7104300091491308,1084,624,469,9
-0.0054576462134718895,0.5718206770356816,0.5718206770356816,0.9917657822506862,0.9917657822506862,0.008234217749313814,0.008234217749313814,0.7099725526075022,1084,625,468,9
-0.005655866581946611,0.5727355901189387,0.5727355901189387,0.9917657822506862,0.9917657822506862,0.008234217749313814,0.008234217749313814,0.7095150960658737,1084,626,467,9
-0.005915634334087372,0.5736505032021958,0.5736505032021958,0.9917657822506862,0.9917657822506862,0.008234217749313814,0.008234217749313814,0.7090576395242452,1084,627,466,9
-0.006007462739944458,0.5745654162854529,0.5745654162854529,0.9917657822506862,0.9917657822506862,0.008234217749313814,0.008234217749313814,0.7086001829826166,1084,628,465,9
-0.006235043052583933,0.57548032936871,0.57548032936871,0.9917657822506862,0.9917657822506862,0.008234217749313814,0.008234217749313814,0.7081427264409881,1084,629,464,9
-0.0063388291746377945,0.576395242451967,0.576395242451967,0.9917657822506862,0.9917657822506862,0.008234217749313814,0.008234217749313814,0.7076852698993595,1084,630,463,9
-0.006367095280438662,0.5773101555352241,0.5773101555352241,0.9917657822506862,0.9917657822506862,0.008234217749313814,0.008234217749313814,0.707227813357731,1084,631,462,9
-0.006370094139128923,0.5782250686184812,0.5782250686184812,0.9917657822506862,0.9917657822506862,0.008234217749313814,0.008234217749313814,0.7067703568161025,1084,632,461,9
-0.00666820676997304,0.5791399817017383,0.5791399817017383,0.9917657822506862,0.9917657822506862,0.008234217749313814,0.008234217749313814,0.7063129002744739,1084,633,460,9
-0.0066859000362455845,0.5791399817017383,0.5791399817017383,0.9926806953339433,0.9926806953339433,0.007319304666056725,0.007319304666056725,0.7067703568161025,1085,633,460,8
-0.006717117968946695,0.5800548947849954,0.5800548947849954,0.9926806953339433,0.9926806953339433,0.007319304666056725,0.007319304666056725,0.7063129002744739,1085,634,459,8
-0.006814197171479464,0.5809698078682525,0.5809698078682525,0.9926806953339433,0.9926806953339433,0.007319304666056725,0.007319304666056725,0.7058554437328454,1085,635,458,8
-0.006872560828924179,0.5818847209515096,0.5818847209515096,0.9926806953339433,0.9926806953339433,0.007319304666056725,0.007319304666056725,0.7053979871912168,1085,636,457,8
-0.006903889589011669,0.5827996340347666,0.5827996340347666,0.9926806953339433,0.9926806953339433,0.007319304666056725,0.007319304666056725,0.7049405306495883,1085,637,456,8
-0.006917695514857769,0.5837145471180238,0.5837145471180238,0.9926806953339433,0.9926806953339433,0.007319304666056725,0.007319304666056725,0.7044830741079597,1085,638,455,8
-0.006953821983188391,0.5846294602012809,0.5846294602012809,0.9926806953339433,0.9926806953339433,0.007319304666056725,0.007319304666056725,0.7040256175663312,1085,639,454,8
-0.007142430171370506,0.585544373284538,0.585544373284538,0.9926806953339433,0.9926806953339433,0.007319304666056725,0.007319304666056725,0.7035681610247027,1085,640,453,8
-0.007354825735092163,0.5864592863677951,0.5864592863677951,0.9926806953339433,0.9926806953339433,0.007319304666056725,0.007319304666056725,0.7031107044830741,1085,641,452,8
-0.007451006211340427,0.5873741994510522,0.5873741994510522,0.9926806953339433,0.9926806953339433,0.007319304666056725,0.007319304666056725,0.7026532479414456,1085,642,451,8
-0.007633715867996216,0.5882891125343093,0.5882891125343093,0.9926806953339433,0.9926806953339433,0.007319304666056725,0.007319304666056725,0.702195791399817,1085,643,450,8
-0.007728549651801586,0.5892040256175664,0.5892040256175664,0.9926806953339433,0.9926806953339433,0.007319304666056725,0.007319304666056725,0.7017383348581885,1085,644,449,8
-0.007829373702406883,0.5901189387008234,0.5901189387008234,0.9926806953339433,0.9926806953339433,0.007319304666056725,0.007319304666056725,0.7012808783165599,1085,645,448,8
-0.00785557646304369,0.5910338517840805,0.5910338517840805,0.9926806953339433,0.9926806953339433,0.007319304666056725,0.007319304666056725,0.7008234217749314,1085,646,447,8
-0.007982579059898853,0.5919487648673376,0.5919487648673376,0.9926806953339433,0.9926806953339433,0.007319304666056725,0.007319304666056725,0.7003659652333029,1085,647,446,8
-0.00803743302822113,0.5928636779505947,0.5928636779505947,0.9926806953339433,0.9926806953339433,0.007319304666056725,0.007319304666056725,0.6999085086916743,1085,648,445,8
-0.008099150843918324,0.5937785910338518,0.5937785910338518,0.9926806953339433,0.9926806953339433,0.007319304666056725,0.007319304666056725,0.6994510521500458,1085,649,444,8
-0.008222737349569798,0.5946935041171089,0.5946935041171089,0.9926806953339433,0.9926806953339433,0.007319304666056725,0.007319304666056725,0.6989935956084172,1085,650,443,8
-0.008409782312810421,0.595608417200366,0.595608417200366,0.9926806953339433,0.9926806953339433,0.007319304666056725,0.007319304666056725,0.6985361390667887,1085,651,442,8
-0.008457344956696033,0.596523330283623,0.596523330283623,0.9926806953339433,0.9926806953339433,0.007319304666056725,0.007319304666056725,0.6980786825251601,1085,652,441,8
-0.008462898433208466,0.5974382433668801,0.5974382433668801,0.9926806953339433,0.9926806953339433,0.007319304666056725,0.007319304666056725,0.6976212259835316,1085,653,440,8
-0.008617420680820942,0.5983531564501372,0.5983531564501372,0.9926806953339433,0.9926806953339433,0.007319304666056725,0.007319304666056725,0.6971637694419031,1085,654,439,8
-0.00889380369335413,0.5992680695333943,0.5992680695333943,0.9926806953339433,0.9926806953339433,0.007319304666056725,0.007319304666056725,0.6967063129002745,1085,655,438,8
-0.008952964097261429,0.6001829826166514,0.6001829826166514,0.9926806953339433,0.9926806953339433,0.007319304666056725,0.007319304666056725,0.696248856358646,1085,656,437,8
-0.009222153574228287,0.6010978956999085,0.6010978956999085,0.9926806953339433,0.9926806953339433,0.007319304666056725,0.007319304666056725,0.6957913998170174,1085,657,436,8
-0.009397633373737335,0.6020128087831657,0.6020128087831657,0.9926806953339433,0.9926806953339433,0.007319304666056725,0.007319304666056725,0.6953339432753889,1085,658,435,8
-0.009479650296270847,0.6029277218664227,0.6029277218664227,0.9926806953339433,0.9926806953339433,0.007319304666056725,0.007319304666056725,0.6948764867337603,1085,659,434,8
-0.009807946160435677,0.6038426349496798,0.6038426349496798,0.9926806953339433,0.9926806953339433,0.007319304666056725,0.007319304666056725,0.6944190301921317,1085,660,433,8
-0.009816634468734264,0.6047575480329369,0.6047575480329369,0.9926806953339433,0.9926806953339433,0.007319304666056725,0.007319304666056725,0.6939615736505031,1085,661,432,8
-0.009829707443714142,0.605672461116194,0.605672461116194,0.9926806953339433,0.9926806953339433,0.007319304666056725,0.007319304666056725,0.6935041171088746,1085,662,431,8
-0.0100070396438241,0.6065873741994511,0.6065873741994511,0.9926806953339433,0.9926806953339433,0.007319304666056725,0.007319304666056725,0.6930466605672461,1085,663,430,8
-0.01010502316057682,0.6075022872827082,0.6075022872827082,0.9926806953339433,0.9926806953339433,0.007319304666056725,0.007319304666056725,0.6925892040256175,1085,664,429,8
-0.010347654111683369,0.6084172003659652,0.6084172003659652,0.9926806953339433,0.9926806953339433,0.007319304666056725,0.007319304666056725,0.692131747483989,1085,665,428,8
-0.010414909571409225,0.6093321134492223,0.6093321134492223,0.9926806953339433,0.9926806953339433,0.007319304666056725,0.007319304666056725,0.6916742909423604,1085,666,427,8
-0.010617571882903576,0.6102470265324794,0.6102470265324794,0.9926806953339433,0.9926806953339433,0.007319304666056725,0.007319304666056725,0.6912168344007319,1085,667,426,8
-0.010647855699062347,0.6111619396157365,0.6111619396157365,0.9926806953339433,0.9926806953339433,0.007319304666056725,0.007319304666056725,0.6907593778591034,1085,668,425,8
-0.010764189064502716,0.6120768526989936,0.6120768526989936,0.9926806953339433,0.9926806953339433,0.007319304666056725,0.007319304666056725,0.6903019213174748,1085,669,424,8
-0.010765235871076584,0.6129917657822507,0.6129917657822507,0.9926806953339433,0.9926806953339433,0.007319304666056725,0.007319304666056725,0.6898444647758463,1085,670,423,8
-0.010767127387225628,0.6139066788655078,0.6139066788655078,0.9926806953339433,0.9926806953339433,0.007319304666056725,0.007319304666056725,0.6893870082342177,1085,671,422,8
-0.011011977680027485,0.6148215919487648,0.6148215919487648,0.9926806953339433,0.9926806953339433,0.007319304666056725,0.007319304666056725,0.6889295516925892,1085,672,421,8
-0.011027918197214603,0.6157365050320219,0.6157365050320219,0.9926806953339433,0.9926806953339433,0.007319304666056725,0.007319304666056725,0.6884720951509606,1085,673,420,8
-0.01113845780491829,0.616651418115279,0.616651418115279,0.9926806953339433,0.9926806953339433,0.007319304666056725,0.007319304666056725,0.6880146386093321,1085,674,419,8
-0.011386178433895111,0.6175663311985361,0.6175663311985361,0.9926806953339433,0.9926806953339433,0.007319304666056725,0.007319304666056725,0.6875571820677036,1085,675,418,8
-0.011484523303806782,0.6184812442817932,0.6184812442817932,0.9926806953339433,0.9926806953339433,0.007319304666056725,0.007319304666056725,0.687099725526075,1085,676,417,8
-0.011514789424836636,0.6193961573650503,0.6193961573650503,0.9926806953339433,0.9926806953339433,0.007319304666056725,0.007319304666056725,0.6866422689844465,1085,677,416,8
-0.011572148650884628,0.6203110704483074,0.6203110704483074,0.9926806953339433,0.9926806953339433,0.007319304666056725,0.007319304666056725,0.6861848124428179,1085,678,415,8
-0.01160308439284563,0.6212259835315646,0.6212259835315646,0.9926806953339433,0.9926806953339433,0.007319304666056725,0.007319304666056725,0.6857273559011894,1085,679,414,8
-0.011803224682807922,0.6221408966148216,0.6221408966148216,0.9926806953339433,0.9926806953339433,0.007319304666056725,0.007319304666056725,0.6852698993595608,1085,680,413,8
-0.012200797908008099,0.6230558096980787,0.6230558096980787,0.9926806953339433,0.9926806953339433,0.007319304666056725,0.007319304666056725,0.6848124428179323,1085,681,412,8
-0.012474380433559418,0.6239707227813358,0.6239707227813358,0.9926806953339433,0.9926806953339433,0.007319304666056725,0.007319304666056725,0.6843549862763038,1085,682,411,8
-0.012509075924754143,0.6248856358645929,0.6248856358645929,0.9926806953339433,0.9926806953339433,0.007319304666056725,0.007319304666056725,0.6838975297346752,1085,683,410,8
-0.01259745191782713,0.62580054894785,0.62580054894785,0.9926806953339433,0.9926806953339433,0.007319304666056725,0.007319304666056725,0.6834400731930467,1085,684,409,8
-0.012735259719192982,0.6267154620311071,0.6267154620311071,0.9926806953339433,0.9926806953339433,0.007319304666056725,0.007319304666056725,0.6829826166514181,1085,685,408,8
-0.012781522236764431,0.6276303751143641,0.6276303751143641,0.9926806953339433,0.9926806953339433,0.007319304666056725,0.007319304666056725,0.6825251601097896,1085,686,407,8
-0.012826217338442802,0.6285452881976212,0.6285452881976212,0.9926806953339433,0.9926806953339433,0.007319304666056725,0.007319304666056725,0.682067703568161,1085,687,406,8
-0.01285388320684433,0.6294602012808783,0.6294602012808783,0.9926806953339433,0.9926806953339433,0.007319304666056725,0.007319304666056725,0.6816102470265325,1085,688,405,8
-0.01294185221195221,0.6303751143641354,0.6303751143641354,0.9926806953339433,0.9926806953339433,0.007319304666056725,0.007319304666056725,0.681152790484904,1085,689,404,8
-0.013246523216366768,0.6312900274473925,0.6312900274473925,0.9926806953339433,0.9926806953339433,0.007319304666056725,0.007319304666056725,0.6806953339432754,1085,690,403,8
-0.013274557888507843,0.6322049405306496,0.6322049405306496,0.9926806953339433,0.9926806953339433,0.007319304666056725,0.007319304666056725,0.6802378774016469,1085,691,402,8
-0.013654503971338272,0.6331198536139067,0.6331198536139067,0.9926806953339433,0.9926806953339433,0.007319304666056725,0.007319304666056725,0.6797804208600183,1085,692,401,8
-0.01374613307416439,0.6340347666971637,0.6340347666971637,0.9926806953339433,0.9926806953339433,0.007319304666056725,0.007319304666056725,0.6793229643183898,1085,693,400,8
-0.0137511370703578,0.6349496797804208,0.6349496797804208,0.9926806953339433,0.9926806953339433,0.007319304666056725,0.007319304666056725,0.6788655077767612,1085,694,399,8
-0.013795796781778336,0.6349496797804208,0.6349496797804208,0.9935956084172004,0.9935956084172004,0.006404391582799634,0.006404391582799634,0.6793229643183898,1086,694,399,7
-0.013856450095772743,0.6358645928636779,0.6358645928636779,0.9935956084172004,0.9935956084172004,0.006404391582799634,0.006404391582799634,0.6788655077767612,1086,695,398,7
-0.013978724367916584,0.636779505946935,0.636779505946935,0.9935956084172004,0.9935956084172004,0.006404391582799634,0.006404391582799634,0.6784080512351327,1086,696,397,7
-0.014027396216988564,0.6376944190301921,0.6376944190301921,0.9935956084172004,0.9935956084172004,0.006404391582799634,0.006404391582799634,0.6779505946935042,1086,697,396,7
-0.014087196439504623,0.6386093321134492,0.6386093321134492,0.9935956084172004,0.9935956084172004,0.006404391582799634,0.006404391582799634,0.6774931381518756,1086,698,395,7
-0.014148727059364319,0.6395242451967064,0.6395242451967064,0.9935956084172004,0.9935956084172004,0.006404391582799634,0.006404391582799634,0.6770356816102471,1086,699,394,7
-0.014194468036293983,0.6404391582799634,0.6404391582799634,0.9935956084172004,0.9935956084172004,0.006404391582799634,0.006404391582799634,0.6765782250686185,1086,700,393,7
-0.014539085328578949,0.6413540713632205,0.6413540713632205,0.9935956084172004,0.9935956084172004,0.006404391582799634,0.006404391582799634,0.67612076852699,1086,701,392,7
-0.014563802629709244,0.6422689844464776,0.6422689844464776,0.9935956084172004,0.9935956084172004,0.006404391582799634,0.006404391582799634,0.6756633119853613,1086,702,391,7
-0.014869946986436844,0.6431838975297347,0.6431838975297347,0.9935956084172004,0.9935956084172004,0.006404391582799634,0.006404391582799634,0.6752058554437328,1086,703,390,7
-0.014877590350806713,0.6440988106129918,0.6440988106129918,0.9935956084172004,0.9935956084172004,0.006404391582799634,0.006404391582799634,0.6747483989021043,1086,704,389,7
-0.015003347769379616,0.6450137236962489,0.6450137236962489,0.9935956084172004,0.9935956084172004,0.006404391582799634,0.006404391582799634,0.6742909423604757,1086,705,388,7
-0.015032880939543247,0.645928636779506,0.645928636779506,0.9935956084172004,0.9935956084172004,0.006404391582799634,0.006404391582799634,0.6738334858188472,1086,706,387,7
-0.015071735717356205,0.646843549862763,0.646843549862763,0.9935956084172004,0.9935956084172004,0.006404391582799634,0.006404391582799634,0.6733760292772186,1086,707,386,7
-0.015156570822000504,0.6477584629460201,0.6477584629460201,0.9935956084172004,0.9935956084172004,0.006404391582799634,0.006404391582799634,0.6729185727355901,1086,708,385,7
-0.015259907580912113,0.6486733760292772,0.6486733760292772,0.9935956084172004,0.9935956084172004,0.006404391582799634,0.006404391582799634,0.6724611161939615,1086,709,384,7
-0.015360592864453793,0.6495882891125343,0.6495882891125343,0.9935956084172004,0.9935956084172004,0.006404391582799634,0.006404391582799634,0.672003659652333,1086,710,383,7
-0.01547036413103342,0.6505032021957914,0.6505032021957914,0.9935956084172004,0.9935956084172004,0.006404391582799634,0.006404391582799634,0.6715462031107045,1086,711,382,7
-0.015491210855543613,0.6514181152790485,0.6514181152790485,0.9935956084172004,0.9935956084172004,0.006404391582799634,0.006404391582799634,0.6710887465690759,1086,712,381,7
-0.015627438202500343,0.6523330283623056,0.6523330283623056,0.9935956084172004,0.9935956084172004,0.006404391582799634,0.006404391582799634,0.6706312900274474,1086,713,380,7
-0.01563769020140171,0.6532479414455626,0.6532479414455626,0.9935956084172004,0.9935956084172004,0.006404391582799634,0.006404391582799634,0.6701738334858188,1086,714,379,7
-0.015701934695243835,0.6541628545288197,0.6541628545288197,0.9935956084172004,0.9935956084172004,0.006404391582799634,0.006404391582799634,0.6697163769441903,1086,715,378,7
-0.01582222990691662,0.6550777676120768,0.6550777676120768,0.9935956084172004,0.9935956084172004,0.006404391582799634,0.006404391582799634,0.6692589204025617,1086,716,377,7
-0.015837157145142555,0.6559926806953339,0.6559926806953339,0.9935956084172004,0.9935956084172004,0.006404391582799634,0.006404391582799634,0.6688014638609332,1086,717,376,7
-0.015982214361429214,0.656907593778591,0.656907593778591,0.9935956084172004,0.9935956084172004,0.006404391582799634,0.006404391582799634,0.6683440073193047,1086,718,375,7
-0.01600842922925949,0.6578225068618482,0.6578225068618482,0.9935956084172004,0.9935956084172004,0.006404391582799634,0.006404391582799634,0.6678865507776761,1086,719,374,7
-0.016161952167749405,0.6587374199451053,0.6587374199451053,0.9935956084172004,0.9935956084172004,0.006404391582799634,0.006404391582799634,0.6674290942360476,1086,720,373,7
-0.016185158863663673,0.6596523330283623,0.6596523330283623,0.9935956084172004,0.9935956084172004,0.006404391582799634,0.006404391582799634,0.666971637694419,1086,721,372,7
-0.016194434836506844,0.6605672461116194,0.6605672461116194,0.9935956084172004,0.9935956084172004,0.006404391582799634,0.006404391582799634,0.6665141811527905,1086,722,371,7
-0.016248980537056923,0.6614821591948765,0.6614821591948765,0.9935956084172004,0.9935956084172004,0.006404391582799634,0.006404391582799634,0.6660567246111619,1086,723,370,7
-0.016343647614121437,0.6623970722781336,0.6623970722781336,0.9935956084172004,0.9935956084172004,0.006404391582799634,0.006404391582799634,0.6655992680695334,1086,724,369,7
-0.016454292461276054,0.6623970722781336,0.6623970722781336,0.9945105215004575,0.9945105215004575,0.0054894784995425435,0.0054894784995425435,0.6660567246111619,1087,724,369,6
-0.016474291682243347,0.6633119853613907,0.6633119853613907,0.9945105215004575,0.9945105215004575,0.0054894784995425435,0.0054894784995425435,0.6655992680695334,1087,725,368,6
-0.016862928867340088,0.6642268984446478,0.6642268984446478,0.9945105215004575,0.9945105215004575,0.0054894784995425435,0.0054894784995425435,0.6651418115279049,1087,726,367,6
-0.017018768936395645,0.6651418115279049,0.6651418115279049,0.9945105215004575,0.9945105215004575,0.0054894784995425435,0.0054894784995425435,0.6646843549862763,1087,727,366,6
-0.017105333507061005,0.6660567246111619,0.6660567246111619,0.9945105215004575,0.9945105215004575,0.0054894784995425435,0.0054894784995425435,0.6642268984446478,1087,728,365,6
-0.017591457813978195,0.666971637694419,0.666971637694419,0.9945105215004575,0.9945105215004575,0.0054894784995425435,0.0054894784995425435,0.6637694419030192,1087,729,364,6
-0.01777004823088646,0.6678865507776761,0.6678865507776761,0.9945105215004575,0.9945105215004575,0.0054894784995425435,0.0054894784995425435,0.6633119853613907,1087,730,363,6
-0.017907604575157166,0.6688014638609332,0.6688014638609332,0.9945105215004575,0.9945105215004575,0.0054894784995425435,0.0054894784995425435,0.6628545288197621,1087,731,362,6
-0.017918748781085014,0.6697163769441903,0.6697163769441903,0.9945105215004575,0.9945105215004575,0.0054894784995425435,0.0054894784995425435,0.6623970722781336,1087,732,361,6
-0.017926393076777458,0.6706312900274474,0.6706312900274474,0.9945105215004575,0.9945105215004575,0.0054894784995425435,0.0054894784995425435,0.6619396157365051,1087,733,360,6
-0.01811184361577034,0.6715462031107045,0.6715462031107045,0.9945105215004575,0.9945105215004575,0.0054894784995425435,0.0054894784995425435,0.6614821591948765,1087,734,359,6
-0.01826353929936886,0.6724611161939615,0.6724611161939615,0.9945105215004575,0.9945105215004575,0.0054894784995425435,0.0054894784995425435,0.661024702653248,1087,735,358,6
-0.018460309132933617,0.6733760292772186,0.6733760292772186,0.9945105215004575,0.9945105215004575,0.0054894784995425435,0.0054894784995425435,0.6605672461116194,1087,736,357,6
-0.01871965453028679,0.6742909423604757,0.6742909423604757,0.9945105215004575,0.9945105215004575,0.0054894784995425435,0.0054894784995425435,0.6601097895699909,1087,737,356,6
-0.018727673217654228,0.6752058554437328,0.6752058554437328,0.9945105215004575,0.9945105215004575,0.0054894784995425435,0.0054894784995425435,0.6596523330283623,1087,738,355,6
-0.01881462149322033,0.67612076852699,0.67612076852699,0.9945105215004575,0.9945105215004575,0.0054894784995425435,0.0054894784995425435,0.6591948764867338,1087,739,354,6
-0.018846774473786354,0.6770356816102471,0.6770356816102471,0.9945105215004575,0.9945105215004575,0.0054894784995425435,0.0054894784995425435,0.6587374199451053,1087,740,353,6
-0.019057128578424454,0.6779505946935042,0.6779505946935042,0.9945105215004575,0.9945105215004575,0.0054894784995425435,0.0054894784995425435,0.6582799634034767,1087,741,352,6
-0.019175197929143906,0.6788655077767612,0.6788655077767612,0.9945105215004575,0.9945105215004575,0.0054894784995425435,0.0054894784995425435,0.6578225068618482,1087,742,351,6
-0.019352734088897705,0.6797804208600183,0.6797804208600183,0.9945105215004575,0.9945105215004575,0.0054894784995425435,0.0054894784995425435,0.6573650503202195,1087,743,350,6
-0.01941593922674656,0.6806953339432754,0.6806953339432754,0.9945105215004575,0.9945105215004575,0.0054894784995425435,0.0054894784995425435,0.656907593778591,1087,744,349,6
-0.019466398283839226,0.6816102470265325,0.6816102470265325,0.9945105215004575,0.9945105215004575,0.0054894784995425435,0.0054894784995425435,0.6564501372369624,1087,745,348,6
-0.019490821287035942,0.6825251601097896,0.6825251601097896,0.9945105215004575,0.9945105215004575,0.0054894784995425435,0.0054894784995425435,0.6559926806953339,1087,746,347,6
-0.019689030945301056,0.6834400731930467,0.6834400731930467,0.9945105215004575,0.9945105215004575,0.0054894784995425435,0.0054894784995425435,0.6555352241537054,1087,747,346,6
-0.01972728595137596,0.6843549862763038,0.6843549862763038,0.9945105215004575,0.9945105215004575,0.0054894784995425435,0.0054894784995425435,0.6550777676120768,1087,748,345,6
-0.019731411710381508,0.6852698993595608,0.6852698993595608,0.9945105215004575,0.9945105215004575,0.0054894784995425435,0.0054894784995425435,0.6546203110704483,1087,749,344,6
-0.019736727699637413,0.6861848124428179,0.6861848124428179,0.9945105215004575,0.9945105215004575,0.0054894784995425435,0.0054894784995425435,0.6541628545288197,1087,750,343,6
-0.019802452996373177,0.687099725526075,0.687099725526075,0.9945105215004575,0.9945105215004575,0.0054894784995425435,0.0054894784995425435,0.6537053979871912,1087,751,342,6
-0.019955070689320564,0.6880146386093321,0.6880146386093321,0.9945105215004575,0.9945105215004575,0.0054894784995425435,0.0054894784995425435,0.6532479414455626,1087,752,341,6
-0.020027074962854385,0.6889295516925892,0.6889295516925892,0.9945105215004575,0.9945105215004575,0.0054894784995425435,0.0054894784995425435,0.6527904849039341,1087,753,340,6
-0.02006625197827816,0.6898444647758463,0.6898444647758463,0.9945105215004575,0.9945105215004575,0.0054894784995425435,0.0054894784995425435,0.6523330283623056,1087,754,339,6
-0.020578965544700623,0.6907593778591034,0.6907593778591034,0.9945105215004575,0.9945105215004575,0.0054894784995425435,0.0054894784995425435,0.651875571820677,1087,755,338,6
-0.02071349322795868,0.6916742909423604,0.6916742909423604,0.9945105215004575,0.9945105215004575,0.0054894784995425435,0.0054894784995425435,0.6514181152790485,1087,756,337,6
-0.02071908488869667,0.6925892040256175,0.6925892040256175,0.9945105215004575,0.9945105215004575,0.0054894784995425435,0.0054894784995425435,0.6509606587374199,1087,757,336,6
-0.020873643457889557,0.6935041171088746,0.6935041171088746,0.9945105215004575,0.9945105215004575,0.0054894784995425435,0.0054894784995425435,0.6505032021957914,1087,758,335,6
-0.02107956074178219,0.6944190301921317,0.6944190301921317,0.9945105215004575,0.9945105215004575,0.0054894784995425435,0.0054894784995425435,0.6500457456541628,1087,759,334,6
-0.021207299083471298,0.6953339432753889,0.6953339432753889,0.9945105215004575,0.9945105215004575,0.0054894784995425435,0.0054894784995425435,0.6495882891125343,1087,760,333,6
-0.021295731887221336,0.696248856358646,0.696248856358646,0.9945105215004575,0.9945105215004575,0.0054894784995425435,0.0054894784995425435,0.6491308325709058,1087,761,332,6
-0.021384119987487793,0.6971637694419031,0.6971637694419031,0.9945105215004575,0.9945105215004575,0.0054894784995425435,0.0054894784995425435,0.6486733760292772,1087,762,331,6
-0.02159646339714527,0.6980786825251601,0.6980786825251601,0.9945105215004575,0.9945105215004575,0.0054894784995425435,0.0054894784995425435,0.6482159194876487,1087,763,330,6
-0.021622877568006516,0.6989935956084172,0.6989935956084172,0.9945105215004575,0.9945105215004575,0.0054894784995425435,0.0054894784995425435,0.6477584629460201,1087,764,329,6
-0.02164006605744362,0.6999085086916743,0.6999085086916743,0.9945105215004575,0.9945105215004575,0.0054894784995425435,0.0054894784995425435,0.6473010064043916,1087,765,328,6
-0.02165372669696808,0.7008234217749314,0.7008234217749314,0.9945105215004575,0.9945105215004575,0.0054894784995425435,0.0054894784995425435,0.646843549862763,1087,766,327,6
-0.021695425733923912,0.7017383348581885,0.7017383348581885,0.9945105215004575,0.9945105215004575,0.0054894784995425435,0.0054894784995425435,0.6463860933211345,1087,767,326,6
-0.021792301908135414,0.7026532479414456,0.7026532479414456,0.9945105215004575,0.9945105215004575,0.0054894784995425435,0.0054894784995425435,0.645928636779506,1087,768,325,6
-0.02201937325298786,0.7035681610247027,0.7035681610247027,0.9945105215004575,0.9945105215004575,0.0054894784995425435,0.0054894784995425435,0.6454711802378774,1087,769,324,6
-0.02215736359357834,0.7044830741079597,0.7044830741079597,0.9945105215004575,0.9945105215004575,0.0054894784995425435,0.0054894784995425435,0.6450137236962489,1087,770,323,6
-0.02219325862824917,0.7053979871912168,0.7053979871912168,0.9945105215004575,0.9945105215004575,0.0054894784995425435,0.0054894784995425435,0.6445562671546203,1087,771,322,6
-0.022198490798473358,0.7063129002744739,0.7063129002744739,0.9945105215004575,0.9945105215004575,0.0054894784995425435,0.0054894784995425435,0.6440988106129918,1087,772,321,6
-0.022476769983768463,0.707227813357731,0.707227813357731,0.9945105215004575,0.9945105215004575,0.0054894784995425435,0.0054894784995425435,0.6436413540713632,1087,773,320,6
-0.0226319320499897,0.7081427264409881,0.7081427264409881,0.9945105215004575,0.9945105215004575,0.0054894784995425435,0.0054894784995425435,0.6431838975297347,1087,774,319,6
-0.022970762103796005,0.7090576395242452,0.7090576395242452,0.9945105215004575,0.9945105215004575,0.0054894784995425435,0.0054894784995425435,0.6427264409881062,1087,775,318,6
-0.023348718881607056,0.7099725526075022,0.7099725526075022,0.9945105215004575,0.9945105215004575,0.0054894784995425435,0.0054894784995425435,0.6422689844464776,1087,776,317,6
-0.02339210920035839,0.7108874656907593,0.7108874656907593,0.9945105215004575,0.9945105215004575,0.0054894784995425435,0.0054894784995425435,0.6418115279048491,1087,777,316,6
-0.023571711033582687,0.7118023787740164,0.7118023787740164,0.9945105215004575,0.9945105215004575,0.0054894784995425435,0.0054894784995425435,0.6413540713632205,1087,778,315,6
-0.023630905896425247,0.7127172918572735,0.7127172918572735,0.9945105215004575,0.9945105215004575,0.0054894784995425435,0.0054894784995425435,0.640896614821592,1087,779,314,6
-0.023793160915374756,0.7136322049405307,0.7136322049405307,0.9945105215004575,0.9945105215004575,0.0054894784995425435,0.0054894784995425435,0.6404391582799634,1087,780,313,6
-0.023948710411787033,0.7145471180237878,0.7145471180237878,0.9945105215004575,0.9945105215004575,0.0054894784995425435,0.0054894784995425435,0.6399817017383349,1087,781,312,6
-0.02418312430381775,0.7154620311070449,0.7154620311070449,0.9945105215004575,0.9945105215004575,0.0054894784995425435,0.0054894784995425435,0.6395242451967064,1087,782,311,6
-0.024503622204065323,0.716376944190302,0.716376944190302,0.9945105215004575,0.9945105215004575,0.0054894784995425435,0.0054894784995425435,0.6390667886550778,1087,783,310,6
-0.024659015238285065,0.717291857273559,0.717291857273559,0.9945105215004575,0.9945105215004575,0.0054894784995425435,0.0054894784995425435,0.6386093321134492,1087,784,309,6
-0.024749688804149628,0.7182067703568161,0.7182067703568161,0.9945105215004575,0.9945105215004575,0.0054894784995425435,0.0054894784995425435,0.6381518755718206,1087,785,308,6
-0.025067180395126343,0.7191216834400732,0.7191216834400732,0.9945105215004575,0.9945105215004575,0.0054894784995425435,0.0054894784995425435,0.6376944190301921,1087,786,307,6
-0.0251644104719162,0.7200365965233303,0.7200365965233303,0.9945105215004575,0.9945105215004575,0.0054894784995425435,0.0054894784995425435,0.6372369624885635,1087,787,306,6
-0.025366540998220444,0.7209515096065874,0.7209515096065874,0.9945105215004575,0.9945105215004575,0.0054894784995425435,0.0054894784995425435,0.636779505946935,1087,788,305,6
-0.025924071669578552,0.7218664226898445,0.7218664226898445,0.9945105215004575,0.9945105215004575,0.0054894784995425435,0.0054894784995425435,0.6363220494053065,1087,789,304,6
-0.026014309376478195,0.7227813357731016,0.7227813357731016,0.9945105215004575,0.9945105215004575,0.0054894784995425435,0.0054894784995425435,0.6358645928636779,1087,790,303,6
-0.026144711300730705,0.7236962488563586,0.7236962488563586,0.9945105215004575,0.9945105215004575,0.0054894784995425435,0.0054894784995425435,0.6354071363220494,1087,791,302,6
-0.026206064969301224,0.7246111619396157,0.7246111619396157,0.9945105215004575,0.9945105215004575,0.0054894784995425435,0.0054894784995425435,0.6349496797804208,1087,792,301,6
-0.026243867352604866,0.7255260750228728,0.7255260750228728,0.9945105215004575,0.9945105215004575,0.0054894784995425435,0.0054894784995425435,0.6344922232387923,1087,793,300,6
-0.02652188204228878,0.7264409881061299,0.7264409881061299,0.9945105215004575,0.9945105215004575,0.0054894784995425435,0.0054894784995425435,0.6340347666971637,1087,794,299,6
-0.02660263329744339,0.727355901189387,0.727355901189387,0.9945105215004575,0.9945105215004575,0.0054894784995425435,0.0054894784995425435,0.6335773101555352,1087,795,298,6
-0.027008485049009323,0.7282708142726441,0.7282708142726441,0.9945105215004575,0.9945105215004575,0.0054894784995425435,0.0054894784995425435,0.6331198536139067,1087,796,297,6
-0.02703958749771118,0.7291857273559011,0.7291857273559011,0.9945105215004575,0.9945105215004575,0.0054894784995425435,0.0054894784995425435,0.6326623970722781,1087,797,296,6
-0.027046658098697662,0.7301006404391582,0.7301006404391582,0.9945105215004575,0.9945105215004575,0.0054894784995425435,0.0054894784995425435,0.6322049405306496,1087,798,295,6
-0.027047380805015564,0.7310155535224153,0.7310155535224153,0.9945105215004575,0.9945105215004575,0.0054894784995425435,0.0054894784995425435,0.631747483989021,1087,799,294,6
-0.02709236741065979,0.7319304666056725,0.7319304666056725,0.9945105215004575,0.9945105215004575,0.0054894784995425435,0.0054894784995425435,0.6312900274473925,1087,800,293,6
-0.027094511315226555,0.7328453796889296,0.7328453796889296,0.9945105215004575,0.9945105215004575,0.0054894784995425435,0.0054894784995425435,0.630832570905764,1087,801,292,6
-0.027141859754920006,0.7337602927721867,0.7337602927721867,0.9945105215004575,0.9945105215004575,0.0054894784995425435,0.0054894784995425435,0.6303751143641354,1087,802,291,6
-0.027429265901446342,0.7346752058554438,0.7346752058554438,0.9945105215004575,0.9945105215004575,0.0054894784995425435,0.0054894784995425435,0.6299176578225069,1087,803,290,6
-0.027537524700164795,0.7355901189387009,0.7355901189387009,0.9945105215004575,0.9945105215004575,0.0054894784995425435,0.0054894784995425435,0.6294602012808783,1087,804,289,6
-0.0276775099337101,0.7365050320219579,0.7365050320219579,0.9945105215004575,0.9945105215004575,0.0054894784995425435,0.0054894784995425435,0.6290027447392498,1087,805,288,6
-0.027734875679016113,0.737419945105215,0.737419945105215,0.9945105215004575,0.9945105215004575,0.0054894784995425435,0.0054894784995425435,0.6285452881976212,1087,806,287,6
-0.027758412063121796,0.7383348581884721,0.7383348581884721,0.9945105215004575,0.9945105215004575,0.0054894784995425435,0.0054894784995425435,0.6280878316559927,1087,807,286,6
-0.027886342257261276,0.7392497712717292,0.7392497712717292,0.9945105215004575,0.9945105215004575,0.0054894784995425435,0.0054894784995425435,0.6276303751143641,1087,808,285,6
-0.028187301009893417,0.7401646843549863,0.7401646843549863,0.9945105215004575,0.9945105215004575,0.0054894784995425435,0.0054894784995425435,0.6271729185727356,1087,809,284,6
-0.028518347069621086,0.7401646843549863,0.7401646843549863,0.9954254345837146,0.9954254345837146,0.004574565416285453,0.004574565416285453,0.6276303751143641,1088,809,284,5
-0.028533298522233963,0.7410795974382434,0.7410795974382434,0.9954254345837146,0.9954254345837146,0.004574565416285453,0.004574565416285453,0.6271729185727356,1088,810,283,5
-0.02857731655240059,0.7419945105215004,0.7419945105215004,0.9954254345837146,0.9954254345837146,0.004574565416285453,0.004574565416285453,0.6267154620311071,1088,811,282,5
-0.028655923902988434,0.7429094236047575,0.7429094236047575,0.9954254345837146,0.9954254345837146,0.004574565416285453,0.004574565416285453,0.6262580054894785,1088,812,281,5
-0.028790947049856186,0.7438243366880146,0.7438243366880146,0.9954254345837146,0.9954254345837146,0.004574565416285453,0.004574565416285453,0.62580054894785,1088,813,280,5
-0.028829293325543404,0.7447392497712717,0.7447392497712717,0.9954254345837146,0.9954254345837146,0.004574565416285453,0.004574565416285453,0.6253430924062214,1088,814,279,5
-0.029460392892360687,0.7456541628545288,0.7456541628545288,0.9954254345837146,0.9954254345837146,0.004574565416285453,0.004574565416285453,0.6248856358645929,1088,815,278,5
-0.029497651383280754,0.7465690759377859,0.7465690759377859,0.9954254345837146,0.9954254345837146,0.004574565416285453,0.004574565416285453,0.6244281793229643,1088,816,277,5
-0.029540440067648888,0.747483989021043,0.747483989021043,0.9954254345837146,0.9954254345837146,0.004574565416285453,0.004574565416285453,0.6239707227813358,1088,817,276,5
-0.029567953199148178,0.7483989021043,0.7483989021043,0.9954254345837146,0.9954254345837146,0.004574565416285453,0.004574565416285453,0.6235132662397073,1088,818,275,5
-0.02975844219326973,0.7493138151875571,0.7493138151875571,0.9954254345837146,0.9954254345837146,0.004574565416285453,0.004574565416285453,0.6230558096980787,1088,819,274,5
-0.029876472428441048,0.7493138151875571,0.7493138151875571,0.9963403476669717,0.9963403476669717,0.0036596523330283625,0.0036596523330283625,0.6235132662397073,1089,819,274,4
-0.029951712116599083,0.7502287282708143,0.7502287282708143,0.9963403476669717,0.9963403476669717,0.0036596523330283625,0.0036596523330283625,0.6230558096980787,1089,820,273,4
-0.029994789510965347,0.7511436413540714,0.7511436413540714,0.9963403476669717,0.9963403476669717,0.0036596523330283625,0.0036596523330283625,0.6225983531564502,1089,821,272,4
-0.03016440011560917,0.7520585544373285,0.7520585544373285,0.9963403476669717,0.9963403476669717,0.0036596523330283625,0.0036596523330283625,0.6221408966148216,1089,822,271,4
-0.03025749698281288,0.7529734675205856,0.7529734675205856,0.9963403476669717,0.9963403476669717,0.0036596523330283625,0.0036596523330283625,0.6216834400731931,1089,823,270,4
-0.030492115765810013,0.7538883806038427,0.7538883806038427,0.9963403476669717,0.9963403476669717,0.0036596523330283625,0.0036596523330283625,0.6212259835315646,1089,824,269,4
-0.03063199669122696,0.7548032936870998,0.7548032936870998,0.9963403476669717,0.9963403476669717,0.0036596523330283625,0.0036596523330283625,0.620768526989936,1089,825,268,4
-0.030971486121416092,0.7557182067703568,0.7557182067703568,0.9963403476669717,0.9963403476669717,0.0036596523330283625,0.0036596523330283625,0.6203110704483074,1089,826,267,4
-0.031365010887384415,0.7566331198536139,0.7566331198536139,0.9963403476669717,0.9963403476669717,0.0036596523330283625,0.0036596523330283625,0.6198536139066788,1089,827,266,4
-0.03159947320818901,0.757548032936871,0.757548032936871,0.9963403476669717,0.9963403476669717,0.0036596523330283625,0.0036596523330283625,0.6193961573650503,1089,828,265,4
-0.031623322516679764,0.7584629460201281,0.7584629460201281,0.9963403476669717,0.9963403476669717,0.0036596523330283625,0.0036596523330283625,0.6189387008234217,1089,829,264,4
-0.031859274953603745,0.7593778591033852,0.7593778591033852,0.9963403476669717,0.9963403476669717,0.0036596523330283625,0.0036596523330283625,0.6184812442817932,1089,830,263,4
-0.03224622458219528,0.7602927721866423,0.7602927721866423,0.9963403476669717,0.9963403476669717,0.0036596523330283625,0.0036596523330283625,0.6180237877401646,1089,831,262,4
-0.032282985746860504,0.7612076852698993,0.7612076852698993,0.9963403476669717,0.9963403476669717,0.0036596523330283625,0.0036596523330283625,0.6175663311985361,1089,832,261,4
-0.032287389039993286,0.7621225983531564,0.7621225983531564,0.9963403476669717,0.9963403476669717,0.0036596523330283625,0.0036596523330283625,0.6171088746569076,1089,833,260,4
-0.03264949843287468,0.7630375114364135,0.7630375114364135,0.9963403476669717,0.9963403476669717,0.0036596523330283625,0.0036596523330283625,0.616651418115279,1089,834,259,4
-0.03343695029616356,0.7639524245196706,0.7639524245196706,0.9963403476669717,0.9963403476669717,0.0036596523330283625,0.0036596523330283625,0.6161939615736505,1089,835,258,4
-0.03370067477226257,0.7639524245196706,0.7639524245196706,0.9972552607502287,0.9972552607502287,0.0027447392497712718,0.0027447392497712718,0.616651418115279,1090,835,258,3
-0.03388864919543266,0.7648673376029277,0.7648673376029277,0.9972552607502287,0.9972552607502287,0.0027447392497712718,0.0027447392497712718,0.6161939615736505,1090,836,257,3
-0.03462926298379898,0.7657822506861848,0.7657822506861848,0.9972552607502287,0.9972552607502287,0.0027447392497712718,0.0027447392497712718,0.6157365050320219,1090,837,256,3
-0.034794364124536514,0.7666971637694419,0.7666971637694419,0.9972552607502287,0.9972552607502287,0.0027447392497712718,0.0027447392497712718,0.6152790484903934,1090,838,255,3
-0.03480800986289978,0.7676120768526989,0.7676120768526989,0.9972552607502287,0.9972552607502287,0.0027447392497712718,0.0027447392497712718,0.6148215919487648,1090,839,254,3
-0.0348365418612957,0.7685269899359561,0.7685269899359561,0.9972552607502287,0.9972552607502287,0.0027447392497712718,0.0027447392497712718,0.6143641354071363,1090,840,253,3
-0.03505449369549751,0.7694419030192132,0.7694419030192132,0.9972552607502287,0.9972552607502287,0.0027447392497712718,0.0027447392497712718,0.6139066788655078,1090,841,252,3
-0.03512420132756233,0.7703568161024703,0.7703568161024703,0.9972552607502287,0.9972552607502287,0.0027447392497712718,0.0027447392497712718,0.6134492223238792,1090,842,251,3
-0.035239748656749725,0.7712717291857274,0.7712717291857274,0.9972552607502287,0.9972552607502287,0.0027447392497712718,0.0027447392497712718,0.6129917657822507,1090,843,250,3
-0.03539050742983818,0.7721866422689845,0.7721866422689845,0.9972552607502287,0.9972552607502287,0.0027447392497712718,0.0027447392497712718,0.6125343092406221,1090,844,249,3
-0.03559655696153641,0.7731015553522416,0.7731015553522416,0.9972552607502287,0.9972552607502287,0.0027447392497712718,0.0027447392497712718,0.6120768526989936,1090,845,248,3
-0.03569618612527847,0.7740164684354987,0.7740164684354987,0.9972552607502287,0.9972552607502287,0.0027447392497712718,0.0027447392497712718,0.611619396157365,1090,846,247,3
-0.03570627421140671,0.7749313815187557,0.7749313815187557,0.9972552607502287,0.9972552607502287,0.0027447392497712718,0.0027447392497712718,0.6111619396157365,1090,847,246,3
-0.035860516130924225,0.7758462946020128,0.7758462946020128,0.9972552607502287,0.9972552607502287,0.0027447392497712718,0.0027447392497712718,0.610704483074108,1090,848,245,3
-0.0359484888613224,0.7767612076852699,0.7767612076852699,0.9972552607502287,0.9972552607502287,0.0027447392497712718,0.0027447392497712718,0.6102470265324794,1090,849,244,3
-0.03596549481153488,0.777676120768527,0.777676120768527,0.9972552607502287,0.9972552607502287,0.0027447392497712718,0.0027447392497712718,0.6097895699908509,1090,850,243,3
-0.0361405648291111,0.7785910338517841,0.7785910338517841,0.9972552607502287,0.9972552607502287,0.0027447392497712718,0.0027447392497712718,0.6093321134492223,1090,851,242,3
-0.036205269396305084,0.7795059469350412,0.7795059469350412,0.9972552607502287,0.9972552607502287,0.0027447392497712718,0.0027447392497712718,0.6088746569075938,1090,852,241,3
-0.036484915763139725,0.7804208600182982,0.7804208600182982,0.9972552607502287,0.9972552607502287,0.0027447392497712718,0.0027447392497712718,0.6084172003659652,1090,853,240,3
-0.03670818358659744,0.7813357731015553,0.7813357731015553,0.9972552607502287,0.9972552607502287,0.0027447392497712718,0.0027447392497712718,0.6079597438243367,1090,854,239,3
-0.03693613409996033,0.7822506861848124,0.7822506861848124,0.9972552607502287,0.9972552607502287,0.0027447392497712718,0.0027447392497712718,0.6075022872827082,1090,855,238,3
-0.036960016936063766,0.7831655992680695,0.7831655992680695,0.9972552607502287,0.9972552607502287,0.0027447392497712718,0.0027447392497712718,0.6070448307410796,1090,856,237,3
-0.037023089826107025,0.7840805123513266,0.7840805123513266,0.9972552607502287,0.9972552607502287,0.0027447392497712718,0.0027447392497712718,0.6065873741994511,1090,857,236,3
-0.03704456239938736,0.7849954254345837,0.7849954254345837,0.9972552607502287,0.9972552607502287,0.0027447392497712718,0.0027447392497712718,0.6061299176578225,1090,858,235,3
-0.037101924419403076,0.7859103385178408,0.7859103385178408,0.9972552607502287,0.9972552607502287,0.0027447392497712718,0.0027447392497712718,0.605672461116194,1090,859,234,3
-0.03763310983777046,0.7868252516010978,0.7868252516010978,0.9972552607502287,0.9972552607502287,0.0027447392497712718,0.0027447392497712718,0.6052150045745655,1090,860,233,3
-0.03822072595357895,0.787740164684355,0.787740164684355,0.9972552607502287,0.9972552607502287,0.0027447392497712718,0.0027447392497712718,0.6047575480329369,1090,861,232,3
-0.03848361596465111,0.7886550777676121,0.7886550777676121,0.9972552607502287,0.9972552607502287,0.0027447392497712718,0.0027447392497712718,0.6043000914913084,1090,862,231,3
-0.038566458970308304,0.7895699908508692,0.7895699908508692,0.9972552607502287,0.9972552607502287,0.0027447392497712718,0.0027447392497712718,0.6038426349496798,1090,863,230,3
-0.03878844901919365,0.7904849039341263,0.7904849039341263,0.9972552607502287,0.9972552607502287,0.0027447392497712718,0.0027447392497712718,0.6033851784080513,1090,864,229,3
-0.03886569291353226,0.7913998170173834,0.7913998170173834,0.9972552607502287,0.9972552607502287,0.0027447392497712718,0.0027447392497712718,0.6029277218664227,1090,865,228,3
-0.03890962153673172,0.7923147301006405,0.7923147301006405,0.9972552607502287,0.9972552607502287,0.0027447392497712718,0.0027447392497712718,0.6024702653247942,1090,866,227,3
-0.03897504135966301,0.7932296431838975,0.7932296431838975,0.9972552607502287,0.9972552607502287,0.0027447392497712718,0.0027447392497712718,0.6020128087831657,1090,867,226,3
-0.03903292864561081,0.7941445562671546,0.7941445562671546,0.9972552607502287,0.9972552607502287,0.0027447392497712718,0.0027447392497712718,0.601555352241537,1090,868,225,3
-0.03924758732318878,0.7950594693504117,0.7950594693504117,0.9972552607502287,0.9972552607502287,0.0027447392497712718,0.0027447392497712718,0.6010978956999085,1090,869,224,3
-0.039291828870773315,0.7959743824336688,0.7959743824336688,0.9972552607502287,0.9972552607502287,0.0027447392497712718,0.0027447392497712718,0.6006404391582799,1090,870,223,3
-0.0393957756459713,0.7968892955169259,0.7968892955169259,0.9972552607502287,0.9972552607502287,0.0027447392497712718,0.0027447392497712718,0.6001829826166514,1090,871,222,3
-0.039637353271245956,0.797804208600183,0.797804208600183,0.9972552607502287,0.9972552607502287,0.0027447392497712718,0.0027447392497712718,0.5997255260750228,1090,872,221,3
-0.03964927792549133,0.7987191216834401,0.7987191216834401,0.9972552607502287,0.9972552607502287,0.0027447392497712718,0.0027447392497712718,0.5992680695333943,1090,873,220,3
-0.039914850145578384,0.7996340347666971,0.7996340347666971,0.9972552607502287,0.9972552607502287,0.0027447392497712718,0.0027447392497712718,0.5988106129917657,1090,874,219,3
-0.04015655070543289,0.8005489478499542,0.8005489478499542,0.9972552607502287,0.9972552607502287,0.0027447392497712718,0.0027447392497712718,0.5983531564501372,1090,875,218,3
-0.04029809683561325,0.8014638609332113,0.8014638609332113,0.9972552607502287,0.9972552607502287,0.0027447392497712718,0.0027447392497712718,0.5978956999085087,1090,876,217,3
-0.04033495858311653,0.8023787740164684,0.8023787740164684,0.9972552607502287,0.9972552607502287,0.0027447392497712718,0.0027447392497712718,0.5974382433668801,1090,877,216,3
-0.04054536297917366,0.8032936870997255,0.8032936870997255,0.9972552607502287,0.9972552607502287,0.0027447392497712718,0.0027447392497712718,0.5969807868252516,1090,878,215,3
-0.0410216823220253,0.8042086001829826,0.8042086001829826,0.9972552607502287,0.9972552607502287,0.0027447392497712718,0.0027447392497712718,0.596523330283623,1090,879,214,3
-0.04103713482618332,0.8051235132662397,0.8051235132662397,0.9972552607502287,0.9972552607502287,0.0027447392497712718,0.0027447392497712718,0.5960658737419945,1090,880,213,3
-0.041132066398859024,0.8060384263494969,0.8060384263494969,0.9972552607502287,0.9972552607502287,0.0027447392497712718,0.0027447392497712718,0.595608417200366,1090,881,212,3
-0.04120026156306267,0.8069533394327539,0.8069533394327539,0.9972552607502287,0.9972552607502287,0.0027447392497712718,0.0027447392497712718,0.5951509606587374,1090,882,211,3
-0.04136674478650093,0.807868252516011,0.807868252516011,0.9972552607502287,0.9972552607502287,0.0027447392497712718,0.0027447392497712718,0.5946935041171089,1090,883,210,3
-0.041530802845954895,0.8087831655992681,0.8087831655992681,0.9972552607502287,0.9972552607502287,0.0027447392497712718,0.0027447392497712718,0.5942360475754803,1090,884,209,3
-0.041921257972717285,0.8096980786825252,0.8096980786825252,0.9972552607502287,0.9972552607502287,0.0027447392497712718,0.0027447392497712718,0.5937785910338518,1090,885,208,3
-0.04207640886306763,0.8106129917657823,0.8106129917657823,0.9972552607502287,0.9972552607502287,0.0027447392497712718,0.0027447392497712718,0.5933211344922232,1090,886,207,3
-0.04230177402496338,0.8115279048490394,0.8115279048490394,0.9972552607502287,0.9972552607502287,0.0027447392497712718,0.0027447392497712718,0.5928636779505947,1090,887,206,3
-0.04230808466672897,0.8124428179322964,0.8124428179322964,0.9972552607502287,0.9972552607502287,0.0027447392497712718,0.0027447392497712718,0.5924062214089661,1090,888,205,3
-0.042512182146310806,0.8133577310155535,0.8133577310155535,0.9972552607502287,0.9972552607502287,0.0027447392497712718,0.0027447392497712718,0.5919487648673376,1090,889,204,3
-0.04273892194032669,0.8142726440988106,0.8142726440988106,0.9972552607502287,0.9972552607502287,0.0027447392497712718,0.0027447392497712718,0.5914913083257091,1090,890,203,3
-0.042910102754831314,0.8151875571820677,0.8151875571820677,0.9972552607502287,0.9972552607502287,0.0027447392497712718,0.0027447392497712718,0.5910338517840805,1090,891,202,3
-0.043142613023519516,0.8161024702653248,0.8161024702653248,0.9972552607502287,0.9972552607502287,0.0027447392497712718,0.0027447392497712718,0.590576395242452,1090,892,201,3
-0.04358933866024017,0.8170173833485819,0.8170173833485819,0.9972552607502287,0.9972552607502287,0.0027447392497712718,0.0027447392497712718,0.5901189387008234,1090,893,200,3
-0.04420129954814911,0.817932296431839,0.817932296431839,0.9972552607502287,0.9972552607502287,0.0027447392497712718,0.0027447392497712718,0.5896614821591949,1090,894,199,3
-0.04424908757209778,0.818847209515096,0.818847209515096,0.9972552607502287,0.9972552607502287,0.0027447392497712718,0.0027447392497712718,0.5892040256175664,1090,895,198,3
-0.0445917472243309,0.8197621225983531,0.8197621225983531,0.9972552607502287,0.9972552607502287,0.0027447392497712718,0.0027447392497712718,0.5887465690759378,1090,896,197,3
-0.04465262219309807,0.8206770356816102,0.8206770356816102,0.9972552607502287,0.9972552607502287,0.0027447392497712718,0.0027447392497712718,0.5882891125343093,1090,897,196,3
-0.04560207575559616,0.8215919487648673,0.8215919487648673,0.9972552607502287,0.9972552607502287,0.0027447392497712718,0.0027447392497712718,0.5878316559926807,1090,898,195,3
-0.04562632739543915,0.8225068618481244,0.8225068618481244,0.9972552607502287,0.9972552607502287,0.0027447392497712718,0.0027447392497712718,0.5873741994510522,1090,899,194,3
-0.04564960300922394,0.8234217749313815,0.8234217749313815,0.9972552607502287,0.9972552607502287,0.0027447392497712718,0.0027447392497712718,0.5869167429094236,1090,900,193,3
-0.04572109505534172,0.8243366880146387,0.8243366880146387,0.9972552607502287,0.9972552607502287,0.0027447392497712718,0.0027447392497712718,0.5864592863677951,1090,901,192,3
-0.04612700641155243,0.8252516010978957,0.8252516010978957,0.9972552607502287,0.9972552607502287,0.0027447392497712718,0.0027447392497712718,0.5860018298261666,1090,902,191,3
-0.046196047216653824,0.8261665141811528,0.8261665141811528,0.9972552607502287,0.9972552607502287,0.0027447392497712718,0.0027447392497712718,0.585544373284538,1090,903,190,3
-0.04654756560921669,0.8270814272644099,0.8270814272644099,0.9972552607502287,0.9972552607502287,0.0027447392497712718,0.0027447392497712718,0.5850869167429095,1090,904,189,3
-0.046613167971372604,0.827996340347667,0.827996340347667,0.9972552607502287,0.9972552607502287,0.0027447392497712718,0.0027447392497712718,0.5846294602012809,1090,905,188,3
-0.04686521738767624,0.8289112534309241,0.8289112534309241,0.9972552607502287,0.9972552607502287,0.0027447392497712718,0.0027447392497712718,0.5841720036596524,1090,906,187,3
-0.04694145545363426,0.8298261665141812,0.8298261665141812,0.9972552607502287,0.9972552607502287,0.0027447392497712718,0.0027447392497712718,0.5837145471180238,1090,907,186,3
-0.04707524552941322,0.8307410795974383,0.8307410795974383,0.9972552607502287,0.9972552607502287,0.0027447392497712718,0.0027447392497712718,0.5832570905763952,1090,908,185,3
-0.04774017259478569,0.8316559926806953,0.8316559926806953,0.9972552607502287,0.9972552607502287,0.0027447392497712718,0.0027447392497712718,0.5827996340347666,1090,909,184,3
-0.047991570085287094,0.8325709057639524,0.8325709057639524,0.9972552607502287,0.9972552607502287,0.0027447392497712718,0.0027447392497712718,0.5823421774931381,1090,910,183,3
-0.04811321571469307,0.8334858188472095,0.8334858188472095,0.9972552607502287,0.9972552607502287,0.0027447392497712718,0.0027447392497712718,0.5818847209515096,1090,911,182,3
-0.048428501933813095,0.8344007319304666,0.8344007319304666,0.9972552607502287,0.9972552607502287,0.0027447392497712718,0.0027447392497712718,0.581427264409881,1090,912,181,3
-0.04866032302379608,0.8353156450137237,0.8353156450137237,0.9972552607502287,0.9972552607502287,0.0027447392497712718,0.0027447392497712718,0.5809698078682525,1090,913,180,3
-0.04867083206772804,0.8362305580969808,0.8362305580969808,0.9972552607502287,0.9972552607502287,0.0027447392497712718,0.0027447392497712718,0.5805123513266239,1090,914,179,3
-0.04877476021647453,0.8371454711802379,0.8371454711802379,0.9972552607502287,0.9972552607502287,0.0027447392497712718,0.0027447392497712718,0.5800548947849954,1090,915,178,3
-0.0487770140171051,0.8380603842634949,0.8380603842634949,0.9972552607502287,0.9972552607502287,0.0027447392497712718,0.0027447392497712718,0.5795974382433668,1090,916,177,3
-0.04884415864944458,0.838975297346752,0.838975297346752,0.9972552607502287,0.9972552607502287,0.0027447392497712718,0.0027447392497712718,0.5791399817017383,1090,917,176,3
-0.049183595925569534,0.8398902104300091,0.8398902104300091,0.9972552607502287,0.9972552607502287,0.0027447392497712718,0.0027447392497712718,0.5786825251601098,1090,918,175,3
-0.049325719475746155,0.8408051235132662,0.8408051235132662,0.9972552607502287,0.9972552607502287,0.0027447392497712718,0.0027447392497712718,0.5782250686184812,1090,919,174,3
-0.049587104469537735,0.8417200365965233,0.8417200365965233,0.9972552607502287,0.9972552607502287,0.0027447392497712718,0.0027447392497712718,0.5777676120768527,1090,920,173,3
-0.04985056445002556,0.8426349496797805,0.8426349496797805,0.9972552607502287,0.9972552607502287,0.0027447392497712718,0.0027447392497712718,0.5773101555352241,1090,921,172,3
-0.04997168481349945,0.8435498627630376,0.8435498627630376,0.9972552607502287,0.9972552607502287,0.0027447392497712718,0.0027447392497712718,0.5768526989935956,1090,922,171,3
-0.050303880125284195,0.8444647758462946,0.8444647758462946,0.9972552607502287,0.9972552607502287,0.0027447392497712718,0.0027447392497712718,0.576395242451967,1090,923,170,3
-0.050924938172101974,0.8453796889295517,0.8453796889295517,0.9972552607502287,0.9972552607502287,0.0027447392497712718,0.0027447392497712718,0.5759377859103385,1090,924,169,3
-0.0511811189353466,0.8462946020128088,0.8462946020128088,0.9972552607502287,0.9972552607502287,0.0027447392497712718,0.0027447392497712718,0.57548032936871,1090,925,168,3
-0.0512521006166935,0.8472095150960659,0.8472095150960659,0.9972552607502287,0.9972552607502287,0.0027447392497712718,0.0027447392497712718,0.5750228728270814,1090,926,167,3
-0.051578912883996964,0.848124428179323,0.848124428179323,0.9972552607502287,0.9972552607502287,0.0027447392497712718,0.0027447392497712718,0.5745654162854529,1090,927,166,3
-0.05195993930101395,0.8490393412625801,0.8490393412625801,0.9972552607502287,0.9972552607502287,0.0027447392497712718,0.0027447392497712718,0.5741079597438243,1090,928,165,3
-0.05208425968885422,0.8499542543458372,0.8499542543458372,0.9972552607502287,0.9972552607502287,0.0027447392497712718,0.0027447392497712718,0.5736505032021958,1090,929,164,3
-0.05238829925656319,0.8508691674290942,0.8508691674290942,0.9972552607502287,0.9972552607502287,0.0027447392497712718,0.0027447392497712718,0.5731930466605673,1090,930,163,3
-0.05245424807071686,0.8517840805123513,0.8517840805123513,0.9972552607502287,0.9972552607502287,0.0027447392497712718,0.0027447392497712718,0.5727355901189387,1090,931,162,3
-0.05252540111541748,0.8526989935956084,0.8526989935956084,0.9972552607502287,0.9972552607502287,0.0027447392497712718,0.0027447392497712718,0.5722781335773102,1090,932,161,3
-0.05292894318699837,0.8536139066788655,0.8536139066788655,0.9972552607502287,0.9972552607502287,0.0027447392497712718,0.0027447392497712718,0.5718206770356816,1090,933,160,3
-0.053020406514406204,0.8545288197621226,0.8545288197621226,0.9972552607502287,0.9972552607502287,0.0027447392497712718,0.0027447392497712718,0.5713632204940531,1090,934,159,3
-0.05308126285672188,0.8554437328453797,0.8554437328453797,0.9972552607502287,0.9972552607502287,0.0027447392497712718,0.0027447392497712718,0.5709057639524245,1090,935,158,3
-0.05324430763721466,0.8563586459286368,0.8563586459286368,0.9972552607502287,0.9972552607502287,0.0027447392497712718,0.0027447392497712718,0.570448307410796,1090,936,157,3
-0.053296346217393875,0.8572735590118938,0.8572735590118938,0.9972552607502287,0.9972552607502287,0.0027447392497712718,0.0027447392497712718,0.5699908508691675,1090,937,156,3
-0.05334490165114403,0.8581884720951509,0.8581884720951509,0.9972552607502287,0.9972552607502287,0.0027447392497712718,0.0027447392497712718,0.5695333943275389,1090,938,155,3
-0.053916096687316895,0.859103385178408,0.859103385178408,0.9972552607502287,0.9972552607502287,0.0027447392497712718,0.0027447392497712718,0.5690759377859104,1090,939,154,3
-0.05440370738506317,0.8600182982616651,0.8600182982616651,0.9972552607502287,0.9972552607502287,0.0027447392497712718,0.0027447392497712718,0.5686184812442818,1090,940,153,3
-0.054449617862701416,0.8609332113449222,0.8609332113449222,0.9972552607502287,0.9972552607502287,0.0027447392497712718,0.0027447392497712718,0.5681610247026533,1090,941,152,3
-0.054527878761291504,0.8618481244281794,0.8618481244281794,0.9972552607502287,0.9972552607502287,0.0027447392497712718,0.0027447392497712718,0.5677035681610247,1090,942,151,3
-0.05473270267248154,0.8627630375114365,0.8627630375114365,0.9972552607502287,0.9972552607502287,0.0027447392497712718,0.0027447392497712718,0.5672461116193962,1090,943,150,3
-0.0547332800924778,0.8636779505946935,0.8636779505946935,0.9972552607502287,0.9972552607502287,0.0027447392497712718,0.0027447392497712718,0.5667886550777677,1090,944,149,3
-0.054762840270996094,0.8645928636779506,0.8645928636779506,0.9972552607502287,0.9972552607502287,0.0027447392497712718,0.0027447392497712718,0.5663311985361391,1090,945,148,3
-0.05490655452013016,0.8655077767612077,0.8655077767612077,0.9972552607502287,0.9972552607502287,0.0027447392497712718,0.0027447392497712718,0.5658737419945106,1090,946,147,3
-0.055301420390605927,0.8664226898444648,0.8664226898444648,0.9972552607502287,0.9972552607502287,0.0027447392497712718,0.0027447392497712718,0.565416285452882,1090,947,146,3
-0.055304452776908875,0.8673376029277219,0.8673376029277219,0.9972552607502287,0.9972552607502287,0.0027447392497712718,0.0027447392497712718,0.5649588289112535,1090,948,145,3
-0.056238409131765366,0.868252516010979,0.868252516010979,0.9972552607502287,0.9972552607502287,0.0027447392497712718,0.0027447392497712718,0.5645013723696248,1090,949,144,3
-0.05668749660253525,0.869167429094236,0.869167429094236,0.9972552607502287,0.9972552607502287,0.0027447392497712718,0.0027447392497712718,0.5640439158279963,1090,950,143,3
-0.05671132728457451,0.8700823421774931,0.8700823421774931,0.9972552607502287,0.9972552607502287,0.0027447392497712718,0.0027447392497712718,0.5635864592863677,1090,951,142,3
-0.05680275708436966,0.8709972552607502,0.8709972552607502,0.9972552607502287,0.9972552607502287,0.0027447392497712718,0.0027447392497712718,0.5631290027447392,1090,952,141,3
-0.056948743760585785,0.8719121683440073,0.8719121683440073,0.9972552607502287,0.9972552607502287,0.0027447392497712718,0.0027447392497712718,0.5626715462031107,1090,953,140,3
-0.057375382632017136,0.8728270814272644,0.8728270814272644,0.9972552607502287,0.9972552607502287,0.0027447392497712718,0.0027447392497712718,0.5622140896614821,1090,954,139,3
-0.05792052298784256,0.8737419945105215,0.8737419945105215,0.9972552607502287,0.9972552607502287,0.0027447392497712718,0.0027447392497712718,0.5617566331198536,1090,955,138,3
-0.05795398727059364,0.8746569075937786,0.8746569075937786,0.9972552607502287,0.9972552607502287,0.0027447392497712718,0.0027447392497712718,0.561299176578225,1090,956,137,3
-0.05806289240717888,0.8755718206770357,0.8755718206770357,0.9972552607502287,0.9972552607502287,0.0027447392497712718,0.0027447392497712718,0.5608417200365965,1090,957,136,3
-0.05875521898269653,0.8764867337602927,0.8764867337602927,0.9972552607502287,0.9972552607502287,0.0027447392497712718,0.0027447392497712718,0.560384263494968,1090,958,135,3
-0.0587584562599659,0.8774016468435498,0.8774016468435498,0.9972552607502287,0.9972552607502287,0.0027447392497712718,0.0027447392497712718,0.5599268069533394,1090,959,134,3
-0.05888541042804718,0.8783165599268069,0.8783165599268069,0.9972552607502287,0.9972552607502287,0.0027447392497712718,0.0027447392497712718,0.5594693504117109,1090,960,133,3
-0.05939565971493721,0.879231473010064,0.879231473010064,0.9972552607502287,0.9972552607502287,0.0027447392497712718,0.0027447392497712718,0.5590118938700823,1090,961,132,3
-0.059443239122629166,0.8801463860933212,0.8801463860933212,0.9972552607502287,0.9972552607502287,0.0027447392497712718,0.0027447392497712718,0.5585544373284538,1090,962,131,3
-0.05971034988760948,0.8810612991765783,0.8810612991765783,0.9972552607502287,0.9972552607502287,0.0027447392497712718,0.0027447392497712718,0.5580969807868252,1090,963,130,3
-0.059772998094558716,0.8819762122598354,0.8819762122598354,0.9972552607502287,0.9972552607502287,0.0027447392497712718,0.0027447392497712718,0.5576395242451967,1090,964,129,3
-0.05993117019534111,0.8828911253430924,0.8828911253430924,0.9972552607502287,0.9972552607502287,0.0027447392497712718,0.0027447392497712718,0.5571820677035682,1090,965,128,3
-0.06040569022297859,0.8838060384263495,0.8838060384263495,0.9972552607502287,0.9972552607502287,0.0027447392497712718,0.0027447392497712718,0.5567246111619396,1090,966,127,3
-0.06049588695168495,0.8847209515096066,0.8847209515096066,0.9972552607502287,0.9972552607502287,0.0027447392497712718,0.0027447392497712718,0.5562671546203111,1090,967,126,3
-0.06052839010953903,0.8856358645928637,0.8856358645928637,0.9972552607502287,0.9972552607502287,0.0027447392497712718,0.0027447392497712718,0.5558096980786825,1090,968,125,3
-0.06058984249830246,0.8865507776761208,0.8865507776761208,0.9972552607502287,0.9972552607502287,0.0027447392497712718,0.0027447392497712718,0.555352241537054,1090,969,124,3
-0.06070780009031296,0.8874656907593779,0.8874656907593779,0.9972552607502287,0.9972552607502287,0.0027447392497712718,0.0027447392497712718,0.5548947849954254,1090,970,123,3
-0.0609268881380558,0.888380603842635,0.888380603842635,0.9972552607502287,0.9972552607502287,0.0027447392497712718,0.0027447392497712718,0.5544373284537969,1090,971,122,3
-0.060994938015937805,0.889295516925892,0.889295516925892,0.9972552607502287,0.9972552607502287,0.0027447392497712718,0.0027447392497712718,0.5539798719121684,1090,972,121,3
-0.061333607882261276,0.8902104300091491,0.8902104300091491,0.9972552607502287,0.9972552607502287,0.0027447392497712718,0.0027447392497712718,0.5535224153705398,1090,973,120,3
-0.06162815913558006,0.8911253430924062,0.8911253430924062,0.9972552607502287,0.9972552607502287,0.0027447392497712718,0.0027447392497712718,0.5530649588289113,1090,974,119,3
-0.06177379935979843,0.8920402561756633,0.8920402561756633,0.9972552607502287,0.9972552607502287,0.0027447392497712718,0.0027447392497712718,0.5526075022872827,1090,975,118,3
-0.06186442822217941,0.8929551692589204,0.8929551692589204,0.9972552607502287,0.9972552607502287,0.0027447392497712718,0.0027447392497712718,0.5521500457456542,1090,976,117,3
-0.06202032044529915,0.8938700823421775,0.8938700823421775,0.9972552607502287,0.9972552607502287,0.0027447392497712718,0.0027447392497712718,0.5516925892040256,1090,977,116,3
-0.06266995519399643,0.8947849954254345,0.8947849954254345,0.9972552607502287,0.9972552607502287,0.0027447392497712718,0.0027447392497712718,0.5512351326623971,1090,978,115,3
-0.06326477229595184,0.8956999085086916,0.8956999085086916,0.9972552607502287,0.9972552607502287,0.0027447392497712718,0.0027447392497712718,0.5507776761207686,1090,979,114,3
-0.0637347400188446,0.8966148215919487,0.8966148215919487,0.9972552607502287,0.9972552607502287,0.0027447392497712718,0.0027447392497712718,0.55032021957914,1090,980,113,3
-0.06384964287281036,0.8975297346752058,0.8975297346752058,0.9972552607502287,0.9972552607502287,0.0027447392497712718,0.0027447392497712718,0.5498627630375115,1090,981,112,3
-0.06397156417369843,0.8975297346752058,0.8975297346752058,0.9981701738334858,0.9981701738334858,0.0018298261665141812,0.0018298261665141812,0.55032021957914,1091,981,112,2
-0.06442512571811676,0.898444647758463,0.898444647758463,0.9981701738334858,0.9981701738334858,0.0018298261665141812,0.0018298261665141812,0.5498627630375115,1091,982,111,2
-0.06457606703042984,0.8993595608417201,0.8993595608417201,0.9981701738334858,0.9981701738334858,0.0018298261665141812,0.0018298261665141812,0.5494053064958829,1091,983,110,2
-0.06518222391605377,0.9002744739249772,0.9002744739249772,0.9981701738334858,0.9981701738334858,0.0018298261665141812,0.0018298261665141812,0.5489478499542544,1091,984,109,2
-0.06580857932567596,0.9011893870082343,0.9011893870082343,0.9981701738334858,0.9981701738334858,0.0018298261665141812,0.0018298261665141812,0.5484903934126258,1091,985,108,2
-0.06610626727342606,0.9021043000914913,0.9021043000914913,0.9981701738334858,0.9981701738334858,0.0018298261665141812,0.0018298261665141812,0.5480329368709973,1091,986,107,2
-0.06676948070526123,0.9030192131747484,0.9030192131747484,0.9981701738334858,0.9981701738334858,0.0018298261665141812,0.0018298261665141812,0.5475754803293688,1091,987,106,2
-0.06741301715373993,0.9039341262580055,0.9039341262580055,0.9981701738334858,0.9981701738334858,0.0018298261665141812,0.0018298261665141812,0.5471180237877402,1091,988,105,2
-0.06741605699062347,0.9048490393412626,0.9048490393412626,0.9981701738334858,0.9981701738334858,0.0018298261665141812,0.0018298261665141812,0.5466605672461117,1091,989,104,2
-0.0675436407327652,0.9057639524245197,0.9057639524245197,0.9981701738334858,0.9981701738334858,0.0018298261665141812,0.0018298261665141812,0.546203110704483,1091,990,103,2
-0.0676499754190445,0.9066788655077768,0.9066788655077768,0.9981701738334858,0.9981701738334858,0.0018298261665141812,0.0018298261665141812,0.5457456541628545,1091,991,102,2
-0.06798133254051208,0.9075937785910339,0.9075937785910339,0.9981701738334858,0.9981701738334858,0.0018298261665141812,0.0018298261665141812,0.5452881976212259,1091,992,101,2
-0.06820043176412582,0.9085086916742909,0.9085086916742909,0.9981701738334858,0.9981701738334858,0.0018298261665141812,0.0018298261665141812,0.5448307410795974,1091,993,100,2
-0.06877933442592621,0.909423604757548,0.909423604757548,0.9981701738334858,0.9981701738334858,0.0018298261665141812,0.0018298261665141812,0.5443732845379688,1091,994,99,2
-0.06942574679851532,0.9103385178408051,0.9103385178408051,0.9981701738334858,0.9981701738334858,0.0018298261665141812,0.0018298261665141812,0.5439158279963403,1091,995,98,2
-0.06945948302745819,0.9112534309240622,0.9112534309240622,0.9981701738334858,0.9981701738334858,0.0018298261665141812,0.0018298261665141812,0.5434583714547118,1091,996,97,2
-0.07011125981807709,0.9121683440073193,0.9121683440073193,0.9981701738334858,0.9981701738334858,0.0018298261665141812,0.0018298261665141812,0.5430009149130832,1091,997,96,2
-0.07104905694723129,0.9130832570905764,0.9130832570905764,0.9981701738334858,0.9981701738334858,0.0018298261665141812,0.0018298261665141812,0.5425434583714547,1091,998,95,2
-0.07133799046278,0.9139981701738334,0.9139981701738334,0.9981701738334858,0.9981701738334858,0.0018298261665141812,0.0018298261665141812,0.5420860018298261,1091,999,94,2
-0.07220674306154251,0.9149130832570905,0.9149130832570905,0.9981701738334858,0.9981701738334858,0.0018298261665141812,0.0018298261665141812,0.5416285452881976,1091,1000,93,2
-0.07314135134220123,0.9158279963403476,0.9158279963403476,0.9981701738334858,0.9981701738334858,0.0018298261665141812,0.0018298261665141812,0.541171088746569,1091,1001,92,2
-0.07335950434207916,0.9167429094236048,0.9167429094236048,0.9981701738334858,0.9981701738334858,0.0018298261665141812,0.0018298261665141812,0.5407136322049405,1091,1002,91,2
-0.0734151229262352,0.9176578225068619,0.9176578225068619,0.9981701738334858,0.9981701738334858,0.0018298261665141812,0.0018298261665141812,0.540256175663312,1091,1003,90,2
-0.07454151660203934,0.918572735590119,0.918572735590119,0.9981701738334858,0.9981701738334858,0.0018298261665141812,0.0018298261665141812,0.5397987191216834,1091,1004,89,2
-0.07463570684194565,0.9194876486733761,0.9194876486733761,0.9981701738334858,0.9981701738334858,0.0018298261665141812,0.0018298261665141812,0.5393412625800549,1091,1005,88,2
-0.07504639029502869,0.9204025617566332,0.9204025617566332,0.9981701738334858,0.9981701738334858,0.0018298261665141812,0.0018298261665141812,0.5388838060384263,1091,1006,87,2
-0.07507376372814178,0.9213174748398902,0.9213174748398902,0.9981701738334858,0.9981701738334858,0.0018298261665141812,0.0018298261665141812,0.5384263494967978,1091,1007,86,2
-0.07561936974525452,0.9222323879231473,0.9222323879231473,0.9981701738334858,0.9981701738334858,0.0018298261665141812,0.0018298261665141812,0.5379688929551693,1091,1008,85,2
-0.07576549798250198,0.9231473010064044,0.9231473010064044,0.9981701738334858,0.9981701738334858,0.0018298261665141812,0.0018298261665141812,0.5375114364135407,1091,1009,84,2
-0.07593932747840881,0.9240622140896615,0.9240622140896615,0.9981701738334858,0.9981701738334858,0.0018298261665141812,0.0018298261665141812,0.5370539798719122,1091,1010,83,2
-0.07623817026615143,0.9249771271729186,0.9249771271729186,0.9981701738334858,0.9981701738334858,0.0018298261665141812,0.0018298261665141812,0.5365965233302836,1091,1011,82,2
-0.07649428397417068,0.9258920402561757,0.9258920402561757,0.9981701738334858,0.9981701738334858,0.0018298261665141812,0.0018298261665141812,0.5361390667886551,1091,1012,81,2
-0.0770084485411644,0.9268069533394327,0.9268069533394327,0.9981701738334858,0.9981701738334858,0.0018298261665141812,0.0018298261665141812,0.5356816102470265,1091,1013,80,2
-0.07794699817895889,0.9277218664226898,0.9277218664226898,0.9981701738334858,0.9981701738334858,0.0018298261665141812,0.0018298261665141812,0.535224153705398,1091,1014,79,2
-0.07795406132936478,0.9286367795059469,0.9286367795059469,0.9981701738334858,0.9981701738334858,0.0018298261665141812,0.0018298261665141812,0.5347666971637695,1091,1015,78,2
-0.07825236767530441,0.929551692589204,0.929551692589204,0.9981701738334858,0.9981701738334858,0.0018298261665141812,0.0018298261665141812,0.5343092406221409,1091,1016,77,2
-0.07928290218114853,0.9304666056724611,0.9304666056724611,0.9981701738334858,0.9981701738334858,0.0018298261665141812,0.0018298261665141812,0.5338517840805124,1091,1017,76,2
-0.07979293167591095,0.9313815187557182,0.9313815187557182,0.9981701738334858,0.9981701738334858,0.0018298261665141812,0.0018298261665141812,0.5333943275388838,1091,1018,75,2
-0.07986555993556976,0.9322964318389753,0.9322964318389753,0.9981701738334858,0.9981701738334858,0.0018298261665141812,0.0018298261665141812,0.5329368709972553,1091,1019,74,2
-0.08022432774305344,0.9332113449222323,0.9332113449222323,0.9981701738334858,0.9981701738334858,0.0018298261665141812,0.0018298261665141812,0.5324794144556267,1091,1020,73,2
-0.0804576575756073,0.9341262580054894,0.9341262580054894,0.9981701738334858,0.9981701738334858,0.0018298261665141812,0.0018298261665141812,0.5320219579139982,1091,1021,72,2
-0.08091174811124802,0.9350411710887465,0.9350411710887465,0.9981701738334858,0.9981701738334858,0.0018298261665141812,0.0018298261665141812,0.5315645013723697,1091,1022,71,2
-0.0810600072145462,0.9359560841720037,0.9359560841720037,0.9981701738334858,0.9981701738334858,0.0018298261665141812,0.0018298261665141812,0.5311070448307411,1091,1023,70,2
-0.08126669377088547,0.9368709972552608,0.9368709972552608,0.9981701738334858,0.9981701738334858,0.0018298261665141812,0.0018298261665141812,0.5306495882891126,1091,1024,69,2
-0.08174039423465729,0.9377859103385179,0.9377859103385179,0.9981701738334858,0.9981701738334858,0.0018298261665141812,0.0018298261665141812,0.530192131747484,1091,1025,68,2
-0.0817594975233078,0.938700823421775,0.938700823421775,0.9981701738334858,0.9981701738334858,0.0018298261665141812,0.0018298261665141812,0.5297346752058555,1091,1026,67,2
-0.08211386203765869,0.939615736505032,0.939615736505032,0.9981701738334858,0.9981701738334858,0.0018298261665141812,0.0018298261665141812,0.529277218664227,1091,1027,66,2
-0.0821390450000763,0.9405306495882891,0.9405306495882891,0.9981701738334858,0.9981701738334858,0.0018298261665141812,0.0018298261665141812,0.5288197621225984,1091,1028,65,2
-0.08215390145778656,0.9414455626715462,0.9414455626715462,0.9981701738334858,0.9981701738334858,0.0018298261665141812,0.0018298261665141812,0.5283623055809699,1091,1029,64,2
-0.08318176120519638,0.9423604757548033,0.9423604757548033,0.9981701738334858,0.9981701738334858,0.0018298261665141812,0.0018298261665141812,0.5279048490393413,1091,1030,63,2
-0.08470511436462402,0.9432753888380604,0.9432753888380604,0.9981701738334858,0.9981701738334858,0.0018298261665141812,0.0018298261665141812,0.5274473924977127,1091,1031,62,2
-0.08471496403217316,0.9441903019213175,0.9441903019213175,0.9981701738334858,0.9981701738334858,0.0018298261665141812,0.0018298261665141812,0.5269899359560841,1091,1032,61,2
-0.08592861145734787,0.9451052150045746,0.9451052150045746,0.9981701738334858,0.9981701738334858,0.0018298261665141812,0.0018298261665141812,0.5265324794144556,1091,1033,60,2
-0.08594454079866409,0.9460201280878316,0.9460201280878316,0.9981701738334858,0.9981701738334858,0.0018298261665141812,0.0018298261665141812,0.526075022872827,1091,1034,59,2
-0.08639370650053024,0.9460201280878316,0.9460201280878316,0.9990850869167429,0.9990850869167429,0.0009149130832570906,0.0009149130832570906,0.5265324794144556,1092,1034,59,1
-0.08653140813112259,0.9469350411710887,0.9469350411710887,0.9990850869167429,0.9990850869167429,0.0009149130832570906,0.0009149130832570906,0.526075022872827,1092,1035,58,1
-0.08774369210004807,0.9478499542543458,0.9478499542543458,0.9990850869167429,0.9990850869167429,0.0009149130832570906,0.0009149130832570906,0.5256175663311985,1092,1036,57,1
-0.08779410272836685,0.9487648673376029,0.9487648673376029,0.9990850869167429,0.9990850869167429,0.0009149130832570906,0.0009149130832570906,0.52516010978957,1092,1037,56,1
-0.08929508924484253,0.94967978042086,0.94967978042086,0.9990850869167429,0.9990850869167429,0.0009149130832570906,0.0009149130832570906,0.5247026532479414,1092,1038,55,1
-0.0892968401312828,0.9505946935041171,0.9505946935041171,0.9990850869167429,0.9990850869167429,0.0009149130832570906,0.0009149130832570906,0.5242451967063129,1092,1039,54,1
-0.08932355791330338,0.9515096065873742,0.9515096065873742,0.9990850869167429,0.9990850869167429,0.0009149130832570906,0.0009149130832570906,0.5237877401646843,1092,1040,53,1
-0.09065358340740204,0.9524245196706312,0.9524245196706312,0.9990850869167429,0.9990850869167429,0.0009149130832570906,0.0009149130832570906,0.5233302836230558,1092,1041,52,1
-0.09072037041187286,0.9533394327538883,0.9533394327538883,0.9990850869167429,0.9990850869167429,0.0009149130832570906,0.0009149130832570906,0.5228728270814272,1092,1042,51,1
-0.0928797721862793,0.9542543458371455,0.9542543458371455,0.9990850869167429,0.9990850869167429,0.0009149130832570906,0.0009149130832570906,0.5224153705397987,1092,1043,50,1
-0.09314433485269547,0.9551692589204026,0.9551692589204026,0.9990850869167429,0.9990850869167429,0.0009149130832570906,0.0009149130832570906,0.5219579139981702,1092,1044,49,1
-0.09315527975559235,0.9560841720036597,0.9560841720036597,0.9990850869167429,0.9990850869167429,0.0009149130832570906,0.0009149130832570906,0.5215004574565416,1092,1045,48,1
-0.09376617521047592,0.9569990850869168,0.9569990850869168,0.9990850869167429,0.9990850869167429,0.0009149130832570906,0.0009149130832570906,0.5210430009149131,1092,1046,47,1
-0.0941692441701889,0.9579139981701739,0.9579139981701739,0.9990850869167429,0.9990850869167429,0.0009149130832570906,0.0009149130832570906,0.5205855443732845,1092,1047,46,1
-0.09504378587007523,0.958828911253431,0.958828911253431,0.9990850869167429,0.9990850869167429,0.0009149130832570906,0.0009149130832570906,0.520128087831656,1092,1048,45,1
-0.09582716226577759,0.959743824336688,0.959743824336688,0.9990850869167429,0.9990850869167429,0.0009149130832570906,0.0009149130832570906,0.5196706312900274,1092,1049,44,1
-0.09585323929786682,0.9606587374199451,0.9606587374199451,0.9990850869167429,0.9990850869167429,0.0009149130832570906,0.0009149130832570906,0.5192131747483989,1092,1050,43,1
-0.09599348157644272,0.9615736505032022,0.9615736505032022,0.9990850869167429,0.9990850869167429,0.0009149130832570906,0.0009149130832570906,0.5187557182067704,1092,1051,42,1
-0.09616407752037048,0.9624885635864593,0.9624885635864593,0.9990850869167429,0.9990850869167429,0.0009149130832570906,0.0009149130832570906,0.5182982616651418,1092,1052,41,1
-0.09640765935182571,0.9634034766697164,0.9634034766697164,0.9990850869167429,0.9990850869167429,0.0009149130832570906,0.0009149130832570906,0.5178408051235133,1092,1053,40,1
-0.0964365154504776,0.9643183897529735,0.9643183897529735,0.9990850869167429,0.9990850869167429,0.0009149130832570906,0.0009149130832570906,0.5173833485818847,1092,1054,39,1
-0.09679292142391205,0.9652333028362305,0.9652333028362305,0.9990850869167429,0.9990850869167429,0.0009149130832570906,0.0009149130832570906,0.5169258920402562,1092,1055,38,1
-0.09786217659711838,0.9661482159194876,0.9661482159194876,0.9990850869167429,0.9990850869167429,0.0009149130832570906,0.0009149130832570906,0.5164684354986276,1092,1056,37,1
-0.09874001145362854,0.9670631290027447,0.9670631290027447,0.9990850869167429,0.9990850869167429,0.0009149130832570906,0.0009149130832570906,0.5160109789569991,1092,1057,36,1
-0.10054339468479156,0.9679780420860018,0.9679780420860018,0.9990850869167429,0.9990850869167429,0.0009149130832570906,0.0009149130832570906,0.5155535224153706,1092,1058,35,1
-0.10073193907737732,0.9688929551692589,0.9688929551692589,0.9990850869167429,0.9990850869167429,0.0009149130832570906,0.0009149130832570906,0.515096065873742,1092,1059,34,1
-0.10079013556241989,0.969807868252516,0.969807868252516,0.9990850869167429,0.9990850869167429,0.0009149130832570906,0.0009149130832570906,0.5146386093321135,1092,1060,33,1
-0.1008247509598732,0.970722781335773,0.970722781335773,0.9990850869167429,0.9990850869167429,0.0009149130832570906,0.0009149130832570906,0.5141811527904849,1092,1061,32,1
-0.10238834470510483,0.9716376944190301,0.9716376944190301,0.9990850869167429,0.9990850869167429,0.0009149130832570906,0.0009149130832570906,0.5137236962488564,1092,1062,31,1
-0.10452549904584885,0.9725526075022873,0.9725526075022873,0.9990850869167429,0.9990850869167429,0.0009149130832570906,0.0009149130832570906,0.5132662397072278,1092,1063,30,1
-0.10544028133153915,0.9734675205855444,0.9734675205855444,0.9990850869167429,0.9990850869167429,0.0009149130832570906,0.0009149130832570906,0.5128087831655993,1092,1064,29,1
-0.10573108494281769,0.9743824336688015,0.9743824336688015,0.9990850869167429,0.9990850869167429,0.0009149130832570906,0.0009149130832570906,0.5123513266239708,1092,1065,28,1
-0.10668090730905533,0.9752973467520586,0.9752973467520586,0.9990850869167429,0.9990850869167429,0.0009149130832570906,0.0009149130832570906,0.5118938700823422,1092,1066,27,1
-0.10867759585380554,0.9752973467520586,0.9752973467520586,1.0,1.0,0.0,0.0,0.5123513266239708,1093,1066,27,0
-0.10892839729785919,0.9762122598353157,0.9762122598353157,1.0,1.0,0.0,0.0,0.5118938700823422,1093,1067,26,0
-0.10989847034215927,0.9771271729185728,0.9771271729185728,1.0,1.0,0.0,0.0,0.5114364135407137,1093,1068,25,0
-0.11054901778697968,0.9780420860018298,0.9780420860018298,1.0,1.0,0.0,0.0,0.5109789569990851,1093,1069,24,0
-0.11132468283176422,0.9789569990850869,0.9789569990850869,1.0,1.0,0.0,0.0,0.5105215004574566,1093,1070,23,0
-0.11206278949975967,0.979871912168344,0.979871912168344,1.0,1.0,0.0,0.0,0.510064043915828,1093,1071,22,0
-0.11257212609052658,0.9807868252516011,0.9807868252516011,1.0,1.0,0.0,0.0,0.5096065873741995,1093,1072,21,0
-0.1144205778837204,0.9817017383348582,0.9817017383348582,1.0,1.0,0.0,0.0,0.5091491308325709,1093,1073,20,0
-0.11587892472743988,0.9826166514181153,0.9826166514181153,1.0,1.0,0.0,0.0,0.5086916742909423,1093,1074,19,0
-0.11602484434843063,0.9835315645013724,0.9835315645013724,1.0,1.0,0.0,0.0,0.5082342177493138,1093,1075,18,0
-0.1163327544927597,0.9844464775846294,0.9844464775846294,1.0,1.0,0.0,0.0,0.5077767612076852,1093,1076,17,0
-0.1185944527387619,0.9853613906678865,0.9853613906678865,1.0,1.0,0.0,0.0,0.5073193046660567,1093,1077,16,0
-0.12030483037233353,0.9862763037511436,0.9862763037511436,1.0,1.0,0.0,0.0,0.5068618481244281,1093,1078,15,0
-0.12391173839569092,0.9871912168344007,0.9871912168344007,1.0,1.0,0.0,0.0,0.5064043915827996,1093,1079,14,0
-0.12541449069976807,0.9881061299176578,0.9881061299176578,1.0,1.0,0.0,0.0,0.505946935041171,1093,1080,13,0
-0.12629668414592743,0.9890210430009149,0.9890210430009149,1.0,1.0,0.0,0.0,0.5054894784995425,1093,1081,12,0
-0.12716741859912872,0.989935956084172,0.989935956084172,1.0,1.0,0.0,0.0,0.505032021957914,1093,1082,11,0
-0.12728025019168854,0.9908508691674291,0.9908508691674291,1.0,1.0,0.0,0.0,0.5045745654162854,1093,1083,10,0
-0.12886542081832886,0.9917657822506862,0.9917657822506862,1.0,1.0,0.0,0.0,0.5041171088746569,1093,1084,9,0
-0.13065914809703827,0.9926806953339433,0.9926806953339433,1.0,1.0,0.0,0.0,0.5036596523330283,1093,1085,8,0
-0.1334613561630249,0.9935956084172004,0.9935956084172004,1.0,1.0,0.0,0.0,0.5032021957913998,1093,1086,7,0
-0.14030446112155914,0.9945105215004575,0.9945105215004575,1.0,1.0,0.0,0.0,0.5027447392497713,1093,1087,6,0
-0.14062955975532532,0.9954254345837146,0.9954254345837146,1.0,1.0,0.0,0.0,0.5022872827081427,1093,1088,5,0
-0.14503689110279083,0.9963403476669717,0.9963403476669717,1.0,1.0,0.0,0.0,0.5018298261665142,1093,1089,4,0
-0.14827780425548553,0.9972552607502287,0.9972552607502287,1.0,1.0,0.0,0.0,0.5013723696248856,1093,1090,3,0
-0.14923211932182312,0.9981701738334858,0.9981701738334858,1.0,1.0,0.0,0.0,0.5009149130832571,1093,1091,2,0
-0.14999592304229736,0.9990850869167429,0.9990850869167429,1.0,1.0,0.0,0.0,0.5004574565416285,1093,1092,1,0
-0.15410862863063812,1.0,1.0,1.0,1.0,0.0,0.0,0.5,1093,1093,0,0
