pair_id,split,fold,image_a,image_b,identity_a,identity_b,same_identity,cosine_similarity,euclidean_distance,valid
dev_train_0001,dev_train,,Aaron_Peirsol_0001,Aaron_Peirsol_0002,Aaron_Peirsol,Aaron_Peirsol,true,0.8229371905326843,0.595084547996521,True
dev_train_0002,dev_train,,Aaron_Peirsol_0003,Aaron_Peirsol_0004,Aaron_Peirsol,Aaron_Peirsol,true,0.6723698377609253,0.8094815611839294,True
dev_train_0003,dev_train,,Aaron_Sorkin_0001,Aaron_Sorkin_0002,Aaron_Sorkin,Aaron_Sorkin,true,0.6141756176948547,0.878435492515564,True
dev_train_0004,dev_train,,Abdel_Nasser_Assidi_0001,Abdel_Nasser_Assidi_0002,Abdel_Nasser_Assidi,Abdel_Nasser_Assidi,true,0.9179762601852417,0.40502768754959106,True
dev_train_0005,dev_train,,Abdullah_0001,Abdullah_0003,Abdullah,Abdullah,true,0.8038852214813232,0.6262823939323425,True
dev_train_0006,dev_train,,Abdullah_0002,Abdullah_0004,Abdullah,Abdullah,true,0.7744272947311401,0.6716737747192383,True
dev_train_0007,dev_train,,Abdullah_al-Attiyah_0001,Abdullah_al-Attiyah_0003,Abdullah_al-Attiyah,Abdullah_al-Attiyah,true,0.8279907703399658,0.5865310430526733,True
dev_train_0008,dev_train,,Abdullah_al-Attiyah_0002,Abdullah_al-Attiyah_0003,Abdullah_al-Attiyah,Abdullah_al-Attiyah,true,0.8780114650726318,0.49394041299819946,True
dev_train_0009,dev_train,,Abel_Pacheco_0001,Abel_Pacheco_0004,Abel_Pacheco,Abel_Pacheco,true,0.7425506114959717,0.7175644636154175,True
dev_train_0010,dev_train,,Abel_Pacheco_0003,Abel_Pacheco_0004,Abel_Pacheco,Abel_Pacheco,true,0.8187762498855591,0.6020361185073853,True
dev_train_0011,dev_train,,Adam_Sandler_0001,Adam_Sandler_0003,Adam_Sandler,Adam_Sandler,true,0.7585450410842896,0.6949172019958496,True
dev_train_0012,dev_train,,Adam_Sandler_0001,Adam_Sandler_0004,Adam_Sandler,Adam_Sandler,true,0.5045410394668579,0.995448648929596,True
dev_train_0013,dev_train,,Adam_Sandler_0002,Adam_Sandler_0004,Adam_Sandler,Adam_Sandler,true,0.6118848323822021,0.8810393214225769,True
dev_train_0014,dev_train,,Adam_Scott_0001,Adam_Scott_0002,Adam_Scott,Adam_Scott,true,0.43528738617897034,1.0627442598342896,True
dev_train_0015,dev_train,,Adolfo_Aguilar_Zinser_0001,Adolfo_Aguilar_Zinser_0003,Adolfo_Aguilar_Zinser,Adolfo_Aguilar_Zinser,true,0.7805361151695251,0.6625163555145264,True
dev_train_0016,dev_train,,Ahmed_Chalabi_0002,Ahmed_Chalabi_0004,Ahmed_Chalabi,Ahmed_Chalabi,true,0.7848411798477173,0.6559861898422241,True
dev_train_0017,dev_train,,Ai_Sugiyama_0002,Ai_Sugiyama_0004,Ai_Sugiyama,Ai_Sugiyama,true,0.8031154870986938,0.6275103688240051,True
dev_train_0018,dev_train,,Aicha_El_Ouafi_0001,Aicha_El_Ouafi_0003,Aicha_El_Ouafi,Aicha_El_Ouafi,true,0.8182780742645264,0.602863073348999,True
dev_train_0019,dev_train,,Aicha_El_Ouafi_0002,Aicha_El_Ouafi_0003,Aicha_El_Ouafi,Aicha_El_Ouafi,true,0.8087437152862549,0.6184760928153992,True
dev_train_0020,dev_train,,Akbar_Hashemi_Rafsanjani_0001,Akbar_Hashemi_Rafsanjani_0003,Akbar_Hashemi_Rafsanjani,Akbar_Hashemi_Rafsanjani,true,0.7108160257339478,0.7605051398277283,True
dev_train_0021,dev_train,,Akhmed_Zakayev_0001,Akhmed_Zakayev_0003,Akhmed_Zakayev,Akhmed_Zakayev,true,0.9206882119178772,0.39827582240104675,True
dev_train_0022,dev_train,,Akhmed_Zakayev_0002,Akhmed_Zakayev_0003,Akhmed_Zakayev,Akhmed_Zakayev,true,0.7790945768356323,0.6646885871887207,True
dev_train_0023,dev_train,,Al_Gore_0001,Al_Gore_0003,Al_Gore,Al_Gore,true,0.8143266439437866,0.6093823909759521,True
dev_train_0024,dev_train,,Alan_Ball_0001,Alan_Ball_0002,Alan_Ball,Alan_Ball,true,0.9548770785331726,0.3004097640514374,True
dev_train_0025,dev_train,,Alberto_Fujimori_0001,Alberto_Fujimori_0002,Alberto_Fujimori,Alberto_Fujimori,true,0.8333601355552673,0.5773037672042847,True
dev_train_0026,dev_train,,Alberto_Ruiz_Gallardon_0001,Alberto_Ruiz_Gallardon_0002,Alberto_Ruiz_Gallardon,Alberto_Ruiz_Gallardon,true,0.7794115543365479,0.6642115712165833,True
dev_train_0027,dev_train,,Albrecht_Mentz_0001,Albrecht_Mentz_0002,Albrecht_Mentz,Albrecht_Mentz,true,0.9115265011787415,0.4206508696079254,True
dev_train_0028,dev_train,,Alec_Baldwin_0001,Alec_Baldwin_0002,Alec_Baldwin,Alec_Baldwin,true,0.794248104095459,0.6414857506752014,True
dev_train_0029,dev_train,,Alec_Baldwin_0001,Alec_Baldwin_0004,Alec_Baldwin,Alec_Baldwin,true,0.8274380564689636,0.5874725580215454,True
dev_train_0030,dev_train,,Alec_Baldwin_0002,Alec_Baldwin_0003,Alec_Baldwin,Alec_Baldwin,true,0.632496178150177,0.8573260307312012,True
dev_train_0031,dev_train,,Alec_Baldwin_0003,Alec_Baldwin_0004,Alec_Baldwin,Alec_Baldwin,true,0.6570459008216858,0.8281958699226379,True
dev_train_0032,dev_train,,Alejandro_Toledo_0020,Alejandro_Toledo_0038,Alejandro_Toledo,Alejandro_Toledo,true,0.8071485757827759,0.6210497617721558,True
dev_train_0033,dev_train,,Alex_Barros_0001,Alex_Barros_0002,Alex_Barros,Alex_Barros,true,0.4913523197174072,1.0086106061935425,True
dev_train_0034,dev_train,,Alex_Sink_0002,Alex_Sink_0003,Alex_Sink,Alex_Sink,true,0.8278183341026306,0.5868247151374817,True
dev_train_0035,dev_train,,Alexandra_Stevenson_0001,Alexandra_Stevenson_0002,Alexandra_Stevenson,Alexandra_Stevenson,true,0.7876828908920288,0.6516396403312683,True
dev_train_0036,dev_train,,Alexandra_Stevenson_0001,Alexandra_Stevenson_0003,Alexandra_Stevenson,Alexandra_Stevenson,true,0.7481276392936707,0.7097499370574951,True
dev_train_0037,dev_train,,Alexandra_Vodjanikova_0001,Alexandra_Vodjanikova_0002,Alexandra_Vodjanikova,Alexandra_Vodjanikova,true,0.6756197810173035,0.8054567575454712,True
dev_train_0038,dev_train,,Ali_Abbas_0001,Ali_Abbas_0002,Ali_Abbas,Ali_Abbas,true,0.8514232039451599,0.5451181530952454,True
dev_train_0039,dev_train,,Ali_Khamenei_0001,Ali_Khamenei_0002,Ali_Khamenei,Ali_Khamenei,true,0.914016842842102,0.41468825936317444,True
dev_train_0040,dev_train,,Alice_Fisher_0001,Alice_Fisher_0002,Alice_Fisher,Alice_Fisher,true,0.9087733030319214,0.42714592814445496,True
dev_train_0041,dev_train,,Alicia_Silverstone_0001,Alicia_Silverstone_0002,Alicia_Silverstone,Alicia_Silverstone,true,0.7220149040222168,0.7456342577934265,True
dev_train_0042,dev_train,,Alimzhan_Tokhtakhounov_0001,Alimzhan_Tokhtakhounov_0002,Alimzhan_Tokhtakhounov,Alimzhan_Tokhtakhounov,true,0.9120181202888489,0.4194805920124054,True
dev_train_0043,dev_train,,Alison_Lohman_0001,Alison_Lohman_0002,Alison_Lohman,Alison_Lohman,true,0.5214122533798218,0.9783534407615662,True
dev_train_0044,dev_train,,Alvaro_Noboa_0001,Alvaro_Noboa_0002,Alvaro_Noboa,Alvaro_Noboa,true,0.5947584509849548,0.9002683758735657,True
dev_train_0045,dev_train,,Alvaro_Noboa_0002,Alvaro_Noboa_0003,Alvaro_Noboa,Alvaro_Noboa,true,0.6553454995155334,0.8302463293075562,True
dev_train_0046,dev_train,,Alvaro_Silva_Calderon_0003,Alvaro_Silva_Calderon_0004,Alvaro_Silva_Calderon,Alvaro_Silva_Calderon,true,0.7042303681373596,0.7691159248352051,True
dev_train_0047,dev_train,,Amanda_Beard_0001,Amanda_Beard_0002,Amanda_Beard,Amanda_Beard,true,0.8735902905464172,0.5028116703033447,True
dev_train_0048,dev_train,,Amber_Tamblyn_0001,Amber_Tamblyn_0002,Amber_Tamblyn,Amber_Tamblyn,true,0.7994726896286011,0.6332889199256897,True
dev_train_0049,dev_train,,Amelia_Vega_0002,Amelia_Vega_0004,Amelia_Vega,Amelia_Vega,true,0.7879841327667236,0.6511772871017456,True
dev_train_0050,dev_train,,Amelia_Vega_0005,Amelia_Vega_0007,Amelia_Vega,Amelia_Vega,true,0.7904350757598877,0.6474024057388306,True
dev_train_0051,dev_train,,Amelia_Vega_0006,Amelia_Vega_0007,Amelia_Vega,Amelia_Vega,true,0.7700805068016052,0.6781142354011536,True
dev_train_0052,dev_train,,Amer_al-Saadi_0001,Amer_al-Saadi_0002,Amer_al-Saadi,Amer_al-Saadi,true,0.7330775856971741,0.7306468486785889,True
dev_train_0053,dev_train,,Ana_Guevara_0001,Ana_Guevara_0005,Ana_Guevara,Ana_Guevara,true,0.8070248365402222,0.6212490797042847,True
dev_train_0054,dev_train,,Ana_Guevara_0001,Ana_Guevara_0006,Ana_Guevara,Ana_Guevara,true,0.8204717636108398,0.5992133021354675,True
dev_train_0055,dev_train,,Ana_Guevara_0002,Ana_Guevara_0006,Ana_Guevara,Ana_Guevara,true,0.8272922039031982,0.5877207517623901,True
dev_train_0056,dev_train,,Ana_Guevara_0003,Ana_Guevara_0006,Ana_Guevara,Ana_Guevara,true,0.8013571500778198,0.6303060054779053,True
dev_train_0057,dev_train,,Anastasia_Myskina_0001,Anastasia_Myskina_0002,Anastasia_Myskina,Anastasia_Myskina,true,0.5179933905601501,0.9818418025970459,True
dev_train_0058,dev_train,,Anastasia_Myskina_0002,Anastasia_Myskina_0003,Anastasia_Myskina,Anastasia_Myskina,true,0.6375409364700317,0.8514212965965271,True
dev_train_0059,dev_train,,Anders_Fogh_Rasmussen_0001,Anders_Fogh_Rasmussen_0002,Anders_Fogh_Rasmussen,Anders_Fogh_Rasmussen,true,0.8150132894515991,0.6082544326782227,True
dev_train_0060,dev_train,,Anders_Fogh_Rasmussen_0003,Anders_Fogh_Rasmussen_0004,Anders_Fogh_Rasmussen,Anders_Fogh_Rasmussen,true,0.7318125367164612,0.732376217842102,True
dev_train_0061,dev_train,,Andre_Agassi_0009,Andre_Agassi_0018,Andre_Agassi,Andre_Agassi,true,0.17537279427051544,1.2842330932617188,True
dev_train_0062,dev_train,,Andrew_Weissmann_0001,Andrew_Weissmann_0003,Andrew_Weissmann,Andrew_Weissmann,true,0.8228715658187866,0.5951948165893555,True
dev_train_0063,dev_train,,Andy_Roddick_0003,Andy_Roddick_0015,Andy_Roddick,Andy_Roddick,true,0.8283389806747437,0.5859370827674866,True
dev_train_0064,dev_train,,Andy_Roddick_0009,Andy_Roddick_0014,Andy_Roddick,Andy_Roddick,true,0.5483024716377258,0.9504709839820862,True
dev_train_0065,dev_train,,Andy_Roddick_0012,Andy_Roddick_0015,Andy_Roddick,Andy_Roddick,true,0.6289100646972656,0.8614987134933472,True
dev_train_0066,dev_train,,Angela_Bassett_0002,Angela_Bassett_0006,Angela_Bassett,Angela_Bassett,true,0.6399349570274353,0.8486047983169556,True
dev_train_0067,dev_train,,Angelina_Jolie_0003,Angelina_Jolie_0015,Angelina_Jolie,Angelina_Jolie,true,0.7859482765197754,0.654296338558197,True
dev_train_0068,dev_train,,Angelina_Jolie_0004,Angelina_Jolie_0016,Angelina_Jolie,Angelina_Jolie,true,0.6045904755592346,0.8892801403999329,True
dev_train_0069,dev_train,,Angelina_Jolie_0008,Angelina_Jolie_0015,Angelina_Jolie,Angelina_Jolie,true,0.638741135597229,0.8500105142593384,True
dev_train_0070,dev_train,,Angelina_Jolie_0009,Angelina_Jolie_0017,Angelina_Jolie,Angelina_Jolie,true,0.6818593144416809,0.79767245054245,True
dev_train_0071,dev_train,,Angelina_Jolie_0016,Angelina_Jolie_0017,Angelina_Jolie,Angelina_Jolie,true,0.6895875334739685,0.7879245281219482,True
dev_train_0072,dev_train,,Anibal_Ibarra_0002,Anibal_Ibarra_0003,Anibal_Ibarra,Anibal_Ibarra,true,0.7729899287223816,0.6738102436065674,True
dev_train_0073,dev_train,,Anna_Kournikova_0005,Anna_Kournikova_0009,Anna_Kournikova,Anna_Kournikova,true,0.49262115359306335,1.0073518753051758,True
dev_train_0074,dev_train,,Annette_Bening_0001,Annette_Bening_0002,Annette_Bening,Annette_Bening,true,0.8036490678787231,0.6266593933105469,True
dev_train_0075,dev_train,,Anthony_Hopkins_0001,Anthony_Hopkins_0002,Anthony_Hopkins,Anthony_Hopkins,true,0.8472908735275269,0.5526466965675354,True
dev_train_0076,dev_train,,Antonio_Banderas_0002,Antonio_Banderas_0003,Antonio_Banderas,Antonio_Banderas,true,0.5454065799713135,0.953512966632843,True
dev_train_0077,dev_train,,Antonio_Banderas_0002,Antonio_Banderas_0004,Antonio_Banderas,Antonio_Banderas,true,0.4800611138343811,1.0197439193725586,True
dev_train_0078,dev_train,,Antony_Leung_0002,Antony_Leung_0003,Antony_Leung,Antony_Leung,true,0.8125574588775635,0.6122787594795227,True
dev_train_0079,dev_train,,Anwar_Ibrahim_0001,Anwar_Ibrahim_0002,Anwar_Ibrahim,Anwar_Ibrahim,true,0.8484375476837158,0.5505680441856384,True
dev_train_0080,dev_train,,Arantxa_Sanchez-Vicario_0001,Arantxa_Sanchez-Vicario_0002,Arantxa_Sanchez-Vicario,Arantxa_Sanchez-Vicario,true,0.7395055294036865,0.7217956781387329,True
dev_train_0081,dev_train,,Ari_Fleischer_0001,Ari_Fleischer_0013,Ari_Fleischer,Ari_Fleischer,true,0.7907133102416992,0.6469727158546448,True
dev_train_0082,dev_train,,Ari_Fleischer_0002,Ari_Fleischer_0004,Ari_Fleischer,Ari_Fleischer,true,0.8796904683113098,0.4905295670032501,True
dev_train_0083,dev_train,,Ari_Fleischer_0004,Ari_Fleischer_0006,Ari_Fleischer,Ari_Fleischer,true,0.8076260089874268,0.6202808618545532,True
dev_train_0084,dev_train,,Ari_Fleischer_0008,Ari_Fleischer_0013,Ari_Fleischer,Ari_Fleischer,true,0.8607348203659058,0.5277600288391113,True
dev_train_0085,dev_train,,Arianna_Huffington_0001,Arianna_Huffington_0002,Arianna_Huffington,Arianna_Huffington,true,0.6080406904220581,0.8853918313980103,True
dev_train_0086,dev_train,,Arianna_Huffington_0002,Arianna_Huffington_0003,Arianna_Huffington,Arianna_Huffington,true,0.8687040209770203,0.5124372243881226,True
dev_train_0087,dev_train,,Arminio_Fraga_0002,Arminio_Fraga_0006,Arminio_Fraga,Arminio_Fraga,true,0.8491866588592529,0.5492057204246521,True
dev_train_0088,dev_train,,Arnold_Palmer_0001,Arnold_Palmer_0002,Arnold_Palmer,Arnold_Palmer,true,0.6761589646339417,0.8047872185707092,True
dev_train_0089,dev_train,,Arnold_Palmer_0001,Arnold_Palmer_0003,Arnold_Palmer,Arnold_Palmer,true,0.7099650502204895,0.7616233229637146,True
dev_train_0090,dev_train,,Arnoldo_Aleman_0001,Arnoldo_Aleman_0003,Arnoldo_Aleman,Arnoldo_Aleman,true,0.7217317819595337,0.7460138201713562,True
dev_train_0091,dev_train,,Arnoldo_Aleman_0002,Arnoldo_Aleman_0004,Arnoldo_Aleman,Arnoldo_Aleman,true,0.7859642505645752,0.6542718410491943,True
dev_train_0092,dev_train,,Aron_Ralston_0001,Aron_Ralston_0002,Aron_Ralston,Aron_Ralston,true,0.6186128854751587,0.8733695149421692,True
dev_train_0093,dev_train,,Art_Hoffmann_0001,Art_Hoffmann_0002,Art_Hoffmann,Art_Hoffmann,true,0.9426404237747192,0.3387022614479065,True
dev_train_0094,dev_train,,Arturo_Gatti_0001,Arturo_Gatti_0002,Arturo_Gatti,Arturo_Gatti,true,0.8344058394432068,0.5754898190498352,True
dev_train_0095,dev_train,,Arturo_Gatti_0002,Arturo_Gatti_0003,Arturo_Gatti,Arturo_Gatti,true,0.787021279335022,0.6526544094085693,True
dev_train_0096,dev_train,,Arye_Mekel_0001,Arye_Mekel_0002,Arye_Mekel,Arye_Mekel,true,0.9298479557037354,0.3745720684528351,True
dev_train_0097,dev_train,,Asa_Hutchinson_0001,Asa_Hutchinson_0002,Asa_Hutchinson,Asa_Hutchinson,true,0.6882161498069763,0.7896631956100464,True
dev_train_0098,dev_train,,Atal_Bihari_Vajpayee_0010,Atal_Bihari_Vajpayee_0020,Atal_Bihari_Vajpayee,Atal_Bihari_Vajpayee,true,0.5818571448326111,0.9144866466522217,True
dev_train_0099,dev_train,,Atal_Bihari_Vajpayee_0017,Atal_Bihari_Vajpayee_0024,Atal_Bihari_Vajpayee,Atal_Bihari_Vajpayee,true,0.8116880059242249,0.6136970520019531,True
dev_train_0100,dev_train,,Augusto_Roa_Bastos_0001,Augusto_Roa_Bastos_0002,Augusto_Roa_Bastos,Augusto_Roa_Bastos,true,0.7479731440544128,0.7099675536155701,True
dev_train_0101,dev_train,,Azra_Akin_0001,Azra_Akin_0004,Azra_Akin,Azra_Akin,true,0.8685803413391113,0.5126785635948181,True
dev_train_0102,dev_train,,Barbara_Walters_0001,Barbara_Walters_0003,Barbara_Walters,Barbara_Walters,true,0.820353627204895,0.599410355091095,True
dev_train_0103,dev_train,,Barbara_Walters_0001,Barbara_Walters_0004,Barbara_Walters,Barbara_Walters,true,0.8328561186790466,0.5781764388084412,True
dev_train_0104,dev_train,,Barbara_Walters_0003,Barbara_Walters_0004,Barbara_Walters,Barbara_Walters,true,0.8087901473045349,0.6184009909629822,True
dev_train_0105,dev_train,,Barbra_Streisand_0001,Barbra_Streisand_0002,Barbra_Streisand,Barbra_Streisand,true,0.6464138031005859,0.840935468673706,True
dev_train_0106,dev_train,,Barbra_Streisand_0002,Barbra_Streisand_0003,Barbra_Streisand,Barbra_Streisand,true,0.7770670652389526,0.6677320003509521,True
dev_train_0107,dev_train,,Barrett_Jackman_0001,Barrett_Jackman_0002,Barrett_Jackman,Barrett_Jackman,true,0.8923307657241821,0.4640456736087799,True
dev_train_0108,dev_train,,Barry_Zito_0001,Barry_Zito_0002,Barry_Zito,Barry_Zito,true,0.6380897760391235,0.8507764339447021,True
dev_train_0109,dev_train,,Bashar_Assad_0001,Bashar_Assad_0003,Bashar_Assad,Bashar_Assad,true,0.7607340812683105,0.6917600631713867,True
dev_train_0110,dev_train,,Bashar_Assad_0003,Bashar_Assad_0004,Bashar_Assad,Bashar_Assad,true,0.8035308718681335,0.6268481016159058,True
dev_train_0111,dev_train,,Ben_Glisan_0001,Ben_Glisan_0002,Ben_Glisan,Ben_Glisan,true,0.769403338432312,0.6791122555732727,True
dev_train_0112,dev_train,,Ben_Howland_0001,Ben_Howland_0002,Ben_Howland,Ben_Howland,true,0.8187719583511353,0.6020432114601135,True
dev_train_0113,dev_train,,Benazir_Bhutto_0001,Benazir_Bhutto_0002,Benazir_Bhutto,Benazir_Bhutto,true,0.8882620334625244,0.4727324843406677,True
dev_train_0114,dev_train,,Benazir_Bhutto_0002,Benazir_Bhutto_0005,Benazir_Bhutto,Benazir_Bhutto,true,0.48332178592681885,1.0165413618087769,True
dev_train_0115,dev_train,,Bernard_Landry_0001,Bernard_Landry_0002,Bernard_Landry,Bernard_Landry,true,0.5932281017303467,0.9019666314125061,True
dev_train_0116,dev_train,,Bernard_Landry_0001,Bernard_Landry_0004,Bernard_Landry,Bernard_Landry,true,0.625898540019989,0.8649872541427612,True
dev_train_0117,dev_train,,Bernard_Law_0001,Bernard_Law_0002,Bernard_Law,Bernard_Law,true,0.8689121603965759,0.5120309591293335,True
dev_train_0118,dev_train,,Bernard_Law_0002,Bernard_Law_0005,Bernard_Law,Bernard_Law,true,0.7812878489494324,0.6613807082176208,True
dev_train_0119,dev_train,,Bernardo_Segura_0001,Bernardo_Segura_0002,Bernardo_Segura,Bernardo_Segura,true,0.6909999847412109,0.7861297130584717,True
dev_train_0120,dev_train,,Beth_Jones_0001,Beth_Jones_0002,Beth_Jones,Beth_Jones,true,0.5583848357200623,0.939803421497345,True
dev_train_0121,dev_train,,Bijan_Darvish_0001,Bijan_Darvish_0003,Bijan_Darvish,Bijan_Darvish,true,0.34360939264297485,1.1457667350769043,True
dev_train_0122,dev_train,,Bijan_Namdar_Zangeneh_0001,Bijan_Namdar_Zangeneh_0002,Bijan_Namdar_Zangeneh,Bijan_Namdar_Zangeneh,true,0.8934153318405151,0.4617029130458832,True
dev_train_0123,dev_train,,Bill_Belichick_0001,Bill_Belichick_0002,Bill_Belichick,Bill_Belichick,true,0.843561589717865,0.5593541264533997,True
dev_train_0124,dev_train,,Bill_Callahan_0001,Bill_Callahan_0002,Bill_Callahan,Bill_Callahan,true,0.6475476622581482,0.839586079120636,True
dev_train_0125,dev_train,,Bill_Callahan_0001,Bill_Callahan_0003,Bill_Callahan,Bill_Callahan,true,0.8011741042137146,0.6305965185165405,True
dev_train_0126,dev_train,,Bill_Clinton_0004,Bill_Clinton_0020,Bill_Clinton,Bill_Clinton,true,0.7295737266540527,0.7354269027709961,True
dev_train_0127,dev_train,,Bill_Gates_0003,Bill_Gates_0011,Bill_Gates,Bill_Gates,true,0.7461298108100891,0.7125591039657593,True
dev_train_0128,dev_train,,Bill_Gates_0004,Bill_Gates_0015,Bill_Gates,Bill_Gates,true,0.6391429901123047,0.8495375514030457,True
dev_train_0129,dev_train,,Bill_Graham_0001,Bill_Graham_0007,Bill_Graham,Bill_Graham,true,0.6648020148277283,0.8187771439552307,True
dev_train_0130,dev_train,,Bill_Graham_0008,Bill_Graham_0009,Bill_Graham,Bill_Graham,true,0.6352149844169617,0.8541488647460938,True
dev_train_0131,dev_train,,Bill_Nelson_0001,Bill_Nelson_0002,Bill_Nelson,Bill_Nelson,true,0.8025861382484436,0.6283532381057739,True
dev_train_0132,dev_train,,Bill_Simon_0004,Bill_Simon_0015,Bill_Simon,Bill_Simon,true,0.717048168182373,0.7522657513618469,True
dev_train_0133,dev_train,,Bill_Simon_0005,Bill_Simon_0013,Bill_Simon,Bill_Simon,true,0.8317692875862122,0.5800530314445496,True
dev_train_0134,dev_train,,Billy_Crystal_0003,Billy_Crystal_0005,Billy_Crystal,Billy_Crystal,true,0.541132926940918,0.957984447479248,True
dev_train_0135,dev_train,,Billy_Crystal_0003,Billy_Crystal_0006,Billy_Crystal,Billy_Crystal,true,0.6254414319992065,0.8655156493186951,True
dev_train_0136,dev_train,,Billy_Crystal_0005,Billy_Crystal_0006,Billy_Crystal,Billy_Crystal,true,0.8079299926757812,0.6197904944419861,True
dev_train_0137,dev_train,,Billy_Graham_0001,Billy_Graham_0002,Billy_Graham,Billy_Graham,true,0.7364864945411682,0.7259663939476013,True
dev_train_0138,dev_train,,Binyamin_Ben-Eliezer_0002,Binyamin_Ben-Eliezer_0005,Binyamin_Ben-Eliezer,Binyamin_Ben-Eliezer,true,0.8356378674507141,0.573344886302948,True
dev_train_0139,dev_train,,Binyamin_Ben-Eliezer_0003,Binyamin_Ben-Eliezer_0007,Binyamin_Ben-Eliezer,Binyamin_Ben-Eliezer,true,0.8155719637870789,0.6073353886604309,True
dev_train_0140,dev_train,,Bo_Ryan_0001,Bo_Ryan_0002,Bo_Ryan,Bo_Ryan,true,0.904095470905304,0.43796032667160034,True
dev_train_0141,dev_train,,Bob_Beauprez_0001,Bob_Beauprez_0002,Bob_Beauprez,Bob_Beauprez,true,0.8228306174278259,0.5952637195587158,True
dev_train_0142,dev_train,,Bob_Geldof_0001,Bob_Geldof_0002,Bob_Geldof,Bob_Geldof,true,0.7312240600585938,0.7331793904304504,True
dev_train_0143,dev_train,,Bob_Graham_0001,Bob_Graham_0005,Bob_Graham,Bob_Graham,true,0.8537797331809998,0.5407778024673462,True
dev_train_0144,dev_train,,Bob_Graham_0001,Bob_Graham_0006,Bob_Graham,Bob_Graham,true,0.8400526642799377,0.565592348575592,True
dev_train_0145,dev_train,,Bob_Graham_0002,Bob_Graham_0004,Bob_Graham,Bob_Graham,true,0.7084960341453552,0.7635496854782104,True
dev_train_0146,dev_train,,Bob_Graham_0003,Bob_Graham_0005,Bob_Graham,Bob_Graham,true,0.8904518485069275,0.46807733178138733,True
dev_train_0147,dev_train,,Bob_Huggins_0001,Bob_Huggins_0002,Bob_Huggins,Bob_Huggins,true,0.6539530754089355,0.8319219350814819,True
dev_train_0148,dev_train,,Bob_Stoops_0005,Bob_Stoops_0007,Bob_Stoops,Bob_Stoops,true,0.9090292453765869,0.4265458881855011,True
dev_train_0149,dev_train,,Bobby_Robson_0001,Bobby_Robson_0002,Bobby_Robson,Bobby_Robson,true,0.8194006085395813,0.6009982824325562,True
dev_train_0150,dev_train,,Boris_Berezovsky_0001,Boris_Berezovsky_0002,Boris_Berezovsky,Boris_Berezovsky,true,0.8617338538169861,0.5258635878562927,True
dev_train_0151,dev_train,,Branko_Crvenkovski_0001,Branko_Crvenkovski_0003,Branko_Crvenkovski,Branko_Crvenkovski,true,0.700799822807312,0.7735635042190552,True
dev_train_0152,dev_train,,Brendan_Hansen_0001,Brendan_Hansen_0002,Brendan_Hansen,Brendan_Hansen,true,0.7460824847221375,0.7126254439353943,True
dev_train_0153,dev_train,,Brooke_Shields_0001,Brooke_Shields_0002,Brooke_Shields,Brooke_Shields,true,0.7379465103149414,0.7239524126052856,True
dev_train_0154,dev_train,,Bruce_Van_De_Velde_0001,Bruce_Van_De_Velde_0002,Bruce_Van_De_Velde,Bruce_Van_De_Velde,true,0.8010258078575134,0.6308314800262451,True
dev_train_0155,dev_train,,Bruce_Weber_0001,Bruce_Weber_0002,Bruce_Weber,Bruce_Weber,true,0.7743990421295166,0.6717156767845154,True
dev_train_0156,dev_train,,Bud_Selig_0001,Bud_Selig_0002,Bud_Selig,Bud_Selig,true,0.7230785489082336,0.7442062497138977,True
dev_train_0157,dev_train,,Bud_Selig_0001,Bud_Selig_0004,Bud_Selig,Bud_Selig,true,0.7705786228179932,0.677379310131073,True
dev_train_0158,dev_train,,Bulent_Ecevit_0002,Bulent_Ecevit_0004,Bulent_Ecevit,Bulent_Ecevit,true,0.94660884141922,0.32677552103996277,True
dev_train_0159,dev_train,,Bulent_Ecevit_0002,Bulent_Ecevit_0005,Bulent_Ecevit,Bulent_Ecevit,true,0.9417292475700378,0.34138187766075134,True
dev_train_0160,dev_train,,Bulent_Ecevit_0003,Bulent_Ecevit_0006,Bulent_Ecevit,Bulent_Ecevit,true,0.821455180644989,0.5975699424743652,True
dev_train_0161,dev_train,,Cameron_Diaz_0003,Cameron_Diaz_0004,Cameron_Diaz,Cameron_Diaz,true,0.7857008576393127,0.6546742916107178,True
dev_train_0162,dev_train,,Candie_Kung_0001,Candie_Kung_0002,Candie_Kung,Candie_Kung,true,0.7693756222724915,0.6791530251502991,True
dev_train_0163,dev_train,,Candie_Kung_0002,Candie_Kung_0003,Candie_Kung,Candie_Kung,true,0.8704138398170471,0.5090896487236023,True
dev_train_0164,dev_train,,Carla_Myers_0001,Carla_Myers_0002,Carla_Myers,Carla_Myers,true,0.6310063600540161,0.8590619564056396,True
dev_train_0165,dev_train,,Carlos_Menem_0001,Carlos_Menem_0003,Carlos_Menem,Carlos_Menem,true,0.7490169405937195,0.7084956765174866,True
dev_train_0166,dev_train,,Carlos_Menem_0006,Carlos_Menem_0012,Carlos_Menem,Carlos_Menem,true,0.7040919065475464,0.7692959308624268,True
dev_train_0167,dev_train,,Carlos_Ruiz_0002,Carlos_Ruiz_0003,Carlos_Ruiz,Carlos_Ruiz,true,0.4438193440437317,1.0546854734420776,True
dev_train_0168,dev_train,,Carlos_Vives_0001,Carlos_Vives_0002,Carlos_Vives,Carlos_Vives,true,0.8952168822288513,0.45778408646583557,True
dev_train_0169,dev_train,,Carlos_Vives_0002,Carlos_Vives_0003,Carlos_Vives,Carlos_Vives,true,0.7646538019180298,0.6860702633857727,True
dev_train_0170,dev_train,,Carly_Fiorina_0001,Carly_Fiorina_0002,Carly_Fiorina,Carly_Fiorina,true,0.5271694660186768,0.9724511504173279,True
dev_train_0171,dev_train,,Carly_Fiorina_0001,Carly_Fiorina_0003,Carly_Fiorina,Carly_Fiorina,true,0.6690861582756042,0.8135280609130859,True
dev_train_0172,dev_train,,Carmen_Electra_0001,Carmen_Electra_0006,Carmen_Electra,Carmen_Electra,true,0.7839356064796448,0.6573650240898132,True
dev_train_0173,dev_train,,Carol_Moseley_Braun_0001,Carol_Moseley_Braun_0002,Carol_Moseley_Braun,Carol_Moseley_Braun,true,0.7467705607414246,0.71165931224823,True
dev_train_0174,dev_train,,Carolina_Kluft_0001,Carolina_Kluft_0003,Carolina_Kluft,Carolina_Kluft,true,0.38143688440322876,1.1122617721557617,True
dev_train_0175,dev_train,,Caroline_Kennedy_0001,Caroline_Kennedy_0003,Caroline_Kennedy,Caroline_Kennedy,true,0.8453792333602905,0.5560950040817261,True
dev_train_0176,dev_train,,Carson_Palmer_0002,Carson_Palmer_0004,Carson_Palmer,Carson_Palmer,true,0.8072860240936279,0.6208286881446838,True
dev_train_0177,dev_train,,Cate_Blanchett_0002,Cate_Blanchett_0003,Cate_Blanchett,Cate_Blanchett,true,0.7636190056800842,0.6875768899917603,True
dev_train_0178,dev_train,,Cate_Blanchett_0002,Cate_Blanchett_0004,Cate_Blanchett,Cate_Blanchett,true,0.7029112577438354,0.7708291411399841,True
dev_train_0179,dev_train,,Catherine_Deneuve_0002,Catherine_Deneuve_0005,Catherine_Deneuve,Catherine_Deneuve,true,0.6838963627815247,0.7951146960258484,True
dev_train_0180,dev_train,,Catherine_Zeta-Jones_0001,Catherine_Zeta-Jones_0004,Catherine_Zeta-Jones,Catherine_Zeta-Jones,true,0.6344831585884094,0.855005145072937,True
dev_train_0181,dev_train,,Catherine_Zeta-Jones_0001,Catherine_Zeta-Jones_0008,Catherine_Zeta-Jones,Catherine_Zeta-Jones,true,0.7197177410125732,0.7487086057662964,True
dev_train_0182,dev_train,,Catherine_Zeta-Jones_0004,Catherine_Zeta-Jones_0009,Catherine_Zeta-Jones,Catherine_Zeta-Jones,true,0.4864408075809479,1.013468623161316,True
dev_train_0183,dev_train,,Catherine_Zeta-Jones_0006,Catherine_Zeta-Jones_0009,Catherine_Zeta-Jones,Catherine_Zeta-Jones,true,0.5704032778739929,0.9269270300865173,True
dev_train_0184,dev_train,,Catherine_Zeta-Jones_0008,Catherine_Zeta-Jones_0010,Catherine_Zeta-Jones,Catherine_Zeta-Jones,true,0.6753990650177002,0.8057307004928589,True
dev_train_0185,dev_train,,Cecilia_Bolocco_0001,Cecilia_Bolocco_0003,Cecilia_Bolocco,Cecilia_Bolocco,true,0.4124596118927002,1.0840115547180176,True
dev_train_0186,dev_train,,Cesar_Gaviria_0002,Cesar_Gaviria_0005,Cesar_Gaviria,Cesar_Gaviria,true,0.8145865201950073,0.6089556813240051,True
dev_train_0187,dev_train,,Cesar_Gaviria_0004,Cesar_Gaviria_0008,Cesar_Gaviria,Cesar_Gaviria,true,0.7038891315460205,0.7695595026016235,True
dev_train_0188,dev_train,,Cesar_Gaviria_0006,Cesar_Gaviria_0007,Cesar_Gaviria,Cesar_Gaviria,true,0.04352455213665962,1.3830946683883667,True
dev_train_0189,dev_train,,Charles_Grassley_0001,Charles_Grassley_0002,Charles_Grassley,Charles_Grassley,true,0.3134727478027344,1.17177414894104,True
dev_train_0190,dev_train,,Charles_Moose_0001,Charles_Moose_0003,Charles_Moose,Charles_Moose,true,0.849373459815979,0.5488653182983398,True
dev_train_0191,dev_train,,Charles_Moose_0004,Charles_Moose_0010,Charles_Moose,Charles_Moose,true,0.12118605524301529,1.3257554769515991,True
dev_train_0192,dev_train,,Charles_Moose_0004,Charles_Moose_0011,Charles_Moose,Charles_Moose,true,0.7624806761741638,0.6892305016517639,True
dev_train_0193,dev_train,,Charles_Schumer_0001,Charles_Schumer_0002,Charles_Schumer,Charles_Schumer,true,0.15614116191864014,1.2991219758987427,True
dev_train_0194,dev_train,,Charlotte_Rampling_0001,Charlotte_Rampling_0002,Charlotte_Rampling,Charlotte_Rampling,true,0.06520609557628632,1.3673286437988281,True
dev_train_0195,dev_train,,Chen_Liang_Yu_0001,Chen_Liang_Yu_0002,Chen_Liang_Yu,Chen_Liang_Yu,true,0.8629634976387024,0.5235199928283691,True
dev_train_0196,dev_train,,Cherie_Blair_0001,Cherie_Blair_0002,Cherie_Blair,Cherie_Blair,true,0.6034336686134338,0.8905799388885498,True
dev_train_0197,dev_train,,Cherie_Blair_0001,Cherie_Blair_0003,Cherie_Blair,Cherie_Blair,true,0.7764333486557007,0.6686803698539734,True
dev_train_0198,dev_train,,Cherie_Blair_0002,Cherie_Blair_0004,Cherie_Blair,Cherie_Blair,true,0.7410460710525513,0.7196583151817322,True
dev_train_0199,dev_train,,Cherie_Blair_0003,Cherie_Blair_0004,Cherie_Blair,Cherie_Blair,true,0.8218133449554443,0.59697026014328,True
dev_train_0200,dev_train,,Choi_Sung-hong_0001,Choi_Sung-hong_0004,Choi_Sung-hong,Choi_Sung-hong,true,0.8117837905883789,0.6135410070419312,True
dev_train_0201,dev_train,,Choi_Sung-hong_0003,Choi_Sung-hong_0004,Choi_Sung-hong,Choi_Sung-hong,true,0.8961634635925293,0.4557115137577057,True
dev_train_0202,dev_train,,Chris_Cooper_0001,Chris_Cooper_0002,Chris_Cooper,Chris_Cooper,true,0.8033124804496765,0.627196192741394,True
dev_train_0203,dev_train,,Chris_Rock_0001,Chris_Rock_0002,Chris_Rock,Chris_Rock,true,0.8610920906066895,0.5270825624465942,True
dev_train_0204,dev_train,,Chris_Tucker_0001,Chris_Tucker_0002,Chris_Tucker,Chris_Tucker,true,0.7332154512405396,0.7304581999778748,True
dev_train_0205,dev_train,,Christian_Fittipaldi_0001,Christian_Fittipaldi_0002,Christian_Fittipaldi,Christian_Fittipaldi,true,0.6094959378242493,0.8837466835975647,True
dev_train_0206,dev_train,,Christine_Gregoire_0002,Christine_Gregoire_0003,Christine_Gregoire,Christine_Gregoire,true,0.8191984295845032,0.6013345122337341,True
dev_train_0207,dev_train,,Christopher_Patten_0001,Christopher_Patten_0002,Christopher_Patten,Christopher_Patten,true,0.8182608485221863,0.6028915643692017,True
dev_train_0208,dev_train,,Christopher_Walken_0001,Christopher_Walken_0004,Christopher_Walken,Christopher_Walken,true,0.6551352739334106,0.8304995894432068,True
dev_train_0209,dev_train,,Christopher_Walken_0002,Christopher_Walken_0004,Christopher_Walken,Christopher_Walken,true,0.7135484218597412,0.7569037079811096,True
dev_train_0210,dev_train,,Chuck_Amato_0001,Chuck_Amato_0002,Chuck_Amato,Chuck_Amato,true,0.9123334288597107,0.41872817277908325,True
dev_train_0211,dev_train,,Chuck_Yeager_0001,Chuck_Yeager_0002,Chuck_Yeager,Chuck_Yeager,true,0.8923327922821045,0.4640416204929352,True
dev_train_0212,dev_train,,Chung_Mong-hun_0001,Chung_Mong-hun_0002,Chung_Mong-hun,Chung_Mong-hun,true,0.7419798970222473,0.7183594107627869,True
dev_train_0213,dev_train,,Cindy_Margolis_0001,Cindy_Margolis_0002,Cindy_Margolis,Cindy_Margolis,true,0.7309122681617737,0.7336044907569885,True
dev_train_0214,dev_train,,Ciro_Gomes_0002,Ciro_Gomes_0003,Ciro_Gomes,Ciro_Gomes,true,0.8331570625305176,0.5776556134223938,True
dev_train_0215,dev_train,,Ciro_Gomes_0002,Ciro_Gomes_0004,Ciro_Gomes,Ciro_Gomes,true,0.6775274872779846,0.8030849099159241,True
dev_train_0216,dev_train,,Ciro_Gomes_0003,Ciro_Gomes_0004,Ciro_Gomes,Ciro_Gomes,true,0.7849277853965759,0.6558540463447571,True
dev_train_0217,dev_train,,Claire_Hentzen_0001,Claire_Hentzen_0002,Claire_Hentzen,Claire_Hentzen,true,0.9196642637252808,0.4008384346961975,True
dev_train_0218,dev_train,,Clara_Harris_0001,Clara_Harris_0004,Clara_Harris,Clara_Harris,true,0.6325755715370178,0.8572332859039307,True
dev_train_0219,dev_train,,Clara_Harris_0002,Clara_Harris_0004,Clara_Harris,Clara_Harris,true,0.6579342484474182,0.8271224498748779,True
dev_train_0220,dev_train,,Claudia_Pechstein_0001,Claudia_Pechstein_0002,Claudia_Pechstein,Claudia_Pechstein,true,0.7606706619262695,0.6918517351150513,True
dev_train_0221,dev_train,,Claudia_Schiffer_0001,Claudia_Schiffer_0003,Claudia_Schiffer,Claudia_Schiffer,true,0.8847647905349731,0.48007330298423767,True
dev_train_0222,dev_train,,Clint_Eastwood_0001,Clint_Eastwood_0005,Clint_Eastwood,Clint_Eastwood,true,0.807213306427002,0.6209455132484436,True
dev_train_0223,dev_train,,Clint_Eastwood_0001,Clint_Eastwood_0006,Clint_Eastwood,Clint_Eastwood,true,0.691463053226471,0.7855406403541565,True
dev_train_0224,dev_train,,Clint_Eastwood_0003,Clint_Eastwood_0006,Clint_Eastwood,Clint_Eastwood,true,0.6355137825012207,0.8537989854812622,True
dev_train_0225,dev_train,,Colin_Farrell_0001,Colin_Farrell_0007,Colin_Farrell,Colin_Farrell,true,0.6800938248634338,0.7998828291893005,True
dev_train_0226,dev_train,,Colin_Farrell_0003,Colin_Farrell_0007,Colin_Farrell,Colin_Farrell,true,0.7628832459449768,0.6886463165283203,True
dev_train_0227,dev_train,,Colin_Jackson_0001,Colin_Jackson_0002,Colin_Jackson,Colin_Jackson,true,0.8908853530883789,0.4671504497528076,True
dev_train_0228,dev_train,,Colin_Montgomerie_0002,Colin_Montgomerie_0004,Colin_Montgomerie,Colin_Montgomerie,true,0.5995017886161804,0.8949841856956482,True
dev_train_0229,dev_train,,Colin_Montgomerie_0002,Colin_Montgomerie_0005,Colin_Montgomerie,Colin_Montgomerie,true,0.8239414095878601,0.5933948159217834,True
dev_train_0230,dev_train,,Colin_Powell_0038,Colin_Powell_0212,Colin_Powell,Colin_Powell,true,0.8499869704246521,0.5477465987205505,True
dev_train_0231,dev_train,,Colin_Powell_0074,Colin_Powell_0205,Colin_Powell,Colin_Powell,true,0.9151872396469116,0.41185617446899414,True
dev_train_0232,dev_train,,Colin_Powell_0120,Colin_Powell_0166,Colin_Powell,Colin_Powell,true,0.9142698049545288,0.41407787799835205,True
dev_train_0233,dev_train,,Conan_OBrien_0001,Conan_OBrien_0002,Conan_OBrien,Conan_OBrien,true,0.7365390062332153,0.7258941531181335,True
dev_train_0234,dev_train,,Constance_Marie_0002,Constance_Marie_0003,Constance_Marie,Constance_Marie,true,0.7851158976554871,0.6555672883987427,True
dev_train_0235,dev_train,,Coretta_Scott_King_0002,Coretta_Scott_King_0003,Coretta_Scott_King,Coretta_Scott_King,true,0.9279030561447144,0.37972891330718994,True
dev_train_0236,dev_train,,Corinne_Coman_0001,Corinne_Coman_0002,Corinne_Coman,Corinne_Coman,true,0.8812063336372375,0.4874294102191925,True
dev_train_0237,dev_train,,Costas_Simitis_0001,Costas_Simitis_0003,Costas_Simitis,Costas_Simitis,true,0.6525482535362244,0.833608865737915,True
dev_train_0238,dev_train,,Costas_Simitis_0002,Costas_Simitis_0004,Costas_Simitis,Costas_Simitis,true,0.7222894430160522,0.7452659010887146,True
dev_train_0239,dev_train,,Cristina_Saralegui_0001,Cristina_Saralegui_0002,Cristina_Saralegui,Cristina_Saralegui,true,0.8712791800498962,0.5073870420455933,True
dev_train_0240,dev_train,,Cruz_Bustamante_0001,Cruz_Bustamante_0004,Cruz_Bustamante,Cruz_Bustamante,true,0.9250685572624207,0.3871215283870697,True
dev_train_0241,dev_train,,Dalai_Lama_0001,Dalai_Lama_0002,Dalai_Lama,Dalai_Lama,true,0.8867149949073792,0.4759938418865204,True
dev_train_0242,dev_train,,Dale_Earnhardt_Jr_0001,Dale_Earnhardt_Jr_0002,Dale_Earnhardt_Jr,Dale_Earnhardt_Jr,true,0.755276620388031,0.6996047496795654,True
dev_train_0243,dev_train,,Dale_Earnhardt_Jr_0001,Dale_Earnhardt_Jr_0003,Dale_Earnhardt_Jr,Dale_Earnhardt_Jr,true,0.6186079978942871,0.8733751177787781,True
dev_train_0244,dev_train,,Damon_van_Dam_0001,Damon_van_Dam_0002,Damon_van_Dam,Damon_van_Dam,true,0.7810604572296143,0.6617244482040405,True
dev_train_0245,dev_train,,Dan_Morales_0001,Dan_Morales_0002,Dan_Morales,Dan_Morales,true,0.7962598204612732,0.6383421421051025,True
dev_train_0246,dev_train,,Dan_Morales_0001,Dan_Morales_0003,Dan_Morales,Dan_Morales,true,0.8173159956932068,0.6044568419456482,True
dev_train_0247,dev_train,,Daniel_Day-Lewis_0001,Daniel_Day-Lewis_0002,Daniel_Day-Lewis,Daniel_Day-Lewis,true,0.7378370761871338,0.724103569984436,True
dev_train_0248,dev_train,,Daniel_Day-Lewis_0001,Daniel_Day-Lewis_0003,Daniel_Day-Lewis,Daniel_Day-Lewis,true,0.755272388458252,0.6996108293533325,True
dev_train_0249,dev_train,,Darrell_Issa_0001,Darrell_Issa_0002,Darrell_Issa,Darrell_Issa,true,0.6827704310417175,0.7965294718742371,True
dev_train_0250,dev_train,,Darrell_Porter_0001,Darrell_Porter_0002,Darrell_Porter,Darrell_Porter,true,0.5454498529434204,0.953467607498169,True
dev_train_0251,dev_train,,Darren_Clarke_0001,Darren_Clarke_0002,Darren_Clarke,Darren_Clarke,true,0.5506128668785095,0.9480371475219727,True
dev_train_0252,dev_train,,Daryl_Hannah_0001,Daryl_Hannah_0002,Daryl_Hannah,Daryl_Hannah,true,0.6428372263908386,0.8451778888702393,True
dev_train_0253,dev_train,,David_Anderson_0001,David_Anderson_0002,David_Anderson,David_Anderson,true,0.7636935710906982,0.687468409538269,True
dev_train_0254,dev_train,,David_Anderson_0002,David_Anderson_0004,David_Anderson,David_Anderson,true,0.679097592830658,0.8011271357536316,True
dev_train_0255,dev_train,,David_Beckham_0004,David_Beckham_0017,David_Beckham,David_Beckham,true,0.7782677412033081,0.6659314632415771,True
dev_train_0256,dev_train,,David_Beckham_0004,David_Beckham_0024,David_Beckham,David_Beckham,true,0.04894579201936722,1.3791695833206177,True
dev_train_0257,dev_train,,David_Beckham_0005,David_Beckham_0010,David_Beckham,David_Beckham,true,0.694134533405304,0.7821323871612549,True
dev_train_0258,dev_train,,David_Caruso_0001,David_Caruso_0002,David_Caruso,David_Caruso,true,0.8529822826385498,0.5422505140304565,True
dev_train_0259,dev_train,,David_Coulthard_0001,David_Coulthard_0002,David_Coulthard,David_Coulthard,true,0.7068590521812439,0.7656904458999634,True
dev_train_0260,dev_train,,David_Dodge_0001,David_Dodge_0002,David_Dodge,David_Dodge,true,0.7331608533859253,0.7305328845977783,True
dev_train_0261,dev_train,,David_Heymann_0001,David_Heymann_0002,David_Heymann,David_Heymann,true,0.8302346467971802,0.5826928019523621,True
dev_train_0262,dev_train,,David_Hyde_Pierce_0003,David_Hyde_Pierce_0004,David_Hyde_Pierce,David_Hyde_Pierce,true,-0.014939473010599613,1.4247382879257202,True
dev_train_0263,dev_train,,David_Myers_0001,David_Myers_0002,David_Myers,David_Myers,true,0.770897388458252,0.6769086122512817,True
dev_train_0264,dev_train,,David_Nalbandian_0004,David_Nalbandian_0009,David_Nalbandian,David_Nalbandian,true,0.6098143458366394,0.8833862543106079,True
dev_train_0265,dev_train,,David_Spade_0001,David_Spade_0002,David_Spade,David_Spade,true,0.4952150881290436,1.0047736167907715,True
dev_train_0266,dev_train,,David_Wells_0001,David_Wells_0002,David_Wells,David_Wells,true,0.6411253213882446,0.8472010493278503,True
dev_train_0267,dev_train,,David_Wells_0002,David_Wells_0005,David_Wells,David_Wells,true,0.5661900043487549,0.9314612150192261,True
dev_train_0268,dev_train,,Dean_Barkley_0001,Dean_Barkley_0004,Dean_Barkley,Dean_Barkley,true,0.7635872960090637,0.6876230835914612,True
dev_train_0269,dev_train,,Dean_Barkley_0002,Dean_Barkley_0003,Dean_Barkley,Dean_Barkley,true,0.6787689924240112,0.8015373349189758,True
dev_train_0270,dev_train,,Debbie_Reynolds_0001,Debbie_Reynolds_0003,Debbie_Reynolds,Debbie_Reynolds,true,0.8892940282821655,0.4705442190170288,True
dev_train_0271,dev_train,,Debra_Brown_0001,Debra_Brown_0002,Debra_Brown,Debra_Brown,true,0.7971604466438293,0.636929452419281,True
dev_train_0272,dev_train,,Demi_Moore_0001,Demi_Moore_0002,Demi_Moore,Demi_Moore,true,-0.017662158235907555,1.4266479015350342,True
dev_train_0273,dev_train,,Demi_Moore_0002,Demi_Moore_0003,Demi_Moore,Demi_Moore,true,0.057076938450336456,1.3732610940933228,True
dev_train_0274,dev_train,,Demi_Moore_0002,Demi_Moore_0004,Demi_Moore,Demi_Moore,true,0.04868472367525101,1.3793587684631348,True
dev_train_0275,dev_train,,Dennis_Erickson_0001,Dennis_Erickson_0002,Dennis_Erickson,Dennis_Erickson,true,0.8504734039306641,0.5468575358390808,True
dev_train_0276,dev_train,,Dennis_Kucinich_0002,Dennis_Kucinich_0005,Dennis_Kucinich,Dennis_Kucinich,true,0.7778850197792053,0.6665058732032776,True
dev_train_0277,dev_train,,Dennis_Kucinich_0006,Dennis_Kucinich_0007,Dennis_Kucinich,Dennis_Kucinich,true,0.6266515851020813,0.864116370677948,True
dev_train_0278,dev_train,,Derek_Lowe_0001,Derek_Lowe_0002,Derek_Lowe,Derek_Lowe,true,0.7075949311256409,0.7647289037704468,True
dev_train_0279,dev_train,,Desiree_Lemosi_0001,Desiree_Lemosi_0002,Desiree_Lemosi,Desiree_Lemosi,true,0.5508624911308289,0.9477737545967102,True
dev_train_0280,dev_train,,Dexter_Jackson_0001,Dexter_Jackson_0002,Dexter_Jackson,Dexter_Jackson,true,0.8333333730697632,0.5773500800132751,True
dev_train_0281,dev_train,,Diana_Krall_0001,Diana_Krall_0003,Diana_Krall,Diana_Krall,true,0.8473196029663086,0.5525946617126465,True
dev_train_0282,dev_train,,Diana_Krall_0001,Diana_Krall_0006,Diana_Krall,Diana_Krall,true,0.8270292282104492,0.5881681442260742,True
dev_train_0283,dev_train,,Diana_Krall_0002,Diana_Krall_0004,Diana_Krall,Diana_Krall,true,0.7576116323471069,0.6962592005729675,True
dev_train_0284,dev_train,,Diana_Munz_0002,Diana_Munz_0003,Diana_Munz,Diana_Munz,true,0.8553178310394287,0.5379260182380676,True
dev_train_0285,dev_train,,Dianne_Feinstein_0002,Dianne_Feinstein_0003,Dianne_Feinstein,Dianne_Feinstein,true,0.8804482817649841,0.4889821410179138,True
dev_train_0286,dev_train,,Dick_Cheney_0001,Dick_Cheney_0011,Dick_Cheney,Dick_Cheney,true,0.7328305840492249,0.7309849262237549,True
dev_train_0287,dev_train,,Dick_Cheney_0001,Dick_Cheney_0014,Dick_Cheney,Dick_Cheney,true,0.801155686378479,0.6306256055831909,True
dev_train_0288,dev_train,,Dolly_Parton_0001,Dolly_Parton_0002,Dolly_Parton,Dolly_Parton,true,0.7480767369270325,0.7098214626312256,True
dev_train_0289,dev_train,,Dolma_Tsering_0001,Dolma_Tsering_0002,Dolma_Tsering,Dolma_Tsering,true,0.4129539430141449,1.0835554599761963,True
dev_train_0290,dev_train,,Don_Nickles_0001,Don_Nickles_0002,Don_Nickles,Don_Nickles,true,0.7492536902427673,0.7081614136695862,True
dev_train_0291,dev_train,,Don_Siegelman_0002,Don_Siegelman_0003,Don_Siegelman,Don_Siegelman,true,0.6797335147857666,0.8003330826759338,True
dev_train_0292,dev_train,,Donald_Evans_0001,Donald_Evans_0002,Donald_Evans,Donald_Evans,true,0.8852981925010681,0.47896113991737366,True
dev_train_0293,dev_train,,Donald_Fehr_0003,Donald_Fehr_0004,Donald_Fehr,Donald_Fehr,true,0.8532993793487549,0.5416654944419861,True
dev_train_0294,dev_train,,Doris_Roberts_0001,Doris_Roberts_0002,Doris_Roberts,Doris_Roberts,true,0.850909411907196,0.5460596680641174,True
dev_train_0295,dev_train,,Doug_Duncan_0001,Doug_Duncan_0002,Doug_Duncan,Doug_Duncan,true,0.08564553409814835,1.3522976636886597,True
dev_train_0296,dev_train,,Drew_Barrymore_0001,Drew_Barrymore_0002,Drew_Barrymore,Drew_Barrymore,true,0.5947818756103516,0.9002423882484436,True
dev_train_0297,dev_train,,Duane_Lee_Chapman_0001,Duane_Lee_Chapman_0002,Duane_Lee_Chapman,Duane_Lee_Chapman,true,0.6113793849945068,0.8816128373146057,True
dev_train_0298,dev_train,,Dwayne_Johnson_0001,Dwayne_Johnson_0002,Dwayne_Johnson,Dwayne_Johnson,true,0.8998904228210449,0.4474586248397827,True
dev_train_0299,dev_train,,Eddy_Merckx_0001,Eddy_Merckx_0002,Eddy_Merckx,Eddy_Merckx,true,0.8078562021255493,0.6199093461036682,True
dev_train_0300,dev_train,,Edie_Falco_0001,Edie_Falco_0002,Edie_Falco,Edie_Falco,true,0.5323060750961304,0.9671545028686523,True
dev_train_0301,dev_train,,Edmund_Hillary_0002,Edmund_Hillary_0003,Edmund_Hillary,Edmund_Hillary,true,0.764760434627533,0.6859147548675537,True
dev_train_0302,dev_train,,Edmund_Stoiber_0002,Edmund_Stoiber_0003,Edmund_Stoiber,Edmund_Stoiber,true,0.7220939993858337,0.7455281019210815,True
dev_train_0303,dev_train,,Eduard_Shevardnadze_0001,Eduard_Shevardnadze_0003,Eduard_Shevardnadze,Eduard_Shevardnadze,true,0.8628443479537964,0.5237473249435425,True
dev_train_0304,dev_train,,Eduard_Shevardnadze_0003,Eduard_Shevardnadze_0004,Eduard_Shevardnadze,Eduard_Shevardnadze,true,0.8663420081138611,0.5170261263847351,True
dev_train_0305,dev_train,,Eduardo_Duhalde_0005,Eduardo_Duhalde_0011,Eduardo_Duhalde,Eduardo_Duhalde,true,0.7804462313652039,0.6626519560813904,True
dev_train_0306,dev_train,,Edward_Kennedy_0001,Edward_Kennedy_0002,Edward_Kennedy,Edward_Kennedy,true,0.8231852054595947,0.5946676731109619,True
dev_train_0307,dev_train,,Edward_Said_0001,Edward_Said_0002,Edward_Said,Edward_Said,true,0.5289754271507263,0.970592200756073,True
dev_train_0308,dev_train,,Edwina_Currie_0002,Edwina_Currie_0003,Edwina_Currie,Edwina_Currie,true,0.8561243414878845,0.5364246964454651,True
dev_train_0309,dev_train,,Eileen_Coparropa_0002,Eileen_Coparropa_0003,Eileen_Coparropa,Eileen_Coparropa,true,0.7190098166465759,0.7496536374092102,True
dev_train_0310,dev_train,,Elena_Bovina_0001,Elena_Bovina_0002,Elena_Bovina,Elena_Bovina,true,0.7308757305145264,0.733654260635376,True
dev_train_0311,dev_train,,Elijah_Wood_0002,Elijah_Wood_0003,Elijah_Wood,Elijah_Wood,true,0.6885008215904236,0.7893025875091553,True
dev_train_0312,dev_train,,Elizabeth_Dole_0001,Elizabeth_Dole_0003,Elizabeth_Dole,Elizabeth_Dole,true,0.8250048160552979,0.5915998220443726,True
dev_train_0313,dev_train,,Elizabeth_Hurley_0001,Elizabeth_Hurley_0002,Elizabeth_Hurley,Elizabeth_Hurley,true,0.6249812245368958,0.866047203540802,True
dev_train_0314,dev_train,,Elizabeth_Hurley_0002,Elizabeth_Hurley_0003,Elizabeth_Hurley,Elizabeth_Hurley,true,0.7521909475326538,0.7040016651153564,True
dev_train_0315,dev_train,,Elizabeth_Hurley_0004,Elizabeth_Hurley_0005,Elizabeth_Hurley,Elizabeth_Hurley,true,0.3421086072921753,1.1470757722854614,True
dev_train_0316,dev_train,,Elizabeth_Shue_0001,Elizabeth_Shue_0002,Elizabeth_Shue,Elizabeth_Shue,true,0.7859223484992981,0.6543357968330383,True
dev_train_0317,dev_train,,Ellen_DeGeneres_0001,Ellen_DeGeneres_0002,Ellen_DeGeneres,Ellen_DeGeneres,true,0.7672044038772583,0.6823423504829407,True
dev_train_0318,dev_train,,Elton_John_0001,Elton_John_0007,Elton_John,Elton_John,true,0.5672192573547363,0.9303556680679321,True
dev_train_0319,dev_train,,Elton_John_0003,Elton_John_0005,Elton_John,Elton_John,true,0.7202696800231934,0.7479710578918457,True
dev_train_0320,dev_train,,Elvis_Presley_0001,Elvis_Presley_0002,Elvis_Presley,Elvis_Presley,true,0.7254646420478821,0.740993082523346,True
dev_train_0321,dev_train,,Emanuel_Ginobili_0002,Emanuel_Ginobili_0004,Emanuel_Ginobili,Emanuel_Ginobili,true,0.8365676403045654,0.5717208385467529,True
dev_train_0322,dev_train,,Emile_Lahoud_0001,Emile_Lahoud_0002,Emile_Lahoud,Emile_Lahoud,true,0.7793329954147339,0.6643298268318176,True
dev_train_0323,dev_train,,Emily_Robison_0001,Emily_Robison_0002,Emily_Robison,Emily_Robison,true,0.6881816387176514,0.789706826210022,True
dev_train_0324,dev_train,,Emma_Thompson_0001,Emma_Thompson_0002,Emma_Thompson,Emma_Thompson,true,0.7057051658630371,0.7671961188316345,True
dev_train_0325,dev_train,,Emma_Thompson_0001,Emma_Thompson_0003,Emma_Thompson,Emma_Thompson,true,0.645959734916687,0.8414753079414368,True
dev_train_0326,dev_train,,Emmanuelle_Beart_0001,Emmanuelle_Beart_0002,Emmanuelle_Beart,Emmanuelle_Beart,true,0.8714050650596619,0.5071389675140381,True
dev_train_0327,dev_train,,Emmanuelle_Beart_0002,Emmanuelle_Beart_0003,Emmanuelle_Beart,Emmanuelle_Beart,true,0.8612022399902344,0.5268733501434326,True
dev_train_0328,dev_train,,Emmit_Smith_0001,Emmit_Smith_0002,Emmit_Smith,Emmit_Smith,true,0.851396918296814,0.5451661944389343,True
dev_train_0329,dev_train,,Enrique_Bolanos_0001,Enrique_Bolanos_0002,Enrique_Bolanos,Enrique_Bolanos,true,0.8245985507965088,0.5922861695289612,True
dev_train_0330,dev_train,,Enrique_Bolanos_0002,Enrique_Bolanos_0005,Enrique_Bolanos,Enrique_Bolanos,true,0.7975437641143799,0.63632732629776,True
dev_train_0331,dev_train,,Enrique_Bolanos_0004,Enrique_Bolanos_0005,Enrique_Bolanos,Enrique_Bolanos,true,0.8016020059585571,0.6299175024032593,True
dev_train_0332,dev_train,,Eric_Clapton_0001,Eric_Clapton_0002,Eric_Clapton,Eric_Clapton,true,0.7562320828437805,0.6982378363609314,True
dev_train_0333,dev_train,,Eric_Rosser_0001,Eric_Rosser_0002,Eric_Rosser,Eric_Rosser,true,0.7682874202728271,0.6807534694671631,True
dev_train_0334,dev_train,,Erika_Harold_0002,Erika_Harold_0005,Erika_Harold,Erika_Harold,true,0.8153772950172424,0.6076558232307434,True
dev_train_0335,dev_train,,Ernesto_Zedillo_0001,Ernesto_Zedillo_0002,Ernesto_Zedillo,Ernesto_Zedillo,true,0.7979704141616821,0.6356565952301025,True
dev_train_0336,dev_train,,Ernie_Els_0001,Ernie_Els_0003,Ernie_Els,Ernie_Els,true,0.7132107615470886,0.7573497295379639,True
dev_train_0337,dev_train,,Ethan_Hawke_0001,Ethan_Hawke_0004,Ethan_Hawke,Ethan_Hawke,true,-0.2526988685131073,1.5828449726104736,True
dev_train_0338,dev_train,,Ethan_Hawke_0002,Ethan_Hawke_0004,Ethan_Hawke,Ethan_Hawke,true,-0.1853419989347458,1.5397026538848877,True
dev_train_0339,dev_train,,Ethan_Hawke_0003,Ethan_Hawke_0004,Ethan_Hawke,Ethan_Hawke,true,0.6067202687263489,0.886881947517395,True
dev_train_0340,dev_train,,Eunice_Barber_0001,Eunice_Barber_0002,Eunice_Barber,Eunice_Barber,true,0.6686145663261414,0.8141074776649475,True
dev_train_0341,dev_train,,Eva_Dimas_0001,Eva_Dimas_0002,Eva_Dimas,Eva_Dimas,true,0.6964725852012634,0.7791372537612915,True
dev_train_0342,dev_train,,Evander_Holyfield_0001,Evander_Holyfield_0002,Evander_Holyfield,Evander_Holyfield,true,0.814007043838501,0.6099065542221069,True
dev_train_0343,dev_train,,Eve_Pelletier_0001,Eve_Pelletier_0002,Eve_Pelletier,Eve_Pelletier,true,0.8246340155601501,0.5922263860702515,True
dev_train_0344,dev_train,,Farouk_al-Sharaa_0001,Farouk_al-Sharaa_0003,Farouk_al-Sharaa,Farouk_al-Sharaa,true,0.8783614635467529,0.4932314157485962,True
dev_train_0345,dev_train,,Farouk_al-Sharaa_0002,Farouk_al-Sharaa_0003,Farouk_al-Sharaa,Farouk_al-Sharaa,true,0.7432936429977417,0.7165282368659973,True
dev_train_0346,dev_train,,Federico_Trillo_0001,Federico_Trillo_0003,Federico_Trillo,Federico_Trillo,true,0.6698796153068542,0.8125520944595337,True
dev_train_0347,dev_train,,Felix_Mantilla_0001,Felix_Mantilla_0002,Felix_Mantilla,Felix_Mantilla,true,0.4767346978187561,1.0230008363723755,True
dev_train_0348,dev_train,,Fernando_Gonzalez_0002,Fernando_Gonzalez_0006,Fernando_Gonzalez,Fernando_Gonzalez,true,0.6017172336578369,0.8925052881240845,True
dev_train_0349,dev_train,,Fernando_Gonzalez_0004,Fernando_Gonzalez_0007,Fernando_Gonzalez,Fernando_Gonzalez,true,0.5574954152107239,0.9407492876052856,True
dev_train_0350,dev_train,,Fernando_Henrique_Cardoso_0001,Fernando_Henrique_Cardoso_0003,Fernando_Henrique_Cardoso,Fernando_Henrique_Cardoso,true,0.5952016711235046,0.899776041507721,True
dev_train_0351,dev_train,,Fidel_Castro_0004,Fidel_Castro_0014,Fidel_Castro,Fidel_Castro,true,0.7378829717636108,0.7240402102470398,True
dev_train_0352,dev_train,,Flavia_Delaroli_0001,Flavia_Delaroli_0002,Flavia_Delaroli,Flavia_Delaroli,true,0.6621627807617188,0.8219942450523376,True
dev_train_0353,dev_train,,Frances_Fisher_0001,Frances_Fisher_0002,Frances_Fisher,Frances_Fisher,true,0.0361199826002121,1.3884379863739014,True
dev_train_0354,dev_train,,Francis_Ford_Coppola_0001,Francis_Ford_Coppola_0002,Francis_Ford_Coppola,Francis_Ford_Coppola,true,0.8005322217941284,0.6316134333610535,True
dev_train_0355,dev_train,,Francisco_Flores_0003,Francisco_Flores_0004,Francisco_Flores,Francisco_Flores,true,0.8963761925697327,0.4552448093891144,True
dev_train_0356,dev_train,,Frank_Griswold_0001,Frank_Griswold_0002,Frank_Griswold,Frank_Griswold,true,0.8393810987472534,0.5667784214019775,True
dev_train_0357,dev_train,,Frank_Solich_0001,Frank_Solich_0002,Frank_Solich,Frank_Solich,true,0.8977226614952087,0.45227712392807007,True
dev_train_0358,dev_train,,Frank_Solich_0003,Frank_Solich_0004,Frank_Solich,Frank_Solich,true,0.7337924242019653,0.7296679019927979,True
dev_train_0359,dev_train,,Franz_Muentefering_0001,Franz_Muentefering_0003,Franz_Muentefering,Franz_Muentefering,true,0.636839747428894,0.8522445559501648,True
dev_train_0360,dev_train,,Franz_Muentefering_0001,Franz_Muentefering_0004,Franz_Muentefering,Franz_Muentefering,true,0.10151179879903793,1.3405135869979858,True
dev_train_0361,dev_train,,Franz_Muentefering_0002,Franz_Muentefering_0003,Franz_Muentefering,Franz_Muentefering,true,0.6914888024330139,0.7855079174041748,True
dev_train_0362,dev_train,,Fred_Thompson_0002,Fred_Thompson_0003,Fred_Thompson,Fred_Thompson,true,0.8006247282028198,0.6314671039581299,True
dev_train_0363,dev_train,,Fujio_Cho_0001,Fujio_Cho_0005,Fujio_Cho,Fujio_Cho,true,0.858418881893158,0.5321300625801086,True
dev_train_0364,dev_train,,Gabriel_Valdes_0001,Gabriel_Valdes_0002,Gabriel_Valdes,Gabriel_Valdes,true,0.6845766305923462,0.794258713722229,True
dev_train_0365,dev_train,,Garry_Kasparov_0001,Garry_Kasparov_0002,Garry_Kasparov,Garry_Kasparov,true,0.8698370456695557,0.5102217197418213,True
dev_train_0366,dev_train,,Gary_Carter_0001,Gary_Carter_0002,Gary_Carter,Gary_Carter,true,0.836891770362854,0.5711537003517151,True
dev_train_0367,dev_train,,Gary_Carter_0001,Gary_Carter_0003,Gary_Carter,Gary_Carter,true,0.7036647796630859,0.7698509097099304,True
dev_train_0368,dev_train,,Gary_Forsee_0001,Gary_Forsee_0002,Gary_Forsee,Gary_Forsee,true,0.7801382541656494,0.6631165146827698,True
dev_train_0369,dev_train,,Gary_Locke_0001,Gary_Locke_0002,Gary_Locke,Gary_Locke,true,0.8776862621307373,0.49459850788116455,True
dev_train_0370,dev_train,,George_Clooney_0002,George_Clooney_0008,George_Clooney,George_Clooney,true,0.45434868335723877,1.044654369354248,True
dev_train_0371,dev_train,,George_Clooney_0003,George_Clooney_0009,George_Clooney,George_Clooney,true,0.5507744550704956,0.9478665590286255,True
dev_train_0372,dev_train,,George_Clooney_0005,George_Clooney_0007,George_Clooney,George_Clooney,true,0.778438925743103,0.6656742691993713,True
dev_train_0373,dev_train,,George_Galloway_0001,George_Galloway_0004,George_Galloway,George_Galloway,true,0.8119671940803528,0.613241970539093,True
dev_train_0374,dev_train,,George_HW_Bush_0001,George_HW_Bush_0010,George_HW_Bush,George_HW_Bush,true,0.6432967185974121,0.8446339964866638,True
dev_train_0375,dev_train,,George_HW_Bush_0005,George_HW_Bush_0013,George_HW_Bush,George_HW_Bush,true,0.8037707209587097,0.6264652013778687,True
dev_train_0376,dev_train,,George_HW_Bush_0010,George_HW_Bush_0013,George_HW_Bush,George_HW_Bush,true,0.6704933643341064,0.8117964267730713,True
dev_train_0377,dev_train,,George_Lopez_0001,George_Lopez_0004,George_Lopez,George_Lopez,true,0.7336050868034363,0.7299245595932007,True
dev_train_0378,dev_train,,George_P_Bush_0001,George_P_Bush_0002,George_P_Bush,George_P_Bush,true,0.7988841533660889,0.634217381477356,True
dev_train_0379,dev_train,,George_Pataki_0001,George_Pataki_0005,George_Pataki,George_Pataki,true,0.8482539057731628,0.5509012937545776,True
dev_train_0380,dev_train,,George_Roy_Hill_0001,George_Roy_Hill_0002,George_Roy_Hill,George_Roy_Hill,true,0.849136233329773,0.5492973923683167,True
dev_train_0381,dev_train,,George_Voinovich_0001,George_Voinovich_0002,George_Voinovich,George_Voinovich,true,0.6643441319465637,0.8193362355232239,True
dev_train_0382,dev_train,,George_Voinovich_0001,George_Voinovich_0003,George_Voinovich,George_Voinovich,true,0.614936888217926,0.8775683045387268,True
dev_train_0383,dev_train,,Gerardo_Gambala_0001,Gerardo_Gambala_0002,Gerardo_Gambala,Gerardo_Gambala,true,0.8337955474853516,0.5765491724014282,True
dev_train_0384,dev_train,,Gerry_Parsky_0001,Gerry_Parsky_0002,Gerry_Parsky,Gerry_Parsky,true,0.8366337418556213,0.5716052651405334,True
dev_train_0385,dev_train,,Gian_Marco_0002,Gian_Marco_0003,Gian_Marco,Gian_Marco,true,0.65440833568573,0.8313742876052856,True
dev_train_0386,dev_train,,Gil_de_Ferran_0002,Gil_de_Ferran_0003,Gil_de_Ferran,Gil_de_Ferran,true,0.44016575813293457,1.058143973350525,True
dev_train_0387,dev_train,,Gisele_Bundchen_0001,Gisele_Bundchen_0002,Gisele_Bundchen,Gisele_Bundchen,true,0.781157374382019,0.6615778207778931,True
dev_train_0388,dev_train,,Gloria_Allred_0001,Gloria_Allred_0002,Gloria_Allred,Gloria_Allred,true,0.802046537399292,0.62921142578125,True
dev_train_0389,dev_train,,Gloria_Macapagal_Arroyo_0029,Gloria_Macapagal_Arroyo_0040,Gloria_Macapagal_Arroyo,Gloria_Macapagal_Arroyo,true,0.7334092855453491,0.7301928400993347,True
dev_train_0390,dev_train,,Gloria_Trevi_0001,Gloria_Trevi_0003,Gloria_Trevi,Gloria_Trevi,true,0.650584876537323,0.8359608054161072,True
dev_train_0391,dev_train,,Gloria_Trevi_0002,Gloria_Trevi_0004,Gloria_Trevi,Gloria_Trevi,true,0.770268976688385,0.6778364777565002,True
dev_train_0392,dev_train,,Gloria_Trevi_0003,Gloria_Trevi_0004,Gloria_Trevi,Gloria_Trevi,true,0.6821760535240173,0.7972754836082458,True
dev_train_0393,dev_train,,Goldie_Hawn_0002,Goldie_Hawn_0006,Goldie_Hawn,Goldie_Hawn,true,0.6902242302894592,0.7871161103248596,True
dev_train_0394,dev_train,,Gonzalo_Sanchez_de_Lozada_0003,Gonzalo_Sanchez_de_Lozada_0010,Gonzalo_Sanchez_de_Lozada,Gonzalo_Sanchez_de_Lozada,true,-0.03526293486356735,1.4389322996139526,True
dev_train_0395,dev_train,,Gonzalo_Sanchez_de_Lozada_0004,Gonzalo_Sanchez_de_Lozada_0008,Gonzalo_Sanchez_de_Lozada,Gonzalo_Sanchez_de_Lozada,true,0.7665339708328247,0.6833243370056152,True
dev_train_0396,dev_train,,Gonzalo_Sanchez_de_Lozada_0007,Gonzalo_Sanchez_de_Lozada_0008,Gonzalo_Sanchez_de_Lozada,Gonzalo_Sanchez_de_Lozada,true,0.6107697486877441,0.8823042511940002,True
dev_train_0397,dev_train,,Goran_Persson_0001,Goran_Persson_0002,Goran_Persson,Goran_Persson,true,0.6639733910560608,0.8197885155677795,True
dev_train_0398,dev_train,,Grady_Irvin_Jr_0001,Grady_Irvin_Jr_0002,Grady_Irvin_Jr,Grady_Irvin_Jr,true,0.8863567113876343,0.4767461121082306,True
dev_train_0399,dev_train,,Grant_Hackett_0002,Grant_Hackett_0003,Grant_Hackett,Grant_Hackett,true,0.7113102674484253,0.7598550319671631,True
dev_train_0400,dev_train,,Greg_Rusedski_0001,Greg_Rusedski_0004,Greg_Rusedski,Greg_Rusedski,true,0.8453047871589661,0.5562289953231812,True
dev_train_0401,dev_train,,Greg_Rusedski_0002,Greg_Rusedski_0004,Greg_Rusedski,Greg_Rusedski,true,0.8204634785652161,0.5992271900177002,True
dev_train_0402,dev_train,,Greg_Rusedski_0003,Greg_Rusedski_0004,Greg_Rusedski,Greg_Rusedski,true,0.9046211838722229,0.43675822019577026,True
dev_train_0403,dev_train,,Gregg_Popovich_0003,Gregg_Popovich_0004,Gregg_Popovich,Gregg_Popovich,true,0.7446900010108948,0.7145769000053406,True
dev_train_0404,dev_train,,Guillaume_Soro_0001,Guillaume_Soro_0002,Guillaume_Soro,Guillaume_Soro,true,0.5741933584213257,0.9228290915489197,True
dev_train_0405,dev_train,,Guillermo_Canas_0001,Guillermo_Canas_0002,Guillermo_Canas,Guillermo_Canas,true,0.7499603033065796,0.7071629762649536,True
dev_train_0406,dev_train,,Guillermo_Canas_0001,Guillermo_Canas_0004,Guillermo_Canas,Guillermo_Canas,true,0.656304657459259,0.8290903568267822,True
dev_train_0407,dev_train,,Guillermo_Canas_0002,Guillermo_Canas_0004,Guillermo_Canas,Guillermo_Canas,true,0.4850289821624756,1.01486074924469,True
dev_train_0408,dev_train,,Guillermo_Coria_0019,Guillermo_Coria_0029,Guillermo_Coria,Guillermo_Coria,true,0.720984697341919,0.7470145225524902,True
dev_train_0409,dev_train,,Guillermo_Coria_0021,Guillermo_Coria_0027,Guillermo_Coria,Guillermo_Coria,true,0.7595638036727905,0.6934497356414795,True
dev_train_0410,dev_train,,Guillermo_Ortiz_0001,Guillermo_Ortiz_0002,Guillermo_Ortiz,Guillermo_Ortiz,true,0.850385308265686,0.547018826007843,True
dev_train_0411,dev_train,,Gunter_Pleuger_0002,Gunter_Pleuger_0005,Gunter_Pleuger,Gunter_Pleuger,true,0.8330492973327637,0.577842116355896,True
dev_train_0412,dev_train,,Gustavo_Kuerten_0001,Gustavo_Kuerten_0002,Gustavo_Kuerten,Gustavo_Kuerten,true,0.8815277814865112,0.4867694675922394,True
dev_train_0413,dev_train,,Gustavo_Kuerten_0002,Gustavo_Kuerten_0003,Gustavo_Kuerten,Gustavo_Kuerten,true,0.6879808902740479,0.7899609208106995,True
dev_train_0414,dev_train,,Habib_Rizieq_0004,Habib_Rizieq_0005,Habib_Rizieq,Habib_Rizieq,true,0.8712884187698364,0.5073690414428711,True
dev_train_0415,dev_train,,Hal_Gehman_0001,Hal_Gehman_0003,Hal_Gehman,Hal_Gehman,true,0.7767965197563171,0.6681370735168457,True
dev_train_0416,dev_train,,Hal_Sutton_0001,Hal_Sutton_0002,Hal_Sutton,Hal_Sutton,true,0.7157368659973145,0.7540068626403809,True
dev_train_0417,dev_train,,Halle_Berry_0001,Halle_Berry_0010,Halle_Berry,Halle_Berry,true,0.8454004526138306,0.5560568571090698,True
dev_train_0418,dev_train,,Halle_Berry_0007,Halle_Berry_0015,Halle_Berry,Halle_Berry,true,0.6881654858589172,0.7897273302078247,True
dev_train_0419,dev_train,,Halle_Berry_0010,Halle_Berry_0016,Halle_Berry,Halle_Berry,true,0.7553704977035522,0.6994706392288208,True
dev_train_0420,dev_train,,Hamid_Karzai_0001,Hamid_Karzai_0002,Hamid_Karzai,Hamid_Karzai,true,0.8041269183158875,0.6258964538574219,True
dev_train_0421,dev_train,,Hamzah_Haz_0001,Hamzah_Haz_0002,Hamzah_Haz,Hamzah_Haz,true,0.8540278673171997,0.5403187870979309,True
dev_train_0422,dev_train,,Hanan_Ashrawi_0001,Hanan_Ashrawi_0002,Hanan_Ashrawi,Hanan_Ashrawi,true,0.8288659453392029,0.5850369334220886,True
dev_train_0423,dev_train,,Hans_Blix_0002,Hans_Blix_0003,Hans_Blix,Hans_Blix,true,0.8132757544517517,0.6111043691635132,True
dev_train_0424,dev_train,,Hans_Blix_0006,Hans_Blix_0036,Hans_Blix,Hans_Blix,true,0.774186909198761,0.6720314025878906,True
dev_train_0425,dev_train,,Hans_Blix_0014,Hans_Blix_0036,Hans_Blix,Hans_Blix,true,0.7935549020767212,0.6425654888153076,True
dev_train_0426,dev_train,,Harbhajan_Singh_0001,Harbhajan_Singh_0002,Harbhajan_Singh,Harbhajan_Singh,true,0.8993719220161438,0.4486158490180969,True
dev_train_0427,dev_train,,Hashim_Thaci_0001,Hashim_Thaci_0002,Hashim_Thaci,Hashim_Thaci,true,0.7682660222053528,0.6807848811149597,True
dev_train_0428,dev_train,,Hassan_Nasrallah_0001,Hassan_Nasrallah_0002,Hassan_Nasrallah,Hassan_Nasrallah,true,0.8980308771133423,0.4515955150127411,True
dev_train_0429,dev_train,,Heath_Ledger_0001,Heath_Ledger_0002,Heath_Ledger,Heath_Ledger,true,0.6459680795669556,0.841465175151825,True
dev_train_0430,dev_train,,Hector_Babenco_0001,Hector_Babenco_0002,Hector_Babenco,Hector_Babenco,true,0.8083364367485046,0.619134247303009,True
dev_train_0431,dev_train,,Hee-Won_Han_0001,Hee-Won_Han_0003,Hee-Won_Han,Hee-Won_Han,true,0.7849987745285034,0.6557459235191345,True
dev_train_0432,dev_train,,Heidi_Klum_0001,Heidi_Klum_0003,Heidi_Klum,Heidi_Klum,true,0.7963768839836121,0.6381585597991943,True
dev_train_0433,dev_train,,Helen_Clark_0003,Helen_Clark_0004,Helen_Clark,Helen_Clark,true,0.7378556728363037,0.7240779399871826,True
dev_train_0434,dev_train,,Henrique_Meirelles_0001,Henrique_Meirelles_0002,Henrique_Meirelles,Henrique_Meirelles,true,0.7455523610115051,0.7133690714836121,True
dev_train_0435,dev_train,,Herta_Daeubler-Gmelin_0001,Herta_Daeubler-Gmelin_0002,Herta_Daeubler-Gmelin,Herta_Daeubler-Gmelin,true,0.8753734827041626,0.49925264716148376,True
dev_train_0436,dev_train,,Hideki_Matsui_0001,Hideki_Matsui_0002,Hideki_Matsui,Hideki_Matsui,true,0.7326539158821106,0.7312266230583191,True
dev_train_0437,dev_train,,Hilary_Duff_0001,Hilary_Duff_0003,Hilary_Duff,Hilary_Duff,true,0.8262865543365479,0.589429497718811,True
dev_train_0438,dev_train,,Hilary_Duff_0002,Hilary_Duff_0003,Hilary_Duff,Hilary_Duff,true,0.5854889154434204,0.9105066657066345,True
dev_train_0439,dev_train,,Hillary_Clinton_0001,Hillary_Clinton_0014,Hillary_Clinton,Hillary_Clinton,true,0.7428465485572815,0.7171521186828613,True
dev_train_0440,dev_train,,Hillary_Clinton_0008,Hillary_Clinton_0014,Hillary_Clinton,Hillary_Clinton,true,0.750840425491333,0.7059174180030823,True
dev_train_0441,dev_train,,Hilmi_Ozkok_0001,Hilmi_Ozkok_0002,Hilmi_Ozkok,Hilmi_Ozkok,true,0.9061179757118225,0.4333176016807556,True
dev_train_0442,dev_train,,Hipolito_Mejia_0001,Hipolito_Mejia_0003,Hipolito_Mejia,Hipolito_Mejia,true,0.8930503129959106,0.46249261498451233,True
dev_train_0443,dev_train,,Hisao_Oguchi_0001,Hisao_Oguchi_0002,Hisao_Oguchi,Hisao_Oguchi,true,0.7043154835700989,0.769005298614502,True
dev_train_0444,dev_train,,Holly_Hunter_0002,Holly_Hunter_0003,Holly_Hunter,Holly_Hunter,true,0.8765052556991577,0.4969805181026459,True
dev_train_0445,dev_train,,Holly_Hunter_0002,Holly_Hunter_0005,Holly_Hunter,Holly_Hunter,true,0.7386887073516846,0.7229264974594116,True
dev_train_0446,dev_train,,Holly_Hunter_0004,Holly_Hunter_0007,Holly_Hunter,Holly_Hunter,true,0.058470092713832855,1.3722463846206665,True
dev_train_0447,dev_train,,Hootie_Johnson_0001,Hootie_Johnson_0002,Hootie_Johnson,Hootie_Johnson,true,0.5908294916152954,0.9046220779418945,True
dev_train_0448,dev_train,,Hosni_Mubarak_0008,Hosni_Mubarak_0009,Hosni_Mubarak,Hosni_Mubarak,true,0.7747236490249634,0.6712323427200317,True
dev_train_0449,dev_train,,Hu_Jintao_0001,Hu_Jintao_0002,Hu_Jintao,Hu_Jintao,true,0.8222842216491699,0.5961807370185852,True
dev_train_0450,dev_train,,Hu_Jintao_0001,Hu_Jintao_0012,Hu_Jintao,Hu_Jintao,true,0.7652262449264526,0.685235321521759,True
dev_train_0451,dev_train,,Hu_Jintao_0002,Hu_Jintao_0003,Hu_Jintao,Hu_Jintao,true,0.7639407515525818,0.6871088147163391,True
dev_train_0452,dev_train,,Hugh_Grant_0001,Hugh_Grant_0007,Hugh_Grant,Hugh_Grant,true,0.7358717918395996,0.726812481880188,True
dev_train_0453,dev_train,,Hugh_Grant_0001,Hugh_Grant_0009,Hugh_Grant,Hugh_Grant,true,-0.1204441636800766,1.4969596862792969,True
dev_train_0454,dev_train,,Hun_Sen_0001,Hun_Sen_0002,Hun_Sen,Hun_Sen,true,0.7628753185272217,0.6886577606201172,True
dev_train_0455,dev_train,,Hun_Sen_0001,Hun_Sen_0004,Hun_Sen,Hun_Sen,true,0.7067650556564331,0.7658133506774902,True
dev_train_0456,dev_train,,Ian_McKellen_0001,Ian_McKellen_0002,Ian_McKellen,Ian_McKellen,true,0.7412656545639038,0.7193530201911926,True
dev_train_0457,dev_train,,Ian_McKellen_0001,Ian_McKellen_0003,Ian_McKellen,Ian_McKellen,true,0.6267890930175781,0.8639571070671082,True
dev_train_0458,dev_train,,Ian_McKellen_0002,Ian_McKellen_0003,Ian_McKellen,Ian_McKellen,true,0.8228118419647217,0.595295250415802,True
dev_train_0459,dev_train,,Ibrahim_Jaafari_0001,Ibrahim_Jaafari_0002,Ibrahim_Jaafari,Ibrahim_Jaafari,true,0.8776119947433472,0.49474847316741943,True
dev_train_0460,dev_train,,Igor_Ivanov_0005,Igor_Ivanov_0016,Igor_Ivanov,Igor_Ivanov,true,0.7029309868812561,0.770803689956665,True
dev_train_0461,dev_train,,Ilan_Ramon_0001,Ilan_Ramon_0003,Ilan_Ramon,Ilan_Ramon,true,0.6840960383415222,0.7948636412620544,True
dev_train_0462,dev_train,,Inam-ul-Haq_0001,Inam-ul-Haq_0002,Inam-ul-Haq,Inam-ul-Haq,true,0.8737243413925171,0.5025449395179749,True
dev_train_0463,dev_train,,Inocencio_Arias_0001,Inocencio_Arias_0002,Inocencio_Arias,Inocencio_Arias,true,0.8141894936561584,0.6096073985099792,True
dev_train_0464,dev_train,,Intisar_Ajouri_0002,Intisar_Ajouri_0003,Intisar_Ajouri,Intisar_Ajouri,true,0.8782179355621338,0.49352216720581055,True
dev_train_0465,dev_train,,Jack_Straw_0004,Jack_Straw_0022,Jack_Straw,Jack_Straw,true,0.7393020987510681,0.7220773696899414,True
dev_train_0466,dev_train,,Jackie_Chan_0001,Jackie_Chan_0010,Jackie_Chan,Jackie_Chan,true,0.8621302247047424,0.5251092314720154,True
dev_train_0467,dev_train,,Jackie_Chan_0007,Jackie_Chan_0012,Jackie_Chan,Jackie_Chan,true,0.7990787625312805,0.6339104771614075,True
dev_train_0468,dev_train,,Jacqueline_Obradors_0001,Jacqueline_Obradors_0002,Jacqueline_Obradors,Jacqueline_Obradors,true,0.8963766694068909,0.45524367690086365,True
dev_train_0469,dev_train,,Jada_Pinkett_Smith_0001,Jada_Pinkett_Smith_0002,Jada_Pinkett_Smith,Jada_Pinkett_Smith,true,0.7630711793899536,0.6883732080459595,True
dev_train_0470,dev_train,,James_Caan_0001,James_Caan_0002,James_Caan,James_Caan,true,0.8641101121902466,0.5213252305984497,True
dev_train_0471,dev_train,,James_Cunningham_0001,James_Cunningham_0002,James_Cunningham,James_Cunningham,true,0.8068081736564636,0.6215977668762207,True
dev_train_0472,dev_train,,James_Cunningham_0002,James_Cunningham_0003,James_Cunningham,James_Cunningham,true,0.6241604089736938,0.8669943809509277,True
dev_train_0473,dev_train,,James_Gandolfini_0001,James_Gandolfini_0003,James_Gandolfini,James_Gandolfini,true,0.5318437218666077,0.967632532119751,True
dev_train_0474,dev_train,,James_Jones_0001,James_Jones_0002,James_Jones,James_Jones,true,0.7362109422683716,0.7263458371162415,True
dev_train_0475,dev_train,,James_Parker_0001,James_Parker_0002,James_Parker,James_Parker,true,0.7946392893791199,0.6408756971359253,True
dev_train_0476,dev_train,,James_Schultz_0001,James_Schultz_0002,James_Schultz,James_Schultz,true,0.8382760286331177,0.5687249302864075,True
dev_train_0477,dev_train,,James_Traficant_0001,James_Traficant_0002,James_Traficant,James_Traficant,true,0.6799853444099426,0.8000184893608093,True
dev_train_0478,dev_train,,James_Traficant_0001,James_Traficant_0003,James_Traficant,James_Traficant,true,0.5395501852035522,0.9596351981163025,True
dev_train_0479,dev_train,,James_Wolfensohn_0001,James_Wolfensohn_0003,James_Wolfensohn,James_Wolfensohn,true,0.8501651287078857,0.5474211573600769,True
dev_train_0480,dev_train,,Jan-Michael_Gambill_0001,Jan-Michael_Gambill_0003,Jan-Michael_Gambill,Jan-Michael_Gambill,true,0.6262101531028748,0.8646270036697388,True
dev_train_0481,dev_train,,Jane_Fonda_0001,Jane_Fonda_0002,Jane_Fonda,Jane_Fonda,true,0.7475569248199463,0.7105534672737122,True
dev_train_0482,dev_train,,Jane_Pauley_0001,Jane_Pauley_0002,Jane_Pauley,Jane_Pauley,true,0.763116717338562,0.6883071064949036,True
dev_train_0483,dev_train,,Janet_Napolitano_0001,Janet_Napolitano_0004,Janet_Napolitano,Janet_Napolitano,true,0.828193724155426,0.5861846804618835,True
dev_train_0484,dev_train,,Janet_Napolitano_0002,Janet_Napolitano_0003,Janet_Napolitano,Janet_Napolitano,true,0.807466983795166,0.6205371022224426,True
dev_train_0485,dev_train,,Jason_Jennings_0001,Jason_Jennings_0002,Jason_Jennings,Jason_Jennings,true,0.8936938047409058,0.4610992670059204,True
dev_train_0486,dev_train,,Jason_Kidd_0001,Jason_Kidd_0004,Jason_Kidd,Jason_Kidd,true,0.7923840284347534,0.6443849802017212,True
dev_train_0487,dev_train,,Jason_Kidd_0001,Jason_Kidd_0010,Jason_Kidd,Jason_Kidd,true,0.6705425977706909,0.8117358088493347,True
dev_train_0488,dev_train,,Jason_Kidd_0005,Jason_Kidd_0006,Jason_Kidd,Jason_Kidd,true,0.6746580004692078,0.8066499829292297,True
dev_train_0489,dev_train,,Jason_Kidd_0006,Jason_Kidd_0009,Jason_Kidd,Jason_Kidd,true,0.30760616064071655,1.1767700910568237,True
dev_train_0490,dev_train,,Jason_Kidd_0006,Jason_Kidd_0010,Jason_Kidd,Jason_Kidd,true,0.7380334734916687,0.723832368850708,True
dev_train_0491,dev_train,,Javier_Solana_0002,Javier_Solana_0006,Javier_Solana,Javier_Solana,true,0.6989505887031555,0.7759504318237305,True
dev_train_0492,dev_train,,Javier_Solana_0006,Javier_Solana_0007,Javier_Solana,Javier_Solana,true,0.647334098815918,0.8398404717445374,True
dev_train_0493,dev_train,,Jay_Leno_0002,Jay_Leno_0003,Jay_Leno,Jay_Leno,true,0.7066101431846619,0.7660154700279236,True
dev_train_0494,dev_train,,Jayson_Williams_0001,Jayson_Williams_0002,Jayson_Williams,Jayson_Williams,true,0.8735975623130798,0.5027971863746643,True
dev_train_0495,dev_train,,Jean-Claude_Braquet_0001,Jean-Claude_Braquet_0002,Jean-Claude_Braquet,Jean-Claude_Braquet,true,0.8103798031806946,0.6158250570297241,True
dev_train_0496,dev_train,,Jean-David_Levitte_0003,Jean-David_Levitte_0004,Jean-David_Levitte,Jean-David_Levitte,true,0.09043420106172562,1.3487519025802612,True
dev_train_0497,dev_train,,Jean-David_Levitte_0006,Jean-David_Levitte_0007,Jean-David_Levitte,Jean-David_Levitte,true,0.7824491262435913,0.6596225500106812,True
dev_train_0498,dev_train,,Jean-David_Levitte_0008,Jean-David_Levitte_0010,Jean-David_Levitte,Jean-David_Levitte,true,0.8558429479598999,0.5369488596916199,True
dev_train_0499,dev_train,,Jean-Francois_Pontal_0001,Jean-Francois_Pontal_0003,Jean-Francois_Pontal,Jean-Francois_Pontal,true,0.7933192849159241,0.6429319381713867,True
dev_train_0500,dev_train,,Jean-Sebastien_Giguere_0001,Jean-Sebastien_Giguere_0002,Jean-Sebastien_Giguere,Jean-Sebastien_Giguere,true,0.7435272336006165,0.7162022590637207,True
dev_train_0501,dev_train,,Jean_Brumley_0001,Jean_Brumley_0002,Jean_Brumley,Jean_Brumley,true,0.8836733102798462,0.48234161734580994,True
dev_train_0502,dev_train,,Jean_Chretien_0003,Jean_Chretien_0008,Jean_Chretien,Jean_Chretien,true,0.751798689365387,0.7045586705207825,True
dev_train_0503,dev_train,,Jean_Chretien_0022,Jean_Chretien_0030,Jean_Chretien,Jean_Chretien,true,0.7269420027732849,0.738996684551239,True
dev_train_0504,dev_train,,Jean_Chretien_0031,Jean_Chretien_0050,Jean_Chretien,Jean_Chretien,true,0.6327559351921082,0.8570228815078735,True
dev_train_0505,dev_train,,Jeanne_Moreau_0001,Jeanne_Moreau_0002,Jeanne_Moreau,Jeanne_Moreau,true,0.8710024952888489,0.5079321265220642,True
dev_train_0506,dev_train,,Jeb_Bush_0004,Jeb_Bush_0012,Jeb_Bush,Jeb_Bush,true,0.841375470161438,0.5632486939430237,True
dev_train_0507,dev_train,,Jeff_Van_Gundy_0001,Jeff_Van_Gundy_0003,Jeff_Van_Gundy,Jeff_Van_Gundy,true,0.7268160581588745,0.7391671538352966,True
dev_train_0508,dev_train,,Jeffrey_Archer_0001,Jeffrey_Archer_0002,Jeffrey_Archer,Jeffrey_Archer,true,0.7816831469535828,0.6607827544212341,True
dev_train_0509,dev_train,,Jeffrey_Immelt_0001,Jeffrey_Immelt_0002,Jeffrey_Immelt,Jeffrey_Immelt,true,0.84699547290802,0.5531809329986572,True
dev_train_0510,dev_train,,Jeffrey_Jones_0001,Jeffrey_Jones_0002,Jeffrey_Jones,Jeffrey_Jones,true,0.7616228461265564,0.6904740333557129,True
dev_train_0511,dev_train,,Jennifer_Aniston_0005,Jennifer_Aniston_0013,Jennifer_Aniston,Jennifer_Aniston,true,0.7727203965187073,0.6742100119590759,True
dev_train_0512,dev_train,,Jennifer_Garner_0001,Jennifer_Garner_0006,Jennifer_Garner,Jennifer_Garner,true,0.5926406979560852,0.9026176929473877,True
dev_train_0513,dev_train,,Jennifer_Garner_0001,Jennifer_Garner_0010,Jennifer_Garner,Jennifer_Garner,true,0.7031015753746033,0.7705823183059692,True
dev_train_0514,dev_train,,Jennifer_Garner_0004,Jennifer_Garner_0005,Jennifer_Garner,Jennifer_Garner,true,0.7832772135734558,0.6583660244941711,True
dev_train_0515,dev_train,,Jennifer_Garner_0005,Jennifer_Garner_0011,Jennifer_Garner,Jennifer_Garner,true,0.49048152565956116,1.0094736814498901,True
dev_train_0516,dev_train,,Jennifer_Lopez_0004,Jennifer_Lopez_0007,Jennifer_Lopez,Jennifer_Lopez,true,0.6560872197151184,0.8293525576591492,True
dev_train_0517,dev_train,,Jennifer_Lopez_0005,Jennifer_Lopez_0015,Jennifer_Lopez,Jennifer_Lopez,true,0.5639674663543701,0.9338443279266357,True
dev_train_0518,dev_train,,Jennifer_Lopez_0010,Jennifer_Lopez_0021,Jennifer_Lopez,Jennifer_Lopez,true,0.41725805401802063,1.079575777053833,True
dev_train_0519,dev_train,,Jerry_Regier_0002,Jerry_Regier_0003,Jerry_Regier,Jerry_Regier,true,0.6909780502319336,0.7861578464508057,True
dev_train_0520,dev_train,,Jessica_Lynch_0001,Jessica_Lynch_0002,Jessica_Lynch,Jessica_Lynch,true,0.5606134533882141,0.9374290704727173,True
dev_train_0521,dev_train,,Jia_Qinglin_0001,Jia_Qinglin_0002,Jia_Qinglin,Jia_Qinglin,true,0.90437912940979,0.43731215596199036,True
dev_train_0522,dev_train,,Jim_Carrey_0002,Jim_Carrey_0003,Jim_Carrey,Jim_Carrey,true,0.6056711077690125,0.8880640864372253,True
dev_train_0523,dev_train,,Jim_Edmonds_0001,Jim_Edmonds_0002,Jim_Edmonds,Jim_Edmonds,true,0.6945858001708984,0.78155517578125,True
dev_train_0524,dev_train,,Jim_Furyk_0001,Jim_Furyk_0006,Jim_Furyk,Jim_Furyk,true,0.8311907052993774,0.5810497403144836,True
dev_train_0525,dev_train,,Jim_OBrien_0001,Jim_OBrien_0003,Jim_OBrien,Jim_OBrien,true,0.5000896453857422,0.999910295009613,True
dev_train_0526,dev_train,,Jim_OBrien_0002,Jim_OBrien_0003,Jim_OBrien,Jim_OBrien,true,0.8609611988067627,0.527330756187439,True
dev_train_0527,dev_train,,Jim_Tressel_0001,Jim_Tressel_0002,Jim_Tressel,Jim_Tressel,true,0.654301106929779,0.8315032720565796,True
dev_train_0528,dev_train,,Jim_Tressel_0002,Jim_Tressel_0003,Jim_Tressel,Jim_Tressel,true,0.6774221658706665,0.8032159209251404,True
dev_train_0529,dev_train,,Jiri_Novak_0001,Jiri_Novak_0010,Jiri_Novak,Jiri_Novak,true,0.8124278783798218,0.6124902963638306,True
dev_train_0530,dev_train,,Jiri_Novak_0004,Jiri_Novak_0007,Jiri_Novak,Jiri_Novak,true,0.8613824248313904,0.5265312790870667,True
dev_train_0531,dev_train,,Jiri_Novak_0009,Jiri_Novak_0011,Jiri_Novak,Jiri_Novak,true,0.8164178133010864,0.605941116809845,True
dev_train_0532,dev_train,,Jo_Dee_Messina_0001,Jo_Dee_Messina_0002,Jo_Dee_Messina,Jo_Dee_Messina,true,0.5179840326309204,0.98185133934021,True
dev_train_0533,dev_train,,Joan_Claybrook_0001,Joan_Claybrook_0002,Joan_Claybrook,Joan_Claybrook,true,0.7931744456291199,0.6431571841239929,True
dev_train_0534,dev_train,,Joan_Laporta_0002,Joan_Laporta_0007,Joan_Laporta,Joan_Laporta,true,0.7342893481254578,0.7289865016937256,True
dev_train_0535,dev_train,,Job_Cohen_0001,Job_Cohen_0002,Job_Cohen,Job_Cohen,true,0.8584460020065308,0.5320791006088257,True
dev_train_0536,dev_train,,Joe_Calzaghe_0001,Joe_Calzaghe_0002,Joe_Calzaghe,Joe_Calzaghe,true,0.8844801187515259,0.48066604137420654,True
dev_train_0537,dev_train,,Joe_Dumars_0001,Joe_Dumars_0002,Joe_Dumars,Joe_Dumars,true,0.8074935674667358,0.6204941272735596,True
dev_train_0538,dev_train,,Joe_Gatti_0001,Joe_Gatti_0002,Joe_Gatti,Joe_Gatti,true,0.6068263649940491,0.8867623209953308,True
dev_train_0539,dev_train,,Joe_Torre_0002,Joe_Torre_0003,Joe_Torre,Joe_Torre,true,0.6514319777488708,0.8349467515945435,True
dev_train_0540,dev_train,,Joe_Torre_0002,Joe_Torre_0004,Joe_Torre,Joe_Torre,true,0.6072935461997986,0.8862353563308716,True
dev_train_0541,dev_train,,Joerg_Haider_0001,Joerg_Haider_0002,Joerg_Haider,Joerg_Haider,true,0.8379290103912354,0.5693348050117493,True
dev_train_0542,dev_train,,John_Abizaid_0003,John_Abizaid_0009,John_Abizaid,John_Abizaid,true,0.8218100070953369,0.5969756245613098,True
dev_train_0543,dev_train,,John_Ashcroft_0018,John_Ashcroft_0021,John_Ashcroft,John_Ashcroft,true,0.8279319405555725,0.5866313576698303,True
dev_train_0544,dev_train,,John_Ashcroft_0025,John_Ashcroft_0027,John_Ashcroft,John_Ashcroft,true,0.8062952756881714,0.622422456741333,True
dev_train_0545,dev_train,,John_Ashcroft_0035,John_Ashcroft_0053,John_Ashcroft,John_Ashcroft,true,0.7255578637123108,0.7408672571182251,True
dev_train_0546,dev_train,,John_Cusack_0001,John_Cusack_0002,John_Cusack,John_Cusack,true,0.8199245929718018,0.6001256704330444,True
dev_train_0547,dev_train,,John_F_Kennedy_Jr_0001,John_F_Kennedy_Jr_0002,John_F_Kennedy_Jr,John_F_Kennedy_Jr,true,0.6370319128036499,0.8520188927650452,True
dev_train_0548,dev_train,,John_Kerry_0001,John_Kerry_0002,John_Kerry,John_Kerry,true,0.8162055611610413,0.6062910556793213,True
dev_train_0549,dev_train,,John_Kerry_0005,John_Kerry_0014,John_Kerry,John_Kerry,true,0.7935314178466797,0.6426020860671997,True
dev_train_0550,dev_train,,John_Manley_0002,John_Manley_0007,John_Manley,John_Manley,true,0.8325537443161011,0.5786990523338318,True
dev_train_0551,dev_train,,John_Manley_0003,John_Manley_0004,John_Manley,John_Manley,true,0.7121826410293579,0.7587059736251831,True
dev_train_0552,dev_train,,John_Manley_0004,John_Manley_0005,John_Manley,John_Manley,true,0.4319212734699249,1.0659068822860718,True
dev_train_0553,dev_train,,John_McCain_0003,John_McCain_0004,John_McCain,John_McCain,true,0.7464675903320312,0.7120850086212158,True
dev_train_0554,dev_train,,John_McCain_0005,John_McCain_0006,John_McCain,John_McCain,true,0.7704043984413147,0.6776366829872131,True
dev_train_0555,dev_train,,John_McCormack_0001,John_McCormack_0002,John_McCormack,John_McCormack,true,0.8928008079528809,0.4630318284034729,True
dev_train_0556,dev_train,,John_Paul_II_0003,John_Paul_II_0011,John_Paul_II,John_Paul_II,true,0.7727193236351013,0.6742117404937744,True
dev_train_0557,dev_train,,John_Reid_0001,John_Reid_0002,John_Reid,John_Reid,true,0.8105819225311279,0.6154966354370117,True
dev_train_0558,dev_train,,John_Rigas_0001,John_Rigas_0002,John_Rigas,John_Rigas,true,0.8578606843948364,0.5331778526306152,True
dev_train_0559,dev_train,,John_Rosa_0002,John_Rosa_0003,John_Rosa,John_Rosa,true,0.926984429359436,0.38214027881622314,True
dev_train_0560,dev_train,,John_Ruiz_0001,John_Ruiz_0002,John_Ruiz,John_Ruiz,true,0.7216699123382568,0.7460967898368835,True
dev_train_0561,dev_train,,John_Snow_0002,John_Snow_0004,John_Snow,John_Snow,true,0.603830099105835,0.890134871006012,True
dev_train_0562,dev_train,,John_Snow_0004,John_Snow_0007,John_Snow,John_Snow,true,0.6890711784362793,0.7885795831680298,True
dev_train_0563,dev_train,,John_Snow_0008,John_Snow_0016,John_Snow,John_Snow,true,0.8337417840957642,0.5766424536705017,True
dev_train_0564,dev_train,,John_Snow_0014,John_Snow_0017,John_Snow,John_Snow,true,0.8159151077270508,0.6067700386047363,True
dev_train_0565,dev_train,,John_Swofford_0001,John_Swofford_0003,John_Swofford,John_Swofford,true,0.8825901746749878,0.48458191752433777,True
dev_train_0566,dev_train,,John_Taylor_0001,John_Taylor_0002,John_Taylor,John_Taylor,true,0.7984445095062256,0.6349102854728699,True
dev_train_0567,dev_train,,John_Warner_0001,John_Warner_0002,John_Warner,John_Warner,true,0.6919035315513611,0.7849797010421753,True
dev_train_0568,dev_train,,John_Warner_0001,John_Warner_0004,John_Warner,John_Warner,true,0.7383237481117249,0.7234312295913696,True
dev_train_0569,dev_train,,John_Warner_0002,John_Warner_0003,John_Warner,John_Warner,true,0.800987958908081,0.6308915019035339,True
dev_train_0570,dev_train,,Johnny_Tapia_0001,Johnny_Tapia_0003,Johnny_Tapia,Johnny_Tapia,true,0.7989016771316528,0.6341899633407593,True
dev_train_0571,dev_train,,Johnny_Tapia_0002,Johnny_Tapia_0003,Johnny_Tapia,Johnny_Tapia,true,0.8461930751800537,0.5546296238899231,True
dev_train_0572,dev_train,,Jon_Gruden_0002,Jon_Gruden_0007,Jon_Gruden,Jon_Gruden,true,0.8128311038017273,0.6118317246437073,True
dev_train_0573,dev_train,,Jonathan_Edwards_0002,Jonathan_Edwards_0004,Jonathan_Edwards,Jonathan_Edwards,true,0.539759635925293,0.9594170451164246,True
dev_train_0574,dev_train,,Jonathan_Mostow_0001,Jonathan_Mostow_0002,Jonathan_Mostow,Jonathan_Mostow,true,0.8251469731330872,0.591359555721283,True
dev_train_0575,dev_train,,Jong_Wook_Lee_0001,Jong_Wook_Lee_0003,Jong_Wook_Lee,Jong_Wook_Lee,true,0.8405553698539734,0.5647028684616089,True
dev_train_0576,dev_train,,Jorge_Batlle_0001,Jorge_Batlle_0003,Jorge_Batlle,Jorge_Batlle,true,0.8076561093330383,0.6202320456504822,True
dev_train_0577,dev_train,,Jorge_Batlle_0002,Jorge_Batlle_0003,Jorge_Batlle,Jorge_Batlle,true,0.8246676921844482,0.5921695828437805,True
dev_train_0578,dev_train,,Joschka_Fischer_0014,Joschka_Fischer_0015,Joschka_Fischer,Joschka_Fischer,true,0.8867276906967163,0.4759669005870819,True
dev_train_0579,dev_train,,Jose_Canseco_0001,Jose_Canseco_0002,Jose_Canseco,Jose_Canseco,true,0.6889921426773071,0.7886797189712524,True
dev_train_0580,dev_train,,Jose_Manuel_Durao_Barroso_0001,Jose_Manuel_Durao_Barroso_0006,Jose_Manuel_Durao_Barroso,Jose_Manuel_Durao_Barroso,true,0.6489516496658325,0.8379122018814087,True
dev_train_0581,dev_train,,Jose_Manuel_Durao_Barroso_0002,Jose_Manuel_Durao_Barroso_0005,Jose_Manuel_Durao_Barroso,Jose_Manuel_Durao_Barroso,true,0.8784969449043274,0.4929564297199249,True
dev_train_0582,dev_train,,Jose_Manuel_Durao_Barroso_0003,Jose_Manuel_Durao_Barroso_0005,Jose_Manuel_Durao_Barroso,Jose_Manuel_Durao_Barroso,true,0.8317265510559082,0.5801264643669128,True
dev_train_0583,dev_train,,Jose_Maria_Aznar_0004,Jose_Maria_Aznar_0022,Jose_Maria_Aznar,Jose_Maria_Aznar,true,0.8277378678321838,0.586962103843689,True
dev_train_0584,dev_train,,Jose_Maria_Aznar_0014,Jose_Maria_Aznar_0020,Jose_Maria_Aznar,Jose_Maria_Aznar,true,0.8317828178405762,0.5800294876098633,True
dev_train_0585,dev_train,,Jose_Mourinho_0001,Jose_Mourinho_0002,Jose_Mourinho,Jose_Mourinho,true,0.8105303049087524,0.6155805587768555,True
dev_train_0586,dev_train,,Jose_Sarney_0001,Jose_Sarney_0002,Jose_Sarney,Jose_Sarney,true,0.6772347688674927,0.8034491539001465,True
dev_train_0587,dev_train,,Jose_Serra_0001,Jose_Serra_0009,Jose_Serra,Jose_Serra,true,0.8374934792518616,0.5700991749763489,True
dev_train_0588,dev_train,,Jose_Viegas_Filho_0001,Jose_Viegas_Filho_0002,Jose_Viegas_Filho,Jose_Viegas_Filho,true,0.8149328231811523,0.6083868145942688,True
dev_train_0589,dev_train,,Joseph_Biden_0001,Joseph_Biden_0003,Joseph_Biden,Joseph_Biden,true,0.7231912016868591,0.7440549731254578,True
dev_train_0590,dev_train,,Joseph_Biden_0002,Joseph_Biden_0003,Joseph_Biden,Joseph_Biden,true,0.35247960686683655,1.1379987001419067,True
dev_train_0591,dev_train,,Joseph_Blatter_0001,Joseph_Blatter_0002,Joseph_Blatter,Joseph_Blatter,true,0.7815821170806885,0.6609355807304382,True
dev_train_0592,dev_train,,Joseph_Estrada_0002,Joseph_Estrada_0004,Joseph_Estrada,Joseph_Estrada,true,0.8738634586334229,0.5022679567337036,True
dev_train_0593,dev_train,,Juan_Carlos_Ferrero_0002,Juan_Carlos_Ferrero_0009,Juan_Carlos_Ferrero,Juan_Carlos_Ferrero,true,0.8102167248725891,0.6160898208618164,True
dev_train_0594,dev_train,,Juan_Carlos_Ferrero_0007,Juan_Carlos_Ferrero_0018,Juan_Carlos_Ferrero,Juan_Carlos_Ferrero,true,0.8122764229774475,0.6127374768257141,True
dev_train_0595,dev_train,,Juan_Ignacio_Chela_0001,Juan_Ignacio_Chela_0003,Juan_Ignacio_Chela,Juan_Ignacio_Chela,true,0.7887386679649353,0.6500176191329956,True
dev_train_0596,dev_train,,Juan_Pablo_Montoya_0003,Juan_Pablo_Montoya_0005,Juan_Pablo_Montoya,Juan_Pablo_Montoya,true,0.6623324155807495,0.82178795337677,True
dev_train_0597,dev_train,,Juan_Valencia_Osorio_0001,Juan_Valencia_Osorio_0002,Juan_Valencia_Osorio,Juan_Valencia_Osorio,true,0.6629889607429504,0.8209885358810425,True
dev_train_0598,dev_train,,Juanes_0001,Juanes_0002,Juanes,Juanes,true,0.8832641839981079,0.48318901658058167,True
dev_train_0599,dev_train,,Juanes_0001,Juanes_0003,Juanes,Juanes,true,0.7865160703659058,0.65342777967453,True
dev_train_0600,dev_train,,Juanes_0002,Juanes_0003,Juanes,Juanes,true,0.7833446264266968,0.6582635045051575,True
dev_train_0601,dev_train,,Judy_Genshaft_0001,Judy_Genshaft_0002,Judy_Genshaft,Judy_Genshaft,true,0.859675407409668,0.5297633409500122,True
dev_train_0602,dev_train,,Juergen_Peters_0001,Juergen_Peters_0002,Juergen_Peters,Juergen_Peters,true,0.8664255142211914,0.5168647766113281,True
dev_train_0603,dev_train,,Julia_Tymoshenko_0001,Julia_Tymoshenko_0002,Julia_Tymoshenko,Julia_Tymoshenko,true,0.4947030246257782,1.0052831172943115,True
dev_train_0604,dev_train,,Julia_Tymoshenko_0001,Julia_Tymoshenko_0003,Julia_Tymoshenko,Julia_Tymoshenko,true,0.3906871974468231,1.1039139032363892,True
dev_train_0605,dev_train,,Julianne_Moore_0006,Julianne_Moore_0012,Julianne_Moore,Julianne_Moore,true,0.11253444850444794,1.3322654962539673,True
dev_train_0606,dev_train,,Julianne_Moore_0009,Julianne_Moore_0012,Julianne_Moore,Julianne_Moore,true,0.7467103004455566,0.7117440700531006,True
dev_train_0607,dev_train,,Julie_Taymor_0001,Julie_Taymor_0002,Julie_Taymor,Julie_Taymor,true,0.8620417714118958,0.5252774953842163,True
dev_train_0608,dev_train,,Justin_Guarini_0001,Justin_Guarini_0003,Justin_Guarini,Justin_Guarini,true,0.6203436851501465,0.8713854551315308,True
dev_train_0609,dev_train,,Justin_Guarini_0002,Justin_Guarini_0003,Justin_Guarini,Justin_Guarini,true,0.8521968126296997,0.5436971187591553,True
dev_train_0610,dev_train,,Kate_Capshaw_0001,Kate_Capshaw_0002,Kate_Capshaw,Kate_Capshaw,true,-0.1471266746520996,1.5146793127059937,True
dev_train_0611,dev_train,,Kate_Hudson_0002,Kate_Hudson_0004,Kate_Hudson,Kate_Hudson,true,0.5504832863807678,0.9481738805770874,True
dev_train_0612,dev_train,,Kate_Winslet_0001,Kate_Winslet_0004,Kate_Winslet,Kate_Winslet,true,0.6708768010139465,0.8113240003585815,True
dev_train_0613,dev_train,,Kate_Winslet_0002,Kate_Winslet_0004,Kate_Winslet,Kate_Winslet,true,0.7593650817871094,0.6937361359596252,True
dev_train_0614,dev_train,,Katherine_Harris_0002,Katherine_Harris_0003,Katherine_Harris,Katherine_Harris,true,0.7663167715072632,0.6836421489715576,True
dev_train_0615,dev_train,,Kathleen_Glynn_0001,Kathleen_Glynn_0002,Kathleen_Glynn,Kathleen_Glynn,true,0.7983930110931396,0.6349913477897644,True
dev_train_0616,dev_train,,Kathryn_Bigelow_0001,Kathryn_Bigelow_0002,Kathryn_Bigelow,Kathryn_Bigelow,true,0.682237446308136,0.7971983551979065,True
dev_train_0617,dev_train,,Katie_Harman_0002,Katie_Harman_0003,Katie_Harman,Katie_Harman,true,0.003271648194640875,1.4118982553482056,True
dev_train_0618,dev_train,,Keanu_Reeves_0002,Keanu_Reeves_0005,Keanu_Reeves,Keanu_Reeves,true,-0.1849888563156128,1.5394731760025024,True
dev_train_0619,dev_train,,Keanu_Reeves_0002,Keanu_Reeves_0012,Keanu_Reeves,Keanu_Reeves,true,0.7380203008651733,0.7238505482673645,True
dev_train_0620,dev_train,,Keanu_Reeves_0004,Keanu_Reeves_0006,Keanu_Reeves,Keanu_Reeves,true,0.477051705121994,1.0226908922195435,True
dev_train_0621,dev_train,,Kelli_White_0001,Kelli_White_0002,Kelli_White,Kelli_White,true,0.9050139784812927,0.43585819005966187,True
dev_train_0622,dev_train,,Kelly_Clarkson_0001,Kelly_Clarkson_0003,Kelly_Clarkson,Kelly_Clarkson,true,0.7611322402954102,0.6911842226982117,True
dev_train_0623,dev_train,,Kemal_Dervis_0001,Kemal_Dervis_0002,Kemal_Dervis,Kemal_Dervis,true,0.935025155544281,0.3604854643344879,True
dev_train_0624,dev_train,,Ken_Watanabe_0001,Ken_Watanabe_0002,Ken_Watanabe,Ken_Watanabe,true,0.7606695294380188,0.6918532848358154,True
dev_train_0625,dev_train,,Kent_Rominger_0001,Kent_Rominger_0002,Kent_Rominger,Kent_Rominger,true,0.8426346182823181,0.5610086917877197,True
dev_train_0626,dev_train,,Kevin_Spacey_0001,Kevin_Spacey_0005,Kevin_Spacey,Kevin_Spacey,true,0.8319292068481445,0.5797773599624634,True
dev_train_0627,dev_train,,Kevin_Spacey_0002,Kevin_Spacey_0004,Kevin_Spacey,Kevin_Spacey,true,0.8373188376426697,0.5704054832458496,True
dev_train_0628,dev_train,,Kevin_Stallings_0001,Kevin_Stallings_0002,Kevin_Stallings,Kevin_Stallings,true,0.7344308495521545,0.7287922501564026,True
dev_train_0629,dev_train,,Kim_Clijsters_0004,Kim_Clijsters_0009,Kim_Clijsters,Kim_Clijsters,true,0.7039558291435242,0.7694728374481201,True
dev_train_0630,dev_train,,Kim_Ryong-sung_0003,Kim_Ryong-sung_0010,Kim_Ryong-sung,Kim_Ryong-sung,true,0.8774042725563049,0.4951683282852173,True
dev_train_0631,dev_train,,Kim_Ryong-sung_0004,Kim_Ryong-sung_0006,Kim_Ryong-sung,Kim_Ryong-sung,true,0.7805153131484985,0.6625476479530334,True
dev_train_0632,dev_train,,Kim_Ryong-sung_0004,Kim_Ryong-sung_0009,Kim_Ryong-sung,Kim_Ryong-sung,true,0.8448352813720703,0.5570722818374634,True
dev_train_0633,dev_train,,Kimi_Raikkonen_0001,Kimi_Raikkonen_0003,Kimi_Raikkonen,Kimi_Raikkonen,true,-0.2307133972644806,1.568893551826477,True
dev_train_0634,dev_train,,Kimi_Raikkonen_0002,Kimi_Raikkonen_0003,Kimi_Raikkonen,Kimi_Raikkonen,true,0.5534249544143677,0.9450663328170776,True
dev_train_0635,dev_train,,Kobe_Bryant_0001,Kobe_Bryant_0003,Kobe_Bryant,Kobe_Bryant,true,0.6780673265457153,0.8024122714996338,True
dev_train_0636,dev_train,,Kobe_Bryant_0002,Kobe_Bryant_0003,Kobe_Bryant,Kobe_Bryant,true,0.6934424638748169,0.7830168604850769,True
dev_train_0637,dev_train,,Kurt_Busch_0001,Kurt_Busch_0002,Kurt_Busch,Kurt_Busch,true,0.6268693208694458,0.8638643622398376,True
dev_train_0638,dev_train,,Kurt_Russell_0001,Kurt_Russell_0002,Kurt_Russell,Kurt_Russell,true,0.818461000919342,0.6025596857070923,True
dev_train_0639,dev_train,,Laila_Ali_0001,Laila_Ali_0002,Laila_Ali,Laila_Ali,true,0.6776629686355591,0.8029161691665649,True
dev_train_0640,dev_train,,Larry_Brown_0001,Larry_Brown_0002,Larry_Brown,Larry_Brown,true,0.745502233505249,0.7134392261505127,True
dev_train_0641,dev_train,,Larry_Brown_0003,Larry_Brown_0007,Larry_Brown,Larry_Brown,true,0.775370717048645,0.6702677011489868,True
dev_train_0642,dev_train,,Larry_Johnson_0001,Larry_Johnson_0002,Larry_Johnson,Larry_Johnson,true,0.8544773459434509,0.5394861698150635,True
dev_train_0643,dev_train,,Larry_Lucchino_0001,Larry_Lucchino_0002,Larry_Lucchino,Larry_Lucchino,true,0.8121902942657471,0.6128780245780945,True
dev_train_0644,dev_train,,Lars_Von_Trier_0001,Lars_Von_Trier_0003,Lars_Von_Trier,Lars_Von_Trier,true,0.8329434394836426,0.5780254006385803,True
dev_train_0645,dev_train,,Laura_Bush_0004,Laura_Bush_0032,Laura_Bush,Laura_Bush,true,0.11571915447711945,1.3298728466033936,True
dev_train_0646,dev_train,,Laura_Bush_0011,Laura_Bush_0040,Laura_Bush,Laura_Bush,true,0.20558027923107147,1.2604917287826538,True
dev_train_0647,dev_train,,Laura_Bush_0013,Laura_Bush_0016,Laura_Bush,Laura_Bush,true,0.8567914962768555,0.5351795554161072,True
dev_train_0648,dev_train,,Lauren_Hutton_0001,Lauren_Hutton_0002,Lauren_Hutton,Lauren_Hutton,true,0.7722542881965637,0.6749011874198914,True
dev_train_0649,dev_train,,LeAnn_Rimes_0001,LeAnn_Rimes_0002,LeAnn_Rimes,LeAnn_Rimes,true,0.8569570779800415,0.5348700881004333,True
dev_train_0650,dev_train,,Leander_Paes_0001,Leander_Paes_0002,Leander_Paes,Leander_Paes,true,0.851063072681427,0.5457783937454224,True
dev_train_0651,dev_train,,Lech_Walesa_0001,Lech_Walesa_0002,Lech_Walesa,Lech_Walesa,true,0.7661540508270264,0.6838802099227905,True
dev_train_0652,dev_train,,Lee_Hoi-chang_0001,Lee_Hoi-chang_0003,Lee_Hoi-chang,Lee_Hoi-chang,true,0.8999094367027283,0.44741612672805786,True
dev_train_0653,dev_train,,Lee_Jun_0001,Lee_Jun_0002,Lee_Jun,Lee_Jun,true,0.8044325113296509,0.6254079937934875,True
dev_train_0654,dev_train,,Lee_Soo-hyuck_0001,Lee_Soo-hyuck_0002,Lee_Soo-hyuck,Lee_Soo-hyuck,true,0.32964643836021423,1.1578891277313232,True
dev_train_0655,dev_train,,Lee_Soo-hyuck_0001,Lee_Soo-hyuck_0003,Lee_Soo-hyuck,Lee_Soo-hyuck,true,0.8127242922782898,0.6120059490203857,True
dev_train_0656,dev_train,,Lee_Tae-sik_0001,Lee_Tae-sik_0002,Lee_Tae-sik,Lee_Tae-sik,true,0.8465414047241211,0.5540011525154114,True
dev_train_0657,dev_train,,Lennox_Lewis_0002,Lennox_Lewis_0003,Lennox_Lewis,Lennox_Lewis,true,0.8951574563980103,0.4579140543937683,True
dev_train_0658,dev_train,,Lenny_Wilkens_0002,Lenny_Wilkens_0003,Lenny_Wilkens,Lenny_Wilkens,true,0.7343147397041321,0.7289517521858215,True
dev_train_0659,dev_train,,Leonard_Hamilton_0001,Leonard_Hamilton_0002,Leonard_Hamilton,Leonard_Hamilton,true,0.8400274515151978,0.5656368732452393,True
dev_train_0660,dev_train,,Lesley_McCulloch_0001,Lesley_McCulloch_0002,Lesley_McCulloch,Lesley_McCulloch,true,0.6374155879020691,0.8515686392784119,True
dev_train_0661,dev_train,,Li_Peng_0001,Li_Peng_0007,Li_Peng,Li_Peng,true,0.9247775077819824,0.3878726363182068,True
dev_train_0662,dev_train,,Li_Zhaoxing_0001,Li_Zhaoxing_0003,Li_Zhaoxing,Li_Zhaoxing,true,0.7084919214248657,0.7635550498962402,True
dev_train_0663,dev_train,,Li_Zhaoxing_0001,Li_Zhaoxing_0005,Li_Zhaoxing,Li_Zhaoxing,true,0.8421812653541565,0.5618162751197815,True
dev_train_0664,dev_train,,Li_Zhaoxing_0002,Li_Zhaoxing_0008,Li_Zhaoxing,Li_Zhaoxing,true,0.9109394550323486,0.4220440983772278,True
dev_train_0665,dev_train,,Lim_Dong-won_0001,Lim_Dong-won_0002,Lim_Dong-won,Lim_Dong-won,true,0.8811773657798767,0.48748892545700073,True
dev_train_0666,dev_train,,Lionel_Richie_0001,Lionel_Richie_0002,Lionel_Richie,Lionel_Richie,true,0.7954844236373901,0.6395556926727295,True
dev_train_0667,dev_train,,Lisa_Gottsegen_0001,Lisa_Gottsegen_0002,Lisa_Gottsegen,Lisa_Gottsegen,true,0.7939565181732178,0.6419400572776794,True
dev_train_0668,dev_train,,Lisa_Ling_0001,Lisa_Ling_0002,Lisa_Ling,Lisa_Ling,true,0.7311356663703918,0.7332998514175415,True
dev_train_0669,dev_train,,Liu_Mingkang_0001,Liu_Mingkang_0002,Liu_Mingkang,Liu_Mingkang,true,0.88797527551651,0.4733385443687439,True
dev_train_0670,dev_train,,Lleyton_Hewitt_0010,Lleyton_Hewitt_0012,Lleyton_Hewitt,Lleyton_Hewitt,true,0.7640630602836609,0.6869308352470398,True
dev_train_0671,dev_train,,Lon_Kruger_0001,Lon_Kruger_0002,Lon_Kruger,Lon_Kruger,true,0.8121744394302368,0.6129039525985718,True
dev_train_0672,dev_train,,Lou_Piniella_0001,Lou_Piniella_0003,Lou_Piniella,Lou_Piniella,true,0.7552211284637451,0.6996841430664062,True
dev_train_0673,dev_train,,Ludivine_Sagnier_0001,Ludivine_Sagnier_0004,Ludivine_Sagnier,Ludivine_Sagnier,true,0.04428768903017044,1.3825428485870361,True
dev_train_0674,dev_train,,Luiz_Inacio_Lula_da_Silva_0012,Luiz_Inacio_Lula_da_Silva_0033,Luiz_Inacio_Lula_da_Silva,Luiz_Inacio_Lula_da_Silva,true,0.7999380826950073,0.6325536370277405,True
dev_train_0675,dev_train,,Luiz_Inacio_Lula_da_Silva_0017,Luiz_Inacio_Lula_da_Silva_0042,Luiz_Inacio_Lula_da_Silva,Luiz_Inacio_Lula_da_Silva,true,0.8307119607925415,0.5818729996681213,True
dev_train_0676,dev_train,,Luiz_Inacio_Lula_da_Silva_0025,Luiz_Inacio_Lula_da_Silva_0033,Luiz_Inacio_Lula_da_Silva,Luiz_Inacio_Lula_da_Silva,true,0.7981405854225159,0.6353887915611267,True
dev_train_0677,dev_train,,Luke_Walton_0001,Luke_Walton_0002,Luke_Walton,Luke_Walton,true,0.8027733564376831,0.6280551552772522,True
dev_train_0678,dev_train,,Lynne_Cheney_0001,Lynne_Cheney_0003,Lynne_Cheney,Lynne_Cheney,true,0.5943477153778076,0.9007245898246765,True
dev_train_0679,dev_train,,Lynne_Cheney_0002,Lynne_Cheney_0003,Lynne_Cheney,Lynne_Cheney,true,0.7444583177566528,0.7149009704589844,True
dev_train_0680,dev_train,,Madonna_0002,Madonna_0005,Madonna,Madonna,true,0.6166950464248657,0.8755626678466797,True
dev_train_0681,dev_train,,Magdalena_Maleeva_0001,Magdalena_Maleeva_0002,Magdalena_Maleeva,Magdalena_Maleeva,true,0.8072555661201477,0.6208776235580444,True
dev_train_0682,dev_train,,Mahathir_Mohamad_0009,Mahathir_Mohamad_0010,Mahathir_Mohamad,Mahathir_Mohamad,true,0.8161775469779968,0.6063374876976013,True
dev_train_0683,dev_train,,Mahathir_Mohamad_0011,Mahathir_Mohamad_0012,Mahathir_Mohamad,Mahathir_Mohamad,true,0.8493515849113464,0.5489051342010498,True
dev_train_0684,dev_train,,Manuel_Poggiali_0001,Manuel_Poggiali_0002,Manuel_Poggiali,Manuel_Poggiali,true,0.6087297797203064,0.8846132159233093,True
dev_train_0685,dev_train,,Marc-Andre_Fleury_0001,Marc-Andre_Fleury_0002,Marc-Andre_Fleury,Marc-Andre_Fleury,true,0.9456359148025513,0.3297397196292877,True
dev_train_0686,dev_train,,Marc_Grossman_0001,Marc_Grossman_0002,Marc_Grossman,Marc_Grossman,true,0.7871112823486328,0.6525164246559143,True
dev_train_0687,dev_train,,Marc_Grossman_0001,Marc_Grossman_0003,Marc_Grossman,Marc_Grossman,true,0.06965474784374237,1.3640713691711426,True
dev_train_0688,dev_train,,Marcelo_Ebrard_0001,Marcelo_Ebrard_0002,Marcelo_Ebrard,Marcelo_Ebrard,true,0.8198332190513611,0.6002779006958008,True
dev_train_0689,dev_train,,Marco_Antonio_Barrera_0003,Marco_Antonio_Barrera_0006,Marco_Antonio_Barrera,Marco_Antonio_Barrera,true,0.8615187406539917,0.5262722969055176,True
dev_train_0690,dev_train,,Marcus_Gronholm_0001,Marcus_Gronholm_0002,Marcus_Gronholm,Marcus_Gronholm,true,0.6037169098854065,0.8902619481086731,True
dev_train_0691,dev_train,,Margaret_Thatcher_0001,Margaret_Thatcher_0002,Margaret_Thatcher,Margaret_Thatcher,true,0.7757319808006287,0.6697284579277039,True
dev_train_0692,dev_train,,Maria_Luisa_Mendonca_0001,Maria_Luisa_Mendonca_0002,Maria_Luisa_Mendonca,Maria_Luisa_Mendonca,true,0.8673089742660522,0.5151525735855103,True
dev_train_0693,dev_train,,Maria_Soledad_Alvear_Valenzuela_0001,Maria_Soledad_Alvear_Valenzuela_0005,Maria_Soledad_Alvear_Valenzuela,Maria_Soledad_Alvear_Valenzuela,true,0.6692133545875549,0.8133716583251953,True
dev_train_0694,dev_train,,Maria_Soledad_Alvear_Valenzuela_0002,Maria_Soledad_Alvear_Valenzuela_0003,Maria_Soledad_Alvear_Valenzuela,Maria_Soledad_Alvear_Valenzuela,true,0.7802399396896362,0.662963330745697,True
dev_train_0695,dev_train,,Mariana_Pollack_0001,Mariana_Pollack_0002,Mariana_Pollack,Mariana_Pollack,true,0.9453674554824829,0.3305529057979584,True
dev_train_0696,dev_train,,Marie-Reine_Le_Gougne_0001,Marie-Reine_Le_Gougne_0002,Marie-Reine_Le_Gougne,Marie-Reine_Le_Gougne,true,0.6917234063148499,0.7852090001106262,True
dev_train_0697,dev_train,,Marilyn_Monroe_0001,Marilyn_Monroe_0002,Marilyn_Monroe,Marilyn_Monroe,true,0.5340015888214111,0.9653998017311096,True
dev_train_0698,dev_train,,Marina_Anissina_0001,Marina_Anissina_0002,Marina_Anissina,Marina_Anissina,true,-0.04746340960264206,1.4473862648010254,True
dev_train_0699,dev_train,,Mark_Geragos_0001,Mark_Geragos_0002,Mark_Geragos,Mark_Geragos,true,0.6797946691513062,0.8002567887306213,True
dev_train_0700,dev_train,,Mark_Gottfried_0001,Mark_Gottfried_0002,Mark_Gottfried,Mark_Gottfried,true,0.8237751126289368,0.5936747789382935,True
dev_train_0701,dev_train,,Mark_Hamister_0001,Mark_Hamister_0002,Mark_Hamister,Mark_Hamister,true,0.8531709909439087,0.5419023036956787,True
dev_train_0702,dev_train,,Mark_Hurlbert_0002,Mark_Hurlbert_0005,Mark_Hurlbert,Mark_Hurlbert,true,0.8732602596282959,0.5034675598144531,True
dev_train_0703,dev_train,,Mark_Schweiker_0001,Mark_Schweiker_0002,Mark_Schweiker,Mark_Schweiker,true,0.7742227911949158,0.6719779372215271,True
dev_train_0704,dev_train,,Mark_Warner_0001,Mark_Warner_0002,Mark_Warner,Mark_Warner,true,-0.24065542221069336,1.575217843055725,True
dev_train_0705,dev_train,,Martha_Beatriz_Roque_0001,Martha_Beatriz_Roque_0002,Martha_Beatriz_Roque,Martha_Beatriz_Roque,true,0.8202881813049316,0.5995195508003235,True
dev_train_0706,dev_train,,Martha_Bowen_0001,Martha_Bowen_0002,Martha_Bowen,Martha_Bowen,true,0.42687514424324036,1.0706305503845215,True
dev_train_0707,dev_train,,Martha_Lucia_Ramirez_0002,Martha_Lucia_Ramirez_0003,Martha_Lucia_Ramirez,Martha_Lucia_Ramirez,true,0.7333706021308899,0.7302457690238953,True
dev_train_0708,dev_train,,Martin_Brodeur_0001,Martin_Brodeur_0002,Martin_Brodeur,Martin_Brodeur,true,0.7065449953079224,0.7661005258560181,True
dev_train_0709,dev_train,,Martin_Hoellwarth_0001,Martin_Hoellwarth_0002,Martin_Hoellwarth,Martin_Hoellwarth,true,0.6024611592292786,0.8916712999343872,True
dev_train_0710,dev_train,,Martin_McCauley_0001,Martin_McCauley_0002,Martin_McCauley,Martin_McCauley,true,0.8554583191871643,0.5376648902893066,True
dev_train_0711,dev_train,,Martin_Scorsese_0002,Martin_Scorsese_0006,Martin_Scorsese,Martin_Scorsese,true,0.9222433567047119,0.3943517804145813,True
dev_train_0712,dev_train,,Martin_Scorsese_0003,Martin_Scorsese_0006,Martin_Scorsese,Martin_Scorsese,true,0.892910897731781,0.4627939462661743,True
dev_train_0713,dev_train,,Martin_Scorsese_0004,Martin_Scorsese_0005,Martin_Scorsese,Martin_Scorsese,true,0.8896054029464722,0.4698820412158966,True
dev_train_0714,dev_train,,Martina_Hingis_0001,Martina_Hingis_0003,Martina_Hingis,Martina_Hingis,true,0.597036600112915,0.8977344036102295,True
dev_train_0715,dev_train,,Martina_McBride_0002,Martina_McBride_0004,Martina_McBride,Martina_McBride,true,0.5275577902793884,0.972051739692688,True
dev_train_0716,dev_train,,Martina_McBride_0003,Martina_McBride_0004,Martina_McBride,Martina_McBride,true,0.7992600202560425,0.6336246132850647,True
dev_train_0717,dev_train,,Marty_Mornhinweg_0002,Marty_Mornhinweg_0003,Marty_Mornhinweg,Marty_Mornhinweg,true,0.7532057762145996,0.7025586366653442,True
dev_train_0718,dev_train,,Mary-Kate_Olsen_0001,Mary-Kate_Olsen_0002,Mary-Kate_Olsen,Mary-Kate_Olsen,true,0.824693500995636,0.5921259522438049,True
dev_train_0719,dev_train,,Mary_Steenburgen_0002,Mary_Steenburgen_0003,Mary_Steenburgen,Mary_Steenburgen,true,0.7386384010314941,0.7229960560798645,True
dev_train_0720,dev_train,,Masahiko_Nagasawa_0001,Masahiko_Nagasawa_0002,Masahiko_Nagasawa,Masahiko_Nagasawa,true,0.84039306640625,0.5649902820587158,True
dev_train_0721,dev_train,,Mathias_Reichhold_0001,Mathias_Reichhold_0003,Mathias_Reichhold,Mathias_Reichhold,true,0.7436314225196838,0.7160568237304688,True
dev_train_0722,dev_train,,Matt_Damon_0001,Matt_Damon_0004,Matt_Damon,Matt_Damon,true,0.8673263788223267,0.5151188373565674,True
dev_train_0723,dev_train,,Matt_Damon_0002,Matt_Damon_0004,Matt_Damon,Matt_Damon,true,0.827595591545105,0.5872043371200562,True
dev_train_0724,dev_train,,Matt_Damon_0003,Matt_Damon_0004,Matt_Damon,Matt_Damon,true,0.8481613993644714,0.5510691404342651,True
dev_train_0725,dev_train,,Matthew_Perry_0003,Matthew_Perry_0005,Matthew_Perry,Matthew_Perry,true,0.5283663868904114,0.971219539642334,True
dev_train_0726,dev_train,,Matthew_Perry_0003,Matthew_Perry_0006,Matthew_Perry,Matthew_Perry,true,0.7588770389556885,0.6944394111633301,True
dev_train_0727,dev_train,,Matthew_Perry_0006,Matthew_Perry_0007,Matthew_Perry,Matthew_Perry,true,0.6886669397354126,0.7890921235084534,True
dev_train_0728,dev_train,,Maureen_Fanning_0001,Maureen_Fanning_0002,Maureen_Fanning,Maureen_Fanning,true,0.7726330757141113,0.6743395924568176,True
dev_train_0729,dev_train,,Mel_Brooks_0001,Mel_Brooks_0002,Mel_Brooks,Mel_Brooks,true,0.6248554587364197,0.8661924004554749,True
dev_train_0730,dev_train,,Mel_Gibson_0001,Mel_Gibson_0002,Mel_Gibson,Mel_Gibson,true,0.7018481492996216,0.7722070813179016,True
dev_train_0731,dev_train,,Mesut_Yilmaz_0001,Mesut_Yilmaz_0002,Mesut_Yilmaz,Mesut_Yilmaz,true,0.6875228881835938,0.7905405759811401,True
dev_train_0732,dev_train,,Mian_Khursheed_Mehmood_Kasuri_0002,Mian_Khursheed_Mehmood_Kasuri_0003,Mian_Khursheed_Mehmood_Kasuri,Mian_Khursheed_Mehmood_Kasuri,true,0.8738256096839905,0.5023433566093445,True
dev_train_0733,dev_train,,Michael_Ballack_0001,Michael_Ballack_0003,Michael_Ballack,Michael_Ballack,true,0.7328038811683655,0.7310214638710022,True
dev_train_0734,dev_train,,Michael_Ballack_0002,Michael_Ballack_0003,Michael_Ballack,Michael_Ballack,true,0.8164370656013489,0.6059092283248901,True
dev_train_0735,dev_train,,Michael_Bloomberg_0001,Michael_Bloomberg_0016,Michael_Bloomberg,Michael_Bloomberg,true,0.7809180021286011,0.6619396805763245,True
dev_train_0736,dev_train,,Michael_Caine_0001,Michael_Caine_0004,Michael_Caine,Michael_Caine,true,0.8894805908203125,0.4701476991176605,True
dev_train_0737,dev_train,,Michael_Caine_0002,Michael_Caine_0004,Michael_Caine,Michael_Caine,true,0.6387553811073303,0.8499936461448669,True
dev_train_0738,dev_train,,Michael_Chiklis_0002,Michael_Chiklis_0004,Michael_Chiklis,Michael_Chiklis,true,0.8289180994033813,0.5849477052688599,True
dev_train_0739,dev_train,,Michael_Douglas_0003,Michael_Douglas_0005,Michael_Douglas,Michael_Douglas,true,0.7437825202941895,0.7158457636833191,True
dev_train_0740,dev_train,,Michael_Jordan_0001,Michael_Jordan_0003,Michael_Jordan,Michael_Jordan,true,0.705203115940094,0.7678501605987549,True
dev_train_0741,dev_train,,Michael_Jordan_0001,Michael_Jordan_0004,Michael_Jordan,Michael_Jordan,true,0.7175837159156799,0.7515535354614258,True
dev_train_0742,dev_train,,Michael_Kostelnik_0001,Michael_Kostelnik_0002,Michael_Kostelnik,Michael_Kostelnik,true,0.7719260454177856,0.6753873229026794,True
dev_train_0743,dev_train,,Michael_Moore_0001,Michael_Moore_0003,Michael_Moore,Michael_Moore,true,0.8602398037910461,0.52869713306427,True
dev_train_0744,dev_train,,Michael_Patrick_King_0001,Michael_Patrick_King_0002,Michael_Patrick_King,Michael_Patrick_King,true,0.7215299010276794,0.7462843656539917,True
dev_train_0745,dev_train,,Michael_Powell_0002,Michael_Powell_0004,Michael_Powell,Michael_Powell,true,0.9005608558654785,0.4459579288959503,True
dev_train_0746,dev_train,,Michael_Winterbottom_0001,Michael_Winterbottom_0003,Michael_Winterbottom,Michael_Winterbottom,true,0.8386427760124207,0.5680797100067139,True
dev_train_0747,dev_train,,Michael_Winterbottom_0002,Michael_Winterbottom_0003,Michael_Winterbottom,Michael_Winterbottom,true,0.8900471329689026,0.468941330909729,True
dev_train_0748,dev_train,,Mick_Jagger_0002,Mick_Jagger_0004,Mick_Jagger,Mick_Jagger,true,0.6262324452400208,0.864601194858551,True
dev_train_0749,dev_train,,Miguel_Estrada_0001,Miguel_Estrada_0002,Miguel_Estrada,Miguel_Estrada,true,0.6829892992973328,0.7962546944618225,True
dev_train_0750,dev_train,,Mike_Babcock_0001,Mike_Babcock_0002,Mike_Babcock,Mike_Babcock,true,0.8618471622467041,0.5256479978561401,True
dev_train_0751,dev_train,,Mike_Krzyzewski_0002,Mike_Krzyzewski_0004,Mike_Krzyzewski,Mike_Krzyzewski,true,0.817575216293335,0.6040278673171997,True
dev_train_0752,dev_train,,Mike_Martz_0003,Mike_Martz_0005,Mike_Martz,Mike_Martz,true,0.8607884049415588,0.527658224105835,True
dev_train_0753,dev_train,,Mike_Martz_0004,Mike_Martz_0005,Mike_Martz,Mike_Martz,true,0.8416392207145691,0.5627802610397339,True
dev_train_0754,dev_train,,Mike_Miller_0001,Mike_Miller_0002,Mike_Miller,Mike_Miller,true,0.6897079944610596,0.7877716422080994,True
dev_train_0755,dev_train,,Mike_Myers_0005,Mike_Myers_0007,Mike_Myers,Mike_Myers,true,0.6183595657348633,0.873659610748291,True
dev_train_0756,dev_train,,Mike_Scioscia_0001,Mike_Scioscia_0002,Mike_Scioscia,Mike_Scioscia,true,0.7904905676841736,0.6473167538642883,True
dev_train_0757,dev_train,,Mike_Tyson_0001,Mike_Tyson_0003,Mike_Tyson,Mike_Tyson,true,0.8464973568916321,0.5540807843208313,True
dev_train_0758,dev_train,,Mikhail_Kasyanov_0001,Mikhail_Kasyanov_0002,Mikhail_Kasyanov,Mikhail_Kasyanov,true,0.8247122764587402,0.5920942425727844,True
dev_train_0759,dev_train,,Mikhail_Wehbe_0001,Mikhail_Wehbe_0004,Mikhail_Wehbe,Mikhail_Wehbe,true,0.7071692943572998,0.765285313129425,True
dev_train_0760,dev_train,,Milo_Djukanovic_0001,Milo_Djukanovic_0003,Milo_Djukanovic,Milo_Djukanovic,true,0.7402020692825317,0.7208300828933716,True
dev_train_0761,dev_train,,Milo_Maestrecampo_0001,Milo_Maestrecampo_0002,Milo_Maestrecampo,Milo_Maestrecampo,true,0.8360146880149841,0.5726873278617859,True
dev_train_0762,dev_train,,Milo_Maestrecampo_0001,Milo_Maestrecampo_0003,Milo_Maestrecampo,Milo_Maestrecampo,true,0.8710331916809082,0.5078717470169067,True
dev_train_0763,dev_train,,Milo_Maestrecampo_0002,Milo_Maestrecampo_0003,Milo_Maestrecampo,Milo_Maestrecampo,true,0.8515734076499939,0.5448422431945801,True
dev_train_0764,dev_train,,Miroljub_0001,Miroljub_0002,Miroljub,Miroljub,true,0.8868087530136108,0.47579681873321533,True
dev_train_0765,dev_train,,Miyako_Miyazaki_0001,Miyako_Miyazaki_0002,Miyako_Miyazaki,Miyako_Miyazaki,true,0.7932962775230408,0.642967700958252,True
dev_train_0766,dev_train,,Mohamed_Benaissa_0001,Mohamed_Benaissa_0002,Mohamed_Benaissa,Mohamed_Benaissa,true,0.6987031102180481,0.7762691974639893,True
dev_train_0767,dev_train,,Mohammed_Al-Douri_0002,Mohammed_Al-Douri_0005,Mohammed_Al-Douri,Mohammed_Al-Douri,true,0.7734013795852661,0.6731994152069092,True
dev_train_0768,dev_train,,Monica_Bellucci_0001,Monica_Bellucci_0003,Monica_Bellucci,Monica_Bellucci,true,0.6394463777542114,0.8491804003715515,True
dev_train_0769,dev_train,,Monica_Seles_0002,Monica_Seles_0003,Monica_Seles,Monica_Seles,true,0.7466638088226318,0.7118093371391296,True
dev_train_0770,dev_train,,Monica_Seles_0004,Monica_Seles_0006,Monica_Seles,Monica_Seles,true,0.8582720160484314,0.5324058532714844,True
dev_train_0771,dev_train,,Monique_Garbrecht-Enfeldt_0001,Monique_Garbrecht-Enfeldt_0003,Monique_Garbrecht-Enfeldt,Monique_Garbrecht-Enfeldt,true,0.804776132106781,0.6248584389686584,True
dev_train_0772,dev_train,,Monique_Garbrecht-Enfeldt_0002,Monique_Garbrecht-Enfeldt_0003,Monique_Garbrecht-Enfeldt,Monique_Garbrecht-Enfeldt,true,0.6019577980041504,0.8922356963157654,True
dev_train_0773,dev_train,,Morgan_Freeman_0001,Morgan_Freeman_0002,Morgan_Freeman,Morgan_Freeman,true,0.824451208114624,0.5925350189208984,True
dev_train_0774,dev_train,,Moshe_Katsav_0001,Moshe_Katsav_0004,Moshe_Katsav,Moshe_Katsav,true,0.8941923379898071,0.460016667842865,True
dev_train_0775,dev_train,,Moshe_Katsav_0002,Moshe_Katsav_0003,Moshe_Katsav,Moshe_Katsav,true,0.9263648390769958,0.3837581276893616,True
dev_train_0776,dev_train,,Moshe_Katsav_0002,Moshe_Katsav_0004,Moshe_Katsav,Moshe_Katsav,true,0.8835082054138184,0.4826837182044983,True
dev_train_0777,dev_train,,Muhammad_Saeed_al-Sahhaf_0001,Muhammad_Saeed_al-Sahhaf_0005,Muhammad_Saeed_al-Sahhaf,Muhammad_Saeed_al-Sahhaf,true,0.6294196248054504,0.8609070181846619,True
dev_train_0778,dev_train,,Muhammad_Saeed_al-Sahhaf_0003,Muhammad_Saeed_al-Sahhaf_0004,Muhammad_Saeed_al-Sahhaf,Muhammad_Saeed_al-Sahhaf,true,0.8657681941986084,0.5181348323822021,True
dev_train_0779,dev_train,,Muhammad_Saeed_al-Sahhaf_0004,Muhammad_Saeed_al-Sahhaf_0005,Muhammad_Saeed_al-Sahhaf,Muhammad_Saeed_al-Sahhaf,true,0.6692793369293213,0.8132904767990112,True
dev_train_0780,dev_train,,Mukesh_Ambani_0001,Mukesh_Ambani_0003,Mukesh_Ambani,Mukesh_Ambani,true,0.8238580226898193,0.5935350656509399,True
dev_train_0781,dev_train,,Munir_Akram_0001,Munir_Akram_0002,Munir_Akram,Munir_Akram,true,0.9200650453567505,0.39983731508255005,True
dev_train_0782,dev_train,,Nabil_Shaath_0001,Nabil_Shaath_0003,Nabil_Shaath,Nabil_Shaath,true,0.6717046499252319,0.8103029131889343,True
dev_train_0783,dev_train,,Nadia_Petrova_0001,Nadia_Petrova_0005,Nadia_Petrova,Nadia_Petrova,true,0.7018618583679199,0.7721893787384033,True
dev_train_0784,dev_train,,Naji_Sabri_0004,Naji_Sabri_0008,Naji_Sabri,Naji_Sabri,true,0.7869716882705688,0.6527301669120789,True
dev_train_0785,dev_train,,Nancy_Demme_0001,Nancy_Demme_0002,Nancy_Demme,Nancy_Demme,true,0.7654261589050293,0.6849435567855835,True
dev_train_0786,dev_train,,Nancy_Reagan_0001,Nancy_Reagan_0002,Nancy_Reagan,Nancy_Reagan,true,0.7269030213356018,0.73904949426651,True
dev_train_0787,dev_train,,Nancy_Sinatra_0001,Nancy_Sinatra_0002,Nancy_Sinatra,Nancy_Sinatra,true,0.5555422306060791,0.9428231716156006,True
dev_train_0788,dev_train,,Nanni_Moretti_0001,Nanni_Moretti_0002,Nanni_Moretti,Nanni_Moretti,true,0.7980018258094788,0.635607123374939,True
dev_train_0789,dev_train,,Naomi_Watts_0012,Naomi_Watts_0014,Naomi_Watts,Naomi_Watts,true,0.6939827799797058,0.7823264002799988,True
dev_train_0790,dev_train,,Natasha_McElhone_0002,Natasha_McElhone_0003,Natasha_McElhone,Natasha_McElhone,true,0.9314730167388916,0.3702079951763153,True
dev_train_0791,dev_train,,Nathalie_Baye_0001,Nathalie_Baye_0003,Nathalie_Baye,Nathalie_Baye,true,0.7056886553764343,0.7672175168991089,True
dev_train_0792,dev_train,,Nathalie_Baye_0002,Nathalie_Baye_0004,Nathalie_Baye,Nathalie_Baye,true,0.7169109582901001,0.7524480819702148,True
dev_train_0793,dev_train,,Nathan_Lane_0001,Nathan_Lane_0002,Nathan_Lane,Nathan_Lane,true,0.6802217364311218,0.7997228503227234,True
dev_train_0794,dev_train,,Nebojsa_Pavkovic_0001,Nebojsa_Pavkovic_0002,Nebojsa_Pavkovic,Nebojsa_Pavkovic,true,0.760215163230896,0.6925098299980164,True
dev_train_0795,dev_train,,Nia_Vardalos_0003,Nia_Vardalos_0004,Nia_Vardalos,Nia_Vardalos,true,-0.08915892243385315,1.4759125709533691,True
dev_train_0796,dev_train,,Nicholas_Tse_0001,Nicholas_Tse_0002,Nicholas_Tse,Nicholas_Tse,true,0.6696428060531616,0.8128434419631958,True
dev_train_0797,dev_train,,Nick_Nolte_0001,Nick_Nolte_0004,Nick_Nolte,Nick_Nolte,true,0.48746395111083984,1.0124584436416626,True
dev_train_0798,dev_train,,Nicolas_Cage_0001,Nicolas_Cage_0002,Nicolas_Cage,Nicolas_Cage,true,0.8364232778549194,0.5719733238220215,True
dev_train_0799,dev_train,,Nicolas_Escude_0001,Nicolas_Escude_0002,Nicolas_Escude,Nicolas_Escude,true,0.7897427082061768,0.6484711170196533,True
dev_train_0800,dev_train,,Nicolas_Lapentti_0001,Nicolas_Lapentti_0002,Nicolas_Lapentti,Nicolas_Lapentti,true,0.7782233357429504,0.665998101234436,True
dev_train_0801,dev_train,,Noelle_Bush_0002,Noelle_Bush_0004,Noelle_Bush,Noelle_Bush,true,0.02030862681567669,1.3997796773910522,True
dev_train_0802,dev_train,,Norah_Jones_0005,Norah_Jones_0013,Norah_Jones,Norah_Jones,true,0.12993523478507996,1.3191397190093994,True
dev_train_0803,dev_train,,Norman_Jewison_0001,Norman_Jewison_0002,Norman_Jewison,Norman_Jewison,true,0.7923586368560791,0.6444244980812073,True
dev_train_0804,dev_train,,Norodom_Sihanouk_0001,Norodom_Sihanouk_0002,Norodom_Sihanouk,Norodom_Sihanouk,true,0.7489387392997742,0.7086061835289001,True
dev_train_0805,dev_train,,Norodom_Sihanouk_0002,Norodom_Sihanouk_0003,Norodom_Sihanouk,Norodom_Sihanouk,true,0.7170920372009277,0.7522074580192566,True
dev_train_0806,dev_train,,Nursultan_Nazarbayev_0001,Nursultan_Nazarbayev_0002,Nursultan_Nazarbayev,Nursultan_Nazarbayev,true,0.22362002730369568,1.2460979223251343,True
dev_train_0807,dev_train,,Oleksandr_Moroz_0001,Oleksandr_Moroz_0002,Oleksandr_Moroz,Oleksandr_Moroz,true,0.8017114400863647,0.6297438144683838,True
dev_train_0808,dev_train,,Olesya_Bonabarenko_0001,Olesya_Bonabarenko_0002,Olesya_Bonabarenko,Olesya_Bonabarenko,true,0.6778519153594971,0.8026806712150574,True
dev_train_0809,dev_train,,Oswaldo_Paya_0003,Oswaldo_Paya_0005,Oswaldo_Paya,Oswaldo_Paya,true,0.8239209055900574,0.5934292078018188,True
dev_train_0810,dev_train,,Oxana_Fedorova_0002,Oxana_Fedorova_0004,Oxana_Fedorova,Oxana_Fedorova,true,0.634962797164917,0.8544439077377319,True
dev_train_0811,dev_train,,Paradorn_Srichaphan_0003,Paradorn_Srichaphan_0007,Paradorn_Srichaphan,Paradorn_Srichaphan,true,0.8551539182662964,0.5382306575775146,True
dev_train_0812,dev_train,,Paradorn_Srichaphan_0008,Paradorn_Srichaphan_0010,Paradorn_Srichaphan,Paradorn_Srichaphan,true,0.8342198729515076,0.5758126378059387,True
dev_train_0813,dev_train,,Pascal_Lamy_0001,Pascal_Lamy_0002,Pascal_Lamy,Pascal_Lamy,true,0.8511462211608887,0.5456256866455078,True
dev_train_0814,dev_train,,Pat_Cox_0001,Pat_Cox_0002,Pat_Cox,Pat_Cox,true,0.2756631076335907,1.203608751296997,True
dev_train_0815,dev_train,,Patricia_Clarkson_0001,Patricia_Clarkson_0002,Patricia_Clarkson,Patricia_Clarkson,true,0.8403412699699402,0.5650818347930908,True
dev_train_0816,dev_train,,Patricia_Clarkson_0001,Patricia_Clarkson_0003,Patricia_Clarkson,Patricia_Clarkson,true,0.824579119682312,0.5923189520835876,True
dev_train_0817,dev_train,,Patricia_Heaton_0001,Patricia_Heaton_0002,Patricia_Heaton,Patricia_Heaton,true,0.7098178267478943,0.7618165612220764,True
dev_train_0818,dev_train,,Patrick_Ewing_0001,Patrick_Ewing_0002,Patrick_Ewing,Patrick_Ewing,true,0.7503696084022522,0.7065839767456055,True
dev_train_0819,dev_train,,Patrick_Roy_0001,Patrick_Roy_0002,Patrick_Roy,Patrick_Roy,true,0.4033040404319763,1.0924248695373535,True
dev_train_0820,dev_train,,Patrick_Stewart_0001,Patrick_Stewart_0002,Patrick_Stewart,Patrick_Stewart,true,0.6233919858932495,0.8678802847862244,True
dev_train_0821,dev_train,,Paul_Coppin_0001,Paul_Coppin_0002,Paul_Coppin,Paul_Coppin,true,0.8390630483627319,0.5673394799232483,True
dev_train_0822,dev_train,,Paul_McCartney_0004,Paul_McCartney_0006,Paul_McCartney,Paul_McCartney,true,0.8749657869338989,0.5000684857368469,True
dev_train_0823,dev_train,,Paul_McNulty_0001,Paul_McNulty_0002,Paul_McNulty,Paul_McNulty,true,0.8304693102836609,0.5822898149490356,True
dev_train_0824,dev_train,,Paul_ONeill_0008,Paul_ONeill_0009,Paul_ONeill,Paul_ONeill,true,0.6912861466407776,0.7857657670974731,True
dev_train_0825,dev_train,,Paul_Pierce_0001,Paul_Pierce_0002,Paul_Pierce,Paul_Pierce,true,0.7587472796440125,0.6946262121200562,True
dev_train_0826,dev_train,,Paul_Tagliabue_0001,Paul_Tagliabue_0003,Paul_Tagliabue,Paul_Tagliabue,true,0.7124661803245544,0.7583321928977966,True
dev_train_0827,dev_train,,Paul_Tagliabue_0002,Paul_Tagliabue_0003,Paul_Tagliabue,Paul_Tagliabue,true,0.8094457983970642,0.6173398494720459,True
dev_train_0828,dev_train,,Paul_Tagliabue_0002,Paul_Tagliabue_0004,Paul_Tagliabue,Paul_Tagliabue,true,0.7680460810661316,0.6811078786849976,True
dev_train_0829,dev_train,,Paul_Wolfowitz_0002,Paul_Wolfowitz_0010,Paul_Wolfowitz,Paul_Wolfowitz,true,0.7724250555038452,0.6746480464935303,True
dev_train_0830,dev_train,,Paul_Wolfowitz_0003,Paul_Wolfowitz_0007,Paul_Wolfowitz,Paul_Wolfowitz,true,0.8159916996955872,0.6066437363624573,True
dev_train_0831,dev_train,,Paul_Wolfowitz_0003,Paul_Wolfowitz_0008,Paul_Wolfowitz,Paul_Wolfowitz,true,0.7564474940299988,0.6979290843009949,True
dev_train_0832,dev_train,,Paul_Wolfowitz_0005,Paul_Wolfowitz_0006,Paul_Wolfowitz,Paul_Wolfowitz,true,0.8448924422264099,0.5569696426391602,True
dev_train_0833,dev_train,,Paula_Radcliffe_0004,Paula_Radcliffe_0005,Paula_Radcliffe,Paula_Radcliffe,true,0.2989629805088043,1.1840921640396118,True
dev_train_0834,dev_train,,Penelope_Ann_Miller_0001,Penelope_Ann_Miller_0002,Penelope_Ann_Miller,Penelope_Ann_Miller,true,0.8838542103767395,0.48196643590927124,True
dev_train_0835,dev_train,,Pete_Carroll_0001,Pete_Carroll_0002,Pete_Carroll,Pete_Carroll,true,0.6983879208564758,0.7766751050949097,True
dev_train_0836,dev_train,,Pete_Carroll_0002,Pete_Carroll_0003,Pete_Carroll,Pete_Carroll,true,0.7808009386062622,0.662116527557373,True
dev_train_0837,dev_train,,Pete_Sampras_0003,Pete_Sampras_0018,Pete_Sampras,Pete_Sampras,true,0.7636575102806091,0.6875209808349609,True
dev_train_0838,dev_train,,Peter_Arnett_0002,Peter_Arnett_0003,Peter_Arnett,Peter_Arnett,true,0.7191330194473267,0.7494891881942749,True
dev_train_0839,dev_train,,Peter_Bacanovic_0001,Peter_Bacanovic_0002,Peter_Bacanovic,Peter_Bacanovic,true,0.8675872683525085,0.514612078666687,True
dev_train_0840,dev_train,,Peter_Hillary_0001,Peter_Hillary_0002,Peter_Hillary,Peter_Hillary,true,0.8511523008346558,0.5456147193908691,True
dev_train_0841,dev_train,,Peter_Struck_0001,Peter_Struck_0003,Peter_Struck,Peter_Struck,true,0.8324935436248779,0.5788030624389648,True
dev_train_0842,dev_train,,Peter_Struck_0001,Peter_Struck_0005,Peter_Struck,Peter_Struck,true,0.7838312983512878,0.6575238108634949,True
dev_train_0843,dev_train,,Petria_Thomas_0001,Petria_Thomas_0002,Petria_Thomas,Petria_Thomas,true,0.8831936120986938,0.48333534598350525,True
dev_train_0844,dev_train,,Philippe_Noiret_0001,Philippe_Noiret_0002,Philippe_Noiret,Philippe_Noiret,true,0.7624701261520386,0.689245879650116,True
dev_train_0845,dev_train,,Prince_Charles_0002,Prince_Charles_0004,Prince_Charles,Prince_Charles,true,0.827650785446167,0.5871102809906006,True
dev_train_0846,dev_train,,Prince_Claus_0001,Prince_Claus_0003,Prince_Claus,Prince_Claus,true,0.8625628352165222,0.524284839630127,True
dev_train_0847,dev_train,,Prince_Edward_0001,Prince_Edward_0002,Prince_Edward,Prince_Edward,true,0.6162538528442383,0.8760663866996765,True
dev_train_0848,dev_train,,Prince_Harry_0001,Prince_Harry_0002,Prince_Harry,Prince_Harry,true,0.8977721929550171,0.452167809009552,True
dev_train_0849,dev_train,,Prince_Naruhito_0002,Prince_Naruhito_0003,Prince_Naruhito,Prince_Naruhito,true,0.842950165271759,0.5604459047317505,True
dev_train_0850,dev_train,,Prince_William_0001,Prince_William_0002,Prince_William,Prince_William,true,0.6907206177711487,0.7864851355552673,True
dev_train_0851,dev_train,,Princess_Anne_0001,Princess_Anne_0002,Princess_Anne,Princess_Anne,true,0.7988921403884888,0.6342048645019531,True
dev_train_0852,dev_train,,Princess_Caroline_0001,Princess_Caroline_0004,Princess_Caroline,Princess_Caroline,true,0.8590835332870483,0.5308796763420105,True
dev_train_0853,dev_train,,Princess_Elisabeth_0001,Princess_Elisabeth_0002,Princess_Elisabeth,Princess_Elisabeth,true,0.8053877949714661,0.6238785982131958,True
dev_train_0854,dev_train,,Princess_Masako_0001,Princess_Masako_0002,Princess_Masako,Princess_Masako,true,0.16521373391151428,1.2921195030212402,True
dev_train_0855,dev_train,,Priscilla_Owen_0001,Priscilla_Owen_0002,Priscilla_Owen,Priscilla_Owen,true,0.6967618465423584,0.7787659764289856,True
dev_train_0856,dev_train,,Pupi_Avati_0002,Pupi_Avati_0003,Pupi_Avati,Pupi_Avati,true,0.933243989944458,0.3653934895992279,True
dev_train_0857,dev_train,,Queen_Beatrix_0001,Queen_Beatrix_0004,Queen_Beatrix,Queen_Beatrix,true,0.6074479818344116,0.8860610723495483,True
dev_train_0858,dev_train,,Queen_Beatrix_0002,Queen_Beatrix_0003,Queen_Beatrix,Queen_Beatrix,true,0.8429474234580994,0.5604508519172668,True
dev_train_0859,dev_train,,Queen_Elizabeth_II_0004,Queen_Elizabeth_II_0011,Queen_Elizabeth_II,Queen_Elizabeth_II,true,0.819748044013977,0.6004199385643005,True
dev_train_0860,dev_train,,Queen_Elizabeth_II_0005,Queen_Elizabeth_II_0013,Queen_Elizabeth_II,Queen_Elizabeth_II,true,0.8304886817932129,0.5822564363479614,True
dev_train_0861,dev_train,,Queen_Elizabeth_II_0006,Queen_Elizabeth_II_0007,Queen_Elizabeth_II,Queen_Elizabeth_II,true,0.761894702911377,0.6900801658630371,True
dev_train_0862,dev_train,,Queen_Elizabeth_II_0006,Queen_Elizabeth_II_0011,Queen_Elizabeth_II,Queen_Elizabeth_II,true,0.6282065510749817,0.8623149394989014,True
dev_train_0863,dev_train,,Queen_Latifah_0001,Queen_Latifah_0003,Queen_Latifah,Queen_Latifah,true,0.8086459040641785,0.6186341643333435,True
dev_train_0864,dev_train,,Rainer_Schuettler_0001,Rainer_Schuettler_0004,Rainer_Schuettler,Rainer_Schuettler,true,0.6156404614448547,0.8767663240432739,True
dev_train_0865,dev_train,,Rainer_Schuettler_0003,Rainer_Schuettler_0004,Rainer_Schuettler,Rainer_Schuettler,true,0.44336116313934326,1.0551197528839111,True
dev_train_0866,dev_train,,Ralph_Lauren_0001,Ralph_Lauren_0002,Ralph_Lauren,Ralph_Lauren,true,0.8445148468017578,0.557647168636322,True
dev_train_0867,dev_train,,Ranil_Wickremasinghe_0002,Ranil_Wickremasinghe_0003,Ranil_Wickremasinghe,Ranil_Wickremasinghe,true,0.6308271884918213,0.8592705130577087,True
dev_train_0868,dev_train,,Raoul_Ruiz_0001,Raoul_Ruiz_0004,Raoul_Ruiz,Raoul_Ruiz,true,0.09710102528333664,1.3437998294830322,True
dev_train_0869,dev_train,,Raoul_Ruiz_0003,Raoul_Ruiz_0004,Raoul_Ruiz,Raoul_Ruiz,true,0.1371283084154129,1.3136755228042603,True
dev_train_0870,dev_train,,Raquel_Welch_0001,Raquel_Welch_0002,Raquel_Welch,Raquel_Welch,true,0.9366592168807983,0.3559233844280243,True
dev_train_0871,dev_train,,Ray_Allen_0001,Ray_Allen_0002,Ray_Allen,Ray_Allen,true,0.5776767730712891,0.9190464019775391,True
dev_train_0872,dev_train,,Ray_Allen_0002,Ray_Allen_0003,Ray_Allen,Ray_Allen,true,0.548980176448822,0.9497576951980591,True
dev_train_0873,dev_train,,Raymond_Odierno_0001,Raymond_Odierno_0002,Raymond_Odierno,Raymond_Odierno,true,0.938149094581604,0.3517129719257355,True
dev_train_0874,dev_train,,Rebekah_Chantay_Revels_0002,Rebekah_Chantay_Revels_0004,Rebekah_Chantay_Revels,Rebekah_Chantay_Revels,true,0.791868269443512,0.6451848745346069,True
dev_train_0875,dev_train,,Rebekah_Chantay_Revels_0003,Rebekah_Chantay_Revels_0004,Rebekah_Chantay_Revels,Rebekah_Chantay_Revels,true,0.797328531742096,0.6366655230522156,True
dev_train_0876,dev_train,,Recep_Tayyip_Erdogan_0002,Recep_Tayyip_Erdogan_0004,Recep_Tayyip_Erdogan,Recep_Tayyip_Erdogan,true,0.29885268211364746,1.184185266494751,True
dev_train_0877,dev_train,,Recep_Tayyip_Erdogan_0002,Recep_Tayyip_Erdogan_0008,Recep_Tayyip_Erdogan,Recep_Tayyip_Erdogan,true,0.9028124213218689,0.4408802092075348,True
dev_train_0878,dev_train,,Recep_Tayyip_Erdogan_0014,Recep_Tayyip_Erdogan_0029,Recep_Tayyip_Erdogan,Recep_Tayyip_Erdogan,true,0.8167285323143005,0.6054279208183289,True
dev_train_0879,dev_train,,Reggie_Miller_0001,Reggie_Miller_0002,Reggie_Miller,Reggie_Miller,true,0.7464498281478882,0.7121099233627319,True
dev_train_0880,dev_train,,Ricardo_Lagos_0001,Ricardo_Lagos_0003,Ricardo_Lagos,Ricardo_Lagos,true,0.8096198439598083,0.6170579791069031,True
dev_train_0881,dev_train,,Ricardo_Lagos_0002,Ricardo_Lagos_0023,Ricardo_Lagos,Ricardo_Lagos,true,0.7823476791381836,0.6597763299942017,True
dev_train_0882,dev_train,,Ricardo_Lagos_0009,Ricardo_Lagos_0022,Ricardo_Lagos,Ricardo_Lagos,true,0.8766592144966125,0.49667051434516907,True
dev_train_0883,dev_train,,Ricardo_Lagos_0017,Ricardo_Lagos_0018,Ricardo_Lagos,Ricardo_Lagos,true,0.9557569026947021,0.29746654629707336,True
dev_train_0884,dev_train,,Ricardo_Monasterio_0001,Ricardo_Monasterio_0002,Ricardo_Monasterio,Ricardo_Monasterio,true,0.8472634553909302,0.552696168422699,True
dev_train_0885,dev_train,,Ricardo_Sanchez_0003,Ricardo_Sanchez_0004,Ricardo_Sanchez,Ricardo_Sanchez,true,0.6930140256881714,0.7835636734962463,True
dev_train_0886,dev_train,,Richard_Branson_0001,Richard_Branson_0002,Richard_Branson,Richard_Branson,true,0.6973058581352234,0.7780671119689941,True
dev_train_0887,dev_train,,Richard_Gephardt_0001,Richard_Gephardt_0003,Richard_Gephardt,Richard_Gephardt,true,0.7875970602035522,0.6517714262008667,True
dev_train_0888,dev_train,,Richard_Gephardt_0002,Richard_Gephardt_0006,Richard_Gephardt,Richard_Gephardt,true,0.852770209312439,0.5426415205001831,True
dev_train_0889,dev_train,,Richard_Haass_0001,Richard_Haass_0002,Richard_Haass,Richard_Haass,true,0.7510950565338135,0.7055563926696777,True
dev_train_0890,dev_train,,Richard_Krajicek_0002,Richard_Krajicek_0003,Richard_Krajicek,Richard_Krajicek,true,0.5128463506698608,0.9870700836181641,True
dev_train_0891,dev_train,,Richard_Myers_0003,Richard_Myers_0004,Richard_Myers,Richard_Myers,true,0.7556191682815552,0.699114978313446,True
dev_train_0892,dev_train,,Richard_Myers_0003,Richard_Myers_0014,Richard_Myers,Richard_Myers,true,0.8330926895141602,0.5777670741081238,True
dev_train_0893,dev_train,,Richard_Virenque_0003,Richard_Virenque_0004,Richard_Virenque,Richard_Virenque,true,0.42513442039489746,1.072255253791809,True
dev_train_0894,dev_train,,Rick_Barnes_0001,Rick_Barnes_0002,Rick_Barnes,Rick_Barnes,true,0.7453888058662415,0.7135983109474182,True
dev_train_0895,dev_train,,Rick_Barnes_0001,Rick_Barnes_0003,Rick_Barnes,Rick_Barnes,true,0.8611676692962646,0.5269390940666199,True
dev_train_0896,dev_train,,Rick_Santorum_0002,Rick_Santorum_0003,Rick_Santorum,Rick_Santorum,true,0.7711561918258667,0.6765261888504028,True
dev_train_0897,dev_train,,Rick_Stansbury_0001,Rick_Stansbury_0002,Rick_Stansbury,Rick_Stansbury,true,0.8384087681770325,0.568491518497467,True
dev_train_0898,dev_train,,Ricky_Martin_0001,Ricky_Martin_0002,Ricky_Martin,Ricky_Martin,true,0.5902683734893799,0.9052422046661377,True
dev_train_0899,dev_train,,Rio_Ferdinand_0001,Rio_Ferdinand_0002,Rio_Ferdinand,Rio_Ferdinand,true,0.4945235550403595,1.005461573600769,True
dev_train_0900,dev_train,,Rob_Lowe_0001,Rob_Lowe_0003,Rob_Lowe,Rob_Lowe,true,0.7819007635116577,0.6604531407356262,True
dev_train_0901,dev_train,,Rob_Lowe_0002,Rob_Lowe_0003,Rob_Lowe,Rob_Lowe,true,0.8120583295822144,0.6130931377410889,True
dev_train_0902,dev_train,,Rob_Lowe_0003,Rob_Lowe_0004,Rob_Lowe,Rob_Lowe,true,0.7886309623718262,0.6501832008361816,True
dev_train_0903,dev_train,,Rob_Marshall_0004,Rob_Marshall_0006,Rob_Marshall,Rob_Marshall,true,0.8755359649658203,0.49892693758010864,True
dev_train_0904,dev_train,,Robbie_Williams_0001,Robbie_Williams_0003,Robbie_Williams,Robbie_Williams,true,0.693749189376831,0.7826249599456787,True
dev_train_0905,dev_train,,Robert_Blackwill_0001,Robert_Blackwill_0002,Robert_Blackwill,Robert_Blackwill,true,0.873530387878418,0.502930760383606,True
dev_train_0906,dev_train,,Robert_Bullock_0001,Robert_Bullock_0002,Robert_Bullock,Robert_Bullock,true,0.8130471706390381,0.611478328704834,True
dev_train_0907,dev_train,,Robert_De_Niro_0001,Robert_De_Niro_0002,Robert_De_Niro,Robert_De_Niro,true,0.726579487323761,0.7394870519638062,True
dev_train_0908,dev_train,,Robert_De_Niro_0001,Robert_De_Niro_0006,Robert_De_Niro,Robert_De_Niro,true,0.6956688165664673,0.7801681160926819,True
dev_train_0909,dev_train,,Robert_De_Niro_0005,Robert_De_Niro_0006,Robert_De_Niro,Robert_De_Niro,true,0.7045470476150513,0.7687041163444519,True
dev_train_0910,dev_train,,Robert_Duvall_0001,Robert_Duvall_0007,Robert_Duvall,Robert_Duvall,true,0.830333948135376,0.5825223326683044,True
dev_train_0911,dev_train,,Robert_Duvall_0003,Robert_Duvall_0006,Robert_Duvall,Robert_Duvall,true,0.8935836553573608,0.4613381624221802,True
dev_train_0912,dev_train,,Robert_Ehrlich_0001,Robert_Ehrlich_0002,Robert_Ehrlich,Robert_Ehrlich,true,0.6769901514053345,0.8037535548210144,True
dev_train_0913,dev_train,,Robert_Fico_0001,Robert_Fico_0002,Robert_Fico,Robert_Fico,true,0.8147931098937988,0.6086164116859436,True
dev_train_0914,dev_train,,Robert_Kocharian_0003,Robert_Kocharian_0004,Robert_Kocharian,Robert_Kocharian,true,0.7679160237312317,0.6812989711761475,True
dev_train_0915,dev_train,,Robert_Mugabe_0001,Robert_Mugabe_0002,Robert_Mugabe,Robert_Mugabe,true,0.8953896760940552,0.45740649104118347,True
dev_train_0916,dev_train,,Robert_Stack_0001,Robert_Stack_0002,Robert_Stack,Robert_Stack,true,0.7369175553321838,0.7253723740577698,True
dev_train_0917,dev_train,,Robert_Witt_0001,Robert_Witt_0002,Robert_Witt,Robert_Witt,true,0.8237674236297607,0.5936878323554993,True
dev_train_0918,dev_train,,Robert_Zoellick_0002,Robert_Zoellick_0006,Robert_Zoellick,Robert_Zoellick,true,0.7813611030578613,0.6612699627876282,True
dev_train_0919,dev_train,,Roberto_Benigni_0001,Roberto_Benigni_0002,Roberto_Benigni,Roberto_Benigni,true,0.7712715864181519,0.6763557195663452,True
dev_train_0920,dev_train,,Roberto_Carlos_0001,Roberto_Carlos_0002,Roberto_Carlos,Roberto_Carlos,true,0.7320875525474548,0.7320005893707275,True
dev_train_0921,dev_train,,Robinson_Stevenin_0001,Robinson_Stevenin_0002,Robinson_Stevenin,Robinson_Stevenin,true,0.7958282232284546,0.6390178203582764,True
dev_train_0922,dev_train,,Roger_Federer_0004,Roger_Federer_0008,Roger_Federer,Roger_Federer,true,0.8660532236099243,0.5175844430923462,True
dev_train_0923,dev_train,,Roger_Federer_0004,Roger_Federer_0012,Roger_Federer,Roger_Federer,true,0.7994716167449951,0.6332904696464539,True
dev_train_0924,dev_train,,Roger_Moore_0003,Roger_Moore_0005,Roger_Moore,Roger_Moore,true,0.7124423980712891,0.7583636045455933,True
dev_train_0925,dev_train,,Rogerio_Romero_0001,Rogerio_Romero_0002,Rogerio_Romero,Rogerio_Romero,true,0.83808434009552,0.5690619349479675,True
dev_train_0926,dev_train,,Roh_Moo-hyun_0001,Roh_Moo-hyun_0031,Roh_Moo-hyun,Roh_Moo-hyun,true,0.9386122226715088,0.35039395093917847,True
dev_train_0927,dev_train,,Roh_Moo-hyun_0007,Roh_Moo-hyun_0015,Roh_Moo-hyun,Roh_Moo-hyun,true,0.9362116456031799,0.35717910528182983,True
dev_train_0928,dev_train,,Roman_Polanski_0002,Roman_Polanski_0005,Roman_Polanski,Roman_Polanski,true,0.7673362493515015,0.6821492910385132,True
dev_train_0929,dev_train,,Roseanne_Barr_0001,Roseanne_Barr_0002,Roseanne_Barr,Roseanne_Barr,true,0.6040523648262024,0.8898850679397583,True
dev_train_0930,dev_train,,Roseanne_Barr_0001,Roseanne_Barr_0003,Roseanne_Barr,Roseanne_Barr,true,0.5987181663513184,0.8958591818809509,True
dev_train_0931,dev_train,,Ruben_Studdard_0001,Ruben_Studdard_0002,Ruben_Studdard,Ruben_Studdard,true,0.8811436295509338,0.4875580072402954,True
dev_train_0932,dev_train,,Rubens_Barrichello_0001,Rubens_Barrichello_0009,Rubens_Barrichello,Rubens_Barrichello,true,0.6765540242195129,0.8042960166931152,True
dev_train_0933,dev_train,,Rubens_Barrichello_0002,Rubens_Barrichello_0006,Rubens_Barrichello,Rubens_Barrichello,true,0.7909361124038696,0.6466281414031982,True
dev_train_0934,dev_train,,Rubens_Barrichello_0005,Rubens_Barrichello_0010,Rubens_Barrichello,Rubens_Barrichello,true,0.6414740681648254,0.8467891812324524,True
dev_train_0935,dev_train,,Rudolph_Giuliani_0006,Rudolph_Giuliani_0017,Rudolph_Giuliani,Rudolph_Giuliani,true,0.6549299955368042,0.8307467103004456,True
dev_train_0936,dev_train,,Ruth_Dreifuss_0001,Ruth_Dreifuss_0002,Ruth_Dreifuss,Ruth_Dreifuss,true,0.7520644068717957,0.7041813731193542,True
dev_train_0937,dev_train,,Ruth_Harlow_0001,Ruth_Harlow_0002,Ruth_Harlow,Ruth_Harlow,true,0.6388208270072937,0.8499166965484619,True
dev_train_0938,dev_train,,Saburo_Kawabuchi_0001,Saburo_Kawabuchi_0002,Saburo_Kawabuchi,Saburo_Kawabuchi,true,0.9302061796188354,0.37361428141593933,True
dev_train_0939,dev_train,,Sachiko_Yamada_0001,Sachiko_Yamada_0004,Sachiko_Yamada,Sachiko_Yamada,true,0.5927675366401672,0.9024771451950073,True
dev_train_0940,dev_train,,Sachiko_Yamada_0002,Sachiko_Yamada_0003,Sachiko_Yamada,Sachiko_Yamada,true,0.8413751721382141,0.5632492899894714,True
dev_train_0941,dev_train,,Sachiko_Yamada_0002,Sachiko_Yamada_0004,Sachiko_Yamada,Sachiko_Yamada,true,0.5534718036651611,0.9450166821479797,True
dev_train_0942,dev_train,,Sachiko_Yamada_0003,Sachiko_Yamada_0004,Sachiko_Yamada,Sachiko_Yamada,true,0.5093459486961365,0.9906099438667297,True
dev_train_0943,dev_train,,Sadie_Frost_0002,Sadie_Frost_0003,Sadie_Frost,Sadie_Frost,true,0.6959709525108337,0.779780924320221,True
dev_train_0944,dev_train,,Saeb_Erekat_0001,Saeb_Erekat_0002,Saeb_Erekat,Saeb_Erekat,true,0.7766221165657043,0.6683979034423828,True
dev_train_0945,dev_train,,Sally_Ride_0001,Sally_Ride_0002,Sally_Ride,Sally_Ride,true,0.8470037579536438,0.5531659126281738,True
dev_train_0946,dev_train,,Sam_Bith_0001,Sam_Bith_0002,Sam_Bith,Sam_Bith,true,0.8647140264511108,0.5201653242111206,True
dev_train_0947,dev_train,,Sam_Torrance_0002,Sam_Torrance_0003,Sam_Torrance,Sam_Torrance,true,0.7891861796379089,0.6493286490440369,True
dev_train_0948,dev_train,,Samira_Makhmalbaf_0001,Samira_Makhmalbaf_0002,Samira_Makhmalbaf,Samira_Makhmalbaf,true,0.6917879581451416,0.7851268649101257,True
dev_train_0949,dev_train,,Sammy_Sosa_0001,Sammy_Sosa_0002,Sammy_Sosa,Sammy_Sosa,true,0.6148133873939514,0.877709150314331,True
dev_train_0950,dev_train,,Sandra_Bullock_0001,Sandra_Bullock_0004,Sandra_Bullock,Sandra_Bullock,true,-0.022498279809951782,1.430033802986145,True
dev_train_0951,dev_train,,Sandra_Bullock_0002,Sandra_Bullock_0004,Sandra_Bullock,Sandra_Bullock,true,0.05551579222083092,1.3743973970413208,True
dev_train_0952,dev_train,,Sandra_Bullock_0003,Sandra_Bullock_0004,Sandra_Bullock,Sandra_Bullock,true,0.06877829879522324,1.3647137880325317,True
dev_train_0953,dev_train,,Sarah_Hughes_0001,Sarah_Hughes_0002,Sarah_Hughes,Sarah_Hughes,true,0.7187175750732422,0.7500432729721069,True
dev_train_0954,dev_train,,Sarah_Hughes_0001,Sarah_Hughes_0006,Sarah_Hughes,Sarah_Hughes,true,0.5867511630058289,0.9091191291809082,True
dev_train_0955,dev_train,,Sarah_Michelle_Gellar_0002,Sarah_Michelle_Gellar_0003,Sarah_Michelle_Gellar,Sarah_Michelle_Gellar,true,0.7913682460784912,0.6459596157073975,True
dev_train_0956,dev_train,,Scott_Peterson_0001,Scott_Peterson_0003,Scott_Peterson,Scott_Peterson,true,0.5986289381980896,0.8959587812423706,True
dev_train_0957,dev_train,,Scott_Peterson_0004,Scott_Peterson_0005,Scott_Peterson,Scott_Peterson,true,0.8514775037765503,0.5450184345245361,True
dev_train_0958,dev_train,,Scott_Wolf_0001,Scott_Wolf_0002,Scott_Wolf,Scott_Wolf,true,0.8937238454818726,0.4610341489315033,True
dev_train_0959,dev_train,,Sean_Hayes_0001,Sean_Hayes_0002,Sean_Hayes,Sean_Hayes,true,0.9038785696029663,0.4384553134441376,True
dev_train_0960,dev_train,,Sebastien_Grosjean_0001,Sebastien_Grosjean_0003,Sebastien_Grosjean,Sebastien_Grosjean,true,0.8370299339294434,0.5709118843078613,True
dev_train_0961,dev_train,,Sebastien_Grosjean_0002,Sebastien_Grosjean_0004,Sebastien_Grosjean,Sebastien_Grosjean,true,0.577843427658081,0.9188652634620667,True
dev_train_0962,dev_train,,Sepp_Blatter_0001,Sepp_Blatter_0002,Sepp_Blatter,Sepp_Blatter,true,0.6556636095046997,0.8298631310462952,True
dev_train_0963,dev_train,,Sepp_Blatter_0003,Sepp_Blatter_0004,Sepp_Blatter,Sepp_Blatter,true,0.8666259050369263,0.5164766907691956,True
dev_train_0964,dev_train,,Serena_Williams_0017,Serena_Williams_0052,Serena_Williams,Serena_Williams,true,0.7802664041519165,0.6629232168197632,True
dev_train_0965,dev_train,,Sergei_Ivanov_0001,Sergei_Ivanov_0005,Sergei_Ivanov,Sergei_Ivanov,true,0.6164863109588623,0.8758010268211365,True
dev_train_0966,dev_train,,Sergio_Garcia_0001,Sergio_Garcia_0002,Sergio_Garcia,Sergio_Garcia,true,0.7960681915283203,0.6386421918869019,True
dev_train_0967,dev_train,,Sergio_Vieira_De_Mello_0005,Sergio_Vieira_De_Mello_0006,Sergio_Vieira_De_Mello,Sergio_Vieira_De_Mello,true,0.8365418910980225,0.5717658996582031,True
dev_train_0968,dev_train,,Shane_Warne_0001,Shane_Warne_0002,Shane_Warne,Shane_Warne,true,0.6132078170776367,0.8795364499092102,True
dev_train_0969,dev_train,,Sharon_Davis_0001,Sharon_Davis_0002,Sharon_Davis,Sharon_Davis,true,0.8433130383491516,0.5597981214523315,True
dev_train_0970,dev_train,,Sharon_Frey_0001,Sharon_Frey_0002,Sharon_Frey,Sharon_Frey,true,0.8231727480888367,0.5946886539459229,True
dev_train_0971,dev_train,,Sheila_Copps_0001,Sheila_Copps_0003,Sheila_Copps,Sheila_Copps,true,0.8870564103126526,0.47527584433555603,True
dev_train_0972,dev_train,,Sheila_Fraser_0001,Sheila_Fraser_0002,Sheila_Fraser,Sheila_Fraser,true,0.8600350618362427,0.5290840268135071,True
dev_train_0973,dev_train,,Sheryl_Crow_0003,Sheryl_Crow_0008,Sheryl_Crow,Sheryl_Crow,true,0.7488701939582825,0.7087027430534363,True
dev_train_0974,dev_train,,Shia_LaBeouf_0001,Shia_LaBeouf_0002,Shia_LaBeouf,Shia_LaBeouf,true,0.7830163836479187,0.6587619185447693,True
dev_train_0975,dev_train,,Shimon_Peres_0002,Shimon_Peres_0006,Shimon_Peres,Shimon_Peres,true,0.7255861759185791,0.7408290505409241,True
dev_train_0976,dev_train,,Sila_Calderon_0001,Sila_Calderon_0003,Sila_Calderon,Sila_Calderon,true,0.640030026435852,0.8484927415847778,True
dev_train_0977,dev_train,,Silvan_Shalom_0001,Silvan_Shalom_0006,Silvan_Shalom,Silvan_Shalom,true,0.822908878326416,0.5951319932937622,True
dev_train_0978,dev_train,,Silvia_Farina_Elia_0001,Silvia_Farina_Elia_0002,Silvia_Farina_Elia,Silvia_Farina_Elia,true,0.8385030031204224,0.5683258771896362,True
dev_train_0979,dev_train,,Silvia_Farina_Elia_0001,Silvia_Farina_Elia_0003,Silvia_Farina_Elia,Silvia_Farina_Elia,true,0.7970476746559143,0.6371066570281982,True
dev_train_0980,dev_train,,Slobodan_Milosevic_0002,Slobodan_Milosevic_0003,Slobodan_Milosevic,Slobodan_Milosevic,true,0.822998046875,0.5949825048446655,True
dev_train_0981,dev_train,,Sonia_Gandhi_0001,Sonia_Gandhi_0003,Sonia_Gandhi,Sonia_Gandhi,true,0.8347752094268799,0.5748474597930908,True
dev_train_0982,dev_train,,Sonia_Gandhi_0002,Sonia_Gandhi_0003,Sonia_Gandhi,Sonia_Gandhi,true,0.6841500401496887,0.794795572757721,True
dev_train_0983,dev_train,,Stacy_Dragila_0001,Stacy_Dragila_0002,Stacy_Dragila,Stacy_Dragila,true,0.8157764673233032,0.6069983839988708,True
dev_train_0984,dev_train,,Stephen_Daldry_0001,Stephen_Daldry_0002,Stephen_Daldry,Stephen_Daldry,true,0.8525720834732056,0.5430063009262085,True
dev_train_0985,dev_train,,Stephen_Friedman_0001,Stephen_Friedman_0002,Stephen_Friedman,Stephen_Friedman,true,0.573575496673584,0.923498272895813,True
dev_train_0986,dev_train,,Steve_Ballmer_0001,Steve_Ballmer_0002,Steve_Ballmer,Steve_Ballmer,true,0.7089871168136597,0.7629060745239258,True
dev_train_0987,dev_train,,Steve_Ballmer_0002,Steve_Ballmer_0003,Steve_Ballmer,Steve_Ballmer,true,0.9153535962104797,0.4114520847797394,True
dev_train_0988,dev_train,,Steve_Mariucci_0001,Steve_Mariucci_0002,Steve_Mariucci,Steve_Mariucci,true,0.8347301483154297,0.57492595911026,True
dev_train_0989,dev_train,,Steve_Mariucci_0002,Steve_Mariucci_0003,Steve_Mariucci,Steve_Mariucci,true,0.8046459555625916,0.6250666379928589,True
dev_train_0990,dev_train,,Steve_Nash_0002,Steve_Nash_0004,Steve_Nash,Steve_Nash,true,0.7101778984069824,0.761343777179718,True
dev_train_0991,dev_train,,Steve_Spurrier_0001,Steve_Spurrier_0002,Steve_Spurrier,Steve_Spurrier,true,0.6708819270133972,0.811317503452301,True
dev_train_0992,dev_train,,Steve_Waugh_0001,Steve_Waugh_0002,Steve_Waugh,Steve_Waugh,true,0.24102343618869781,1.2320524454116821,True
dev_train_0993,dev_train,,Steven_Spielberg_0001,Steven_Spielberg_0006,Steven_Spielberg,Steven_Spielberg,true,0.7726544141769409,0.6743080615997314,True
dev_train_0994,dev_train,,Stockard_Channing_0001,Stockard_Channing_0003,Stockard_Channing,Stockard_Channing,true,0.7739808559417725,0.6723378896713257,True
dev_train_0995,dev_train,,Susan_Sarandon_0002,Susan_Sarandon_0003,Susan_Sarandon,Susan_Sarandon,true,0.6997974514961243,0.7748581767082214,True
dev_train_0996,dev_train,,Susan_Sarandon_0002,Susan_Sarandon_0006,Susan_Sarandon,Susan_Sarandon,true,0.6868722438812256,0.7913630604743958,True
dev_train_0997,dev_train,,Susan_Sarandon_0004,Susan_Sarandon_0006,Susan_Sarandon,Susan_Sarandon,true,0.42337673902511597,1.0738931894302368,True
dev_train_0998,dev_train,,Susilo_Bambang_Yudhoyono_0001,Susilo_Bambang_Yudhoyono_0002,Susilo_Bambang_Yudhoyono,Susilo_Bambang_Yudhoyono,true,0.80604088306427,0.6228309273719788,True
dev_train_0999,dev_train,,Sylvester_Stallone_0001,Sylvester_Stallone_0005,Sylvester_Stallone,Sylvester_Stallone,true,0.24419867992401123,1.2294725179672241,True
dev_train_1000,dev_train,,Takashi_Sorimachi_0001,Takashi_Sorimachi_0002,Takashi_Sorimachi,Takashi_Sorimachi,true,0.7845389246940613,0.656446635723114,True
dev_train_1001,dev_train,,Ted_Maher_0001,Ted_Maher_0002,Ted_Maher,Ted_Maher,true,0.7474800944328308,0.7106615900993347,True
dev_train_1002,dev_train,,Terje_Roed-Larsen_0001,Terje_Roed-Larsen_0002,Terje_Roed-Larsen,Terje_Roed-Larsen,true,0.7653390169143677,0.6850707530975342,True
dev_train_1003,dev_train,,Terry_Stotts_0001,Terry_Stotts_0002,Terry_Stotts,Terry_Stotts,true,0.7255690693855286,0.7408521771430969,True
dev_train_1004,dev_train,,Theresa_May_0001,Theresa_May_0003,Theresa_May,Theresa_May,true,0.7201854586601257,0.7480835914611816,True
dev_train_1005,dev_train,,Thierry_Falise_0001,Thierry_Falise_0003,Thierry_Falise,Thierry_Falise,true,0.5981694459915161,0.8964716196060181,True
dev_train_1006,dev_train,,Thomas_Birmingham_0001,Thomas_Birmingham_0002,Thomas_Birmingham,Thomas_Birmingham,true,0.7233269810676575,0.7438724637031555,True
dev_train_1007,dev_train,,Thomas_Bjorn_0001,Thomas_Bjorn_0002,Thomas_Bjorn,Thomas_Bjorn,true,0.6849310994148254,0.7938122749328613,True
dev_train_1008,dev_train,,Thomas_Malchow_0001,Thomas_Malchow_0002,Thomas_Malchow,Thomas_Malchow,true,0.7936527729034424,0.6424131393432617,True
dev_train_1009,dev_train,,Tiger_Woods_0001,Tiger_Woods_0003,Tiger_Woods,Tiger_Woods,true,0.7325403690338135,0.7313816547393799,True
dev_train_1010,dev_train,,Tiger_Woods_0007,Tiger_Woods_0017,Tiger_Woods,Tiger_Woods,true,0.8389774560928345,0.5674902200698853,True
dev_train_1011,dev_train,,Tiger_Woods_0007,Tiger_Woods_0019,Tiger_Woods,Tiger_Woods,true,0.6915644407272339,0.785411536693573,True
dev_train_1012,dev_train,,Tiger_Woods_0019,Tiger_Woods_0020,Tiger_Woods,Tiger_Woods,true,0.5391181707382202,0.9600853323936462,True
dev_train_1013,dev_train,,Tim_Conway_0001,Tim_Conway_0002,Tim_Conway,Tim_Conway,true,0.8636412620544434,0.5222238302230835,True
dev_train_1014,dev_train,,Tim_Duncan_0003,Tim_Duncan_0004,Tim_Duncan,Tim_Duncan,true,0.6359689831733704,0.853265643119812,True
dev_train_1015,dev_train,,Tim_Henman_0002,Tim_Henman_0018,Tim_Henman,Tim_Henman,true,0.7173459529876709,0.751869797706604,True
dev_train_1016,dev_train,,Tim_Henman_0010,Tim_Henman_0016,Tim_Henman,Tim_Henman,true,0.7886410355567932,0.6501675248146057,True
dev_train_1017,dev_train,,Tim_Henman_0015,Tim_Henman_0019,Tim_Henman,Tim_Henman,true,0.45494544506073,1.0440828800201416,True
dev_train_1018,dev_train,,Tim_Robbins_0002,Tim_Robbins_0003,Tim_Robbins,Tim_Robbins,true,0.6436852216720581,0.8441740870475769,True
dev_train_1019,dev_train,,Tom_Craddick_0002,Tom_Craddick_0003,Tom_Craddick,Tom_Craddick,true,0.8058555722236633,0.623128354549408,True
dev_train_1020,dev_train,,Tom_Craddick_0003,Tom_Craddick_0004,Tom_Craddick,Tom_Craddick,true,0.7830142378807068,0.6587651968002319,True
dev_train_1021,dev_train,,Tom_Crean_0004,Tom_Crean_0005,Tom_Crean,Tom_Crean,true,0.6156831979751587,0.8767175674438477,True
dev_train_1022,dev_train,,Tom_Daschle_0018,Tom_Daschle_0021,Tom_Daschle,Tom_Daschle,true,0.6868504285812378,0.7913907766342163,True
dev_train_1023,dev_train,,Tom_Hanks_0001,Tom_Hanks_0002,Tom_Hanks,Tom_Hanks,true,0.69533371925354,0.7805977463722229,True
dev_train_1024,dev_train,,Tom_Hanks_0003,Tom_Hanks_0010,Tom_Hanks,Tom_Hanks,true,0.763037919998169,0.6884216070175171,True
dev_train_1025,dev_train,,Tom_Hanks_0006,Tom_Hanks_0010,Tom_Hanks,Tom_Hanks,true,0.714614748954773,0.755493700504303,True
dev_train_1026,dev_train,,Tom_Harkin_0001,Tom_Harkin_0004,Tom_Harkin,Tom_Harkin,true,0.009585250169038773,1.4074195623397827,True
dev_train_1027,dev_train,,Tom_Harkin_0003,Tom_Harkin_0004,Tom_Harkin,Tom_Harkin,true,0.7936051487922668,0.6424872875213623,True
dev_train_1028,dev_train,,Tom_Harkin_0003,Tom_Harkin_0005,Tom_Harkin,Tom_Harkin,true,0.6504906415939331,0.8360735177993774,True
dev_train_1029,dev_train,,Tom_Reilly_0001,Tom_Reilly_0002,Tom_Reilly,Tom_Reilly,true,0.7839256525039673,0.657380223274231,True
dev_train_1030,dev_train,,Tom_Reilly_0001,Tom_Reilly_0003,Tom_Reilly,Tom_Reilly,true,0.8147162199020386,0.6087425351142883,True
dev_train_1031,dev_train,,Tom_Ridge_0002,Tom_Ridge_0018,Tom_Ridge,Tom_Ridge,true,0.8634788990020752,0.5225344300270081,True
dev_train_1032,dev_train,,Tom_Ridge_0003,Tom_Ridge_0022,Tom_Ridge,Tom_Ridge,true,0.9003894925117493,0.44634199142456055,True
dev_train_1033,dev_train,,Tom_Ridge_0010,Tom_Ridge_0015,Tom_Ridge,Tom_Ridge,true,0.6945599317550659,0.7815881967544556,True
dev_train_1034,dev_train,,Tommy_Robredo_0001,Tommy_Robredo_0002,Tommy_Robredo,Tommy_Robredo,true,0.6412380933761597,0.8470677137374878,True
dev_train_1035,dev_train,,Tommy_Robredo_0001,Tommy_Robredo_0003,Tommy_Robredo,Tommy_Robredo,true,0.7123305797576904,0.758510947227478,True
dev_train_1036,dev_train,,Tommy_Robredo_0002,Tommy_Robredo_0003,Tommy_Robredo,Tommy_Robredo,true,0.8045206069946289,0.6252669095993042,True
dev_train_1037,dev_train,,Tony_Bennett_0001,Tony_Bennett_0003,Tony_Bennett,Tony_Bennett,true,0.722493588924408,0.7449919581413269,True
dev_train_1038,dev_train,,Tony_Blair_0006,Tony_Blair_0094,Tony_Blair,Tony_Blair,true,0.7262494564056396,0.7399333119392395,True
dev_train_1039,dev_train,,Torri_Edwards_0001,Torri_Edwards_0002,Torri_Edwards,Torri_Edwards,true,0.8239718079566956,0.5933433771133423,True
dev_train_1040,dev_train,,Tracy_McGrady_0001,Tracy_McGrady_0002,Tracy_McGrady,Tracy_McGrady,true,0.7715069055557251,0.6760075092315674,True
dev_train_1041,dev_train,,Trent_Lott_0003,Trent_Lott_0008,Trent_Lott,Trent_Lott,true,0.7355924248695374,0.7271967530250549,True
dev_train_1042,dev_train,,Tubby_Smith_0002,Tubby_Smith_0003,Tubby_Smith,Tubby_Smith,true,0.735898494720459,0.7267758250236511,True
dev_train_1043,dev_train,,Tyra_Banks_0001,Tyra_Banks_0002,Tyra_Banks,Tyra_Banks,true,0.8154652118682861,0.607511043548584,True
dev_train_1044,dev_train,,Tyron_Garner_0001,Tyron_Garner_0002,Tyron_Garner,Tyron_Garner,true,0.6186157464981079,0.8733662962913513,True
dev_train_1045,dev_train,,Uma_Thurman_0001,Uma_Thurman_0002,Uma_Thurman,Uma_Thurman,true,-0.16439038515090942,1.5260342359542847,True
dev_train_1046,dev_train,,Valdas_Adamkus_0001,Valdas_Adamkus_0002,Valdas_Adamkus,Valdas_Adamkus,true,0.7304439544677734,0.7342426776885986,True
dev_train_1047,dev_train,,Valentino_Rossi_0004,Valentino_Rossi_0005,Valentino_Rossi,Valentino_Rossi,true,0.7261868715286255,0.740017831325531,True
dev_train_1048,dev_train,,Vanessa_Incontrada_0003,Vanessa_Incontrada_0004,Vanessa_Incontrada,Vanessa_Incontrada,true,0.7934495210647583,0.6427295207977295,True
dev_train_1049,dev_train,,Venus_Williams_0006,Venus_Williams_0015,Venus_Williams,Venus_Williams,true,0.7967462539672852,0.6375794410705566,True
dev_train_1050,dev_train,,Venus_Williams_0008,Venus_Williams_0009,Venus_Williams,Venus_Williams,true,0.8671852350234985,0.5153927206993103,True
dev_train_1051,dev_train,,Vicki_Zhao_Wei_0001,Vicki_Zhao_Wei_0002,Vicki_Zhao_Wei,Vicki_Zhao_Wei,true,0.8822708129882812,0.48524031043052673,True
dev_train_1052,dev_train,,Victoria_Clarke_0002,Victoria_Clarke_0005,Victoria_Clarke,Victoria_Clarke,true,0.8113008141517639,0.6143275499343872,True
dev_train_1053,dev_train,,Victoria_Clarke_0003,Victoria_Clarke_0005,Victoria_Clarke,Victoria_Clarke,true,0.8757708072662354,0.49845606088638306,True
dev_train_1054,dev_train,,Vidar_Helgesen_0001,Vidar_Helgesen_0002,Vidar_Helgesen,Vidar_Helgesen,true,0.6499891877174377,0.8366730213165283,True
dev_train_1055,dev_train,,Vin_Diesel_0001,Vin_Diesel_0002,Vin_Diesel,Vin_Diesel,true,0.7365841269493103,0.725831925868988,True
dev_train_1056,dev_train,,Vince_Carter_0001,Vince_Carter_0002,Vince_Carter,Vince_Carter,true,0.6618940830230713,0.8223210573196411,True
dev_train_1057,dev_train,,Vincent_Gallo_0001,Vincent_Gallo_0003,Vincent_Gallo,Vincent_Gallo,true,0.8891446590423584,0.47086164355278015,True
dev_train_1058,dev_train,,Vivica_Fox_0001,Vivica_Fox_0002,Vivica_Fox,Vivica_Fox,true,0.684441864490509,0.794428288936615,True
dev_train_1059,dev_train,,Vladimir_Putin_0001,Vladimir_Putin_0022,Vladimir_Putin,Vladimir_Putin,true,0.766619861125946,0.6831986904144287,True
dev_train_1060,dev_train,,Vladimir_Voltchkov_0001,Vladimir_Voltchkov_0002,Vladimir_Voltchkov,Vladimir_Voltchkov,true,0.6519404053688049,0.8343377113342285,True
dev_train_1061,dev_train,,Vojislav_Kostunica_0003,Vojislav_Kostunica_0007,Vojislav_Kostunica,Vojislav_Kostunica,true,0.8396936655044556,0.5662267804145813,True
dev_train_1062,dev_train,,Walter_Mondale_0001,Walter_Mondale_0004,Walter_Mondale,Walter_Mondale,true,0.7509514689445496,0.7057599425315857,True
dev_train_1063,dev_train,,Wayne_Gretzky_0002,Wayne_Gretzky_0003,Wayne_Gretzky,Wayne_Gretzky,true,0.7373490929603577,0.7247771620750427,True
dev_train_1064,dev_train,,William_Bratton_0001,William_Bratton_0002,William_Bratton,William_Bratton,true,0.841781735420227,0.5625271201133728,True
dev_train_1065,dev_train,,William_Bratton_0001,William_Bratton_0003,William_Bratton,William_Bratton,true,0.8507291078567505,0.5463899374008179,True
dev_train_1066,dev_train,,William_Bratton_0002,William_Bratton_0003,William_Bratton,William_Bratton,true,0.8536118865013123,0.5410880446434021,True
dev_train_1067,dev_train,,William_Bulger_0001,William_Bulger_0002,William_Bulger,William_Bulger,true,0.7882132530212402,0.6508252620697021,True
dev_train_1068,dev_train,,William_Bulger_0002,William_Bulger_0003,William_Bulger,William_Bulger,true,0.8793176412582397,0.4912888705730438,True
dev_train_1069,dev_train,,William_Bulger_0002,William_Bulger_0004,William_Bulger,William_Bulger,true,0.7488112449645996,0.7087860107421875,True
dev_train_1070,dev_train,,William_Donaldson_0003,William_Donaldson_0007,William_Donaldson,William_Donaldson,true,0.784626841545105,0.6563128232955933,True
dev_train_1071,dev_train,,William_Ford_Jr_0001,William_Ford_Jr_0003,William_Ford_Jr,William_Ford_Jr,true,0.6973336338996887,0.7780313491821289,True
dev_train_1072,dev_train,,William_Ford_Jr_0002,William_Ford_Jr_0003,William_Ford_Jr,William_Ford_Jr,true,0.8008428812026978,0.6311214566230774,True
dev_train_1073,dev_train,,William_Ford_Jr_0003,William_Ford_Jr_0004,William_Ford_Jr,William_Ford_Jr,true,0.8836702108383179,0.48234811425209045,True
dev_train_1074,dev_train,,William_Hochul_0001,William_Hochul_0002,William_Hochul,William_Hochul,true,0.7392438054084778,0.7221581339836121,True
dev_train_1075,dev_train,,Win_Aung_0001,Win_Aung_0003,Win_Aung,Win_Aung,true,0.8511769771575928,0.545569658279419,True
dev_train_1076,dev_train,,Win_Aung_0001,Win_Aung_0004,Win_Aung,Win_Aung,true,0.8561491966247559,0.5363782048225403,True
dev_train_1077,dev_train,,Wolfgang_Schuessel_0001,Wolfgang_Schuessel_0003,Wolfgang_Schuessel,Wolfgang_Schuessel,true,0.8311819434165955,0.5810647010803223,True
dev_train_1078,dev_train,,Wu_Yi_0001,Wu_Yi_0003,Wu_Yi,Wu_Yi,true,0.9118736386299133,0.4198249876499176,True
dev_train_1079,dev_train,,Xanana_Gusmao_0002,Xanana_Gusmao_0004,Xanana_Gusmao,Xanana_Gusmao,true,0.794176459312439,0.6415972709655762,True
dev_train_1080,dev_train,,Xavier_Malisse_0002,Xavier_Malisse_0003,Xavier_Malisse,Xavier_Malisse,true,0.8131088018417358,0.6113775968551636,True
dev_train_1081,dev_train,,Xavier_Malisse_0002,Xavier_Malisse_0004,Xavier_Malisse,Xavier_Malisse,true,0.8471217751502991,0.5529525279998779,True
dev_train_1082,dev_train,,Yann_Martel_0001,Yann_Martel_0002,Yann_Martel,Yann_Martel,true,0.8498560786247253,0.5479854345321655,True
dev_train_1083,dev_train,,Yao_Ming_0001,Yao_Ming_0004,Yao_Ming,Yao_Ming,true,-0.1982981115579605,1.5480945110321045,True
dev_train_1084,dev_train,,Yao_Ming_0004,Yao_Ming_0006,Yao_Ming,Yao_Ming,true,-0.1800941824913025,1.5362905263900757,True
dev_train_1085,dev_train,,Yasar_Yakis_0001,Yasar_Yakis_0003,Yasar_Yakis,Yasar_Yakis,true,0.7718557119369507,0.675491452217102,True
dev_train_1086,dev_train,,Yasar_Yakis_0003,Yasar_Yakis_0004,Yasar_Yakis,Yasar_Yakis,true,0.7940385341644287,0.6418123841285706,True
dev_train_1087,dev_train,,Yashwant_Sinha_0002,Yashwant_Sinha_0003,Yashwant_Sinha,Yashwant_Sinha,true,0.794901430606842,0.6404663920402527,True
dev_train_1088,dev_train,,Yashwant_Sinha_0002,Yashwant_Sinha_0006,Yashwant_Sinha,Yashwant_Sinha,true,0.789997935295105,0.6480774283409119,True
dev_train_1089,dev_train,,Yoko_Ono_0001,Yoko_Ono_0002,Yoko_Ono,Yoko_Ono,true,0.9495954513549805,0.3175046145915985,True
dev_train_1090,dev_train,,Yoko_Ono_0001,Yoko_Ono_0004,Yoko_Ono,Yoko_Ono,true,0.884014368057251,0.4816339910030365,True
dev_train_1091,dev_train,,Yossi_Beilin_0001,Yossi_Beilin_0002,Yossi_Beilin,Yossi_Beilin,true,0.842708170413971,0.5608775615692139,True
dev_train_1092,dev_train,,Yu_Shyi-kun_0003,Yu_Shyi-kun_0004,Yu_Shyi-kun,Yu_Shyi-kun,true,0.8221390247344971,0.5964244604110718,True
dev_train_1093,dev_train,,Yuri_Fedotov_0001,Yuri_Fedotov_0002,Yuri_Fedotov,Yuri_Fedotov,true,0.8467719554901123,0.5535849928855896,True
dev_train_1094,dev_train,,Yuri_Malenchenko_0001,Yuri_Malenchenko_0002,Yuri_Malenchenko,Yuri_Malenchenko,true,0.7308340072631836,0.733711302280426,True
dev_train_1095,dev_train,,Zhang_Wenkang_0001,Zhang_Wenkang_0002,Zhang_Wenkang,Zhang_Wenkang,true,0.8935258984565735,0.4614632725715637,True
dev_train_1096,dev_train,,Zhu_Rongji_0001,Zhu_Rongji_0009,Zhu_Rongji,Zhu_Rongji,true,0.8962617516517639,0.4554961621761322,True
dev_train_1097,dev_train,,Zhu_Rongji_0004,Zhu_Rongji_0007,Zhu_Rongji,Zhu_Rongji,true,0.8923183679580688,0.46407264471054077,True
dev_train_1098,dev_train,,Zhu_Rongji_0004,Zhu_Rongji_0008,Zhu_Rongji,Zhu_Rongji,true,0.8903844356536865,0.4682214558124542,True
dev_train_1099,dev_train,,Zhu_Rongji_0005,Zhu_Rongji_0006,Zhu_Rongji,Zhu_Rongji,true,0.9424858093261719,0.33915817737579346,True
dev_train_1100,dev_train,,Zinedine_Zidane_0002,Zinedine_Zidane_0004,Zinedine_Zidane,Zinedine_Zidane,true,0.7876808643341064,0.6516427993774414,True
dev_train_1101,dev_train,,AJ_Cook_0001,Marsha_Thomason_0001,AJ_Cook,Marsha_Thomason,false,0.060411348938941956,1.3708308935165405,True
dev_train_1102,dev_train,,Aaron_Sorkin_0002,Frank_Solich_0005,Aaron_Sorkin,Frank_Solich,false,0.04831411689519882,1.3796274662017822,True
dev_train_1103,dev_train,,Abdel_Nasser_Assidi_0002,Hilary_McKay_0001,Abdel_Nasser_Assidi,Hilary_McKay,false,0.2481245994567871,1.2262752056121826,True
dev_train_1104,dev_train,,Abdoulaye_Wade_0004,Linda_Dano_0001,Abdoulaye_Wade,Linda_Dano,false,0.20058612525463104,1.2644476890563965,True
dev_train_1105,dev_train,,Abdul_Rahman_0001,Magui_Serna_0001,Abdul_Rahman,Magui_Serna,false,-0.03308940678834915,1.4374208450317383,True
dev_train_1106,dev_train,,Abdullah_0001,Dwain_Kyles_0001,Abdullah,Dwain_Kyles,false,0.2190970480442047,1.2497223615646362,True
dev_train_1107,dev_train,,Abdullah_Nasseef_0001,Hipolito_Mejia_0003,Abdullah_Nasseef,Hipolito_Mejia,false,-0.11148645728826523,1.4909636974334717,True
dev_train_1108,dev_train,,Abel_Pacheco_0001,Matt_Roney_0001,Abel_Pacheco,Matt_Roney,false,0.027575192973017693,1.3945786952972412,True
dev_train_1109,dev_train,,Abel_Pacheco_0004,Lucio_Stanca_0001,Abel_Pacheco,Lucio_Stanca,false,0.2707462012767792,1.2076869010925293,True
dev_train_1110,dev_train,,Abner_Martinez_0001,Aidan_Quinn_0001,Abner_Martinez,Aidan_Quinn,false,-0.2490941733121872,1.5805659294128418,True
dev_train_1111,dev_train,,Abner_Martinez_0001,Andre_Techine_0001,Abner_Martinez,Andre_Techine,false,-0.08177586644887924,1.4709017276763916,True
dev_train_1112,dev_train,,Aby_Har-Even_0001,Ricardo_Lopez_Murphy_0002,Aby_Har-Even,Ricardo_Lopez_Murphy,false,0.17784196138381958,1.2823089361190796,True
dev_train_1113,dev_train,,Adisai_Bodharamik_0001,Jesper_Parnevik_0001,Adisai_Bodharamik,Jesper_Parnevik,false,-0.03502654656767845,1.438767910003662,True
dev_train_1114,dev_train,,Adisai_Bodharamik_0001,Mel_Brooks_0002,Adisai_Bodharamik,Mel_Brooks,false,-0.09265092015266418,1.4782766103744507,True
dev_train_1115,dev_train,,Adolfo_Aguilar_Zinser_0002,Ian_Wilmut_0001,Adolfo_Aguilar_Zinser,Ian_Wilmut,false,0.22002069652080536,1.2489830255508423,True
dev_train_1116,dev_train,,Adolfo_Aguilar_Zinser_0003,Soon_Yi_0001,Adolfo_Aguilar_Zinser,Soon_Yi,false,0.15786324441432953,1.2977956533432007,True
dev_train_1117,dev_train,,Adolfo_Rodriguez_Saa_0001,Catherine_Deneuve_0002,Adolfo_Rodriguez_Saa,Catherine_Deneuve,false,0.055644311010837555,1.3743040561676025,True
dev_train_1118,dev_train,,Adrian_Nastase_0002,Ham_Pong-sil_0001,Adrian_Nastase,Ham_Pong-sil,false,0.07022707909345627,1.3636517524719238,True
dev_train_1119,dev_train,,Afton_Smith_0001,Marcos_Cafu_0001,Afton_Smith,Marcos_Cafu,false,0.15976299345493317,1.2963310480117798,True
dev_train_1120,dev_train,,Afton_Smith_0001,Mario_Lobo_Zagallo_0001,Afton_Smith,Mario_Lobo_Zagallo,false,-0.19159182906150818,1.5437564849853516,True
dev_train_1121,dev_train,,Ahmed_Ahmed_0001,David_Canary_0001,Ahmed_Ahmed,David_Canary,false,-0.3588847517967224,1.6485658884048462,True
dev_train_1122,dev_train,,Ahmed_Chalabi_0001,Gian_Marco_0003,Ahmed_Chalabi,Gian_Marco,false,0.12417828291654587,1.323496699333191,True
dev_train_1123,dev_train,,Ahmed_Ibrahim_Bilal_0001,Audrey_Lacroix_0001,Ahmed_Ibrahim_Bilal,Audrey_Lacroix,false,0.02398020587861538,1.3971540927886963,True
dev_train_1124,dev_train,,Ahmed_Ibrahim_Bilal_0001,Eric_Christian_Olsen_0001,Ahmed_Ibrahim_Bilal,Eric_Christian_Olsen,false,-0.23164893686771393,1.5694897174835205,True
dev_train_1125,dev_train,,Ahmed_Ibrahim_Bilal_0001,Paul_Wilson_0001,Ahmed_Ibrahim_Bilal,Paul_Wilson,false,-0.05722794309258461,1.454116940498352,True
dev_train_1126,dev_train,,Ahmed_Ibrahim_Bilal_0001,Rolf_Zimmermann_0001,Ahmed_Ibrahim_Bilal,Rolf_Zimmermann,false,-0.028502611443400383,1.434226393699646,True
dev_train_1127,dev_train,,Ahmed_Lopez_0001,Ray_Morrough_0001,Ahmed_Lopez,Ray_Morrough,false,0.013401268050074577,1.40470552444458,True
dev_train_1128,dev_train,,Ahmet_Demir_0001,Karen_Lynn_Gorney_0001,Ahmet_Demir,Karen_Lynn_Gorney,false,0.14759622514247894,1.3056827783584595,True
dev_train_1129,dev_train,,Ainsworth_Dyer_0001,Mary_Sue_Coleman_0001,Ainsworth_Dyer,Mary_Sue_Coleman,false,-0.021547436714172363,1.4293687343597412,True
dev_train_1130,dev_train,,Aishwarya_Rai_0001,Lorne_Michaels_0001,Aishwarya_Rai,Lorne_Michaels,false,-0.2135276049375534,1.5579009056091309,True
dev_train_1131,dev_train,,Aiysha_Smith_0001,Elijan_Ingram_0001,Aiysha_Smith,Elijan_Ingram,false,0.2498292177915573,1.2248843908309937,True
dev_train_1132,dev_train,,Akbar_Al_Baker_0001,Louisa_Baileche_0001,Akbar_Al_Baker,Louisa_Baileche,false,0.0641392394900322,1.3681087493896484,True
dev_train_1133,dev_train,,Akmal_Taher_0001,Deena_Burnett_0001,Akmal_Taher,Deena_Burnett,false,0.2600306570529938,1.2165273427963257,True
dev_train_1134,dev_train,,Al_Gore_0006,Jeff_Weaver_0001,Al_Gore,Jeff_Weaver,false,0.14383700489997864,1.3085588216781616,True
dev_train_1135,dev_train,,Alain_Ducasse_0001,Flavia_Delaroli_0001,Alain_Ducasse,Flavia_Delaroli,false,-0.09396272897720337,1.4791638851165771,True
dev_train_1136,dev_train,,Alan_Jackson_0001,Geoff_Dixon_0001,Alan_Jackson,Geoff_Dixon,false,0.4142725467681885,1.0823378562927246,True
dev_train_1137,dev_train,,Alan_Jackson_0001,Peter_Albertsen_0001,Alan_Jackson,Peter_Albertsen,false,0.1858009696006775,1.2760870456695557,True
dev_train_1138,dev_train,,Alan_Trammell_0001,Lin_Yung_Hsi_0001,Alan_Trammell,Lin_Yung_Hsi,false,-0.10590246319770813,1.4872139692306519,True
dev_train_1139,dev_train,,Albert_Brooks_0001,Alexander_Downer_0001,Albert_Brooks,Alexander_Downer,false,0.25980719923973083,1.2167110443115234,True
dev_train_1140,dev_train,,Albert_Brooks_0001,Jim_Hendry_0001,Albert_Brooks,Jim_Hendry,false,0.3507772386074066,1.1394935846328735,True
dev_train_1141,dev_train,,Alberto_Acosta_0001,Manuel_Rosendo_0001,Alberto_Acosta,Manuel_Rosendo,false,0.23201984167099,1.239338755607605,True
dev_train_1142,dev_train,,Alberto_Gonzales_0001,Li_Changchun_0001,Alberto_Gonzales,Li_Changchun,false,0.45811060070991516,1.0410470962524414,True
dev_train_1143,dev_train,,Alberto_Gonzales_0001,Tina_Pisnik_0001,Alberto_Gonzales,Tina_Pisnik,false,-0.0683559849858284,1.4617496728897095,True
dev_train_1144,dev_train,,Aldo_Paredes_0001,Azmi_Bishara_0001,Aldo_Paredes,Azmi_Bishara,false,0.0849558562040329,1.3528075218200684,True
dev_train_1145,dev_train,,Alec_Baldwin_0003,Guy_Ritchie_0001,Alec_Baldwin,Guy_Ritchie,false,0.08879876136779785,1.349963903427124,True
dev_train_1146,dev_train,,Alec_Baldwin_0003,Molly_Sims_0001,Alec_Baldwin,Molly_Sims,false,-0.016055339947342873,1.4255212545394897,True
dev_train_1147,dev_train,,Alejandro_Lembo_0001,Azmi_Bishara_0001,Alejandro_Lembo,Azmi_Bishara,false,0.1352931708097458,1.315071702003479,True
dev_train_1148,dev_train,,Alejandro_Lopez_0001,Urmila_Matondkar_0001,Alejandro_Lopez,Urmila_Matondkar,false,0.01407194510102272,1.4042279720306396,True
dev_train_1149,dev_train,,Alejandro_Toledo_0024,Dianne_Feinstein_0002,Alejandro_Toledo,Dianne_Feinstein,false,-0.24854180216789246,1.5802162885665894,True
dev_train_1150,dev_train,,Alex_Holmes_0001,Muhammad_Ibrahim_Bilal_0001,Alex_Holmes,Muhammad_Ibrahim_Bilal,false,0.07230329513549805,1.3621282577514648,True
dev_train_1151,dev_train,,Alex_King_0001,Dennis_Erickson_0001,Alex_King,Dennis_Erickson,false,0.046157777309417725,1.3811894655227661,True
dev_train_1152,dev_train,,Alex_King_0001,Lynne_Thigpen_0001,Alex_King,Lynne_Thigpen,false,0.07198672741651535,1.3623605966567993,True
dev_train_1153,dev_train,,Alex_Wallau_0001,Richard_Krajicek_0001,Alex_Wallau,Richard_Krajicek,false,0.27107226848602295,1.2074168920516968,True
dev_train_1154,dev_train,,Alexa_Loren_0001,MC_Hammer_0001,Alexa_Loren,MC_Hammer,false,-0.06077805534005165,1.4565563201904297,True
dev_train_1155,dev_train,,Alexander_Lukashenko_0001,Richard_Haass_0001,Alexander_Lukashenko,Richard_Haass,false,0.16191847622394562,1.29466712474823,True
dev_train_1156,dev_train,,Alexander_Payne_0001,Patrice_Chereau_0001,Alexander_Payne,Patrice_Chereau,false,-0.10418299585580826,1.4860572814941406,True
dev_train_1157,dev_train,,Alexandre_Vinokourov_0001,Bill_Rainer_0001,Alexandre_Vinokourov,Bill_Rainer,false,0.08257877826690674,1.354563593864441,True
dev_train_1158,dev_train,,Alfonso_Cuaron_0001,Marcos_Milinkovic_0001,Alfonso_Cuaron,Marcos_Milinkovic,false,-0.16841761767864227,1.528671145439148,True
dev_train_1159,dev_train,,Alfredo_Moreno_0001,Dwayne_Wade_0001,Alfredo_Moreno,Dwayne_Wade,false,0.04911453276872635,1.379047155380249,True
dev_train_1160,dev_train,,Alfredo_Moreno_0001,Shane_Reynolds_0001,Alfredo_Moreno,Shane_Reynolds,false,-0.264293372631073,1.5901530981063843,True
dev_train_1161,dev_train,,Alfredo_di_Stefano_0001,Robert_Pollack_0001,Alfredo_di_Stefano,Robert_Pollack,false,0.09805121272802353,1.343092441558838,True
dev_train_1162,dev_train,,Ali_Bin_Hussein_0001,Jean-Luc_Bideau_0001,Ali_Bin_Hussein,Jean-Luc_Bideau,false,0.2176969349384308,1.2508422136306763,True
dev_train_1163,dev_train,,Ali_Hammoud_0001,Geoffrey_Rush_0001,Ali_Hammoud,Geoffrey_Rush,false,0.19178681075572968,1.2713875770568848,True
dev_train_1164,dev_train,,Alicia_Silverstone_0001,Michael_Doleac_0001,Alicia_Silverstone,Michael_Doleac,false,-0.26300352811813354,1.5893417596817017,True
dev_train_1165,dev_train,,Alina_Kabaeva_0001,Amanda_Plumer_0001,Alina_Kabaeva,Amanda_Plumer,false,-0.23623716831207275,1.572410225868225,True
dev_train_1166,dev_train,,Alison_Lohman_0001,Lyudmila_Putin_0001,Alison_Lohman,Lyudmila_Putin,false,-0.054716840386390686,1.4523890018463135,True
dev_train_1167,dev_train,,Allan_Houston_0001,Marwan_Muasher_0001,Allan_Houston,Marwan_Muasher,false,-0.15203702449798584,1.5179177522659302,True
dev_train_1168,dev_train,,Allen_Iverson_0001,Steven_Spielberg_0007,Allen_Iverson,Steven_Spielberg,false,-0.050874099135398865,1.4497408866882324,True
dev_train_1169,dev_train,,Ally_Sheedy_0001,Arsinee_Khanjian_0001,Ally_Sheedy,Arsinee_Khanjian,false,0.21818973124027252,1.250448226928711,True
dev_train_1170,dev_train,,Ally_Sheedy_0001,Pedro_Velasquez_0001,Ally_Sheedy,Pedro_Velasquez,false,0.19658175110816956,1.2676106691360474,True
dev_train_1171,dev_train,,Alvaro_Silva_Calderon_0003,Toni_Jennings_0001,Alvaro_Silva_Calderon,Toni_Jennings,false,0.0882076621055603,1.3504016399383545,True
dev_train_1172,dev_train,,Aly_Wagner_0001,John_Perrota_0001,Aly_Wagner,John_Perrota,false,0.0030597117729485035,1.41204833984375,True
dev_train_1173,dev_train,,Amanda_Beard_0002,Nancy_Greenlaw_0001,Amanda_Beard,Nancy_Greenlaw,false,-0.11716693639755249,1.4947689771652222,True
dev_train_1174,dev_train,,Amanda_Coetzer_0002,Rhett_Warrener_0001,Amanda_Coetzer,Rhett_Warrener,false,0.0965801253914833,1.3441874980926514,True
dev_train_1175,dev_train,,Amanda_Plumer_0001,Jean_Brumley_0001,Amanda_Plumer,Jean_Brumley,false,0.3648482859134674,1.127077341079712,True
dev_train_1176,dev_train,,Amy_Cotton_0001,Curt_Weldon_0001,Amy_Cotton,Curt_Weldon,false,0.07969122380018234,1.3566935062408447,True
dev_train_1177,dev_train,,Amy_Redford_0001,Guillaume_Depardieu_0001,Amy_Redford,Guillaume_Depardieu,false,-0.11412766575813293,1.4927343130111694,True
dev_train_1178,dev_train,,Amy_Smart_0001,Cole_Chapman_0001,Amy_Smart,Cole_Chapman,false,-0.030020100995898247,1.4352840185165405,True
dev_train_1179,dev_train,,Ana_Guevara_0001,Michelangelo_Antonioni_0001,Ana_Guevara,Michelangelo_Antonioni,false,0.18228252232074738,1.2788413763046265,True
dev_train_1180,dev_train,,Anastasia_Kelesidou_0001,Maribel_Dominguez_0001,Anastasia_Kelesidou,Maribel_Dominguez,false,-0.12063848227262497,1.4970895051956177,True
dev_train_1181,dev_train,,Anastasia_Myskina_0002,Maureen_Fanning_0001,Anastasia_Myskina,Maureen_Fanning,false,0.030783087015151978,1.3922765254974365,True
dev_train_1182,dev_train,,Anders_Fogh_Rasmussen_0004,Paula_Dobriansky_0001,Anders_Fogh_Rasmussen,Paula_Dobriansky,false,-0.03428763896226883,1.4382542371749878,True
dev_train_1183,dev_train,,Andrea_Bocelli_0001,Glenn_Plummer_0001,Andrea_Bocelli,Glenn_Plummer,false,-0.002903795102611184,1.4162653684616089,True
dev_train_1184,dev_train,,Andrea_Yates_0001,Andy_Wisecarver_0001,Andrea_Yates,Andy_Wisecarver,false,0.0014061554102227092,1.4132189750671387,True
dev_train_1185,dev_train,,Andrea_Yates_0001,Mike_Myers_0004,Andrea_Yates,Mike_Myers,false,0.1246107667684555,1.3231699466705322,True
dev_train_1186,dev_train,,Andrei_Nikolishin_0001,Jessica_Lynch_0001,Andrei_Nikolishin,Jessica_Lynch,false,0.09430191665887833,1.3458812236785889,True
dev_train_1187,dev_train,,Andres_Manuel_Lopez_Obrador_0001,John_Jumper_0001,Andres_Manuel_Lopez_Obrador,John_Jumper,false,-0.13180039823055267,1.5045267343521118,True
dev_train_1188,dev_train,,Andres_Pastrana_0001,Juan_Antonio_Samaranch_0001,Andres_Pastrana,Juan_Antonio_Samaranch,false,0.02893238514661789,1.3936052322387695,True
dev_train_1189,dev_train,,Andrew_Bernard_0001,Colin_Farrell_0006,Andrew_Bernard,Colin_Farrell,false,-0.17319144308567047,1.5317907333374023,True
dev_train_1190,dev_train,,Andrew_Bunner_0001,David_Obey_0001,Andrew_Bunner,David_Obey,false,-0.21746721863746643,1.5604276657104492,True
dev_train_1191,dev_train,,Andrew_Cuomo_0001,Hamad_Bin_Jassim_0001,Andrew_Cuomo,Hamad_Bin_Jassim,false,-0.09043554961681366,1.47677743434906,True
dev_train_1192,dev_train,,Andrew_Cuomo_0002,Jean-Rene_Fourtou_0001,Andrew_Cuomo,Jean-Rene_Fourtou,false,0.07661234587430954,1.3589611053466797,True
dev_train_1193,dev_train,,Andrew_Fastow_0001,Suzie_McConnell_Serio_0001,Andrew_Fastow,Suzie_McConnell_Serio,false,0.1824822872877121,1.2786850929260254,True
dev_train_1194,dev_train,,Andrew_Gilligan_0001,Hashim_Thaci_0002,Andrew_Gilligan,Hashim_Thaci,false,-0.006182036828249693,1.4185781478881836,True
dev_train_1195,dev_train,,Andrew_Jarecki_0001,Emily_Mortimer_0001,Andrew_Jarecki,Emily_Mortimer,false,-0.10970977693796158,1.4897716045379639,True
dev_train_1196,dev_train,,Andrew_Jarecki_0001,Mike_Myers_0003,Andrew_Jarecki,Mike_Myers,false,0.11260928958654404,1.3322092294692993,True
dev_train_1197,dev_train,,Andrew_Weissmann_0001,Johnny_Benson_0001,Andrew_Weissmann,Johnny_Benson,false,0.06305442750453949,1.3689014911651611,True
dev_train_1198,dev_train,,Andy_Dick_0001,Linda_Lingle_0001,Andy_Dick,Linda_Lingle,false,0.0354841910302639,1.388895869255066,True
dev_train_1199,dev_train,,Andy_Madikians_0001,Solomon_Passy_0001,Andy_Madikians,Solomon_Passy,false,0.28903552889823914,1.1924465894699097,True
dev_train_1200,dev_train,,Andy_Roddick_0001,Richard_Gephardt_0004,Andy_Roddick,Richard_Gephardt,false,-0.02490609884262085,1.4317166805267334,True
dev_train_1201,dev_train,,Andy_Rooney_0001,Mike_Krzyzewski_0002,Andy_Rooney,Mike_Krzyzewski,false,-0.03156045824289322,1.4363569021224976,True
dev_train_1202,dev_train,,Andy_Wisecarver_0001,Peggy_McGuinness_0001,Andy_Wisecarver,Peggy_McGuinness,false,0.15882450342178345,1.2970548868179321,True
dev_train_1203,dev_train,,Anette_Hosoi_0001,Dan_Dickau_0001,Anette_Hosoi,Dan_Dickau,false,0.05833762511610985,1.372342824935913,True
dev_train_1204,dev_train,,Angel_Maza_0001,Juliette_Lewis_0001,Angel_Maza,Juliette_Lewis,false,0.138523668050766,1.3126128911972046,True
dev_train_1205,dev_train,,Angela_Merkel_0001,John_Edwards_0006,Angela_Merkel,John_Edwards,false,0.13184119760990143,1.317694067955017,True
dev_train_1206,dev_train,,Angelica_Romero_0001,Hama_Arba_Diallo_0001,Angelica_Romero,Hama_Arba_Diallo,false,-0.06613890081644058,1.460232138633728,True
dev_train_1207,dev_train,,Angelo_Genova_0001,Denise_Locke_0001,Angelo_Genova,Denise_Locke,false,0.052930425852537155,1.3762773275375366,True
dev_train_1208,dev_train,,Anibal_Ibarra_0001,Christine_Arron_0001,Anibal_Ibarra,Christine_Arron,false,-0.012643810361623764,1.423125982284546,True
dev_train_1209,dev_train,,Anibal_Ibarra_0003,Jane_Walker_Wood_0001,Anibal_Ibarra,Jane_Walker_Wood,false,0.15695889294147491,1.2984923124313354,True
dev_train_1210,dev_train,,Anjum_Hussain_0001,Vaclav_Klaus_0001,Anjum_Hussain,Vaclav_Klaus,false,-0.007380071096122265,1.4194225072860718,True
dev_train_1211,dev_train,,Ann_Morgan_0001,Garry_Kasparov_0002,Ann_Morgan,Garry_Kasparov,false,0.15447816252708435,1.3004014492034912,True
dev_train_1212,dev_train,,Anna_Jones_0001,Colleen_Atwood_0001,Anna_Jones,Colleen_Atwood,false,0.21728840470314026,1.2511687278747559,True
dev_train_1213,dev_train,,Anne_Cavers_0001,Morgan_Freeman_0001,Anne_Cavers,Morgan_Freeman,false,-0.12736225128173828,1.5015740394592285,True
dev_train_1214,dev_train,,Anne_Cavers_0001,Sophie_0001,Anne_Cavers,Sophie,false,0.18732218444347382,1.2748943567276,True
dev_train_1215,dev_train,,Anne_Heche_0001,Kenneth_Dam_0001,Anne_Heche,Kenneth_Dam,false,0.155536949634552,1.2995870113372803,True
dev_train_1216,dev_train,,Anne_ONeil_0001,Rohinton_Mistry_0001,Anne_ONeil,Rohinton_Mistry,false,0.05557198077440262,1.3743566274642944,True
dev_train_1217,dev_train,,Anneli_Jaatteenmaki_0002,Ron_Dittemore_0005,Anneli_Jaatteenmaki,Ron_Dittemore,false,0.23806676268577576,1.2344499826431274,True
dev_train_1218,dev_train,,Anthony_Mazur_0001,Ben_Wallace_0001,Anthony_Mazur,Ben_Wallace,false,0.055011849850416183,1.3747642040252686,True
dev_train_1219,dev_train,,Anthony_Mazur_0001,Jose_Santos_0001,Anthony_Mazur,Jose_Santos,false,-0.24643178284168243,1.5788805484771729,True
dev_train_1220,dev_train,,Anthony_Mazur_0001,Kim_Hong-up_0001,Anthony_Mazur,Kim_Hong-up,false,-0.13282892107963562,1.505210280418396,True
dev_train_1221,dev_train,,Anthony_Pisciotti_0001,Stephane_Rousseau_0001,Anthony_Pisciotti,Stephane_Rousseau,false,-0.10193924605846405,1.4845466613769531,True
dev_train_1222,dev_train,,Anthony_Rackauckas_0001,Jessica_Brungo_0001,Anthony_Rackauckas,Jessica_Brungo,false,-0.14811842143535614,1.5153340101242065,True
dev_train_1223,dev_train,,Anthony_Rackauckas_0001,Samantha_Daniels_0001,Anthony_Rackauckas,Samantha_Daniels,false,-0.1605827659368515,1.5235371589660645,True
dev_train_1224,dev_train,,Anthony_Scott_Miller_0001,Doc_Rivers_0001,Anthony_Scott_Miller,Doc_Rivers,false,0.07566666603088379,1.3596569299697876,True
dev_train_1225,dev_train,,Anthony_Scott_Miller_0001,Helen_Clark_0002,Anthony_Scott_Miller,Helen_Clark,false,-0.023525668308138847,1.4307520389556885,True
dev_train_1226,dev_train,,Antwun_Echols_0001,Henry_Hyde_0001,Antwun_Echols,Henry_Hyde,false,0.25671321153640747,1.219251275062561,True
dev_train_1227,dev_train,,Anwar_Ibrahim_0001,Chung_Mong-hun_0002,Anwar_Ibrahim,Chung_Mong-hun,false,0.3133297860622406,1.1718961000442505,True
dev_train_1228,dev_train,,Anwar_Ibrahim_0001,Santiago_Botero_0001,Anwar_Ibrahim,Santiago_Botero,false,-0.09610896557569504,1.4806139469146729,True
dev_train_1229,dev_train,,Anzori_Kikalishvili_0001,Milan_Kucan_0001,Anzori_Kikalishvili,Milan_Kucan,false,0.22373786568641663,1.2460033893585205,True
dev_train_1230,dev_train,,Aram_Adler_0001,Stanley_Nelson_0001,Aram_Adler,Stanley_Nelson,false,-0.3819175362586975,1.6624786853790283,True
dev_train_1231,dev_train,,Ari_Fleischer_0001,Janet_Leigh_0001,Ari_Fleischer,Janet_Leigh,false,-0.11217665672302246,1.491426706314087,True
dev_train_1232,dev_train,,Arnie_Boehm_0001,Natasa_Micic_0001,Arnie_Boehm,Natasa_Micic,false,-0.1372436285018921,1.5081403255462646,True
dev_train_1233,dev_train,,Arnold_Palmer_0002,Marc_Gold_0001,Arnold_Palmer,Marc_Gold,false,-0.023973826318979263,1.431065320968628,True
dev_train_1234,dev_train,,Art_Hoffmann_0002,Timothy_Coughlin_0001,Art_Hoffmann,Timothy_Coughlin,false,0.15174101293087006,1.302504539489746,True
dev_train_1235,dev_train,,Arthur_Martinez_0001,Brad_Wilk_0001,Arthur_Martinez,Brad_Wilk,false,-0.25368285179138184,1.5834664106369019,True
dev_train_1236,dev_train,,Artieas_Shanks_0001,Hrithik_Roshan_0001,Artieas_Shanks,Hrithik_Roshan,false,-0.10646895319223404,1.487594723701477,True
dev_train_1237,dev_train,,Arye_Mekel_0001,Jaouad_Gharib_0001,Arye_Mekel,Jaouad_Gharib,false,0.1616736650466919,1.294856309890747,True
dev_train_1238,dev_train,,Ashanti_0004,Tom_Lantos_0001,Ashanti,Tom_Lantos,false,-0.027116239070892334,1.4332594871520996,True
dev_train_1239,dev_train,,Ashraf_Ghani_0001,Max_von_Sydow_0001,Ashraf_Ghani,Max_von_Sydow,false,-0.17645813524723053,1.533921718597412,True
dev_train_1240,dev_train,,Ashton_Kutcher_0003,Julio_Toro_0001,Ashton_Kutcher,Julio_Toro,false,-0.11491180956363678,1.4932595491409302,True
dev_train_1241,dev_train,,Asif_Hanif_0001,John_Connolly_0001,Asif_Hanif,John_Connolly,false,-0.04428853839635849,1.4451910257339478,True
dev_train_1242,dev_train,,Atal_Bihari_Vajpayee_0024,Sarah_Price_0001,Atal_Bihari_Vajpayee,Sarah_Price,false,0.05126689001917839,1.3774855136871338,True
dev_train_1243,dev_train,,Atsushi_Sato_0001,Zinedine_Zidane_0005,Atsushi_Sato,Zinedine_Zidane,false,0.11184577643871307,1.33278226852417,True
dev_train_1244,dev_train,,Azmi_Bishara_0001,Ludivine_Sagnier_0003,Azmi_Bishara,Ludivine_Sagnier,false,0.18781138956546783,1.2745106220245361,True
dev_train_1245,dev_train,,BB_King_0001,Benjamin_Martinez_0001,BB_King,Benjamin_Martinez,false,-0.11213111877441406,1.4913960695266724,True
dev_train_1246,dev_train,,BJ_Habibie_0001,Daniel_Chin_0001,BJ_Habibie,Daniel_Chin,false,0.19951428472995758,1.265295147895813,True
dev_train_1247,dev_train,,Baburam_Bhattari_0001,Carlos_Fasciolo_0001,Baburam_Bhattari,Carlos_Fasciolo,false,0.3274539113044739,1.1597812175750732,True
dev_train_1248,dev_train,,Barbara_Bodine_0001,Dora_Bakoyianni_0001,Barbara_Bodine,Dora_Bakoyianni,false,0.1392170786857605,1.312084674835205,True
dev_train_1249,dev_train,,Barbara_Boxer_0001,Carin_Koch_0001,Barbara_Boxer,Carin_Koch,false,0.03968436270952225,1.3858685493469238,True
dev_train_1250,dev_train,,Barbara_Walters_0002,Martin_Scorsese_0002,Barbara_Walters,Martin_Scorsese,false,0.26760876178741455,1.2102819681167603,True
dev_train_1251,dev_train,,Barrett_Jackman_0001,Maureen_Kanka_0001,Barrett_Jackman,Maureen_Kanka,false,-0.24654044210910797,1.5789493322372437,True
dev_train_1252,dev_train,,Barry_Bonds_0001,Michael_Rolinee_0001,Barry_Bonds,Michael_Rolinee,false,0.19987982511520386,1.265006184577942,True
dev_train_1253,dev_train,,Barry_Collier_0001,Rainer_Schuettler_0001,Barry_Collier,Rainer_Schuettler,false,-0.0448857918381691,1.4456043243408203,True
dev_train_1254,dev_train,,Barry_Ford_0001,Michael_Bloomberg_0018,Barry_Ford,Michael_Bloomberg,false,0.01567668281495571,1.4030847549438477,True
dev_train_1255,dev_train,,Barry_Hinson_0001,John_Cusack_0001,Barry_Hinson,John_Cusack,false,0.14612239599227905,1.3068110942840576,True
dev_train_1256,dev_train,,Barry_Hinson_0001,Prince_Naruhito_0003,Barry_Hinson,Prince_Naruhito,false,0.36502230167388916,1.1269230842590332,True
dev_train_1257,dev_train,,Bart_Hendricks_0001,David_Beckham_0008,Bart_Hendricks,David_Beckham,false,0.11360625922679901,1.33146071434021,True
dev_train_1258,dev_train,,Bart_Hendricks_0001,Des_Brown_0001,Bart_Hendricks,Des_Brown,false,0.10173048079013824,1.3403503894805908,True
dev_train_1259,dev_train,,Basdeo_Panday_0001,Maggie_Smith_0001,Basdeo_Panday,Maggie_Smith,false,0.006898539140820503,1.4093271493911743,True
dev_train_1260,dev_train,,Beatriz_Merino_0001,Mikhail_Kalashnikov_0001,Beatriz_Merino,Mikhail_Kalashnikov,false,0.25499653816223145,1.2206584215164185,True
dev_train_1261,dev_train,,Ben_Braun_0001,Dionyssis_Georgiadis_0001,Ben_Braun,Dionyssis_Georgiadis,false,-0.1664687544107437,1.5273957252502441,True
dev_train_1262,dev_train,,Ben_Braun_0001,Sereyvuth_Kem_0001,Ben_Braun,Sereyvuth_Kem,false,-0.12417349219322205,1.4994490146636963,True
dev_train_1263,dev_train,,Ben_Chandler_0001,Ralph_Firman_0002,Ben_Chandler,Ralph_Firman,false,-0.11578421294689178,1.4938435554504395,True
dev_train_1264,dev_train,,Ben_Chandler_0001,Russell_Simmons_0003,Ben_Chandler,Russell_Simmons,false,0.08032728731632233,1.3562246561050415,True
dev_train_1265,dev_train,,Ben_Howland_0001,Filippo_Volandri_0001,Ben_Howland,Filippo_Volandri,false,0.039219263941049576,1.3862041234970093,True
dev_train_1266,dev_train,,Ben_Howland_0002,Conan_OBrien_0001,Ben_Howland,Conan_OBrien,false,-0.047857463359832764,1.4476584196090698,True
dev_train_1267,dev_train,,Ben_Kingsley_0001,Rob_Marshall_0005,Ben_Kingsley,Rob_Marshall,false,-0.11607059091329575,1.494035243988037,True
dev_train_1268,dev_train,,Ben_Kingsley_0001,Tom_Lantos_0001,Ben_Kingsley,Tom_Lantos,false,-0.046123042702674866,1.4464598894119263,True
dev_train_1269,dev_train,,Ben_Lee_0001,Mike_Holmgren_0001,Ben_Lee,Mike_Holmgren,false,0.058752406388521194,1.3720405101776123,True
dev_train_1270,dev_train,,Benedita_da_Silva_0001,Robert_Weitzel_0001,Benedita_da_Silva,Robert_Weitzel,false,-0.23684298992156982,1.5727956295013428,True
dev_train_1271,dev_train,,Benedita_da_Silva_0001,Yao_Ming_0006,Benedita_da_Silva,Yao_Ming,false,0.10274107754230499,1.339596152305603,True
dev_train_1272,dev_train,,Benjamin_Bratt_0001,Mark_Geragos_0001,Benjamin_Bratt,Mark_Geragos,false,0.16694185137748718,1.2907813787460327,True
dev_train_1273,dev_train,,Benjamin_Martinez_0001,Michael_Leavitt_0001,Benjamin_Martinez,Michael_Leavitt,false,-0.09953991323709488,1.4829294681549072,True
dev_train_1274,dev_train,,Bernard_Giraudeau_0001,Eve_Ensler_0001,Bernard_Giraudeau,Eve_Ensler,false,0.07344526797533035,1.3612897396087646,True
dev_train_1275,dev_train,,Bernard_Giraudeau_0001,Marsha_Sharp_0001,Bernard_Giraudeau,Marsha_Sharp,false,-0.08911645412445068,1.4758838415145874,True
dev_train_1276,dev_train,,Bernard_Landry_0001,Marc_Shaiman_0001,Bernard_Landry,Marc_Shaiman,false,0.15973880887031555,1.2963497638702393,True
dev_train_1277,dev_train,,Bernard_Law_0003,Qian_Qichen_0001,Bernard_Law,Qian_Qichen,false,0.11135948449373245,1.3331470489501953,True
dev_train_1278,dev_train,,Bernard_Lord_0002,Cheryl_Tiegs_0001,Bernard_Lord,Cheryl_Tiegs,false,-0.017215950414538383,1.426335096359253,True
dev_train_1279,dev_train,,Bernardo_Segura_0002,Mike_Bair_0001,Bernardo_Segura,Mike_Bair,false,0.02565811015665531,1.3959527015686035,True
dev_train_1280,dev_train,,Bernardo_Segura_0002,Park_Jung_Sung_0001,Bernardo_Segura,Park_Jung_Sung,false,0.051525410264730453,1.3772978782653809,True
dev_train_1281,dev_train,,Bernardo_Segura_0002,Ray_Romano_0009,Bernardo_Segura,Ray_Romano,false,0.48146533966064453,1.0183659791946411,True
dev_train_1282,dev_train,,Bettina_Rheims_0001,Stephen_Covey_0001,Bettina_Rheims,Stephen_Covey,false,-0.26018664240837097,1.5875684022903442,True
dev_train_1283,dev_train,,Betty_Garrison_0001,Rudy_Tomjanovich_0001,Betty_Garrison,Rudy_Tomjanovich,false,-0.2838194966316223,1.602385401725769,True
dev_train_1284,dev_train,,Bijan_Namdar_Zangeneh_0002,Inam-ul-Haq_0001,Bijan_Namdar_Zangeneh,Inam-ul-Haq,false,0.35109269618988037,1.1392167806625366,True
dev_train_1285,dev_train,,Bill_Belichick_0001,Guillermo_Coria_0025,Bill_Belichick,Guillermo_Coria,false,0.0077952612191438675,1.4086908102035522,True
dev_train_1286,dev_train,,Bill_Bradley_0001,Santiago_Botero_0001,Bill_Bradley,Santiago_Botero,false,-0.2700740098953247,1.593784213066101,True
dev_train_1287,dev_train,,Bill_Callahan_0002,Richard_Tubb_0001,Bill_Callahan,Richard_Tubb,false,0.11757581681013107,1.3284759521484375,True
dev_train_1288,dev_train,,Bill_Duffey_0001,Catriona_Le_May_Doan_0001,Bill_Duffey,Catriona_Le_May_Doan,false,-0.13893815875053406,1.509263515472412,True
dev_train_1289,dev_train,,Bill_Kong_0001,Herta_Daeubler-Gmelin_0002,Bill_Kong,Herta_Daeubler-Gmelin,false,0.14114776253700256,1.3106123208999634,True
dev_train_1290,dev_train,,Bill_Lerach_0001,Lucio_Angulo_0001,Bill_Lerach,Lucio_Angulo,false,0.035576436668634415,1.3888294696807861,True
dev_train_1291,dev_train,,Bill_Nelson_0002,Buck_Rodgers_0001,Bill_Nelson,Buck_Rodgers,false,0.22513845562934875,1.2448787689208984,True
dev_train_1292,dev_train,,Bill_Nelson_0002,Roberto_Tovar_0001,Bill_Nelson,Roberto_Tovar,false,-0.03794358670711517,1.4407939910888672,True
dev_train_1293,dev_train,,Bill_OReilly_0001,Kathryn_Bigelow_0001,Bill_OReilly,Kathryn_Bigelow,false,-0.030903613194823265,1.4358993768692017,True
dev_train_1294,dev_train,,Bill_Parcells_0002,Jong_Wook_Lee_0004,Bill_Parcells,Jong_Wook_Lee,false,0.12364468723535538,1.323899745941162,True
dev_train_1295,dev_train,,Bill_Pryor_0001,Wes_Craven_0001,Bill_Pryor,Wes_Craven,false,-0.09887219220399857,1.4824790954589844,True
dev_train_1296,dev_train,,Bill_Rainer_0001,David_Ballantyne_0001,Bill_Rainer,David_Ballantyne,false,-0.10389865934848785,1.4858659505844116,True
dev_train_1297,dev_train,,Bill_Rainer_0001,Patricia_Clarkson_0004,Bill_Rainer,Patricia_Clarkson,false,0.10692860931158066,1.3364665508270264,True
dev_train_1298,dev_train,,Bill_Readdy_0001,Kirk_Doerger_0001,Bill_Readdy,Kirk_Doerger,false,-0.009363585151731968,1.4208192825317383,True
dev_train_1299,dev_train,,Bill_Richardson_0001,Roger_Grimes_0001,Bill_Richardson,Roger_Grimes,false,0.3735989034175873,1.1192865371704102,True
dev_train_1300,dev_train,,Bill_Stein_0001,Chip_Burrus_0001,Bill_Stein,Chip_Burrus,false,0.21006426215171814,1.2569293975830078,True
dev_train_1301,dev_train,,Bill_Walton_0001,Gary_Marshall_0001,Bill_Walton,Gary_Marshall,false,0.0355621799826622,1.3888397216796875,True
dev_train_1302,dev_train,,Billy_Bob_Thornton_0001,Oscar_DLeon_0001,Billy_Bob_Thornton,Oscar_DLeon,false,0.12699346244335175,1.321367859840393,True
dev_train_1303,dev_train,,Billy_Crystal_0004,Shafal_Mosed_0001,Billy_Crystal,Shafal_Mosed,false,-0.2480674386024475,1.57991623878479,True
dev_train_1304,dev_train,,Billy_Graham_0002,Jean_Nagel_0001,Billy_Graham,Jean_Nagel,false,-0.054231055080890656,1.452054500579834,True
dev_train_1305,dev_train,,Billy_Joel_0001,Edwina_Currie_0003,Billy_Joel,Edwina_Currie,false,0.3310993015766144,1.1566336154937744,True
dev_train_1306,dev_train,,Billy_Joel_0001,Lloyd_Richards_0001,Billy_Joel,Lloyd_Richards,false,-0.02659924328327179,1.432898759841919,True
dev_train_1307,dev_train,,Binyamin_Ben-Eliezer_0006,Vicki_Zhao_Wei_0001,Binyamin_Ben-Eliezer,Vicki_Zhao_Wei,false,-0.06819517910480499,1.4616397619247437,True
dev_train_1308,dev_train,,Bison_Dele_0001,John_Stockton_0004,Bison_Dele,John_Stockton,false,0.0327761247754097,1.3908443450927734,True
dev_train_1309,dev_train,,Blythe_Hartley_0002,Masahiko_Nagasawa_0001,Blythe_Hartley,Masahiko_Nagasawa,false,-0.03306157514452934,1.4374016523361206,True
dev_train_1310,dev_train,,Bob_Alper_0001,Chris_Reitsma_0001,Bob_Alper,Chris_Reitsma,false,-0.18348798155784607,1.5384979248046875,True
dev_train_1311,dev_train,,Bob_Alper_0001,Tony_Curtis_0002,Bob_Alper,Tony_Curtis,false,0.345032274723053,1.1445242166519165,True
dev_train_1312,dev_train,,Bob_Beauprez_0001,Patsy_Mink_0001,Bob_Beauprez,Patsy_Mink,false,-0.03410308063030243,1.4381258487701416,True
dev_train_1313,dev_train,,Bob_Bowlsby_0001,Tyler_Grillo_0001,Bob_Bowlsby,Tyler_Grillo,false,0.07452285289764404,1.3604978322982788,True
dev_train_1314,dev_train,,Bob_Curtis_0001,Hans_Blix_0027,Bob_Curtis,Hans_Blix,false,0.18283215165138245,1.2784113883972168,True
dev_train_1315,dev_train,,Bob_Ferguson_0001,Jean-Francois_Pontal_0001,Bob_Ferguson,Jean-Francois_Pontal,false,0.3288978934288025,1.1585354804992676,True
dev_train_1316,dev_train,,Bob_Geldof_0001,John_Spencer_0002,Bob_Geldof,John_Spencer,false,-0.08771484345197678,1.4749338626861572,True
dev_train_1317,dev_train,,Bob_Graham_0006,Mary_Tyler_Moore_0002,Bob_Graham,Mary_Tyler_Moore,false,0.13960790634155273,1.3117866516113281,True
dev_train_1318,dev_train,,Bob_Krueger_0001,Carlos_Alberto_Parreira_0001,Bob_Krueger,Carlos_Alberto_Parreira,false,0.19091683626174927,1.2720717191696167,True
dev_train_1319,dev_train,,Bob_Melvin_0001,Eileen_Coparropa_0002,Bob_Melvin,Eileen_Coparropa,false,-0.2830486297607422,1.601904273033142,True
dev_train_1320,dev_train,,Bob_Stoops_0002,David_Siegel_0001,Bob_Stoops,David_Siegel,false,0.30862337350845337,1.1759053468704224,True
dev_train_1321,dev_train,,Bob_Stoops_0004,Yoelbi_Quesada_0001,Bob_Stoops,Yoelbi_Quesada,false,0.20590947568416595,1.260230541229248,True
dev_train_1322,dev_train,,Bob_Wright_0001,Eriko_Tamura_0001,Bob_Wright,Eriko_Tamura,false,0.005062698852270842,1.4106292724609375,True
dev_train_1323,dev_train,,Bob_Wright_0001,Margaret_Thatcher_0001,Bob_Wright,Margaret_Thatcher,false,-0.04860671982169151,1.4481759071350098,True
dev_train_1324,dev_train,,Bobby_Kielty_0001,Keith_Rodriguez_0001,Bobby_Kielty,Keith_Rodriguez,false,0.01995077356696129,1.4000351428985596,True
dev_train_1325,dev_train,,Bobby_Kielty_0001,Mark_Salter_0001,Bobby_Kielty,Mark_Salter,false,0.4719083309173584,1.027707815170288,True
dev_train_1326,dev_train,,Boris_Becker_0002,Jason_Gardner_0001,Boris_Becker,Jason_Gardner,false,0.11597451567649841,1.3296808004379272,True
dev_train_1327,dev_train,,Boris_Berezovsky_0001,David_Nalbandian_0013,Boris_Berezovsky,David_Nalbandian,false,-0.11893294751644135,1.4959498643875122,True
dev_train_1328,dev_train,,Boris_Henry_0001,Richard_Branson_0002,Boris_Henry,Richard_Branson,false,0.2822626531124115,1.198112964630127,True
dev_train_1329,dev_train,,Boris_Henry_0001,Venus_Williams_0004,Boris_Henry,Venus_Williams,false,-0.013425019569694996,1.4236748218536377,True
dev_train_1330,dev_train,,Brad_Brownell_0001,Cindy_Moll_0001,Brad_Brownell,Cindy_Moll,false,0.25871723890304565,1.217606544494629,True
dev_train_1331,dev_train,,Brad_Gushue_0001,Patricia_Wartusch_0001,Brad_Gushue,Patricia_Wartusch,false,0.00010072533041238785,1.414142370223999,True
dev_train_1332,dev_train,,Brad_Johnson_0003,Diana_Munz_0002,Brad_Johnson,Diana_Munz,false,0.21080878376960754,1.2563369274139404,True
dev_train_1333,dev_train,,Brandon_Hammond_0001,Kurt_Thomas_0001,Brandon_Hammond,Kurt_Thomas,false,0.41125965118408203,1.0851179361343384,True
dev_train_1334,dev_train,,Brandon_Inge_0001,Jose_Lopez_Beltran_0001,Brandon_Inge,Jose_Lopez_Beltran,false,-0.22620946168899536,1.5660202503204346,True
dev_train_1335,dev_train,,Brandon_Inge_0001,Mike_Szymanczyk_0001,Brandon_Inge,Mike_Szymanczyk,false,0.26745569705963135,1.2104084491729736,True
dev_train_1336,dev_train,,Brendan_Hansen_0001,Jim_Wong_0001,Brendan_Hansen,Jim_Wong,false,0.03969840705394745,1.3858582973480225,True
dev_train_1337,dev_train,,Brendan_Stai_0001,Justin_Marshall_0001,Brendan_Stai,Justin_Marshall,false,0.3031630516052246,1.1805397272109985,True
dev_train_1338,dev_train,,Brennon_Leighton_0001,Terry_Gilliam_0001,Brennon_Leighton,Terry_Gilliam,false,-0.03366803005337715,1.4378234148025513,True
dev_train_1339,dev_train,,Brent_Coles_0001,Francois_Botha_0001,Brent_Coles,Francois_Botha,false,-0.01967678591609001,1.428059458732605,True
dev_train_1340,dev_train,,Brett_Hull_0001,Geoffrey_Rush_0001,Brett_Hull,Geoffrey_Rush,false,-0.057618025690317154,1.4543851613998413,True
dev_train_1341,dev_train,,Brian_Grazier_0001,Huang_Suey-Sheng_0001,Brian_Grazier,Huang_Suey-Sheng,false,-0.09886794537305832,1.4824763536453247,True
dev_train_1342,dev_train,,Brian_Grazier_0001,Nate_Huffman_0001,Brian_Grazier,Nate_Huffman,false,0.018069976940751076,1.4013780355453491,True
dev_train_1343,dev_train,,Brian_Grazier_0001,Robbie_Williams_0001,Brian_Grazier,Robbie_Williams,false,0.005814071744680405,1.4100964069366455,True
dev_train_1344,dev_train,,Brian_Gregory_0001,Jimmy_Lee_0001,Brian_Gregory,Jimmy_Lee,false,0.09085431694984436,1.348440408706665,True
dev_train_1345,dev_train,,Brian_Mulroney_0002,Yogi_Berra_0001,Brian_Mulroney,Yogi_Berra,false,0.29717835783958435,1.1855982542037964,True
dev_train_1346,dev_train,,Brian_Pavlich_0001,Marc-Andre_Fleury_0002,Brian_Pavlich,Marc-Andre_Fleury,false,-0.03465167060494423,1.4385074377059937,True
dev_train_1347,dev_train,,Brian_Pavlich_0001,Scott_Sullivan_0001,Brian_Pavlich,Scott_Sullivan,false,-0.06431790441274643,1.4589844942092896,True
dev_train_1348,dev_train,,Brian_Schneider_0001,Tex_Ritter_0001,Brian_Schneider,Tex_Ritter,false,0.32078656554222107,1.1655157804489136,True
dev_train_1349,dev_train,,Brian_Van_Dusen_0001,Sergio_Garcia_0001,Brian_Van_Dusen,Sergio_Garcia,false,-0.1852075159549713,1.539615273475647,True
dev_train_1350,dev_train,,Brittany_Snow_0001,Jim_Bunning_0001,Brittany_Snow,Jim_Bunning,false,-0.03408712521195412,1.438114881515503,True
dev_train_1351,dev_train,,Brook_Robinson_0001,Paul_Farley_0001,Brook_Robinson,Paul_Farley,false,0.19411316514015198,1.2695566415786743,True
dev_train_1352,dev_train,,Brook_Robinson_0001,Wan_Yanhai_0001,Brook_Robinson,Wan_Yanhai,false,-0.21099746227264404,1.5562760829925537,True
dev_train_1353,dev_train,,Brooke_Gordon_0001,Hushiar_Zebari_0001,Brooke_Gordon,Hushiar_Zebari,false,-0.00888105295598507,1.4204795360565186,True
dev_train_1354,dev_train,,Brooke_Gordon_0001,Lucia_Kenny_Anthony_0001,Brooke_Gordon,Lucia_Kenny_Anthony,false,-0.07755264639854431,1.4680277109146118,True
dev_train_1355,dev_train,,Bruce_Arena_0001,Robert_Wiener_0001,Bruce_Arena,Robert_Wiener,false,0.07279729098081589,1.3617655038833618,True
dev_train_1356,dev_train,,Bruce_Springsteen_0002,Shamai_Leibowitz_0001,Bruce_Springsteen,Shamai_Leibowitz,false,0.04129989817738533,1.384702205657959,True
dev_train_1357,dev_train,,Bruce_Van_De_Velde_0001,Greg_Owen_0001,Bruce_Van_De_Velde,Greg_Owen,false,0.20736870169639587,1.259072184562683,True
dev_train_1358,dev_train,,Bruno_Junquiera_0001,Edgar_Savisaar_0001,Bruno_Junquiera,Edgar_Savisaar,false,-0.12216272205114365,1.4981073141098022,True
dev_train_1359,dev_train,,Bryant_Young_0001,Lisa_Stone_0001,Bryant_Young,Lisa_Stone,false,0.16909410059452057,1.2891128063201904,True
dev_train_1360,dev_train,,Buck_Rodgers_0001,Paul_ONeill_0009,Buck_Rodgers,Paul_ONeill,false,0.005243208259344101,1.41050124168396,True
dev_train_1361,dev_train,,Budd_Schulberg_0001,Michelle_Lecky_0001,Budd_Schulberg,Michelle_Lecky,false,-0.1911611109972,1.5434772968292236,True
dev_train_1362,dev_train,,Bulent_Ecevit_0001,Lee_Yuan-tseh_0001,Bulent_Ecevit,Lee_Yuan-tseh,false,0.19840243458747864,1.2661734819412231,True
dev_train_1363,dev_train,,Buzz_Hargrove_0001,Jonathan_Schroeder_0001,Buzz_Hargrove,Jonathan_Schroeder,false,-0.33637258410453796,1.6348532438278198,True
dev_train_1364,dev_train,,Buzz_Hargrove_0001,Keith_Olbermann_0001,Buzz_Hargrove,Keith_Olbermann,false,0.2045382857322693,1.2613182067871094,True
dev_train_1365,dev_train,,Buzz_Hargrove_0001,Tom_Crean_0005,Buzz_Hargrove,Tom_Crean,false,0.05125661939382553,1.3774930238723755,True
dev_train_1366,dev_train,,Cabas_0001,John_Dallager_0001,Cabas,John_Dallager,false,0.07566273957490921,1.3596596717834473,True
dev_train_1367,dev_train,,Cabas_0001,Nicole_Kidman_0007,Cabas,Nicole_Kidman,false,-0.025793934240937233,1.432336449623108,True
dev_train_1368,dev_train,,Caio_Blat_0001,Paula_Radcliffe_0003,Caio_Blat,Paula_Radcliffe,false,-0.05350705236196518,1.4515557289123535,True
dev_train_1369,dev_train,,Caio_Blat_0001,Teresa_Worbis_0001,Caio_Blat,Teresa_Worbis,false,0.08464472740888596,1.3530375957489014,True
dev_train_1370,dev_train,,Cameron_Diaz_0001,Daniela_Cicarelli_0001,Cameron_Diaz,Daniela_Cicarelli,false,-0.0853082612156868,1.4733012914657593,True
dev_train_1371,dev_train,,Cameron_Diaz_0001,Kim_Dae-jung_0003,Cameron_Diaz,Kim_Dae-jung,false,-0.12021986395120621,1.496809959411621,True
dev_train_1372,dev_train,,Camryn_Manheim_0001,Simona_Hradil_0001,Camryn_Manheim,Simona_Hradil,false,-0.005090147722512484,1.4178082942962646,True
dev_train_1373,dev_train,,Carla_Gay_Balingit_0001,Fernando_Henrique_Cardoso_0005,Carla_Gay_Balingit,Fernando_Henrique_Cardoso,false,-0.002542143687605858,1.4160100221633911,True
dev_train_1374,dev_train,,Carla_Myers_0002,John_Henry_0001,Carla_Myers,John_Henry,false,0.08669080585241318,1.3515245914459229,True
dev_train_1375,dev_train,,Carla_Sullivan_0001,Monique_Garbrecht-Enfeldt_0002,Carla_Sullivan,Monique_Garbrecht-Enfeldt,false,-0.15507468581199646,1.519917607307434,True
dev_train_1376,dev_train,,Carlos_Barra_0001,Princess_Aiko_0001,Carlos_Barra,Princess_Aiko,false,0.13832487165927887,1.312764286994934,True
dev_train_1377,dev_train,,Carlos_Fasciolo_0001,David_Bowie_0001,Carlos_Fasciolo,David_Bowie,false,0.10449407994747162,1.3382869958877563,True
dev_train_1378,dev_train,,Carlos_Fasciolo_0001,Lisa_Gottsegen_0002,Carlos_Fasciolo,Lisa_Gottsegen,false,0.026980234310030937,1.395005226135254,True
dev_train_1379,dev_train,,Carlos_Paternina_0001,Jeff_Feldman_0001,Carlos_Paternina,Jeff_Feldman,false,0.06346680968999863,1.3686002492904663,True
dev_train_1380,dev_train,,Carlos_Queiroz_0001,Pa_Kou_Hang_0001,Carlos_Queiroz,Pa_Kou_Hang,false,-0.19509536027908325,1.5460240840911865,True
dev_train_1381,dev_train,,Carlos_Ruiz_0001,Kelvin_Sampson_0002,Carlos_Ruiz,Kelvin_Sampson,false,0.055289603769779205,1.37456214427948,True
dev_train_1382,dev_train,,Carlos_Ruiz_0001,Lincoln_Chafee_0001,Carlos_Ruiz,Lincoln_Chafee,false,-0.0069129616022109985,1.419093370437622,True
dev_train_1383,dev_train,,Carlos_Ruiz_0001,Phil_Mickelson_0002,Carlos_Ruiz,Phil_Mickelson,false,-0.21552878618240356,1.5591849088668823,True
dev_train_1384,dev_train,,Carlos_Salinas_0001,Shaun_Rusling_0001,Carlos_Salinas,Shaun_Rusling,false,0.24282671511173248,1.2305879592895508,True
dev_train_1385,dev_train,,Carlos_Savedra_0001,Chris_Neil_0001,Carlos_Savedra,Chris_Neil,false,0.028853727504611015,1.3936614990234375,True
dev_train_1386,dev_train,,Carlos_Vives_0001,Piers_Sellers_0001,Carlos_Vives,Piers_Sellers,false,0.14033956825733185,1.31122887134552,True
dev_train_1387,dev_train,,Carly_Fiorina_0002,Khalid_Qazi_0001,Carly_Fiorina,Khalid_Qazi,false,-0.11952756345272064,1.4963473081588745,True
dev_train_1388,dev_train,,Carolina_Barco_0001,Maha_Habib_0001,Carolina_Barco,Maha_Habib,false,-0.0368933230638504,1.440064787864685,True
dev_train_1389,dev_train,,Carolina_Kluft_0001,William_Bratton_0002,Carolina_Kluft,William_Bratton,false,-0.2628273069858551,1.5892308950424194,True
dev_train_1390,dev_train,,Carolina_Moraes_0002,Hushiar_Zebari_0001,Carolina_Moraes,Hushiar_Zebari,false,0.19940617680549622,1.2653805017471313,True
dev_train_1391,dev_train,,Cassandra_Heise_0001,Michael_Kors_0001,Cassandra_Heise,Michael_Kors,false,0.029374180361628532,1.3932881355285645,True
dev_train_1392,dev_train,,Cate_Blanchett_0003,Jeanette_Stauffer_0001,Cate_Blanchett,Jeanette_Stauffer,false,0.07613472640514374,1.359312653541565,True
dev_train_1393,dev_train,,Cathryn_Crawford_0001,Kathryn_Grayson_0001,Cathryn_Crawford,Kathryn_Grayson,false,-0.0023561641573905945,1.4158786535263062,True
dev_train_1394,dev_train,,Catriona_Le_May_Doan_0001,Kieran_Culkin_0001,Catriona_Le_May_Doan,Kieran_Culkin,false,-0.3633294701576233,1.6512597799301147,True
dev_train_1395,dev_train,,Catriona_Le_May_Doan_0001,Paul_Henderson_0001,Catriona_Le_May_Doan,Paul_Henderson,false,-0.014833373948931694,1.424663782119751,True
dev_train_1396,dev_train,,Cecilia_Bolocco_0001,Yann_Martel_0002,Cecilia_Bolocco,Yann_Martel,false,0.05395055562257767,1.3755359649658203,True
dev_train_1397,dev_train,,Cecilia_Bolocco_0002,Giulietta_Masina_0001,Cecilia_Bolocco,Giulietta_Masina,false,0.038423873484134674,1.3867777585983276,True
dev_train_1398,dev_train,,Cesar_Gaviria_0004,Sasha_Alexander_0001,Cesar_Gaviria,Sasha_Alexander,false,0.13203400373458862,1.3175476789474487,True
dev_train_1399,dev_train,,Chadha_Gurinder_0001,George_Ryan_0002,Chadha_Gurinder,George_Ryan,false,0.12651510536670685,1.3217298984527588,True
dev_train_1400,dev_train,,Chakib_Khelil_0001,Nathan_Doudney_0001,Chakib_Khelil,Nathan_Doudney,false,-0.21888241171836853,1.5613343715667725,True
dev_train_1401,dev_train,,Chan_Choi_0001,Helmut_Panke_0001,Chan_Choi,Helmut_Panke,false,-0.06703800708055496,1.4608477354049683,True
dev_train_1402,dev_train,,Chan_Choi_0001,Jayson_Williams_0003,Chan_Choi,Jayson_Williams,false,-0.3767685294151306,1.6593785285949707,True
dev_train_1403,dev_train,,Charles_Bell_0001,James_Carville_0001,Charles_Bell,James_Carville,false,0.13940858840942383,1.3119386434555054,True
dev_train_1404,dev_train,,Charles_Chandler_IV_0001,Rainer_Geulen_0001,Charles_Chandler_IV,Rainer_Geulen,false,0.14260385930538177,1.309500813484192,True
dev_train_1405,dev_train,,Charles_Lebois_0001,Yingfan_Wang_0001,Charles_Lebois,Yingfan_Wang,false,-0.00209660641849041,1.415695309638977,True
dev_train_1406,dev_train,,Charles_Lebois_0001,Zeng_Qinghong_0001,Charles_Lebois,Zeng_Qinghong,false,0.23521417379379272,1.2367585897445679,True
dev_train_1407,dev_train,,Charles_Mathews_0001,Judy_Genshaft_0001,Charles_Mathews,Judy_Genshaft,false,-0.22509479522705078,1.5653080940246582,True
dev_train_1408,dev_train,,Charles_Moose_0009,Sheryl_Crow_0004,Charles_Moose,Sheryl_Crow,false,0.11879029124975204,1.3275614976882935,True
dev_train_1409,dev_train,,Charlotte_Casiraghi_0001,Irina_Framtsova_0001,Charlotte_Casiraghi,Irina_Framtsova,false,-0.0007675551460124552,1.414756178855896,True
dev_train_1410,dev_train,,Charlotte_Casiraghi_0001,Jan_Pronk_0001,Charlotte_Casiraghi,Jan_Pronk,false,-0.05838608741760254,1.4549131393432617,True
dev_train_1411,dev_train,,Charlotte_Casiraghi_0001,Paddy_Long_0001,Charlotte_Casiraghi,Paddy_Long,false,0.027923569083213806,1.3943289518356323,True
dev_train_1412,dev_train,,Chelsea_Clinton_0001,Mohamed_Seineldin_0001,Chelsea_Clinton,Mohamed_Seineldin,false,-0.16715006530284882,1.5278416872024536,True
dev_train_1413,dev_train,,Chen_Kaige_0001,Manfred_Reyes_Villa_0001,Chen_Kaige,Manfred_Reyes_Villa,false,0.19900351762771606,1.2656985521316528,True
dev_train_1414,dev_train,,Chen_Tsai-chin_0001,Tim_Welsh_0001,Chen_Tsai-chin,Tim_Welsh,false,-0.0225625392049551,1.4300786256790161,True
dev_train_1415,dev_train,,Cheryl_Hines_0001,Hal_Gehman_0003,Cheryl_Hines,Hal_Gehman,false,0.2619621753692627,1.2149385213851929,True
dev_train_1416,dev_train,,Cheryl_James_0001,Cristiano_da_Matta_0001,Cheryl_James,Cristiano_da_Matta,false,0.11334839463233948,1.3316543102264404,True
dev_train_1417,dev_train,,Cheryl_James_0001,Humberto_Coelho_0001,Cheryl_James,Humberto_Coelho,false,0.07966995984315872,1.3567092418670654,True
dev_train_1418,dev_train,,Chip_Ganassi_0001,Lenny_Kravitz_0001,Chip_Ganassi,Lenny_Kravitz,false,-0.1296055167913437,1.5030672550201416,True
dev_train_1419,dev_train,,Chip_Knight_0001,Tracy_McGrady_0002,Chip_Knight,Tracy_McGrady,false,-0.24113422632217407,1.57552170753479,True
dev_train_1420,dev_train,,Chris_Columbus_0001,Patricia_Garone_0001,Chris_Columbus,Patricia_Garone,false,0.03488101810216904,1.3893301486968994,True
dev_train_1421,dev_train,,Chris_Cooper_0001,Jason_Statham_0001,Chris_Cooper,Jason_Statham,false,-0.1324893832206726,1.504984736442566,True
dev_train_1422,dev_train,,Chris_Cornell_0001,Gary_Marshall_0001,Chris_Cornell,Gary_Marshall,false,0.019245978444814682,1.4005385637283325,True
dev_train_1423,dev_train,,Chris_Crocker_0001,Zafarullah_Khan_Jamali_0001,Chris_Crocker,Zafarullah_Khan_Jamali,false,0.15219378471374512,1.3021568059921265,True
dev_train_1424,dev_train,,Chris_Moore_0001,Marsha_Sharp_0001,Chris_Moore,Marsha_Sharp,false,0.2199203073978424,1.249063491821289,True
dev_train_1425,dev_train,,Chris_Neil_0001,Tom_Reilly_0002,Chris_Neil,Tom_Reilly,false,-0.21595974266529083,1.5594613552093506,True
dev_train_1426,dev_train,,Christian_Bale_0001,Nancy_Greenlaw_0001,Christian_Bale,Nancy_Greenlaw,false,0.037276916205883026,1.3876044750213623,True
dev_train_1427,dev_train,,Christian_Lacroix_0001,Tom_OBrien_0001,Christian_Lacroix,Tom_OBrien,false,0.03794845566153526,1.3871204853057861,True
dev_train_1428,dev_train,,Christian_Lirette_0001,Taku_Yamasaki_0001,Christian_Lirette,Taku_Yamasaki,false,0.1749057173728943,1.2845966815948486,True
dev_train_1429,dev_train,,Christian_Malcolm_0001,Pat_Rochester_0001,Christian_Malcolm,Pat_Rochester,false,0.04220091551542282,1.3840514421463013,True
dev_train_1430,dev_train,,Christina_Aguilera_0004,Fred_Huff_0001,Christina_Aguilera,Fred_Huff,false,0.0656677782535553,1.3669910430908203,True
dev_train_1431,dev_train,,Christoph_Daum_0001,Mitchell_Crooks_0001,Christoph_Daum,Mitchell_Crooks,false,-0.0407145731151104,1.4427160024642944,True
dev_train_1432,dev_train,,Christopher_Amolsch_0001,Jen_Schefft_0001,Christopher_Amolsch,Jen_Schefft,false,-0.2412637174129486,1.5756038427352905,True
dev_train_1433,dev_train,,Christopher_Conyers_0001,Yu_Shyi-kun_0003,Christopher_Conyers,Yu_Shyi-kun,false,0.11203087866306305,1.3326433897018433,True
dev_train_1434,dev_train,,Christopher_Matero_0001,Dita_Von_Tesse_0001,Christopher_Matero,Dita_Von_Tesse,false,-0.02063407376408577,1.4287296533584595,True
dev_train_1435,dev_train,,Chuck_Finley_0001,John_Wright_0001,Chuck_Finley,John_Wright,false,-0.08768012374639511,1.4749102592468262,True
dev_train_1436,dev_train,,Chuck_Hagel_0001,Hu_Jintao_0001,Chuck_Hagel,Hu_Jintao,false,-0.10810694098472595,1.4886953830718994,True
dev_train_1437,dev_train,,Chuck_Yeager_0002,Jacqueline_Obradors_0001,Chuck_Yeager,Jacqueline_Obradors,false,-0.3905436396598816,1.6676592826843262,True
dev_train_1438,dev_train,,Chuck_Yeager_0002,Robert_Ehrlich_0002,Chuck_Yeager,Robert_Ehrlich,false,0.2103256732225418,1.2567214965820312,True
dev_train_1439,dev_train,,Chung_Mong-hun_0001,Ronald_Perelman_0001,Chung_Mong-hun,Ronald_Perelman,false,0.06356360018253326,1.3685294389724731,True
dev_train_1440,dev_train,,Cindy_Klassen_0001,Jayson_Williams_0003,Cindy_Klassen,Jayson_Williams,false,0.12184681743383408,1.3252570629119873,True
dev_train_1441,dev_train,,Cindy_Margolis_0001,Rachel_Wadsworth_0001,Cindy_Margolis,Rachel_Wadsworth,false,0.1533641666173935,1.3012577295303345,True
dev_train_1442,dev_train,,Cindy_Moll_0001,Gregorio_Rosal_0001,Cindy_Moll,Gregorio_Rosal,false,0.13404911756515503,1.316017508506775,True
dev_train_1443,dev_train,,Cindy_Moll_0001,Randy_Jackson_0001,Cindy_Moll,Randy_Jackson,false,-0.04163205996155739,1.4433517456054688,True
dev_train_1444,dev_train,,Cindy_Zagorski_0001,Farouk_al-Sharaa_0002,Cindy_Zagorski,Farouk_al-Sharaa,false,-0.14032001793384552,1.510178804397583,True
dev_train_1445,dev_train,,Ciro_Gomes_0004,Edgar_Savisaar_0001,Ciro_Gomes,Edgar_Savisaar,false,-0.15613898634910583,1.5206176042556763,True
dev_train_1446,dev_train,,Ciro_Gomes_0004,JT_Snow_0001,Ciro_Gomes,JT_Snow,false,0.1324010193347931,1.317269206047058,True
dev_train_1447,dev_train,,Clara_Harris_0001,Ekke_Hard_Forberg_0001,Clara_Harris,Ekke_Hard_Forberg,false,0.022186655551195145,1.398437261581421,True
dev_train_1448,dev_train,,Claude_Jorda_0001,Darko_Milicic_0001,Claude_Jorda,Darko_Milicic,false,-0.06512229144573212,1.459535837173462,True
dev_train_1449,dev_train,,Claudia_Schiffer_0003,Marco_Antonio_Barrera_0002,Claudia_Schiffer,Marco_Antonio_Barrera,false,-0.17995214462280273,1.5361980199813843,True
dev_train_1450,dev_train,,Claudine_Farrell_0001,Dave_McNally_0001,Claudine_Farrell,Dave_McNally,false,0.05815896391868591,1.372473120689392,True
dev_train_1451,dev_train,,Clemente_de_la_Vega_0001,Keith_Brown_0001,Clemente_de_la_Vega,Keith_Brown,false,0.09176909923553467,1.3477617502212524,True
dev_train_1452,dev_train,,Cliff_Ellis_0001,Paul_Luvera_0001,Cliff_Ellis,Paul_Luvera,false,0.32793205976486206,1.159368634223938,True
dev_train_1453,dev_train,,Clifford_Robinson_0001,Tom_Schnackenberg_0001,Clifford_Robinson,Tom_Schnackenberg,false,0.06111098453402519,1.3703205585479736,True
dev_train_1454,dev_train,,Clive_Lloyd_0001,Fujio_Cho_0005,Clive_Lloyd,Fujio_Cho,false,-0.062358856201171875,1.4576411247253418,True
dev_train_1455,dev_train,,Clive_Woodward_0001,Yasar_Yakis_0003,Clive_Woodward,Yasar_Yakis,false,-0.006489594001322985,1.4187949895858765,True
dev_train_1456,dev_train,,Cole_Chapman_0001,Randy_Jackson_0001,Cole_Chapman,Randy_Jackson,false,0.059721991419792175,1.3713337182998657,True
dev_train_1457,dev_train,,Colin_Cowie_0001,Francisco_Urenda_0001,Colin_Cowie,Francisco_Urenda,false,-0.0015113521367311478,1.415281891822815,True
dev_train_1458,dev_train,,Colin_Farrell_0007,Rudolph_Holton_0001,Colin_Farrell,Rudolph_Holton,false,0.16151338815689087,1.2949800491333008,True
dev_train_1459,dev_train,,Colin_Jackson_0002,Keiko_Sofia_Fujimori_0001,Colin_Jackson,Keiko_Sofia_Fujimori,false,-0.16144827008247375,1.524105191230774,True
dev_train_1460,dev_train,,Colin_Phillips_0001,Lenny_Kravitz_0001,Colin_Phillips,Lenny_Kravitz,false,-0.10516535490751266,1.4867180585861206,True
dev_train_1461,dev_train,,Colleen_Atwood_0001,Luis_Fonsi_0001,Colleen_Atwood,Luis_Fonsi,false,-0.041194453835487366,1.4430484771728516,True
dev_train_1462,dev_train,,Colleen_Donovan_0001,Wen_Jiabao_0009,Colleen_Donovan,Wen_Jiabao,false,-0.18186353147029877,1.5374417304992676,True
dev_train_1463,dev_train,,Columba_Bush_0001,Paul_Walker_0001,Columba_Bush,Paul_Walker,false,-0.012443264946341515,1.4229851961135864,True
dev_train_1464,dev_train,,Conan_OBrien_0002,Crispin_Glover_0001,Conan_OBrien,Crispin_Glover,false,0.10932417213916779,1.3346729278564453,True
dev_train_1465,dev_train,,Coretta_Scott_King_0001,Tom_Welch_0001,Coretta_Scott_King,Tom_Welch,false,0.09778720885515213,1.3432891368865967,True
dev_train_1466,dev_train,,Costas_Simitis_0001,Richard_Perle_0001,Costas_Simitis,Richard_Perle,false,0.1777656227350235,1.2823683023452759,True
dev_train_1467,dev_train,,Courtney_Cox_0001,Kathryn_Grayson_0001,Courtney_Cox,Kathryn_Grayson,false,0.022183505818247795,1.3984395265579224,True
dev_train_1468,dev_train,,Courtney_Cox_0001,Taha_Yassin_Ramadan_0009,Courtney_Cox,Taha_Yassin_Ramadan,false,-0.2117968648672104,1.5567896366119385,True
dev_train_1469,dev_train,,Craig_Doblin_0001,Monte_Kiffin_0001,Craig_Doblin,Monte_Kiffin,false,0.1368855983018875,1.313860297203064,True
dev_train_1470,dev_train,,Craig_OClair_0001,Eddie_Jordan_0001,Craig_OClair,Eddie_Jordan,false,-0.16757409274578094,1.5281190872192383,True
dev_train_1471,dev_train,,Craig_Wilson_0001,Warren_Granados_0001,Craig_Wilson,Warren_Granados,false,0.07482928782701492,1.3602725267410278,True
dev_train_1472,dev_train,,Cristian_Barros_0001,John_Lisowski_0001,Cristian_Barros,John_Lisowski,false,-0.10344325006008148,1.4855592250823975,True
dev_train_1473,dev_train,,Cristian_Barros_0001,Miranda_Otto_0001,Cristian_Barros,Miranda_Otto,false,-0.12954840064048767,1.503029227256775,True
dev_train_1474,dev_train,,Cristian_Barros_0001,Paul_William_Hurley_0001,Cristian_Barros,Paul_William_Hurley,false,0.017812851816415787,1.4015613794326782,True
dev_train_1475,dev_train,,Cristian_Barros_0001,Saied_Hadi_al_Mudarissi_0001,Cristian_Barros,Saied_Hadi_al_Mudarissi,false,0.08079840242862701,1.3558772802352905,True
dev_train_1476,dev_train,,Cristiano_da_Matta_0001,Jason_Priestley_0001,Cristiano_da_Matta,Jason_Priestley,false,0.110658198595047,1.3336730003356934,True
dev_train_1477,dev_train,,Cuba_Gooding_Jr_0001,Lee_Byung-woong_0001,Cuba_Gooding_Jr,Lee_Byung-woong,false,0.05794598162174225,1.3726282119750977,True
dev_train_1478,dev_train,,Curtis_Rodriguez_0001,Gary_Sinise_0001,Curtis_Rodriguez,Gary_Sinise,false,-0.01667807623744011,1.4259580373764038,True
dev_train_1479,dev_train,,Curtis_Rodriguez_0001,Phil_Cline_0001,Curtis_Rodriguez,Phil_Cline,false,0.00625975988805294,1.4097803831100464,True
dev_train_1480,dev_train,,DAngelo_Jimenez_0001,Wendy_Kennedy_0001,DAngelo_Jimenez,Wendy_Kennedy,false,-0.12083819508552551,1.4972230195999146,True
dev_train_1481,dev_train,,Daja_Bedanova_0001,Dean_Barker_0001,Daja_Bedanova,Dean_Barker,false,0.008648396469652653,1.4080849885940552,True
dev_train_1482,dev_train,,Dale_Bosworth_0001,Tyrone_Medley_0001,Dale_Bosworth,Tyrone_Medley,false,0.06303878873586655,1.368912935256958,True
dev_train_1483,dev_train,,Dale_Earnhardt_0001,Demi_Moore_0001,Dale_Earnhardt,Demi_Moore,false,-0.03241267800331116,1.4369500875473022,True
dev_train_1484,dev_train,,Dale_Earnhardt_0001,Roy_Halladay_0001,Dale_Earnhardt,Roy_Halladay,false,0.0580197349190712,1.3725744485855103,True
dev_train_1485,dev_train,,Damon_van_Dam_0001,Maria_Shkolnikova_0001,Damon_van_Dam,Maria_Shkolnikova,false,0.1452641636133194,1.3074678182601929,True
dev_train_1486,dev_train,,Dan_Bartlett_0001,Tim_Robbins_0002,Dan_Bartlett,Tim_Robbins,false,0.2795461118221283,1.200378179550171,True
dev_train_1487,dev_train,,Dan_Boyle_0001,Pete_Gillen_0001,Dan_Boyle,Pete_Gillen,false,0.0934157520532608,1.3465394973754883,True
dev_train_1488,dev_train,,Dan_Boyle_0001,Zarai_Toledo_0002,Dan_Boyle,Zarai_Toledo,false,-0.10344675183296204,1.485561728477478,True
dev_train_1489,dev_train,,Dan_Duquette_0001,Juliette_Binoche_0001,Dan_Duquette,Juliette_Binoche,false,-0.05132158100605011,1.4500495195388794,True
dev_train_1490,dev_train,,Dan_Guerrero_0001,Walter_Mondale_0005,Dan_Guerrero,Walter_Mondale,false,-0.08624321967363358,1.4739357233047485,True
dev_train_1491,dev_train,,Dan_LaCoutre_0001,Hernan_Diaz_0001,Dan_LaCoutre,Hernan_Diaz,false,-0.3711291551589966,1.65597665309906,True
dev_train_1492,dev_train,,Dan_LaCoutre_0001,Michael_Jasny_0001,Dan_LaCoutre,Michael_Jasny,false,0.1884845495223999,1.2739824056625366,True
dev_train_1493,dev_train,,Dan_Quayle_0001,David_McKiernan_0001,Dan_Quayle,David_McKiernan,false,0.5255367755889893,0.9741285443305969,True
dev_train_1494,dev_train,,Dan_Quayle_0001,Edina_Batar_0001,Dan_Quayle,Edina_Batar,false,0.04974539577960968,1.3785896301269531,True
dev_train_1495,dev_train,,Dana_Vollmer_0001,Frank_Griswold_0002,Dana_Vollmer,Frank_Griswold,false,-0.17460422217845917,1.5327129364013672,True
dev_train_1496,dev_train,,Daniel_Bruehl_0001,Geovani_Lapentti_0001,Daniel_Bruehl,Geovani_Lapentti,false,0.13963951170444489,1.3117625713348389,True
dev_train_1497,dev_train,,Daniel_Day-Lewis_0003,Jaromir_Jagr_0001,Daniel_Day-Lewis,Jaromir_Jagr,false,0.02208230271935463,1.3985118865966797,True
dev_train_1498,dev_train,,Daniel_Rouse_0001,Talisa_Bratt_0001,Daniel_Rouse,Talisa_Bratt,false,0.17414003610610962,1.285192608833313,True
dev_train_1499,dev_train,,Daniel_Rouse_0001,Tono_Suratman_0001,Daniel_Rouse,Tono_Suratman,false,0.07496324926614761,1.3601741790771484,True
dev_train_1500,dev_train,,Danny_Ainge_0001,Sanjay_Gupta_0001,Danny_Ainge,Sanjay_Gupta,false,-0.05844084918498993,1.4549508094787598,True
dev_train_1501,dev_train,,Darla_Moore_0001,Hugh_Carey_0001,Darla_Moore,Hugh_Carey,false,0.08676581084728241,1.3514690399169922,True
dev_train_1502,dev_train,,Darrell_Issa_0001,Martin_Torrijos_0001,Darrell_Issa,Martin_Torrijos,false,0.2177520990371704,1.2507981061935425,True
dev_train_1503,dev_train,,Darren_Clarke_0001,William_Swor_0001,Darren_Clarke,William_Swor,false,0.2266973853111267,1.2436258792877197,True
dev_train_1504,dev_train,,Dave_Matthews_0001,Derek_Lowe_0001,Dave_Matthews,Derek_Lowe,false,0.2064654380083084,1.2597893476486206,True
dev_train_1505,dev_train,,Dave_Matthews_0001,Ruben_Studdard_0001,Dave_Matthews,Ruben_Studdard,false,0.15608899295330048,1.2991620302200317,True
dev_train_1506,dev_train,,Dave_Matthews_0001,Suzanne_Torrance_0001,Dave_Matthews,Suzanne_Torrance,false,-0.09363598376512527,1.47894287109375,True
dev_train_1507,dev_train,,Dave_McNally_0001,John_Daly_Jr_0001,Dave_McNally,John_Daly_Jr,false,-0.2454565465450287,1.5782626867294312,True
dev_train_1508,dev_train,,Dave_Tucker_0001,Scott_Peterson_0002,Dave_Tucker,Scott_Peterson,false,0.22826439142227173,1.2423651218414307,True
dev_train_1509,dev_train,,Dave_Williams_0001,Dick_Posthumus_0001,Dave_Williams,Dick_Posthumus,false,0.043293267488479614,1.3832619190216064,True
dev_train_1510,dev_train,,Dave_Williams_0001,Lin_Yung_Hsi_0001,Dave_Williams,Lin_Yung_Hsi,false,0.04703379422426224,1.3805551528930664,True
dev_train_1511,dev_train,,Dave_Williams_0001,Robin_McLaurin_Williams_0002,Dave_Williams,Robin_McLaurin_Williams,false,0.15316611528396606,1.3014098405838013,True
dev_train_1512,dev_train,,David_Anderson_0004,Stephanie_Moore_0001,David_Anderson,Stephanie_Moore,false,0.12996035814285278,1.3191206455230713,True
dev_train_1513,dev_train,,David_Anderson_0005,Sharess_Harrell_0001,David_Anderson,Sharess_Harrell,false,-0.25921112298965454,1.5869537591934204,True
dev_train_1514,dev_train,,David_Ballantyne_0001,Job_Cohen_0001,David_Ballantyne,Job_Cohen,false,0.24306724965572357,1.2303924560546875,True
dev_train_1515,dev_train,,David_Bowie_0001,Gloria_Allred_0001,David_Bowie,Gloria_Allred,false,0.32772576808929443,1.1595467329025269,True
dev_train_1516,dev_train,,David_Dewhurst_0001,Leah_Remini_0001,David_Dewhurst,Leah_Remini,false,-0.1863383650779724,1.5403496026992798,True
dev_train_1517,dev_train,,David_Dodge_0002,Jerry_Tarkanian_0001,David_Dodge,Jerry_Tarkanian,false,-0.00893541518598795,1.4205178022384644,True
dev_train_1518,dev_train,,David_Duke_0001,Micky_Arison_0001,David_Duke,Micky_Arison,false,0.25525376200675964,1.2204477787017822,True
dev_train_1519,dev_train,,David_Duke_0001,Yoon_Won-Sik_0001,David_Duke,Yoon_Won-Sik,false,0.04199843108654022,1.38419771194458,True
dev_train_1520,dev_train,,David_Gest_0001,Hikmat_al-Azzawi_0001,David_Gest,Hikmat_al-Azzawi,false,0.0017646511550992727,1.4129652976989746,True
dev_train_1521,dev_train,,David_Heymann_0003,Richard_Sterner_0001,David_Heymann,Richard_Sterner,false,-0.0027683302760124207,1.4161696434020996,True
dev_train_1522,dev_train,,David_Hilt_0001,Emma_Thompson_0002,David_Hilt,Emma_Thompson,false,0.020476095378398895,1.3996598720550537,True
dev_train_1523,dev_train,,David_Hilt_0001,Shawn_Bradley_0001,David_Hilt,Shawn_Bradley,false,0.022906620055437088,1.397922396659851,True
dev_train_1524,dev_train,,David_Myers_0002,Kenny_Brack_0001,David_Myers,Kenny_Brack,false,0.05011168494820595,1.3783239126205444,True
dev_train_1525,dev_train,,David_Przybyszewski_0001,John_McCain_0006,David_Przybyszewski,John_McCain,false,-0.034178655594587326,1.438178539276123,True
dev_train_1526,dev_train,,David_Sibleyk_0001,Mikhail_Khodorkovsky_0001,David_Sibleyk,Mikhail_Khodorkovsky,false,-0.1755005270242691,1.5332975387573242,True
dev_train_1527,dev_train,,David_Siegel_0001,Timothy_Rigas_0001,David_Siegel,Timothy_Rigas,false,0.1617857664823532,1.2947696447372437,True
dev_train_1528,dev_train,,David_Spade_0001,Evander_Holyfield_0001,David_Spade,Evander_Holyfield,false,-0.15159092843532562,1.5176236629486084,True
dev_train_1529,dev_train,,David_Suazo_0001,Liliana_Cavani_0001,David_Suazo,Liliana_Cavani,false,0.019540106877684593,1.400328516960144,True
dev_train_1530,dev_train,,David_Suazo_0001,Mesut_Yilmaz_0001,David_Suazo,Mesut_Yilmaz,false,0.15269818902015686,1.301769495010376,True
dev_train_1531,dev_train,,David_Wells_0007,Stefaan_Declerk_0001,David_Wells,Stefaan_Declerk,false,0.05577173829078674,1.374211311340332,True
dev_train_1532,dev_train,,Dean_Barkley_0004,Mohamed_Benaissa_0002,Dean_Barkley,Mohamed_Benaissa,false,-0.13593217730522156,1.5072705745697021,True
dev_train_1533,dev_train,,Deb_Santos_0001,Rodney_Rempt_0001,Deb_Santos,Rodney_Rempt,false,0.23359188437461853,1.2380696535110474,True
dev_train_1534,dev_train,,Debbie_Reynolds_0003,Kristin_Scott_Thomas_0001,Debbie_Reynolds,Kristin_Scott_Thomas,false,0.1050242930650711,1.3378907442092896,True
dev_train_1535,dev_train,,Debra_Yang_0001,Morgan_Fairchild_0001,Debra_Yang,Morgan_Fairchild,false,-0.008360711857676506,1.4201133251190186,True
dev_train_1536,dev_train,,Demetrius_Ferraciu_0002,Mario_Austin_0001,Demetrius_Ferraciu,Mario_Austin,false,0.06407208740711212,1.3681578636169434,True
dev_train_1537,dev_train,,Denis_Fassou-Nguesso_0001,Luiz_Felipe_Scolari_0002,Denis_Fassou-Nguesso,Luiz_Felipe_Scolari,false,-0.007315198890864849,1.4193768501281738,True
dev_train_1538,dev_train,,Denis_Fassou-Nguesso_0001,Tim_Floyd_0002,Denis_Fassou-Nguesso,Tim_Floyd,false,0.20469379425048828,1.2611949443817139,True
dev_train_1539,dev_train,,Deniz_Baykal_0001,Martin_Hoellwarth_0001,Deniz_Baykal,Martin_Hoellwarth,false,0.09740015119314194,1.343577265739441,True
dev_train_1540,dev_train,,Dennis_Erickson_0002,Tom_Craddick_0001,Dennis_Erickson,Tom_Craddick,false,0.27551305294036865,1.2037333250045776,True
dev_train_1541,dev_train,,Dennis_Kucinich_0006,Terry_Hoeppner_0001,Dennis_Kucinich,Terry_Hoeppner,false,0.28754910826683044,1.1936925649642944,True
dev_train_1542,dev_train,,Dennis_Oswald_0001,Shamai_Leibowitz_0001,Dennis_Oswald,Shamai_Leibowitz,false,-0.12027217447757721,1.49684476852417,True
dev_train_1543,dev_train,,Dereck_Whittenburg_0001,Miranda_Otto_0001,Dereck_Whittenburg,Miranda_Otto,false,0.24740755558013916,1.2268598079681396,True
dev_train_1544,dev_train,,Derek_Bond_0001,Stacy_Dragila_0002,Derek_Bond,Stacy_Dragila,false,0.11855849623680115,1.3277361392974854,True
dev_train_1545,dev_train,,Derrick_Rodgers_0001,Evo_Morales_0001,Derrick_Rodgers,Evo_Morales,false,-0.026833290234208107,1.4330620765686035,True
dev_train_1546,dev_train,,Derrick_Rodgers_0001,Young_Kim_0001,Derrick_Rodgers,Young_Kim,false,-0.14536598324775696,1.5135164260864258,True
dev_train_1547,dev_train,,Diana_Krall_0001,Mark_Salter_0001,Diana_Krall,Mark_Salter,false,-0.053023435175418854,1.4512226581573486,True
dev_train_1548,dev_train,,Diana_Krall_0003,Thomas_Wyman_0002,Diana_Krall,Thomas_Wyman,false,0.12192936986684799,1.3251949548721313,True
dev_train_1549,dev_train,,Diana_Munz_0003,Geno_Auriemma_0001,Diana_Munz,Geno_Auriemma,false,-0.04449215531349182,1.4453319311141968,True
dev_train_1550,dev_train,,Diana_Silvius_0001,Robert_Pollack_0001,Diana_Silvius,Robert_Pollack,false,-0.018115200102329254,1.4269654750823975,True
dev_train_1551,dev_train,,Diana_Taurasi_0002,Steven_Seagal_0002,Diana_Taurasi,Steven_Seagal,false,-0.14293117821216583,1.5119067430496216,True
dev_train_1552,dev_train,,Dianne_Feinstein_0001,Dolly_Parton_0001,Dianne_Feinstein,Dolly_Parton,false,0.09669319540262222,1.3441033363342285,True
dev_train_1553,dev_train,,Dick_Bennett_0001,Mary-Kate_Olsen_0003,Dick_Bennett,Mary-Kate_Olsen,false,-0.046752624213695526,1.4468951225280762,True
dev_train_1554,dev_train,,Dick_Bennett_0001,Mike_Farrar_0001,Dick_Bennett,Mike_Farrar,false,-0.0021605361253023148,1.4157404899597168,True
dev_train_1555,dev_train,,Dick_Smothers_0001,John_Cornyn_0001,Dick_Smothers,John_Cornyn,false,0.16821156442165375,1.2897971868515015,True
dev_train_1556,dev_train,,Dick_Smothers_0001,Lesley_Flood_0001,Dick_Smothers,Lesley_Flood,false,0.08916983753442764,1.34968900680542,True
dev_train_1557,dev_train,,Didier_Defago_0001,Rani_Mukherjee_0001,Didier_Defago,Rani_Mukherjee,false,-0.012844270095229149,1.423266887664795,True
dev_train_1558,dev_train,,Diego_Armando_Maradona_0001,Lee_Chang-dong_0001,Diego_Armando_Maradona,Lee_Chang-dong,false,0.23032961785793304,1.240701675415039,True
dev_train_1559,dev_train,,Dimitar_Berbatov_0001,Naomi_Bronstein_0001,Dimitar_Berbatov,Naomi_Bronstein,false,-0.08231394737958908,1.4712674617767334,True
dev_train_1560,dev_train,,Dinah_Turner_0001,Gerald_Ford_0001,Dinah_Turner,Gerald_Ford,false,-0.15514427423477173,1.5199635028839111,True
dev_train_1561,dev_train,,Dinah_Turner_0001,Mary_Catherine_Correll_0001,Dinah_Turner,Mary_Catherine_Correll,false,-0.04107869043946266,1.4429683685302734,True
dev_train_1562,dev_train,,Dita_Von_Tesse_0001,Olesya_Bonabarenko_0002,Dita_Von_Tesse,Olesya_Bonabarenko,false,-0.06995839625597,1.4628454446792603,True
dev_train_1563,dev_train,,Djabir_Said-Guerni_0001,Marty_Mornhinweg_0003,Djabir_Said-Guerni,Marty_Mornhinweg,false,-0.17265990376472473,1.53144371509552,True
dev_train_1564,dev_train,,Doc_Rivers_0001,Malcolm_Glazer_0001,Doc_Rivers,Malcolm_Glazer,false,-0.035549063235521317,1.4391311407089233,True
dev_train_1565,dev_train,,Dolly_Parton_0001,Miguel_Juarez_Perez_0001,Dolly_Parton,Miguel_Juarez_Perez,false,0.04051860421895981,1.3852663040161133,True
dev_train_1566,dev_train,,Don_Hewitt_0001,Mike_Webster_0001,Don_Hewitt,Mike_Webster,false,-0.02043020725250244,1.4285869598388672,True
dev_train_1567,dev_train,,Donald_Hays_0001,Jennifer_Gratz_0001,Donald_Hays,Jennifer_Gratz,false,0.08058874309062958,1.356031894683838,True
dev_train_1568,dev_train,,Donald_Hays_0001,Marcio_de_Souza_0001,Donald_Hays,Marcio_de_Souza,false,-0.2090120017528534,1.5549997091293335,True
dev_train_1569,dev_train,,Donald_Hays_0001,Roger_Moore_0003,Donald_Hays,Roger_Moore,false,-0.138497456908226,1.5089714527130127,True
dev_train_1570,dev_train,,Donna_Ralston_0001,Lee_Nam-shin_0001,Donna_Ralston,Lee_Nam-shin,false,-0.05673724785447121,1.4537794589996338,True
dev_train_1571,dev_train,,Donnie_Brennan_0001,Javier_Solana_0009,Donnie_Brennan,Javier_Solana,false,0.17285262048244476,1.2861939668655396,True
dev_train_1572,dev_train,,Donnie_Brennan_0001,Lesley_McCulloch_0003,Donnie_Brennan,Lesley_McCulloch,false,0.10102923959493637,1.3408734798431396,True
dev_train_1573,dev_train,,Donny_Osmond_0001,Emilio_Azcarraga_Jean_0001,Donny_Osmond,Emilio_Azcarraga_Jean,false,0.031125381588935852,1.3920307159423828,True
dev_train_1574,dev_train,,Donny_Osmond_0001,Heather_Locklear_0001,Donny_Osmond,Heather_Locklear,false,-0.010408986359834671,1.4215548038482666,True
dev_train_1575,dev_train,,Doris_Roberts_0002,Tommy_Lewis_0001,Doris_Roberts,Tommy_Lewis,false,-0.11156138777732849,1.491014003753662,True
dev_train_1576,dev_train,,Dorothy_Lamour_0001,Omar_Sharif_0004,Dorothy_Lamour,Omar_Sharif,false,0.0876912847161293,1.3507840633392334,True
dev_train_1577,dev_train,,Doug_Christie_0001,Richard_Jefferson_0001,Doug_Christie,Richard_Jefferson,false,0.5273855924606323,0.9722288250923157,True
dev_train_1578,dev_train,,Doug_Wilson_0001,Lee_Chang-dong_0001,Doug_Wilson,Lee_Chang-dong,false,0.05822829529643059,1.372422456741333,True
dev_train_1579,dev_train,,Drew_Bledsoe_0001,Jackie_Sherrill_0001,Drew_Bledsoe,Jackie_Sherrill,false,0.21771696209907532,1.2508262395858765,True
dev_train_1580,dev_train,,Duncan_Fletcher_0001,Nikki_McKibbin_0001,Duncan_Fletcher,Nikki_McKibbin,false,0.07626334577798843,1.3592180013656616,True
dev_train_1581,dev_train,,Dustin_Brown_0001,Wu_Yi_0002,Dustin_Brown,Wu_Yi,false,0.3192237317562103,1.1668559312820435,True
dev_train_1582,dev_train,,Dyab_Abou_Jahjah_0001,Tim_Curley_0001,Dyab_Abou_Jahjah,Tim_Curley,false,0.0742766261100769,1.360678791999817,True
dev_train_1583,dev_train,,Earl_Campbell_0001,Marco_Antonio_Barrera_0003,Earl_Campbell,Marco_Antonio_Barrera,false,0.0658971518278122,1.3668231964111328,True
dev_train_1584,dev_train,,Ed_Book_0001,Mike_Alden_0001,Ed_Book,Mike_Alden,false,0.07553344964981079,1.3597548007965088,True
dev_train_1585,dev_train,,Ed_Rendell_0001,Larenz_Tate_0001,Ed_Rendell,Larenz_Tate,false,0.006083371117711067,1.4099054336547852,True
dev_train_1586,dev_train,,Ed_Smart_0003,William_Shatner_0001,Ed_Smart,William_Shatner,false,-0.0627501830458641,1.4579097032546997,True
dev_train_1587,dev_train,,Ed_Smart_0003,Zaini_Abdullah_0001,Ed_Smart,Zaini_Abdullah,false,-0.11400050669908524,1.492648959159851,True
dev_train_1588,dev_train,,Eddie_Compass_0001,Jean_Brumley_0001,Eddie_Compass,Jean_Brumley,false,-0.14915524423122406,1.516018033027649,True
dev_train_1589,dev_train,,Eddie_Fenech_Adami_0001,Elodie_Bouchez_0001,Eddie_Fenech_Adami,Elodie_Bouchez,false,0.03675003722310066,1.387984275817871,True
dev_train_1590,dev_train,,Eddie_Lewis_0001,Richard_Fine_0001,Eddie_Lewis,Richard_Fine,false,-0.00025159958750009537,1.4143915176391602,True
dev_train_1591,dev_train,,Eddie_Murray_0001,Elva_Hsiao_0001,Eddie_Murray,Elva_Hsiao,false,-0.10084093362092972,1.4838064908981323,True
dev_train_1592,dev_train,,Edmund_Stoiber_0005,Kenneth_Carlsen_0001,Edmund_Stoiber,Kenneth_Carlsen,false,0.020691832527518272,1.3995057344436646,True
dev_train_1593,dev_train,,Eduard_Shevardnadze_0004,Taoufik_Mathlouthi_0001,Eduard_Shevardnadze,Taoufik_Mathlouthi,false,-0.061378300189971924,1.4569683074951172,True
dev_train_1594,dev_train,,Eduardo_Chillida_0001,Luther_Htu_0001,Eduardo_Chillida,Luther_Htu,false,-0.22485840320587158,1.5651570558547974,True
dev_train_1595,dev_train,,Eduardo_Romero_0001,Jerry_Colangelo_0001,Eduardo_Romero,Jerry_Colangelo,false,-0.02274372987449169,1.4302053451538086,True
dev_train_1596,dev_train,,Edward_Burns_0001,Lee_Ann_Womack_0001,Edward_Burns,Lee_Ann_Womack,false,0.16035304963588715,1.2958756685256958,True
dev_train_1597,dev_train,,Edward_Lohn_0001,Shingo_Suetsugu_0001,Edward_Lohn,Shingo_Suetsugu,false,-0.11148475855588913,1.4909626245498657,True
dev_train_1598,dev_train,,Edward_Said_0002,Gillian_Anderson_0001,Edward_Said,Gillian_Anderson,false,0.0792756974697113,1.3569998741149902,True
dev_train_1599,dev_train,,Eglis_Yaima_Cruz_0001,Namuddu_Florence_0001,Eglis_Yaima_Cruz,Namuddu_Florence,false,0.18331094086170197,1.2780368328094482,True
dev_train_1600,dev_train,,Eglis_Yaima_Cruz_0001,Steve_Spurrier_0002,Eglis_Yaima_Cruz,Steve_Spurrier,false,-0.07926034182310104,1.4691903591156006,True
dev_train_1601,dev_train,,Eileen_Coparropa_0001,John_Warner_0004,Eileen_Coparropa,John_Warner,false,-0.04522114247083664,1.4458361864089966,True
dev_train_1602,dev_train,,Eileen_Coparropa_0001,Sadie_Frost_0003,Eileen_Coparropa,Sadie_Frost,false,-0.14136874675750732,1.5108731985092163,True
dev_train_1603,dev_train,,Eileen_Spina_0001,Jason_Statham_0001,Eileen_Spina,Jason_Statham,false,0.10442276298999786,1.338340163230896,True
dev_train_1604,dev_train,,Ekke_Hard_Forberg_0001,Kevin_Sorbo_0001,Ekke_Hard_Forberg,Kevin_Sorbo,false,0.044599052518606186,1.3823175430297852,True
dev_train_1605,dev_train,,Elena_Bereznaya_0001,Queen_Beatrix_0003,Elena_Bereznaya,Queen_Beatrix,false,-0.038819119334220886,1.441401481628418,True
dev_train_1606,dev_train,,Eli_Stutsman_0001,Gerald_Fitch_0001,Eli_Stutsman,Gerald_Fitch,false,0.03932829946279526,1.3861253261566162,True
dev_train_1607,dev_train,,Elijan_Ingram_0001,Thomas_Wilkens_0001,Elijan_Ingram,Thomas_Wilkens,false,-0.0162607803940773,1.4256653785705566,True
dev_train_1608,dev_train,,Elijan_Ingram_0001,Yang_Hee_Kim_0001,Elijan_Ingram,Yang_Hee_Kim,false,-0.0013209347380325198,1.4151474237442017,True
dev_train_1609,dev_train,,Elizabeth_Taylor_0001,Nancy_Kerrigan_0001,Elizabeth_Taylor,Nancy_Kerrigan,false,0.20730921626091003,1.2591193914413452,True
dev_train_1610,dev_train,,Elizabeth_Taylor_0001,Shimon_Peres_0003,Elizabeth_Taylor,Shimon_Peres,false,0.18204167485237122,1.2790296077728271,True
dev_train_1611,dev_train,,Ellen_DeGeneres_0001,Fernando_Sanz_0001,Ellen_DeGeneres,Fernando_Sanz,false,-0.21046099066734314,1.5559313297271729,True
dev_train_1612,dev_train,,Ellen_DeGeneres_0002,Kevin_Keegan_0001,Ellen_DeGeneres,Kevin_Keegan,false,-0.13070282340049744,1.5037970542907715,True
dev_train_1613,dev_train,,Ellen_DeGeneres_0002,Richard_Sambrook_0002,Ellen_DeGeneres,Richard_Sambrook,false,-0.07961539924144745,1.4694321155548096,True
dev_train_1614,dev_train,,Ellen_Engleman_0001,Hassanal_Bolkiah_0001,Ellen_Engleman,Hassanal_Bolkiah,false,-7.37849622964859e-05,1.4142658710479736,True
dev_train_1615,dev_train,,Elodie_Bouchez_0001,Enrique_Oliu_0001,Elodie_Bouchez,Enrique_Oliu,false,-0.08189920336008072,1.4709856510162354,True
dev_train_1616,dev_train,,Elodie_Bouchez_0001,Robert_Mugabe_0002,Elodie_Bouchez,Robert_Mugabe,false,0.2606274485588074,1.2160366773605347,True
dev_train_1617,dev_train,,Elton_John_0003,Jason_Jennings_0002,Elton_John,Jason_Jennings,false,0.24947848916053772,1.225170612335205,True
dev_train_1618,dev_train,,Elva_Hsiao_0001,Michael_Deutsch_0001,Elva_Hsiao,Michael_Deutsch,false,-0.055658839643001556,1.4530375003814697,True
dev_train_1619,dev_train,,Emanuel_Ginobili_0001,Norm_Macdonald_0001,Emanuel_Ginobili,Norm_Macdonald,false,-0.14348027110099792,1.5122699737548828,True
dev_train_1620,dev_train,,Emanuel_Ginobili_0005,Ray_Halbritter_0001,Emanuel_Ginobili,Ray_Halbritter,false,-0.09832337498664856,1.4821089506149292,True
dev_train_1621,dev_train,,Emile_Lahoud_0002,Ricky_Martin_0001,Emile_Lahoud,Ricky_Martin,false,-0.07757499814033508,1.4680429697036743,True
dev_train_1622,dev_train,,Emily_Mortimer_0001,Imelda_Marcos_0001,Emily_Mortimer,Imelda_Marcos,false,0.21183255314826965,1.2555217742919922,True
dev_train_1623,dev_train,,Emily_Robison_0002,Penelope_Taylor_0001,Emily_Robison,Penelope_Taylor,false,-0.22416584193706512,1.5647145509719849,True
dev_train_1624,dev_train,,Emmanuel_Milingo_0001,Shane_Loux_0001,Emmanuel_Milingo,Shane_Loux,false,0.06009622663259506,1.371060848236084,True
dev_train_1625,dev_train,,Emmanuelle_Jagodsinski_0001,Zara_Akhmadova_0001,Emmanuelle_Jagodsinski,Zara_Akhmadova,false,-0.13931584358215332,1.5095138549804688,True
dev_train_1626,dev_train,,Emmit_Smith_0001,Francisco_Santos_0001,Emmit_Smith,Francisco_Santos,false,0.06766225397586823,1.3655312061309814,True
dev_train_1627,dev_train,,Emmit_Smith_0002,Namuddu_Florence_0001,Emmit_Smith,Namuddu_Florence,false,0.3067188262939453,1.1775238513946533,True
dev_train_1628,dev_train,,Emmy_Rossum_0001,Samantha_Ledster_0001,Emmy_Rossum,Samantha_Ledster,false,0.049222469329833984,1.3789688348770142,True
dev_train_1629,dev_train,,Enola_Rice_0001,Jose_Theodore_0001,Enola_Rice,Jose_Theodore,false,-0.06615626811981201,1.460244059562683,True
dev_train_1630,dev_train,,Enrique_Iglesias_0001,Marion_Fahnestock_0001,Enrique_Iglesias,Marion_Fahnestock,false,0.0575488843023777,1.3729174137115479,True
dev_train_1631,dev_train,,Enrique_Medina_Gomez_0001,William_Cocksedge_0001,Enrique_Medina_Gomez,William_Cocksedge,false,0.05286116153001785,1.376327633857727,True
dev_train_1632,dev_train,,Eric_Christian_Olsen_0001,Lisa_Gottsegen_0002,Eric_Christian_Olsen,Lisa_Gottsegen,false,-0.2095963954925537,1.5553754568099976,True
dev_train_1633,dev_train,,Eric_Lloyd_0001,Mark_Gottfried_0003,Eric_Lloyd,Mark_Gottfried,false,0.178582102060318,1.2817316055297852,True
dev_train_1634,dev_train,,Eric_Robert_Rudolph_0001,Gregg_Berhalter_0001,Eric_Robert_Rudolph,Gregg_Berhalter,false,-0.23218251764774323,1.5698295831680298,True
dev_train_1635,dev_train,,Eric_Robert_Rudolph_0001,Philippe_Gagnon_0001,Eric_Robert_Rudolph,Philippe_Gagnon,false,-0.13454550504684448,1.5063502788543701,True
dev_train_1636,dev_train,,Eric_Taino_0001,Igor_Ivanov_0009,Eric_Taino,Igor_Ivanov,false,0.06214497983455658,1.369565725326538,True
dev_train_1637,dev_train,,Erika_Harold_0004,Sepp_Blatter_0001,Erika_Harold,Sepp_Blatter,false,-0.09745928645133972,1.4815257787704468,True
dev_train_1638,dev_train,,Erin_Brockovich_0001,Takahiro_Mori_0001,Erin_Brockovich,Takahiro_Mori,false,-0.029456809163093567,1.4348915815353394,True
dev_train_1639,dev_train,,Ernest_Hollings_0001,Steve_Backley_0001,Ernest_Hollings,Steve_Backley,false,-0.04425276443362236,1.4451662302017212,True
dev_train_1640,dev_train,,Ernie_Els_0001,Octavio_Lara_0001,Ernie_Els,Octavio_Lara,false,0.10578461736440659,1.3373222351074219,True
dev_train_1641,dev_train,,Ernie_Grunfeld_0001,Steven_Kinlock_0001,Ernie_Grunfeld,Steven_Kinlock,false,0.17768456041812897,1.2824316024780273,True
dev_train_1642,dev_train,,Ernie_Harwell_0001,Nora_Ephron_0001,Ernie_Harwell,Nora_Ephron,false,0.016405701637268066,1.4025650024414062,True
dev_train_1643,dev_train,,Ernie_Preate_0001,Farouk_al-Sharaa_0001,Ernie_Preate,Farouk_al-Sharaa,false,0.2537490725517273,1.221679925918579,True
dev_train_1644,dev_train,,Ernie_Stewart_0001,Mohammed_Mehdi_Saleh_0001,Ernie_Stewart,Mohammed_Mehdi_Saleh,false,-0.08083487302064896,1.470261812210083,True
dev_train_1645,dev_train,,Erskine_Bowles_0001,Joe_Lieberman_0011,Erskine_Bowles,Joe_Lieberman,false,0.06831256300210953,1.365054965019226,True
dev_train_1646,dev_train,,Estella_Warren_0001,Peter_Mugyeni_0001,Estella_Warren,Peter_Mugyeni,false,0.053047504276037216,1.3761922121047974,True
dev_train_1647,dev_train,,Fabrice_Santoro_0003,Jennifer_Lopez_0009,Fabrice_Santoro,Jennifer_Lopez,false,0.1135559156537056,1.3314985036849976,True
dev_train_1648,dev_train,,Faisal_Iqbal_0001,Manfred_Stolpe_0001,Faisal_Iqbal,Manfred_Stolpe,false,-0.17104345560073853,1.5303877592086792,True
dev_train_1649,dev_train,,Faisal_Saleh_Hayat_0001,Keira_Knightley_0002,Faisal_Saleh_Hayat,Keira_Knightley,false,-0.1362379938364029,1.5074732303619385,True
dev_train_1650,dev_train,,Farida_Ragoonanan_0001,Lionel_Richie_0002,Farida_Ragoonanan,Lionel_Richie,false,0.29945001006126404,1.183680772781372,True
dev_train_1651,dev_train,,Federico_Castelan_Sayre_0001,Roger_Federer_0003,Federico_Castelan_Sayre,Roger_Federer,false,-0.270113468170166,1.593808889389038,True
dev_train_1652,dev_train,,Feliciano_Lopez_0001,Lynne_Cheney_0001,Feliciano_Lopez,Lynne_Cheney,false,-0.018468700349330902,1.427213191986084,True
dev_train_1653,dev_train,,Felix_Mantilla_0001,Lord_Hutton_0001,Felix_Mantilla,Lord_Hutton,false,0.09861654043197632,1.3426716327667236,True
dev_train_1654,dev_train,,Fernando_Alonso_0001,Mahendra_Chaudhry_0001,Fernando_Alonso,Mahendra_Chaudhry,false,0.05254548043012619,1.3765569925308228,True
dev_train_1655,dev_train,,Fernando_Hierro_0001,Julio_Rossi_0001,Fernando_Hierro,Julio_Rossi,false,0.2124737650156021,1.255010962486267,True
dev_train_1656,dev_train,,Fernando_Hierro_0001,Richard_Naughton_0001,Fernando_Hierro,Richard_Naughton,false,-0.30547046661376953,1.6158406734466553,True
dev_train_1657,dev_train,,Fernando_Sanz_0001,Sonia_Gandhi_0002,Fernando_Sanz,Sonia_Gandhi,false,0.10740476101636887,1.3361101150512695,True
dev_train_1658,dev_train,,Fernando_Sanz_0001,Ted_Turner_0001,Fernando_Sanz,Ted_Turner,false,0.05108761042356491,1.3776156902313232,True
dev_train_1659,dev_train,,Fernando_Valenzuela_0001,Mitt_Romney_0001,Fernando_Valenzuela,Mitt_Romney,false,0.012854404747486115,1.4050947427749634,True
dev_train_1660,dev_train,,Fernando_Velardez_0001,Nicolas_Cage_0002,Fernando_Velardez,Nicolas_Cage,false,-0.1619928479194641,1.5244624614715576,True
dev_train_1661,dev_train,,Florencia_Kirchner_0001,Marat_Safin_0002,Florencia_Kirchner,Marat_Safin,false,-0.05629301071166992,1.4534738063812256,True
dev_train_1662,dev_train,,Francis_George_0001,Massoud_Barzani_0001,Francis_George,Massoud_Barzani,false,0.0579928383231163,1.3725939989089966,True
dev_train_1663,dev_train,,Francis_Mer_0001,Perri_Shaw_0001,Francis_Mer,Perri_Shaw,false,0.035853397101163864,1.3886300325393677,True
dev_train_1664,dev_train,,Francisco_Santos_0001,Jan_Bjoerklund_0001,Francisco_Santos,Jan_Bjoerklund,false,0.10757612437009811,1.3359819650650024,True
dev_train_1665,dev_train,,Franck_Cerutti_0001,Katrin_Cartlidge_0001,Franck_Cerutti,Katrin_Cartlidge,false,-0.04096665978431702,1.4428906440734863,True
dev_train_1666,dev_train,,Franck_Cerutti_0001,Sheldon_Silver_0001,Franck_Cerutti,Sheldon_Silver,false,0.11978092789649963,1.3268150091171265,True
dev_train_1667,dev_train,,Frank_Coraci_0001,Julius_Barnes_0001,Frank_Coraci,Julius_Barnes,false,-0.21897506713867188,1.5613936185836792,True
dev_train_1668,dev_train,,Frank_Griswold_0001,Martina_McBride_0002,Frank_Griswold,Martina_McBride,false,-0.29568716883659363,1.6097745895385742,True
dev_train_1669,dev_train,,Frank_Hilldrup_0001,Nathalie_Baye_0002,Frank_Hilldrup,Nathalie_Baye,false,-0.09179958701133728,1.4777007102966309,True
dev_train_1670,dev_train,,Frank_Shea_0001,Mercedes_Amor_0001,Frank_Shea,Mercedes_Amor,false,0.030563566833734512,1.3924342393875122,True
dev_train_1671,dev_train,,Franko_Simatovic_0001,Jonathan_Karsh_0001,Franko_Simatovic,Jonathan_Karsh,false,-0.04913850873708725,1.4485430717468262,True
dev_train_1672,dev_train,,Fred_Eckhard_0002,Tab_Turner_0001,Fred_Eckhard,Tab_Turner,false,0.14824941754341125,1.3051824569702148,True
dev_train_1673,dev_train,,Fred_Thompson_0002,Zeng_Qinghong_0001,Fred_Thompson,Zeng_Qinghong,false,0.004847094416618347,1.4107820987701416,True
dev_train_1674,dev_train,,Freda_Black_0001,Patricia_Clarkson_0003,Freda_Black,Patricia_Clarkson,false,0.0825280174612999,1.3546011447906494,True
dev_train_1675,dev_train,,Frederique_van_der_Wal_0001,Scott_Wallach_0001,Frederique_van_der_Wal,Scott_Wallach,false,-0.2242370843887329,1.5647600889205933,True
dev_train_1676,dev_train,,Fujio_Cho_0001,Meles_Zenawi_0001,Fujio_Cho,Meles_Zenawi,false,0.025040186941623688,1.396395206451416,True
dev_train_1677,dev_train,,Fujio_Cho_0004,Shaun_Pollock_0001,Fujio_Cho,Shaun_Pollock,false,0.15713252127170563,1.298358678817749,True
dev_train_1678,dev_train,,Gabi_Zimmer_0001,John_Lisowski_0001,Gabi_Zimmer,John_Lisowski,false,-0.01299791969358921,1.423374891281128,True
dev_train_1679,dev_train,,Gabriel_Hughes_0001,Rod_Bryden_0001,Gabriel_Hughes,Rod_Bryden,false,0.12402571737766266,1.3236119747161865,True
dev_train_1680,dev_train,,Gael_Garcia_Bermal_0001,Tyrone_Medley_0001,Gael_Garcia_Bermal,Tyrone_Medley,false,-0.16327984631061554,1.5253064632415771,True
dev_train_1681,dev_train,,Garry_Alejano_0001,Yasser_Arafat_0008,Garry_Alejano,Yasser_Arafat,false,0.07605189085006714,1.3593734502792358,True
dev_train_1682,dev_train,,Gary_Bald_0001,Jason_Sorens_0001,Gary_Bald,Jason_Sorens,false,0.13358429074287415,1.3163706064224243,True
dev_train_1683,dev_train,,Gary_Barnett_0001,Sophie_0001,Gary_Barnett,Sophie,false,-0.0940336361527443,1.4792118072509766,True
dev_train_1684,dev_train,,Gary_Coleman_0001,Michael_Powell_0005,Gary_Coleman,Michael_Powell,false,0.33386659622192383,1.1542387008666992,True
dev_train_1685,dev_train,,Gary_Condit_0001,Peter_Medgyessy_0001,Gary_Condit,Peter_Medgyessy,false,0.021282508969306946,1.3990837335586548,True
dev_train_1686,dev_train,,Gary_Gitnick_0001,Kong_Quan_0001,Gary_Gitnick,Kong_Quan,false,-0.12904885411262512,1.5026968717575073,True
dev_train_1687,dev_train,,Gene_Hackman_0001,Willis_Roberts_0001,Gene_Hackman,Willis_Roberts,false,-0.09324286133050919,1.4786770343780518,True
dev_train_1688,dev_train,,Gennifer_Flowers_0001,George_Bovell_0001,Gennifer_Flowers,George_Bovell,false,0.22940172255039215,1.2414494752883911,True
dev_train_1689,dev_train,,Gennifer_Flowers_0001,Ralph_Lauren_0002,Gennifer_Flowers,Ralph_Lauren,false,0.1973881721496582,1.2669742107391357,True
dev_train_1690,dev_train,,Geoffrey_Rush_0001,Li_Changchun_0001,Geoffrey_Rush,Li_Changchun,false,0.028178546577692032,1.3941459655761719,True
dev_train_1691,dev_train,,George_Allen_0001,Pedro_Duque_0001,George_Allen,Pedro_Duque,false,-0.19610324501991272,1.5466760396957397,True
dev_train_1692,dev_train,,George_Gregan_0001,James_Gandolfini_0003,George_Gregan,James_Gandolfini,false,0.34332510828971863,1.1460148096084595,True
dev_train_1693,dev_train,,George_HW_Bush_0003,Kelly_Osbourne_0001,George_HW_Bush,Kelly_Osbourne,false,0.10670541971921921,1.336633563041687,True
dev_train_1694,dev_train,,George_HW_Bush_0009,John_Lisowski_0001,George_HW_Bush,John_Lisowski,false,-0.0643358901143074,1.4589967727661133,True
dev_train_1695,dev_train,,George_Pataki_0002,Hideki_Matsui_0002,George_Pataki,Hideki_Matsui,false,0.15097759664058685,1.3030905723571777,True
dev_train_1696,dev_train,,George_Ryan_0004,Mitzi_Gaynor_0001,George_Ryan,Mitzi_Gaynor,false,0.036881040781736374,1.3878898620605469,True
dev_train_1697,dev_train,,George_W_Bush_0353,Pupi_Avati_0001,George_W_Bush,Pupi_Avati,false,0.09784814715385437,1.3432438373565674,True
dev_train_1698,dev_train,,George_W_Bush_0407,Rachel_Kempson_0001,George_W_Bush,Rachel_Kempson,false,-0.016632745042443275,1.4259262084960938,True
dev_train_1699,dev_train,,Georgina_Bardach_0001,Phil_Vassar_0002,Georgina_Bardach,Phil_Vassar,false,0.1478351503610611,1.3054999113082886,True
dev_train_1700,dev_train,,Geraldo_Rivera_0001,Jennifer_Aniston_0013,Geraldo_Rivera,Jennifer_Aniston,false,0.06385309994220734,1.3683178424835205,True
dev_train_1701,dev_train,,Gerard_Butler_0001,Pascal_Rheaume_0001,Gerard_Butler,Pascal_Rheaume,false,-0.22448468208312988,1.5649185180664062,True
dev_train_1702,dev_train,,Gerard_Depardieu_0001,Harrison_Ford_0007,Gerard_Depardieu,Harrison_Ford,false,0.20174339413642883,1.2635321617126465,True
dev_train_1703,dev_train,,Gerardo_Gambala_0002,Joey_Mantia_0001,Gerardo_Gambala,Joey_Mantia,false,0.1485317200422287,1.3049662113189697,True
dev_train_1704,dev_train,,Gerhard_Schmid_0001,Noel_Niell_0001,Gerhard_Schmid,Noel_Niell,false,0.08145318925380707,1.3553942441940308,True
dev_train_1705,dev_train,,Gerry_Parsky_0002,Teresa_Heinz_Kerry_0001,Gerry_Parsky,Teresa_Heinz_Kerry,false,0.07293158024549484,1.3616669178009033,True
dev_train_1706,dev_train,,Gian_Marco_0002,Michael_Munoz_0001,Gian_Marco,Michael_Munoz,false,0.27018749713897705,1.2081495523452759,True
dev_train_1707,dev_train,,Gianna_Angelopoulos-Daskalaki_0001,Rita_Wilson_0003,Gianna_Angelopoulos-Daskalaki,Rita_Wilson,false,0.18872672319412231,1.2737922668457031,True
dev_train_1708,dev_train,,Gilberto_Simoni_0001,Raquel_Welch_0002,Gilberto_Simoni,Raquel_Welch,false,-0.16519808769226074,1.5265636444091797,True
dev_train_1709,dev_train,,Gilberto_Simoni_0001,Razali_Ismail_0001,Gilberto_Simoni,Razali_Ismail,false,-0.22994554042816162,1.5684040784835815,True
dev_train_1710,dev_train,,Gilles_Panizzi_0001,Martha_Lucia_Ramirez_0004,Gilles_Panizzi,Martha_Lucia_Ramirez,false,-0.021555161103606224,1.429374098777771,True
dev_train_1711,dev_train,,Gilles_Panizzi_0001,Shafal_Mosed_0001,Gilles_Panizzi,Shafal_Mosed,false,0.08925367146730423,1.349626898765564,True
dev_train_1712,dev_train,,Gina_Torres_0001,Qazi_Afzal_0001,Gina_Torres,Qazi_Afzal,false,-0.003770947689190507,1.4168773889541626,True
dev_train_1713,dev_train,,Gisele_Bundchen_0001,Suzanne_Gaudet_0001,Gisele_Bundchen,Suzanne_Gaudet,false,0.134224995970726,1.315883755683899,True
dev_train_1714,dev_train,,Giulietta_Masina_0001,Hunter_Kemper_0001,Giulietta_Masina,Hunter_Kemper,false,-0.1981479972600937,1.5479974746704102,True
dev_train_1715,dev_train,,Giulietta_Masina_0001,Saied_Hadi_al_Mudarissi_0001,Giulietta_Masina,Saied_Hadi_al_Mudarissi,false,-0.02606811933219433,1.4325278997421265,True
dev_train_1716,dev_train,,Glenn_Plummer_0001,Sandra_Banning_0001,Glenn_Plummer,Sandra_Banning,false,0.09473871439695358,1.345556616783142,True
dev_train_1717,dev_train,,Gloria_Macapagal_Arroyo_0034,Takaloo_0001,Gloria_Macapagal_Arroyo,Takaloo,false,-0.20691078901290894,1.5536478757858276,True
dev_train_1718,dev_train,,Gloria_Trevi_0001,Mickey_Rooney_0001,Gloria_Trevi,Mickey_Rooney,false,0.05635540932416916,1.373786449432373,True
dev_train_1719,dev_train,,Gong_Ruina_0001,Prince_Charles_0005,Gong_Ruina,Prince_Charles,false,-0.0006163492216728628,1.414649486541748,True
dev_train_1720,dev_train,,Gonzalo_Barrientos_0001,Lionel_Hampton_0001,Gonzalo_Barrientos,Lionel_Hampton,false,0.05771983414888382,1.3727929592132568,True
dev_train_1721,dev_train,,Goran_Persson_0001,Vernon_Forrest_0001,Goran_Persson,Vernon_Forrest,false,0.14569836854934692,1.3071354627609253,True
dev_train_1722,dev_train,,Gordana_Grubin_0001,Scott_Verplank_0001,Gordana_Grubin,Scott_Verplank,false,0.000631481409072876,1.4137669801712036,True
dev_train_1723,dev_train,,Gordana_Grubin_0001,Sylvester_Stallone_0006,Gordana_Grubin,Sylvester_Stallone,false,0.07390806078910828,1.3609496355056763,True
dev_train_1724,dev_train,,Gordon_Cooper_0001,Mark_Hamister_0001,Gordon_Cooper,Mark_Hamister,false,-0.10709761083126068,1.488017201423645,True
dev_train_1725,dev_train,,Grady_Irvin_Jr_0001,Mitchell_Crooks_0001,Grady_Irvin_Jr,Mitchell_Crooks,false,-0.010061737149953842,1.4213104248046875,True
dev_train_1726,dev_train,,Grady_Little_0001,Guido_Westerwelle_0001,Grady_Little,Guido_Westerwelle,false,0.08665688335895538,1.3515496253967285,True
dev_train_1727,dev_train,,Graeme_Smith_0001,Silvia_Farina_Elia_0002,Graeme_Smith,Silvia_Farina_Elia,false,-0.031068285927176476,1.4360142946243286,True
dev_train_1728,dev_train,,Graham_Bentley_0001,Monica_Seles_0004,Graham_Bentley,Monica_Seles,false,0.04811098799109459,1.3797746896743774,True
dev_train_1729,dev_train,,Greg_Rusedski_0004,Yoko_Ono_0004,Greg_Rusedski,Yoko_Ono,false,-0.0722448006272316,1.4644076824188232,True
dev_train_1730,dev_train,,Gregg_Berhalter_0001,Juan_Manuel_Marquez_0001,Gregg_Berhalter,Juan_Manuel_Marquez,false,-0.08009063452482224,1.4697556495666504,True
dev_train_1731,dev_train,,Gregg_Popovich_0004,Mario_Lobo_Zagallo_0001,Gregg_Popovich,Mario_Lobo_Zagallo,false,0.18482980132102966,1.2768479585647583,True
dev_train_1732,dev_train,,Gro_Harlem_Brundtland_0002,Ted_Christopher_0001,Gro_Harlem_Brundtland,Ted_Christopher,false,0.007155516184866428,1.4091447591781616,True
dev_train_1733,dev_train,,Guennadi_Chipouline_0001,Maurice_Strong_0001,Guennadi_Chipouline,Maurice_Strong,false,0.11423827707767487,1.3309859037399292,True
dev_train_1734,dev_train,,Guido_Westerwelle_0002,Tatiana_Paus_0001,Guido_Westerwelle,Tatiana_Paus,false,0.1006682813167572,1.3411426544189453,True
dev_train_1735,dev_train,,Guillermo_Canas_0004,John_Paul_II_0010,Guillermo_Canas,John_Paul_II,false,-0.04434534162282944,1.4452303647994995,True
dev_train_1736,dev_train,,Gustavo_Terrazas_0001,John_Starks_0001,Gustavo_Terrazas,John_Starks,false,0.0304105281829834,1.3925440311431885,True
dev_train_1737,dev_train,,Guus_Hiddink_0001,Janet_Napolitano_0003,Guus_Hiddink,Janet_Napolitano,false,0.034827910363674164,1.3893682956695557,True
dev_train_1738,dev_train,,Guy_Hemmings_0002,Ryan_Goodman_0001,Guy_Hemmings,Ryan_Goodman,false,-0.02059108391404152,1.4286994934082031,True
dev_train_1739,dev_train,,Gwen_Stefani_0001,Marcus_Garrettson_0001,Gwen_Stefani,Marcus_Garrettson,false,-0.05849967896938324,1.454991102218628,True
dev_train_1740,dev_train,,Habib_Rizieq_0001,Silvie_Cabero_0001,Habib_Rizieq,Silvie_Cabero,false,0.09399223327636719,1.3461112976074219,True
dev_train_1741,dev_train,,Habib_Rizieq_0004,Zhong_Nanshan_0001,Habib_Rizieq,Zhong_Nanshan,false,0.2614666521549225,1.215346336364746,True
dev_train_1742,dev_train,,Hadley_Bilger_0001,Jaime_Orti_0001,Hadley_Bilger,Jaime_Orti,false,0.013079007156193256,1.4049348831176758,True
dev_train_1743,dev_train,,Hadley_Bilger_0001,Kathleen_Glynn_0001,Hadley_Bilger,Kathleen_Glynn,false,-0.04689212888479233,1.4469914436340332,True
dev_train_1744,dev_train,,Hal_Sellers_0001,Imad_Khadduri_0001,Hal_Sellers,Imad_Khadduri,false,-0.05582064390182495,1.4531488418579102,True
dev_train_1745,dev_train,,Hal_Sellers_0001,Leuris_Pupo_0001,Hal_Sellers,Leuris_Pupo,false,0.08659148216247559,1.3515980243682861,True
dev_train_1746,dev_train,,Halle_Berry_0014,Mike_Holmgren_0001,Halle_Berry,Mike_Holmgren,false,0.04772954806685448,1.3800511360168457,True
dev_train_1747,dev_train,,Hamad_Bin_Jassim_0001,Yukio_Hatoyama_0001,Hamad_Bin_Jassim,Yukio_Hatoyama,false,-0.18377260863780975,1.5386830568313599,True
dev_train_1748,dev_train,,Hamid_Efendi_0001,Valentina_Tereshkova_0001,Hamid_Efendi,Valentina_Tereshkova,false,0.029183220118284225,1.3934252262115479,True
dev_train_1749,dev_train,,Hamid_Efendi_0001,Wolfgang_Schuessel_0004,Hamid_Efendi,Wolfgang_Schuessel,false,0.16936175525188446,1.2889052629470825,True
dev_train_1750,dev_train,,Han_Sung_Joo_0001,Hank_Azaria_0001,Han_Sung_Joo,Hank_Azaria,false,-0.03908483684062958,1.441585898399353,True
dev_train_1751,dev_train,,Hank_Stram_0001,Quin_Snyder_0001,Hank_Stram,Quin_Snyder,false,0.03961416333913803,1.3859190940856934,True
dev_train_1752,dev_train,,Hank_Stram_0001,Rudolph_Holton_0001,Hank_Stram,Rudolph_Holton,false,0.1003759354352951,1.3413605690002441,True
dev_train_1753,dev_train,,Hans-Christian_Schmid_0001,Zaini_Abdullah_0001,Hans-Christian_Schmid,Zaini_Abdullah,false,-0.22532570362091064,1.565455675125122,True
dev_train_1754,dev_train,,Hans_Blix_0022,Saeed_Mortazavi_0001,Hans_Blix,Saeed_Mortazavi,false,-0.02187470905482769,1.4295976161956787,True
dev_train_1755,dev_train,,Harriet_Lessy_0001,Petria_Thomas_0003,Harriet_Lessy,Petria_Thomas,false,-0.09345938265323639,1.4788234233856201,True
dev_train_1756,dev_train,,Hasan_Wirayuda_0001,Monique_Gagnon-Tremblay_0001,Hasan_Wirayuda,Monique_Gagnon-Tremblay,false,-0.1868133842945099,1.5406579971313477,True
dev_train_1757,dev_train,,Hatsui_Hasuike_0001,Kim_Dae-jung_0004,Hatsui_Hasuike,Kim_Dae-jung,false,0.28843116760253906,1.1929534673690796,True
dev_train_1758,dev_train,,Heather_Locklear_0001,Landon_Donovan_0001,Heather_Locklear,Landon_Donovan,false,-0.17453694343566895,1.5326688289642334,True
dev_train_1759,dev_train,,Heather_Locklear_0001,Michelle_Hofland_0001,Heather_Locklear,Michelle_Hofland,false,0.4669695496559143,1.032502293586731,True
dev_train_1760,dev_train,,Heather_Willson_0001,Jeanette_Stauffer_0001,Heather_Willson,Jeanette_Stauffer,false,0.04539673402905464,1.3817404508590698,True
dev_train_1761,dev_train,,Hector_Babenco_0002,Mark_Salter_0001,Hector_Babenco,Mark_Salter,false,0.16786503791809082,1.2900660037994385,True
dev_train_1762,dev_train,,Hector_Grullon_0001,Nicolas_Cage_0004,Hector_Grullon,Nicolas_Cage,false,-0.27501675486564636,1.5968824625015259,True
dev_train_1763,dev_train,,Hedayat_Amin_Arsala_0001,Ray_Lucas_0001,Hedayat_Amin_Arsala,Ray_Lucas,false,0.18745699524879456,1.274788737297058,True
dev_train_1764,dev_train,,Heinrich_Wolfgang_0001,Mike_Fisher_0001,Heinrich_Wolfgang,Mike_Fisher,false,-0.14010460674762726,1.5100362300872803,True
dev_train_1765,dev_train,,Helen_Alvare_0001,Pablo_Khulental_0001,Helen_Alvare,Pablo_Khulental,false,-0.06176657974720001,1.4572347402572632,True
dev_train_1766,dev_train,,Helo_Pinheiro_0001,Rien_Long_0001,Helo_Pinheiro,Rien_Long,false,-0.1786481738090515,1.5353490114212036,True
dev_train_1767,dev_train,,Henk_Bekedam_0001,Jorge_Alberto_Galindo_0001,Henk_Bekedam,Jorge_Alberto_Galindo,false,-0.08746606856584549,1.4747651815414429,True
dev_train_1768,dev_train,,Henry_Hyde_0001,James_May_0001,Henry_Hyde,James_May,false,0.261921763420105,1.214971899986267,True
dev_train_1769,dev_train,,Herb_Ritts_0001,Larry_Johnson_0001,Herb_Ritts,Larry_Johnson,false,-0.2035813182592392,1.551503300666809,True
dev_train_1770,dev_train,,Herb_Sendek_0003,Hillary_Clinton_0003,Herb_Sendek,Hillary_Clinton,false,-0.071657694876194,1.4640066623687744,True
dev_train_1771,dev_train,,Herman_Edwards_0001,Sean_Hayes_0002,Herman_Edwards,Sean_Hayes,false,-0.26154568791389465,1.5884242057800293,True
dev_train_1772,dev_train,,Hermes_Gamonal_0001,Jason_Biggs_0001,Hermes_Gamonal,Jason_Biggs,false,-0.2609715461730957,1.5880626440048218,True
dev_train_1773,dev_train,,Hermes_Gamonal_0001,Sue_Wicks_0001,Hermes_Gamonal,Sue_Wicks,false,0.08866948634386063,1.3500597476959229,True
dev_train_1774,dev_train,,Hillary_Clinton_0002,Zydrunas_Ilgauskas_0001,Hillary_Clinton,Zydrunas_Ilgauskas,false,-0.25113993883132935,1.5818597078323364,True
dev_train_1775,dev_train,,Hilmi_Ozkok_0002,Johnny_Benson_0001,Hilmi_Ozkok,Johnny_Benson,false,-0.12916438281536102,1.5027737617492676,True
dev_train_1776,dev_train,,Hiroki_Gomi_0001,Steve_Karsay_0001,Hiroki_Gomi,Steve_Karsay,false,-0.08633909374475479,1.4740008115768433,True
dev_train_1777,dev_train,,Hisham_Halawi_0001,Lonnie_Donegan_0001,Hisham_Halawi,Lonnie_Donegan,false,-0.06947791576385498,1.4625169038772583,True
dev_train_1778,dev_train,,Hitoshi_Tanaka_0001,Leo_Mullin_0001,Hitoshi_Tanaka,Leo_Mullin,false,0.10738519579172134,1.3361247777938843,True
dev_train_1779,dev_train,,Holly_Robinson_Peete_0001,Robert_Schuller_0001,Holly_Robinson_Peete,Robert_Schuller,false,-0.1056218147277832,1.4870251417160034,True
dev_train_1780,dev_train,,Hong_Myung_0001,Roy_Chaderton_0001,Hong_Myung,Roy_Chaderton,false,0.11953596025705338,1.3269996643066406,True
dev_train_1781,dev_train,,Howard_Stringer_0001,Princess_Elisabeth_0002,Howard_Stringer,Princess_Elisabeth,false,0.19701795279979706,1.2672663927078247,True
dev_train_1782,dev_train,,Hugh_Carey_0001,Oprah_Winfrey_0004,Hugh_Carey,Oprah_Winfrey,false,-0.0667746439576149,1.460667371749878,True
dev_train_1783,dev_train,,Hung_Wan-ting_0001,Intisar_Ajouri_0001,Hung_Wan-ting,Intisar_Ajouri,false,0.16224995255470276,1.2944111824035645,True
dev_train_1784,dev_train,,Hushiar_Zebari_0001,Morgan_Fairchild_0001,Hushiar_Zebari,Morgan_Fairchild,false,0.09687598049640656,1.343967318534851,True
dev_train_1785,dev_train,,Hushiar_Zebari_0001,Osrat_Iosef_0001,Hushiar_Zebari,Osrat_Iosef,false,0.1610608994960785,1.2953294515609741,True
dev_train_1786,dev_train,,Hussein_Malik_0001,Kurt_Russell_0001,Hussein_Malik,Kurt_Russell,false,-0.018256941810250282,1.4270647764205933,True
dev_train_1787,dev_train,,Iain_Anderson_0001,Troy_Garity_0001,Iain_Anderson,Troy_Garity,false,-0.06964626163244247,1.4626320600509644,True
dev_train_1788,dev_train,,Iain_Duncan_Smith_0002,Ted_Maher_0002,Iain_Duncan_Smith,Ted_Maher,false,0.005927165504544973,1.4100161790847778,True
dev_train_1789,dev_train,,Ian_Wilmut_0001,Randall_Tobias_0001,Ian_Wilmut,Randall_Tobias,false,0.01937853917479515,1.4004439115524292,True
dev_train_1790,dev_train,,Ibrahim_Hilal_0001,Kathy_Baker_0001,Ibrahim_Hilal,Kathy_Baker,false,-0.02151566371321678,1.4293464422225952,True
dev_train_1791,dev_train,,Ibrahim_Jaafari_0001,Tom_Brennan_0001,Ibrahim_Jaafari,Tom_Brennan,false,-0.08889515697956085,1.4757338762283325,True
dev_train_1792,dev_train,,Ibrahim_Rugova_0001,Juan_Manuel_Marquez_0001,Ibrahim_Rugova,Juan_Manuel_Marquez,false,0.020980900153517723,1.3992992639541626,True
dev_train_1793,dev_train,,Ignacio_Antonio_Velasco_0001,Lionel_Richie_0002,Ignacio_Antonio_Velasco,Lionel_Richie,false,0.10772033780813217,1.335874080657959,True
dev_train_1794,dev_train,,Igor_Trunov_0001,Steve_Avery_0001,Igor_Trunov,Steve_Avery,false,-0.043286219239234924,1.4444973468780518,True
dev_train_1795,dev_train,,Igor_Trunov_0001,Vladimir_Voltchkov_0002,Igor_Trunov,Vladimir_Voltchkov,false,0.37856781482696533,1.1148383617401123,True
dev_train_1796,dev_train,,Inga_Hall_0001,Jorge_Alberto_Galindo_0001,Inga_Hall,Jorge_Alberto_Galindo,false,-0.21830318868160248,1.5609633922576904,True
dev_train_1797,dev_train,,Inga_Hall_0001,Richard_Tubb_0001,Inga_Hall,Richard_Tubb,false,-0.008647051639854908,1.420314908027649,True
dev_train_1798,dev_train,,Ira_Einhorn_0001,William_Shatner_0001,Ira_Einhorn,William_Shatner,false,0.0872713029384613,1.3510949611663818,True
dev_train_1799,dev_train,,Irwan_Fadzi_Idris_0001,Kathy_Bates_0001,Irwan_Fadzi_Idris,Kathy_Bates,false,0.09190499037504196,1.347661018371582,True
dev_train_1800,dev_train,,Irwan_Fadzi_Idris_0001,Ted_Maher_0002,Irwan_Fadzi_Idris,Ted_Maher,false,-0.13220593333244324,1.5047962665557861,True
dev_train_1801,dev_train,,Ismael_Miranda_0001,John_Malkovich_0001,Ismael_Miranda,John_Malkovich,false,0.16018478572368622,1.2960056066513062,True
dev_train_1802,dev_train,,Ismael_Miranda_0001,Mohamed_Hammam_0001,Ismael_Miranda,Mohamed_Hammam,false,0.3981037735939026,1.0971747636795044,True
dev_train_1803,dev_train,,Jack_LaLanne_0001,Zafarullah_Khan_Jamali_0002,Jack_LaLanne,Zafarullah_Khan_Jamali,false,-0.08221656829118729,1.4712013006210327,True
dev_train_1804,dev_train,,Jack_Straw_0006,John_Rosa_0002,Jack_Straw,John_Rosa,false,-0.01938711106777191,1.4278565645217896,True
dev_train_1805,dev_train,,Jack_Valenti_0001,Jaouad_Gharib_0001,Jack_Valenti,Jaouad_Gharib,false,0.20450183749198914,1.2613470554351807,True
dev_train_1806,dev_train,,Jackie_Sherrill_0001,John_Norquist_0001,Jackie_Sherrill,John_Norquist,false,0.3837451934814453,1.1101845502853394,True
dev_train_1807,dev_train,,Jacob_Frenkel_0001,Joseph_Hoy_0001,Jacob_Frenkel,Joseph_Hoy,false,0.2996046841144562,1.1835500001907349,True
dev_train_1808,dev_train,,Jacob_Frenkel_0001,Matthew_Ouimet_0001,Jacob_Frenkel,Matthew_Ouimet,false,0.2293718159198761,1.2414735555648804,True
dev_train_1809,dev_train,,Jacques_Kallis_0001,Robert_Towne_0001,Jacques_Kallis,Robert_Towne,false,-0.2264535129070282,1.566175937652588,True
dev_train_1810,dev_train,,Jada_Pinkett_Smith_0001,Mercedes_Amor_0001,Jada_Pinkett_Smith,Mercedes_Amor,false,0.1990775465965271,1.265640139579773,True
dev_train_1811,dev_train,,Jade_Jagger_0001,Marisol_Breton_0001,Jade_Jagger,Marisol_Breton,false,0.061352524906396866,1.370144248008728,True
dev_train_1812,dev_train,,Jafar_Umar_Thalib_0001,John_Rigas_0001,Jafar_Umar_Thalib,John_Rigas,false,-0.13388000428676605,1.505908489227295,True
dev_train_1813,dev_train,,Jafar_Umar_Thalib_0001,Juan_Valencia_Osorio_0001,Jafar_Umar_Thalib,Juan_Valencia_Osorio,false,0.31786951422691345,1.1680158376693726,True
dev_train_1814,dev_train,,Jakob_Kellenberger_0001,Kiki_Vandeweghe_0001,Jakob_Kellenberger,Kiki_Vandeweghe,false,-0.17440856993198395,1.5325851440429688,True
dev_train_1815,dev_train,,Jakob_Kellenberger_0001,Riccardo_Muti_0001,Jakob_Kellenberger,Riccardo_Muti,false,0.1134888082742691,1.3315489292144775,True
dev_train_1816,dev_train,,James_Baker_0001,Piers_Sellers_0001,James_Baker,Piers_Sellers,false,0.12646055221557617,1.3217711448669434,True
dev_train_1817,dev_train,,James_Ballenger_0001,Norah_Jones_0005,James_Ballenger,Norah_Jones,false,0.11497119069099426,1.3304351568222046,True
dev_train_1818,dev_train,,James_Barksdale_0001,Jose_Miguel_Aleman_0001,James_Barksdale,Jose_Miguel_Aleman,false,0.27479231357574463,1.2043319940567017,True
dev_train_1819,dev_train,,James_Barksdale_0001,Tom_DeLay_0001,James_Barksdale,Tom_DeLay,false,0.1852101981639862,1.2765499353408813,True
dev_train_1820,dev_train,,James_Collinson_0001,Jim_Nochols_0001,James_Collinson,Jim_Nochols,false,-0.030598895624279976,1.4356871843338013,True
dev_train_1821,dev_train,,James_Cunningham_0002,Martin_Kristof_0001,James_Cunningham,Martin_Kristof,false,-0.08540739864110947,1.4733686447143555,True
dev_train_1822,dev_train,,James_Hakett_0001,Leandro_Garcia_0001,James_Hakett,Leandro_Garcia,false,0.027454303577542305,1.3946653604507446,True
dev_train_1823,dev_train,,James_Hill_0001,Natasha_McElhone_0001,James_Hill,Natasha_McElhone,false,-0.11528882384300232,1.4935119152069092,True
dev_train_1824,dev_train,,James_Jones_0002,Patrick_Clawsen_0001,James_Jones,Patrick_Clawsen,false,0.1907385289669037,1.2722119092941284,True
dev_train_1825,dev_train,,James_May_0001,Toutai_Kefu_0001,James_May,Toutai_Kefu,false,0.19528724253177643,1.2686313390731812,True
dev_train_1826,dev_train,,James_McPherson_0001,Ralph_Klein_0002,James_McPherson,Ralph_Klein,false,-0.2160884439945221,1.5595438480377197,True
dev_train_1827,dev_train,,James_Roberts_0001,Olesya_Bonabarenko_0002,James_Roberts,Olesya_Bonabarenko,false,0.05949007347226143,1.3715027570724487,True
dev_train_1828,dev_train,,James_Robertson_Jr_0001,Justin_Wilson_0001,James_Robertson_Jr,Justin_Wilson,false,0.10286341607570648,1.3395049571990967,True
dev_train_1829,dev_train,,James_Spalding_0001,Saeed_Mortazavi_0001,James_Spalding,Saeed_Mortazavi,false,-0.040905021131038666,1.4428478479385376,True
dev_train_1830,dev_train,,James_W_Kennedy_0001,Joan_Collins_0001,James_W_Kennedy,Joan_Collins,false,0.045681461691856384,1.3815343379974365,True
dev_train_1831,dev_train,,Jan_Petersen_0001,Tom_Miller_0001,Jan_Petersen,Tom_Miller,false,-0.1341618150472641,1.5060955286026,True
dev_train_1832,dev_train,,Jane_Fonda_0001,Marco_Antonio_Barrera_0006,Jane_Fonda,Marco_Antonio_Barrera,false,-0.12642455101013184,1.5009493827819824,True
dev_train_1833,dev_train,,Jane_Riley_0001,Paul_Walker_0001,Jane_Riley,Paul_Walker,false,0.07317047566175461,1.3614915609359741,True
dev_train_1834,dev_train,,Jane_Russell_0001,Lara_Logan_0001,Jane_Russell,Lara_Logan,false,-0.021800179034471512,1.429545521736145,True
dev_train_1835,dev_train,,Jane_Russell_0001,Svend_Robinson_0001,Jane_Russell,Svend_Robinson,false,0.31197497248649597,1.1730517148971558,True
dev_train_1836,dev_train,,Jane_Walker_Wood_0001,Oswaldo_Paya_0005,Jane_Walker_Wood,Oswaldo_Paya,false,0.03224299103021622,1.3912276029586792,True
dev_train_1837,dev_train,,Janette_Husarova_0001,Phil_Donahue_0001,Janette_Husarova,Phil_Donahue,false,0.012484539300203323,1.4053579568862915,True
dev_train_1838,dev_train,,Jason_Bentley_0001,Mark_Swartz_0001,Jason_Bentley,Mark_Swartz,false,0.03399556875228882,1.3899672031402588,True
dev_train_1839,dev_train,,Jason_Bentley_0001,Steven_Kinlock_0001,Jason_Bentley,Steven_Kinlock,false,0.1668449491262436,1.2908564805984497,True
dev_train_1840,dev_train,,Jason_Biggs_0001,Rick_Barnes_0002,Jason_Biggs,Rick_Barnes,false,0.1936011016368866,1.269959807395935,True
dev_train_1841,dev_train,,Jason_Vale_0001,Richard_Cohen_0001,Jason_Vale,Richard_Cohen,false,0.10176257789134979,1.3403264284133911,True
dev_train_1842,dev_train,,Jay_Leno_0003,Pele_0001,Jay_Leno,Pele,false,-0.16040271520614624,1.52341890335083,True
dev_train_1843,dev_train,,Jean-Francois_Pontal_0001,Stella_McCartney_0001,Jean-Francois_Pontal,Stella_McCartney,false,0.061076004058122635,1.370345950126648,True
dev_train_1844,dev_train,,Jean-Rene_Fourtou_0001,Shingo_Katayama_0001,Jean-Rene_Fourtou,Shingo_Katayama,false,0.041260719299316406,1.3847304582595825,True
dev_train_1845,dev_train,,Jean-Sebastien_Giguere_0001,Joshua_Davey_0001,Jean-Sebastien_Giguere,Joshua_Davey,false,0.0690598264336586,1.3645074367523193,True
dev_train_1846,dev_train,,Jean-Sebastien_Giguere_0002,Rhina_Villatoro_0001,Jean-Sebastien_Giguere,Rhina_Villatoro,false,0.11742012202739716,1.328593134880066,True
dev_train_1847,dev_train,,Jean_Brumley_0002,Pamela_Anderson_0005,Jean_Brumley,Pamela_Anderson,false,0.15887652337551117,1.2970147132873535,True
dev_train_1848,dev_train,,Jeanette_Stauffer_0001,Wang_Nan_0001,Jeanette_Stauffer,Wang_Nan,false,0.12457482516765594,1.3231970071792603,True
dev_train_1849,dev_train,,Jeff_Bzdelik_0001,Tonino_Guerra_0001,Jeff_Bzdelik,Tonino_Guerra,false,-0.022524895146489143,1.430052399635315,True
dev_train_1850,dev_train,,Jeff_Bzdelik_0001,Troy_Garity_0001,Jeff_Bzdelik,Troy_Garity,false,0.020700614899396896,1.399499535560608,True
dev_train_1851,dev_train,,Jeff_Schiffner_0001,Jim_Greenwood_0001,Jeff_Schiffner,Jim_Greenwood,false,0.001712791621685028,1.4130018949508667,True
dev_train_1852,dev_train,,Jeff_Schiffner_0001,Sanjay_Chawla_0001,Jeff_Schiffner,Sanjay_Chawla,false,-0.18726089596748352,1.5409482717514038,True
dev_train_1853,dev_train,,Jeff_Van_Gundy_0003,Kaspar_Villiger_0001,Jeff_Van_Gundy,Kaspar_Villiger,false,-0.09028001129627228,1.4766719341278076,True
dev_train_1854,dev_train,,Jeff_Weaver_0001,Luciano_Bovicelli_0001,Jeff_Weaver,Luciano_Bovicelli,false,0.2055375576019287,1.2605255842208862,True
dev_train_1855,dev_train,,Jeff_Weaver_0001,Natasha_Lyonne_0001,Jeff_Weaver,Natasha_Lyonne,false,-0.1011234000325203,1.483996868133545,True
dev_train_1856,dev_train,,Jeffery_Strelzin_0001,Ratna_Sari_Dewi_Sukarno_0001,Jeffery_Strelzin,Ratna_Sari_Dewi_Sukarno,false,0.030393172055482864,1.3925566673278809,True
dev_train_1857,dev_train,,Jeffrey_Archer_0001,Kelly_Osbourne_0001,Jeffrey_Archer,Kelly_Osbourne,false,-0.1513003408908844,1.5174323320388794,True
dev_train_1858,dev_train,,Jeffrey_Archer_0002,Yusuf_Misbac_0001,Jeffrey_Archer,Yusuf_Misbac,false,0.0634780153632164,1.3685919046401978,True
dev_train_1859,dev_train,,Jeffrey_Donaldson_0001,Joe_Metz_0001,Jeffrey_Donaldson,Joe_Metz,false,0.04675310105085373,1.3807584047317505,True
dev_train_1860,dev_train,,Jeffrey_Donaldson_0001,Nora_Ephron_0001,Jeffrey_Donaldson,Nora_Ephron,false,0.13939180970191956,1.3119513988494873,True
dev_train_1861,dev_train,,Jeffrey_Jones_0001,John_Bond_0001,Jeffrey_Jones,John_Bond,false,-0.028579603880643845,1.4342801570892334,True
dev_train_1862,dev_train,,Jeffrey_Scott_Postell_0001,Linda_Baboolal_0001,Jeffrey_Scott_Postell,Linda_Baboolal,false,-0.11773681640625,1.495150089263916,True
dev_train_1863,dev_train,,Jelena_Dokic_0002,Ralph_Fiennes_0001,Jelena_Dokic,Ralph_Fiennes,false,-0.13986259698867798,1.5098758935928345,True
dev_train_1864,dev_train,,Jennifer_Garner_0002,Thad_Matta_0001,Jennifer_Garner,Thad_Matta,false,0.07773089408874512,1.358137845993042,True
dev_train_1865,dev_train,,Jennifer_Lopez_0003,Johnny_Benson_0001,Jennifer_Lopez,Johnny_Benson,false,0.10403416305780411,1.3386305570602417,True
dev_train_1866,dev_train,,Jennifer_Reilly_0001,Ronald_Reagan_0002,Jennifer_Reilly,Ronald_Reagan,false,-0.05723336711525917,1.4541206359863281,True
dev_train_1867,dev_train,,Jeremy_Fogel_0001,Sharon_Frey_0001,Jeremy_Fogel,Sharon_Frey,false,0.14285774528980255,1.3093069791793823,True
dev_train_1868,dev_train,,Jeremy_Gompertz_0001,Sharon_Frey_0002,Jeremy_Gompertz,Sharon_Frey,false,-0.072042316198349,1.4642692804336548,True
dev_train_1869,dev_train,,Jerry_Lewis_0001,Takashi_Sorimachi_0001,Jerry_Lewis,Takashi_Sorimachi,false,0.01650097221136093,1.4024970531463623,True
dev_train_1870,dev_train,,Jerry_Sloan_0001,Kimberly_Stewart_0001,Jerry_Sloan,Kimberly_Stewart,false,-0.035930197685956955,1.4393959045410156,True
dev_train_1871,dev_train,,Jesse_Helms_0001,Steve_Largent_0001,Jesse_Helms,Steve_Largent,false,-0.07084479182958603,1.4634512662887573,True
dev_train_1872,dev_train,,Jesse_James_Leija_0001,Melissa_Stark_0001,Jesse_James_Leija,Melissa_Stark,false,-0.13900282979011536,1.5093064308166504,True
dev_train_1873,dev_train,,Jessica_Alba_0002,Zico_0002,Jessica_Alba,Zico,false,0.1525316834449768,1.301897406578064,True
dev_train_1874,dev_train,,Jessica_Brungo_0001,LeAnn_Rimes_0001,Jessica_Brungo,LeAnn_Rimes,false,-0.022313861176371574,1.429904818534851,True
dev_train_1875,dev_train,,Jesus_Cardenal_0001,Ruben_Studdard_0001,Jesus_Cardenal,Ruben_Studdard,false,-0.1902736872434616,1.5429023504257202,True
dev_train_1876,dev_train,,Jia_Qinglin_0001,Marcelo_Salas_0002,Jia_Qinglin,Marcelo_Salas,false,0.13458944857120514,1.315606713294983,True
dev_train_1877,dev_train,,Jim_Bollman_0001,Timothy_Coughlin_0001,Jim_Bollman,Timothy_Coughlin,false,0.26496392488479614,1.2124654054641724,True
dev_train_1878,dev_train,,Jim_Fassel_0001,Mark_Hamister_0001,Jim_Fassel,Mark_Hamister,false,-0.2565211057662964,1.585257887840271,True
dev_train_1879,dev_train,,Jim_Hardin_0001,Peter_Chan_0001,Jim_Hardin,Peter_Chan,false,0.007363652344793081,1.4089970588684082,True
dev_train_1880,dev_train,,Jim_Ryan_0001,Roger_Staubach_0001,Jim_Ryan,Roger_Staubach,false,-0.06288238614797592,1.4580003023147583,True
dev_train_1881,dev_train,,Jim_Taylor_0001,Ralph_Nader_0001,Jim_Taylor,Ralph_Nader,false,0.13255277276039124,1.3171539306640625,True
dev_train_1882,dev_train,,Jim_Taylor_0001,Thanongsak_Tuvinan_0001,Jim_Taylor,Thanongsak_Tuvinan,false,0.03070203959941864,1.3923346996307373,True
dev_train_1883,dev_train,,Jim_Thome_0001,Kevin_Keegan_0001,Jim_Thome,Kevin_Keegan,false,0.12262879312038422,1.324666976928711,True
dev_train_1884,dev_train,,Jim_Thome_0001,Roger_King_0001,Jim_Thome,Roger_King,false,0.18578462302684784,1.2760999202728271,True
dev_train_1885,dev_train,,Jim_Wall_0001,Mary_Blige_0001,Jim_Wall,Mary_Blige,false,0.2245454490184784,1.2453551292419434,True
dev_train_1886,dev_train,,Jimmy_Jimenez_0001,Juan_Francisco_Palencia_0001,Jimmy_Jimenez,Juan_Francisco_Palencia,false,-0.04588543251156807,1.4462956190109253,True
dev_train_1887,dev_train,,Jimmy_Lee_0001,Steve_McManaman_0001,Jimmy_Lee,Steve_McManaman,false,-0.18883256614208221,1.5419678688049316,True
dev_train_1888,dev_train,,Jimmy_Smits_0001,Peter_Harvey_0001,Jimmy_Smits,Peter_Harvey,false,0.11284612119197845,1.332031488418579,True
dev_train_1889,dev_train,,Jo_Dee_Messina_0001,Jon_Stewart_0001,Jo_Dee_Messina,Jon_Stewart,false,0.14760445058345795,1.3056764602661133,True
dev_train_1890,dev_train,,Joan_Collins_0001,Joe_Calzaghe_0002,Joan_Collins,Joe_Calzaghe,false,-0.0030425982549786568,1.4163634777069092,True
dev_train_1891,dev_train,,Joan_Dangerfield_0001,John_Richardson_0001,Joan_Dangerfield,John_Richardson,false,-0.08098770678043365,1.4703657627105713,True
dev_train_1892,dev_train,,Joanne_Woodward_0001,Pedro_Duque_0001,Joanne_Woodward,Pedro_Duque,false,-0.08337204903364182,1.4719865322113037,True
dev_train_1893,dev_train,,Joe_Calzaghe_0002,Joerg_Haider_0002,Joe_Calzaghe,Joerg_Haider,false,-0.07544125616550446,1.4665888547897339,True
dev_train_1894,dev_train,,Joe_Carnahan_0001,Mary_Catherine_Correll_0001,Joe_Carnahan,Mary_Catherine_Correll,false,0.11979453265666962,1.3268048763275146,True
dev_train_1895,dev_train,,Joe_Cravens_0001,Jose_Lopez_Beltran_0001,Joe_Cravens,Jose_Lopez_Beltran,false,0.06282849609851837,1.3690664768218994,True
dev_train_1896,dev_train,,Joe_Darrell_0001,Liu_Xiaoqing_0001,Joe_Darrell,Liu_Xiaoqing,false,0.1404801309108734,1.3111217021942139,True
dev_train_1897,dev_train,,Joe_Mendes_0001,Joy_Bryant_0001,Joe_Mendes,Joy_Bryant,false,-0.11893394589424133,1.4959505796432495,True
dev_train_1898,dev_train,,Joe_Mendes_0001,Micky_Ward_0001,Joe_Mendes,Micky_Ward,false,0.08586141467094421,1.3521380424499512,True
dev_train_1899,dev_train,,Joel_Gallen_0001,Martin_Scorsese_0001,Joel_Gallen,Martin_Scorsese,false,0.2889506220817566,1.192517876625061,True
dev_train_1900,dev_train,,Joel_Todd_0001,Pascal_Lamy_0001,Joel_Todd,Pascal_Lamy,false,0.3309565782546997,1.156757116317749,True
dev_train_1901,dev_train,,Joey_Mantia_0001,Mitar_Rasevic_0001,Joey_Mantia,Mitar_Rasevic,false,-0.2095997929573059,1.5553776025772095,True
dev_train_1902,dev_train,,John_Anderson_0001,Katerina_Smrzova_0001,John_Anderson,Katerina_Smrzova,false,-0.20589487254619598,1.552993893623352,True
dev_train_1903,dev_train,,John_Anderson_0001,Thomas_Weston_0001,John_Anderson,Thomas_Weston,false,-0.1235736608505249,1.4990488290786743,True
dev_train_1904,dev_train,,John_Brady_0001,Tom_Brady_0001,John_Brady,Tom_Brady,false,0.17436671257019043,1.2850162982940674,True
dev_train_1905,dev_train,,John_Leguizamo_0001,Katie_Harman_0001,John_Leguizamo,Katie_Harman,false,-0.06311190873384476,1.4581577777862549,True
dev_train_1906,dev_train,,John_Leguizamo_0001,Mel_Gibson_0001,John_Leguizamo,Mel_Gibson,false,0.28695565462112427,1.1941895484924316,True
dev_train_1907,dev_train,,John_Leguizamo_0001,Victoria_Clarke_0005,John_Leguizamo,Victoria_Clarke,false,-0.13286712765693665,1.5052356719970703,True
dev_train_1908,dev_train,,John_Lithgow_0001,Manuel_Llorente_0001,John_Lithgow,Manuel_Llorente,false,-0.08021630346775055,1.4698411226272583,True
dev_train_1909,dev_train,,John_McKay_0001,Kurt_Schottenheimer_0001,John_McKay,Kurt_Schottenheimer,false,0.038849905133247375,1.3864703178405762,True
dev_train_1910,dev_train,,John_Perrota_0001,Olene_Walker_0001,John_Perrota,Olene_Walker,false,-0.20362815260887146,1.551533579826355,True
dev_train_1911,dev_train,,John_Petty_0001,Stephen_Frears_0001,John_Petty,Stephen_Frears,false,-0.017290497198700905,1.4263874292373657,True
dev_train_1912,dev_train,,John_Philip_Elkann_0001,Ray_Morrough_0001,John_Philip_Elkann,Ray_Morrough,false,-0.1392158567905426,1.5094475746154785,True
dev_train_1913,dev_train,,John_Reilly_0001,Jose_Canseco_0002,John_Reilly,Jose_Canseco,false,-0.31258079409599304,1.6202352046966553,True
dev_train_1914,dev_train,,John_Reilly_0001,Ricky_Martin_0001,John_Reilly,Ricky_Martin,false,0.27418220043182373,1.204838514328003,True
dev_train_1915,dev_train,,John_Reilly_0001,Yossi_Beilin_0001,John_Reilly,Yossi_Beilin,false,0.040096625685691833,1.385571002960205,True
dev_train_1916,dev_train,,John_Starks_0001,Kenenisa_Bekele_0001,John_Starks,Kenenisa_Bekele,false,0.31949618458747864,1.166622281074524,True
dev_train_1917,dev_train,,John_Sweeney_0001,Lee_Tae-sik_0002,John_Sweeney,Lee_Tae-sik,false,0.19983087480068207,1.2650448083877563,True
dev_train_1918,dev_train,,John_Sweeney_0001,Ronald_Ito_0001,John_Sweeney,Ronald_Ito,false,0.23257774114608765,1.2388885021209717,True
dev_train_1919,dev_train,,John_Swofford_0003,Lindsay_Benko_0002,John_Swofford,Lindsay_Benko,false,0.14487174153327942,1.3077678680419922,True
dev_train_1920,dev_train,,John_Taylor_0002,Sepp_Blatter_0003,John_Taylor,Sepp_Blatter,false,-0.016446098685264587,1.4257954359054565,True
dev_train_1921,dev_train,,John_Thune_0001,Mary-Kate_Olsen_0003,John_Thune,Mary-Kate_Olsen,false,0.017203055322170258,1.4019964933395386,True
dev_train_1922,dev_train,,John_White_0001,Mikhail_Shvydkoi_0001,John_White,Mikhail_Shvydkoi,false,0.3086806535720825,1.175856590270996,True
dev_train_1923,dev_train,,John_Wright_0001,Rafeeuddin_Ahmed_0001,John_Wright,Rafeeuddin_Ahmed,false,0.09594247490167618,1.3446617126464844,True
dev_train_1924,dev_train,,Johnny_Htu_0001,Victor_Kraatz_0001,Johnny_Htu,Victor_Kraatz,false,0.1840249001979828,1.2774780988693237,True
dev_train_1925,dev_train,,Jonathan_Karsh_0001,Mahmoud_Diyab_al-Ahmed_0001,Jonathan_Karsh,Mahmoud_Diyab_al-Ahmed,false,0.04857511445879936,1.3794381618499756,True
dev_train_1926,dev_train,,Jorge_Alberto_Galindo_0001,Omar_Sharif_0002,Jorge_Alberto_Galindo,Omar_Sharif,false,0.1714780330657959,1.2872623205184937,True
dev_train_1927,dev_train,,Jose_Acasuso_0001,Lin_Yung_Hsi_0001,Jose_Acasuso,Lin_Yung_Hsi,false,0.061423998326063156,1.3700920343399048,True
dev_train_1928,dev_train,,Jose_Maria_Aznar_0018,Svend_Robinson_0001,Jose_Maria_Aznar,Svend_Robinson,false,0.04113970696926117,1.3848178386688232,True
dev_train_1929,dev_train,,Jose_Rosado_0001,Ramon_Cardenas_0001,Jose_Rosado,Ramon_Cardenas,false,-0.08907465636730194,1.4758554697036743,True
dev_train_1930,dev_train,,Jose_Rosado_0001,Tayshaun_Prince_0001,Jose_Rosado,Tayshaun_Prince,false,0.03619074076414108,1.3883870840072632,True
dev_train_1931,dev_train,,Jose_Rosado_0001,Ted_Maher_0001,Jose_Rosado,Ted_Maher,false,-0.13159896433353424,1.5043929815292358,True
dev_train_1932,dev_train,,Jose_Serra_0005,Wally_Szczerbiak_0001,Jose_Serra,Wally_Szczerbiak,false,-0.13446468114852905,1.5062966346740723,True
dev_train_1933,dev_train,,Jose_Woldenberg_0001,Yashwant_Sinha_0005,Jose_Woldenberg,Yashwant_Sinha,false,0.10771594941616058,1.3358772993087769,True
dev_train_1934,dev_train,,Joseph_Biden_0005,Stephanie_Moore_0001,Joseph_Biden,Stephanie_Moore,false,-0.09422976523637772,1.479344367980957,True
dev_train_1935,dev_train,,Joseph_Hoy_0001,Mark_Schweiker_0002,Joseph_Hoy,Mark_Schweiker,false,-0.13226452469825745,1.5048352479934692,True
dev_train_1936,dev_train,,Joseph_Kabila_0001,Tabare_Vazquez_0001,Joseph_Kabila,Tabare_Vazquez,false,-0.16498681902885437,1.5264251232147217,True
dev_train_1937,dev_train,,Joseph_Nacchio_0001,Nikki_McKibbin_0001,Joseph_Nacchio,Nikki_McKibbin,false,-0.3332429528236389,1.6329379081726074,True
dev_train_1938,dev_train,,Joseph_Ralston_0001,Shia_LaBeouf_0002,Joseph_Ralston,Shia_LaBeouf,false,0.24829994142055511,1.2261321544647217,True
dev_train_1939,dev_train,,Josh_Evans_0001,Sok_An_0001,Josh_Evans,Sok_An,false,-0.020990734919905663,1.4289790391921997,True
dev_train_1940,dev_train,,Joy_Lee_Sadler_0001,Richard_Palmer_0001,Joy_Lee_Sadler,Richard_Palmer,false,-0.016054855659604073,1.425520896911621,True
dev_train_1941,dev_train,,Juan_Carlos_Ferrero_0023,Sean_Hayes_0002,Juan_Carlos_Ferrero,Sean_Hayes,false,-0.09901050478219986,1.4825724363327026,True
dev_train_1942,dev_train,,Juan_Fernandez_0001,Nancy_Humbert_0001,Juan_Fernandez,Nancy_Humbert,false,0.11207957565784454,1.3326067924499512,True
dev_train_1943,dev_train,,Juan_Jose_Lucas_0001,Nathalia_Gillot_0001,Juan_Jose_Lucas,Nathalia_Gillot,false,-0.051349490880966187,1.4500685930252075,True
dev_train_1944,dev_train,,Judy_Genshaft_0001,Randy_Ferbey_0001,Judy_Genshaft,Randy_Ferbey,false,0.06819455325603485,1.3651413917541504,True
dev_train_1945,dev_train,,Julian_Fantino_0001,Paola_Espinoza_0001,Julian_Fantino,Paola_Espinoza,false,0.19393080472946167,1.2697001695632935,True
dev_train_1946,dev_train,,Julie_Infante_0001,Mike_Easley_0001,Julie_Infante,Mike_Easley,false,-0.07830911129713058,1.4685428142547607,True
dev_train_1947,dev_train,,Juliette_Binoche_0001,Venus_Williams_0001,Juliette_Binoche,Venus_Williams,false,0.08325894922018051,1.3540613651275635,True
dev_train_1948,dev_train,,Julio_Cesar_Franco_0001,Michael_Bolton_0001,Julio_Cesar_Franco,Michael_Bolton,false,-0.49535027146339417,1.7293641567230225,True
dev_train_1949,dev_train,,Julio_Iglesias_Jr_0001,Justin_Marshall_0001,Julio_Iglesias_Jr,Justin_Marshall,false,0.1490819901227951,1.304544448852539,True
dev_train_1950,dev_train,,Julius_Erving_0001,Nanni_Moretti_0002,Julius_Erving,Nanni_Moretti,false,0.030314447358250618,1.3926130533218384,True
dev_train_1951,dev_train,,Justin_Marshall_0001,Queen_Sofia_0001,Justin_Marshall,Queen_Sofia,false,0.24121767282485962,1.2318947315216064,True
dev_train_1952,dev_train,,Justin_Wilson_0001,Pamela_Melroy_0001,Justin_Wilson,Pamela_Melroy,false,-0.12179689109325409,1.4978630542755127,True
dev_train_1953,dev_train,,Justine_Pasek_0005,Michael_Rolinee_0001,Justine_Pasek,Michael_Rolinee,false,0.11781751364469528,1.328294038772583,True
dev_train_1954,dev_train,,Kaio_Almeida_0001,Richard_Haass_0002,Kaio_Almeida,Richard_Haass,false,-0.11928137391805649,1.4961826801300049,True
dev_train_1955,dev_train,,Kaio_Almeida_0001,Sven_Ottke_0001,Kaio_Almeida,Sven_Ottke,false,0.0954664871096611,1.3450156450271606,True
dev_train_1956,dev_train,,Karen_Lynn_Gorney_0001,Soon_Yi_0001,Karen_Lynn_Gorney,Soon_Yi,false,0.009824482724070549,1.4072494506835938,True
dev_train_1957,dev_train,,Karen_Pereiras_0001,Peter_Arnett_0002,Karen_Pereiras,Peter_Arnett,false,-0.00039491988718509674,1.4144928455352783,True
dev_train_1958,dev_train,,Kate_Burton_0001,Vin_Diesel_0002,Kate_Burton,Vin_Diesel,false,-0.10220938175916672,1.484728455543518,True
dev_train_1959,dev_train,,Kate_Winslet_0001,Luis_Gonzalez_0001,Kate_Winslet,Luis_Gonzalez,false,-0.11599186807870865,1.4939824342727661,True
dev_train_1960,dev_train,,Kathryn_Tucker_0001,Mathilda_Karel_Spak_0001,Kathryn_Tucker,Mathilda_Karel_Spak,false,0.1484588086605072,1.3050220012664795,True
dev_train_1961,dev_train,,Kathryn_Tucker_0001,Tony_Fernandes_0001,Kathryn_Tucker,Tony_Fernandes,false,0.08514387160539627,1.3526685237884521,True
dev_train_1962,dev_train,,Katie_Couric_0001,Richard_Cohen_0001,Katie_Couric,Richard_Cohen,false,0.20335084199905396,1.2622592449188232,True
dev_train_1963,dev_train,,Katie_Harman_0003,Lin_Yung_Hsi_0001,Katie_Harman,Lin_Yung_Hsi,false,-0.02190501056611538,1.4296189546585083,True
dev_train_1964,dev_train,,Katrin_Susi_0001,Leonard_Hamilton_0001,Katrin_Susi,Leonard_Hamilton,false,0.22395873069763184,1.2458261251449585,True
dev_train_1965,dev_train,,Kaye_Young_0001,Ted_Williams_0001,Kaye_Young,Ted_Williams,false,0.2474440038204193,1.2268301248550415,True
dev_train_1966,dev_train,,Keanu_Reeves_0002,Liu_Xiaoqing_0001,Keanu_Reeves,Liu_Xiaoqing,false,0.0524473674595356,1.3766282796859741,True
dev_train_1967,dev_train,,Keith_Bishop_Jr_0001,Shaun_Pollock_0001,Keith_Bishop_Jr,Shaun_Pollock,false,0.10941207408905029,1.3346070051193237,True
dev_train_1968,dev_train,,Keith_Bishop_Jr_0001,Wendy_Kennedy_0001,Keith_Bishop_Jr,Wendy_Kennedy,false,-0.15598003566265106,1.5205131769180298,True
dev_train_1969,dev_train,,Kellie_Coffey_0001,Mark_Gangloff_0001,Kellie_Coffey,Mark_Gangloff,false,0.17887453734874725,1.2815035581588745,True
dev_train_1970,dev_train,,Kelly_Osbourne_0001,Sim_Yong_0001,Kelly_Osbourne,Sim_Yong,false,-0.04226381704211235,1.4437893629074097,True
dev_train_1971,dev_train,,Ken_Dorsey_0001,Mira_Sorvino_0001,Ken_Dorsey,Mira_Sorvino,false,-0.15378865599632263,1.519071340560913,True
dev_train_1972,dev_train,,Kent_McCord_0001,Marion_Barry_0001,Kent_McCord,Marion_Barry,false,-0.11172310262918472,1.4911224842071533,True
dev_train_1973,dev_train,,Kevin_Stallings_0002,Zico_0001,Kevin_Stallings,Zico,false,0.13458728790283203,1.3156083822250366,True
dev_train_1974,dev_train,,Khin_Nyunt_0001,Raoul_Ruiz_0003,Khin_Nyunt,Raoul_Ruiz,false,0.19897188246250153,1.265723705291748,True
dev_train_1975,dev_train,,Kim_Clijsters_0006,Stephen_Ambrose_0002,Kim_Clijsters,Stephen_Ambrose,false,-0.0940193310379982,1.4792020320892334,True
dev_train_1976,dev_train,,Kimberly_Bruckner_0001,Natasha_McElhone_0002,Kimberly_Bruckner,Natasha_McElhone,false,-0.14400321245193481,1.5126157999038696,True
dev_train_1977,dev_train,,Kimberly_Bruckner_0001,Ray_Lewis_0001,Kimberly_Bruckner,Ray_Lewis,false,-0.03565502166748047,1.4392046928405762,True
dev_train_1978,dev_train,,Kimberly_Stewart_0001,Lee_Yeo-jin_0001,Kimberly_Stewart,Lee_Yeo-jin,false,0.0822068452835083,1.354838252067566,True
dev_train_1979,dev_train,,Kirk_Douglas_0001,Troy_Garity_0001,Kirk_Douglas,Troy_Garity,false,-0.02949785627424717,1.434920072555542,True
dev_train_1980,dev_train,,Kirk_Johnson_0001,Michelle_Hofland_0001,Kirk_Johnson,Michelle_Hofland,false,-0.16655582189559937,1.5274527072906494,True
dev_train_1981,dev_train,,Kirk_Johnson_0001,Uzi_Even_0001,Kirk_Johnson,Uzi_Even,false,0.18956968188285828,1.2731302976608276,True
dev_train_1982,dev_train,,Kostya_Tszyu_0001,Pauline_Landers_0001,Kostya_Tszyu,Pauline_Landers,false,-0.10401825606822968,1.4859464168548584,True
dev_train_1983,dev_train,,Kristen_Rivera_0001,Mary_Robinson_0001,Kristen_Rivera,Mary_Robinson,false,-0.012539689429104328,1.4230529069900513,True
dev_train_1984,dev_train,,Kristin_Scott_0001,Milt_Palacio_0001,Kristin_Scott,Milt_Palacio,false,-0.03272856026887894,1.4371699094772339,True
dev_train_1985,dev_train,,Kwame_Kilpatrick_0001,Ronnie_Musgrove_0001,Kwame_Kilpatrick,Ronnie_Musgrove,false,-0.19288243353366852,1.544592261314392,True
dev_train_1986,dev_train,,Kwon_Yang-sook_0003,Princess_Masako_0002,Kwon_Yang-sook,Princess_Masako,false,0.40389156341552734,1.0918869972229004,True
dev_train_1987,dev_train,,Kwon_Young-gil_0001,Mark_Rosenbaum_0001,Kwon_Young-gil,Mark_Rosenbaum,false,0.04661724716424942,1.3808568716049194,True
dev_train_1988,dev_train,,Larry_Brown_0006,Prince_Philippe_0001,Larry_Brown,Prince_Philippe,false,0.025166355073451996,1.396304965019226,True
dev_train_1989,dev_train,,Larry_Johnson_0002,Lee_Ann_Womack_0001,Larry_Johnson,Lee_Ann_Womack,false,0.039566412568092346,1.3859535455703735,True
dev_train_1990,dev_train,,Larry_Wilmore_0001,Laura_Gobai_0001,Larry_Wilmore,Laura_Gobai,false,0.02845967933535576,1.393944263458252,True
dev_train_1991,dev_train,,Larry_Wilmore_0001,Nebojsa_Pavkovic_0001,Larry_Wilmore,Nebojsa_Pavkovic,false,-0.09259074181318283,1.4782359600067139,True
dev_train_1992,dev_train,,Lars_Von_Trier_0001,Leon_Silver_0001,Lars_Von_Trier,Leon_Silver,false,0.08643290400505066,1.351715326309204,True
dev_train_1993,dev_train,,Laura_Schlessinger_0001,Zahir_Shah_0001,Laura_Schlessinger,Zahir_Shah,false,0.038814034312963486,1.3864963054656982,True
dev_train_1994,dev_train,,Laurence_Tribe_0001,Mark_Lazarus_0001,Laurence_Tribe,Mark_Lazarus,false,0.036898963153362274,1.3878768682479858,True
dev_train_1995,dev_train,,Laurie_Pirtle_0001,Porter_Goss_0001,Laurie_Pirtle,Porter_Goss,false,0.0898522287607193,1.3491833209991455,True
dev_train_1996,dev_train,,Lawrence_Foley_0001,Omar_Vizquel_0001,Lawrence_Foley,Omar_Vizquel,false,-0.4318758547306061,1.6922621726989746,True
dev_train_1997,dev_train,,Lawrence_Vito_0001,Martha_Sahagun_de_Fox_0001,Lawrence_Vito,Martha_Sahagun_de_Fox,false,-0.16184882819652557,1.5243680477142334,True
dev_train_1998,dev_train,,Lawrence_Vito_0001,Sanjay_Chawla_0001,Lawrence_Vito,Sanjay_Chawla,false,0.07888825982809067,1.3572853803634644,True
dev_train_1999,dev_train,,Leah_Remini_0001,Max_von_Sydow_0001,Leah_Remini,Max_von_Sydow,false,-0.023760054260492325,1.4309158325195312,True
dev_train_2000,dev_train,,Lee_Ann_Womack_0001,Roberto_Carlos_0002,Lee_Ann_Womack,Roberto_Carlos,false,-0.15642988681793213,1.5208089351654053,True
dev_train_2001,dev_train,,Lee_Nam-shin_0001,Nick_Nolte_0001,Lee_Nam-shin,Nick_Nolte,false,0.19140253961086273,1.271689772605896,True
dev_train_2002,dev_train,,Lee_Soo-hyuck_0001,Scott_Sullivan_0001,Lee_Soo-hyuck,Scott_Sullivan,false,-0.04533457010984421,1.445914626121521,True
dev_train_2003,dev_train,,Lee_Yeo-jin_0001,Mariangel_Ruiz_Torrealba_0001,Lee_Yeo-jin,Mariangel_Ruiz_Torrealba,false,0.05076524615287781,1.3778496980667114,True
dev_train_2004,dev_train,,Leland_Chapman_0001,Valorie_Brabazon_0001,Leland_Chapman,Valorie_Brabazon,false,0.1578548401594162,1.2978020906448364,True
dev_train_2005,dev_train,,Lemuel_Montulo_0001,Tom_Vilsack_0001,Lemuel_Montulo,Tom_Vilsack,false,0.22246336936950684,1.2470258474349976,True
dev_train_2006,dev_train,,Lene_Espersen_0001,San_Lan_0001,Lene_Espersen,San_Lan,false,0.19402466714382172,1.2696261405944824,True
dev_train_2007,dev_train,,Leslie_Caldwell_0002,Takuma_Sato_0001,Leslie_Caldwell,Takuma_Sato,false,-0.15123353898525238,1.5173883438110352,True
dev_train_2008,dev_train,,Leuris_Pupo_0001,Stephen_Funk_0001,Leuris_Pupo,Stephen_Funk,false,-0.04627533257007599,1.4465651512145996,True
dev_train_2009,dev_train,,Li_Changchun_0001,Noel_Forgeard_0001,Li_Changchun,Noel_Forgeard,false,0.14878204464912415,1.304774284362793,True
dev_train_2010,dev_train,,Li_Ka-shing_0001,Manuel_Poggiali_0002,Li_Ka-shing,Manuel_Poggiali,false,0.22596067190170288,1.244218111038208,True
dev_train_2011,dev_train,,Li_Ka-shing_0001,Prince_Willem-Alexander_0003,Li_Ka-shing,Prince_Willem-Alexander,false,0.132992684841156,1.3168199062347412,True
dev_train_2012,dev_train,,Li_Zhaoxing_0007,Yang_Jianli_0001,Li_Zhaoxing,Yang_Jianli,false,0.6058812737464905,0.8878273963928223,True
dev_train_2013,dev_train,,Lin_Yung_Hsi_0001,Patricia_Johnson_0001,Lin_Yung_Hsi,Patricia_Johnson,false,-0.01852862723171711,1.4272551536560059,True
dev_train_2014,dev_train,,Linda_Baboolal_0001,Michael_J_Fox_0001,Linda_Baboolal,Michael_J_Fox,false,-0.00909017026424408,1.4206267595291138,True
dev_train_2015,dev_train,,Linda_Baboolal_0001,Raquel_Welch_0002,Linda_Baboolal,Raquel_Welch,false,0.07777979969978333,1.3581018447875977,True
dev_train_2016,dev_train,,Lionel_Hampton_0001,Paola_Espinoza_0001,Lionel_Hampton,Paola_Espinoza,false,-0.037368182092905045,1.4403945207595825,True
dev_train_2017,dev_train,,Lionel_Richie_0002,Ravan_AG_Farhadi_0001,Lionel_Richie,Ravan_AG_Farhadi,false,0.02463606558740139,1.3966846466064453,True
dev_train_2018,dev_train,,Lisa_Gottsegen_0002,Steve_Phillips_0001,Lisa_Gottsegen,Steve_Phillips,false,-0.15913917124271393,1.5225893259048462,True
dev_train_2019,dev_train,,Lisa_Stansfield_0001,Urmila_Matondkar_0001,Lisa_Stansfield,Urmila_Matondkar,false,-0.033296748995780945,1.4375652074813843,True
dev_train_2020,dev_train,,Lisa_Stone_0001,Todd_Reid_0001,Lisa_Stone,Todd_Reid,false,-0.25705432891845703,1.5855940580368042,True
dev_train_2021,dev_train,,Lope_Mendoza_0001,Roy_Halladay_0001,Lope_Mendoza,Roy_Halladay,false,-0.04801250621676445,1.447765588760376,True
dev_train_2022,dev_train,,Lorne_Michaels_0001,Tex_Ritter_0001,Lorne_Michaels,Tex_Ritter,false,0.09819477051496506,1.34298574924469,True
dev_train_2023,dev_train,,Lou_Piniella_0003,Robert_DeFraites_0001,Lou_Piniella,Robert_DeFraites,false,0.15198609232902527,1.3023163080215454,True
dev_train_2024,dev_train,,Lucia_Kenny_Anthony_0001,Paul_Wolfowitz_0004,Lucia_Kenny_Anthony,Paul_Wolfowitz,false,-0.0964645966887474,1.4808542728424072,True
dev_train_2025,dev_train,,Lucio_Cecchinello_0001,Strom_Thurmond_0001,Lucio_Cecchinello,Strom_Thurmond,false,-0.14090323448181152,1.510564923286438,True
dev_train_2026,dev_train,,Luis_Guzman_0001,Thomas_Ulrich_0001,Luis_Guzman,Thomas_Ulrich,false,-0.01514575257897377,1.4248830080032349,True
dev_train_2027,dev_train,,Luke_Ridnour_0001,Najib_al-Salhi_0001,Luke_Ridnour,Najib_al-Salhi,false,-0.21662230789661407,1.55988609790802,True
dev_train_2028,dev_train,,Madeleine_Albright_0001,Robert_Schuller_0001,Madeleine_Albright,Robert_Schuller,false,0.2512045204639435,1.223760962486267,True
dev_train_2029,dev_train,,Mae_Jemison_0001,Max_Biaggi_0001,Mae_Jemison,Max_Biaggi,false,-0.040185198187828064,1.4423489570617676,True
dev_train_2030,dev_train,,Mahmoud_Al_Zhar_0001,Takaloo_0001,Mahmoud_Al_Zhar,Takaloo,false,0.2370903491973877,1.2352405786514282,True
dev_train_2031,dev_train,,Manuel_Poggiali_0002,Wu_Peng_0001,Manuel_Poggiali,Wu_Peng,false,0.4047890901565552,1.0910645723342896,True
dev_train_2032,dev_train,,Manuel_Rosendo_0001,Takaloo_0001,Manuel_Rosendo,Takaloo,false,0.19168078899383545,1.2714710235595703,True
dev_train_2033,dev_train,,Marc-Andre_Fleury_0001,Rob_Lowe_0003,Marc-Andre_Fleury,Rob_Lowe,false,0.10657055675983429,1.336734414100647,True
dev_train_2034,dev_train,,Marcus_Garrettson_0001,Rosalie_Perkov_0001,Marcus_Garrettson,Rosalie_Perkov,false,-0.012306436896324158,1.4228888750076294,True
dev_train_2035,dev_train,,Maria_Luisa_Mendonca_0001,Terry_Hoeppner_0001,Maria_Luisa_Mendonca,Terry_Hoeppner,false,-0.16225683689117432,1.524635672569275,True
dev_train_2036,dev_train,,Maria_Luisa_Mendonca_0001,Tim_Lobinger_0001,Maria_Luisa_Mendonca,Tim_Lobinger,false,0.1407637596130371,1.3109053373336792,True
dev_train_2037,dev_train,,Maria_Wetterstrand_0001,Tori_Amos_0001,Maria_Wetterstrand,Tori_Amos,false,-0.03466242924332619,1.4385148286819458,True
dev_train_2038,dev_train,,Mariah_Carey_0001,Richard_Gephardt_0008,Mariah_Carey,Richard_Gephardt,false,0.14113986492156982,1.310618281364441,True
dev_train_2039,dev_train,,Maribel_Dominguez_0001,Vagit_Alekperov_0001,Maribel_Dominguez,Vagit_Alekperov,false,0.12242419272661209,1.3248213529586792,True
dev_train_2040,dev_train,,Mario_Vasquez_Rana_0001,Robert_Bonner_0001,Mario_Vasquez_Rana,Robert_Bonner,false,0.30430927872657776,1.1795684099197388,True
dev_train_2041,dev_train,,Marion_Fahnestock_0001,Steve_Fehr_0001,Marion_Fahnestock,Steve_Fehr,false,-0.18061552941799164,1.5366299152374268,True
dev_train_2042,dev_train,,Marisol_Breton_0001,Will_Young_0001,Marisol_Breton,Will_Young,false,0.18801097571849823,1.274354100227356,True
dev_train_2043,dev_train,,Mark_Hurlbert_0004,Todd_MacCulloch_0001,Mark_Hurlbert,Todd_MacCulloch,false,-0.08389554172754288,1.4723421335220337,True
dev_train_2044,dev_train,,Mark_Lazarus_0001,Olene_Walker_0001,Mark_Lazarus,Olene_Walker,false,0.09596475958824158,1.3446451425552368,True
dev_train_2045,dev_train,,Mark_Rosenbaum_0001,Pupi_Avati_0002,Mark_Rosenbaum,Pupi_Avati,false,0.25927817821502686,1.2171458005905151,True
dev_train_2046,dev_train,,Markus_Beyer_0001,Ulrich_Kueperkoch_0001,Markus_Beyer,Ulrich_Kueperkoch,false,-0.18952223658561707,1.5424151420593262,True
dev_train_2047,dev_train,,Marlene_Weingartner_0001,Steve_Avery_0001,Marlene_Weingartner,Steve_Avery,false,0.13079603016376495,1.3184870481491089,True
dev_train_2048,dev_train,,Martha_Smith_0001,Ty_Votaw_0001,Martha_Smith,Ty_Votaw,false,0.07515795528888702,1.360031008720398,True
dev_train_2049,dev_train,,Marwan_Muasher_0001,Scott_OGrady_0001,Marwan_Muasher,Scott_OGrady,false,-0.09611301124095917,1.480616807937622,True
dev_train_2050,dev_train,,Mary_Robinson_0001,Vanessa_Williams_0001,Mary_Robinson,Vanessa_Williams,false,-0.05140417441725731,1.4501063823699951,True
dev_train_2051,dev_train,,Masja_Juel_0001,Normand_Legault_0001,Masja_Juel,Normand_Legault,false,-0.013786310330033302,1.4239286184310913,True
dev_train_2052,dev_train,,Masja_Juel_0001,Razali_Ismail_0001,Masja_Juel,Razali_Ismail,false,-0.031231792643666267,1.43612802028656,True
dev_train_2053,dev_train,,Mathias_Reichhold_0001,Paul_ONeill_0009,Mathias_Reichhold,Paul_ONeill,false,-0.06786201894283295,1.461411714553833,True
dev_train_2054,dev_train,,Matt_Anderson_0001,Pauley_Perrette_0001,Matt_Anderson,Pauley_Perrette,false,-0.031585693359375,1.4363744258880615,True
dev_train_2055,dev_train,,Matt_Anderson_0001,Tyler_Grillo_0001,Matt_Anderson,Tyler_Grillo,false,-0.03936140239238739,1.4417775869369507,True
dev_train_2056,dev_train,,Matt_LeBlanc_0001,Stanley_Tong_0001,Matt_LeBlanc,Stanley_Tong,false,-0.15597547590732574,1.520509958267212,True
dev_train_2057,dev_train,,Maureen_Fanning_0001,Paul_Tagliabue_0001,Maureen_Fanning,Paul_Tagliabue,false,0.034860625863075256,1.3893448114395142,True
dev_train_2058,dev_train,,Maureen_Kanka_0001,Normand_Legault_0001,Maureen_Kanka,Normand_Legault,false,0.22282370924949646,1.2467368841171265,True
dev_train_2059,dev_train,,Mehmet_Okur_0001,Ty_Votaw_0001,Mehmet_Okur,Ty_Votaw,false,0.1308472603559494,1.3184481859207153,True
dev_train_2060,dev_train,,Mel_Karmazin_0001,Vaclav_Klaus_0002,Mel_Karmazin,Vaclav_Klaus,false,0.2314266562461853,1.2398171424865723,True
dev_train_2061,dev_train,,Melina_Kanakaredes_0001,Tom_Brennan_0001,Melina_Kanakaredes,Tom_Brennan,false,-0.15399670600891113,1.5192081928253174,True
dev_train_2062,dev_train,,Melissa_Stark_0001,William_Ragland_0001,Melissa_Stark,William_Ragland,false,0.009385725483298302,1.4075613021850586,True
dev_train_2063,dev_train,,Michael_Caine_0001,Tom_Watson_0001,Michael_Caine,Tom_Watson,false,-0.057960812002420425,1.4546208381652832,True
dev_train_2064,dev_train,,Michael_Chertoff_0001,Ryan_Newman_0001,Michael_Chertoff,Ryan_Newman,false,-0.17460833489894867,1.5327155590057373,True
dev_train_2065,dev_train,,Michael_Diekmann_0001,Qian_Qichen_0001,Michael_Diekmann,Qian_Qichen,false,-0.05985433608293533,1.45592200756073,True
dev_train_2066,dev_train,,Michael_Hagee_0001,Rick_Lu_0001,Michael_Hagee,Rick_Lu,false,-0.03952059894800186,1.4418880939483643,True
dev_train_2067,dev_train,,Michael_Kors_0001,Nate_Hybl_0001,Michael_Kors,Nate_Hybl,false,0.2923416793346405,1.1896708011627197,True
dev_train_2068,dev_train,,Michael_Schumacher_0003,Stephanie_Moore_0001,Michael_Schumacher,Stephanie_Moore,false,0.11834016442298889,1.3279005289077759,True
dev_train_2069,dev_train,,Michelle_Branch_0002,Ricardo_Lopez_Murphy_0002,Michelle_Branch,Ricardo_Lopez_Murphy,false,0.021771829575300217,1.3987338542938232,True
dev_train_2070,dev_train,,Mick_Jagger_0004,Roberto_Canessa_0001,Mick_Jagger,Roberto_Canessa,false,-0.0633603036403656,1.458328127861023,True
dev_train_2071,dev_train,,Mickey_Gilley_0001,Sepp_Blatter_0003,Mickey_Gilley,Sepp_Blatter,false,0.06913653761148453,1.3644511699676514,True
dev_train_2072,dev_train,,Mickey_Loomis_0001,Najib_al-Salhi_0001,Mickey_Loomis,Najib_al-Salhi,false,0.35652896761894226,1.1344348192214966,True
dev_train_2073,dev_train,,Mickey_Loomis_0001,Philippe_Gagnon_0001,Mickey_Loomis,Philippe_Gagnon,false,0.278056263923645,1.2016186714172363,True
dev_train_2074,dev_train,,Mickey_Rooney_0001,Mickey_Sherman_0001,Mickey_Rooney,Mickey_Sherman,false,-0.09332885593175888,1.4787352085113525,True
dev_train_2075,dev_train,,Mike_Bair_0001,Timothy_Wirth_0001,Mike_Bair,Timothy_Wirth,false,0.038073815405368805,1.3870301246643066,True
dev_train_2076,dev_train,,Mike_Bair_0001,Tyrone_Medley_0001,Mike_Bair,Tyrone_Medley,false,-0.05198162794113159,1.4505045413970947,True
dev_train_2077,dev_train,,Mike_Fisher_0001,Oscar_Bolanos_0001,Mike_Fisher,Oscar_Bolanos,false,0.025310566648840904,1.3962016105651855,True
dev_train_2078,dev_train,,Mike_Gable_0001,Sharon_Osbourne_0001,Mike_Gable,Sharon_Osbourne,false,-0.08357475697994232,1.4721242189407349,True
dev_train_2079,dev_train,,Mike_OConnell_0001,Natalie_Stewart_0001,Mike_OConnell,Natalie_Stewart,false,-0.17651696503162384,1.5339603424072266,True
dev_train_2080,dev_train,,Milan_Kucan_0001,Yuvraj_Singh_0001,Milan_Kucan,Yuvraj_Singh,false,-0.04652203992009163,1.4467357397079468,True
dev_train_2081,dev_train,,Milo_Maestrecampo_0003,Wes_Craven_0001,Milo_Maestrecampo,Wes_Craven,false,-0.12492753565311432,1.499951720237732,True
dev_train_2082,dev_train,,Minnie_Driver_0001,Penny_Dupuie_0001,Minnie_Driver,Penny_Dupuie,false,-0.08347529172897339,1.47205650806427,True
dev_train_2083,dev_train,,Minnie_Driver_0002,Yukio_Hatoyama_0001,Minnie_Driver,Yukio_Hatoyama,false,-0.02511357143521309,1.431861400604248,True
dev_train_2084,dev_train,,Minnie_Mendoza_0001,Sherri_Coale_0001,Minnie_Mendoza,Sherri_Coale,false,0.08073537796735764,1.3559237718582153,True
dev_train_2085,dev_train,,Mireille_Jospin-Dandieu_0001,Ricardo_Lopez_Murphy_0002,Mireille_Jospin-Dandieu,Ricardo_Lopez_Murphy,false,-0.06381599605083466,1.4586405754089355,True
dev_train_2086,dev_train,,Misty_Dawn_Clymer_0001,Terry_Stotts_0002,Misty_Dawn_Clymer,Terry_Stotts,false,0.22189724445343018,1.247479796409607,True
dev_train_2087,dev_train,,Mitoji_Yabunaka_0001,Sanjay_Gupta_0001,Mitoji_Yabunaka,Sanjay_Gupta,false,0.21229277551174164,1.2551552057266235,True
dev_train_2088,dev_train,,Mitsou_Gelinas_0001,Yana_Klochkova_0001,Mitsou_Gelinas,Yana_Klochkova,false,-0.042848218232393265,1.4441940784454346,True
dev_train_2089,dev_train,,Mohammed_Ashraf_Hafiz_0001,Ronald_Young_Jr_0001,Mohammed_Ashraf_Hafiz,Ronald_Young_Jr,false,-0.18954895436763763,1.542432427406311,True
dev_train_2090,dev_train,,Myung_Yang_0001,Rene_Antonio_Leon_Rodriguez_0001,Myung_Yang,Rene_Antonio_Leon_Rodriguez,false,0.05902496352791786,1.3718419075012207,True
dev_train_2091,dev_train,,Nabil_Shaath_0002,Quincy_Jones_0001,Nabil_Shaath,Quincy_Jones,false,-0.01157259102910757,1.4223730564117432,True
dev_train_2092,dev_train,,Nadia_Forte_0001,Toni_Jennings_0001,Nadia_Forte,Toni_Jennings,false,-0.04665811359882355,1.4468297958374023,True
dev_train_2093,dev_train,,Nan_Wang_0004,Penny_Dupuie_0001,Nan_Wang,Penny_Dupuie,false,0.09924745559692383,1.342201590538025,True
dev_train_2094,dev_train,,Nancy_Kerrigan_0001,Thomas_Wyman_0002,Nancy_Kerrigan,Thomas_Wyman,false,0.013260726816952229,1.4048056602478027,True
dev_train_2095,dev_train,,Naomi_Bronstein_0001,Rainer_Geulen_0001,Naomi_Bronstein,Rainer_Geulen,false,0.019822552800178528,1.4001268148422241,True
dev_train_2096,dev_train,,Naomi_Watts_0013,Yuri_Fedotov_0002,Naomi_Watts,Yuri_Fedotov,false,-0.09215916693210602,1.4779441356658936,True
dev_train_2097,dev_train,,Natalia_Dmitrieva_0001,Nova_Esther_Guthrie_0001,Natalia_Dmitrieva,Nova_Esther_Guthrie,false,0.021879177540540695,1.398657202720642,True
dev_train_2098,dev_train,,Natalia_Dmitrieva_0001,Yana_Klochkova_0001,Natalia_Dmitrieva,Yana_Klochkova,false,0.0172788854688406,1.4019423723220825,True
dev_train_2099,dev_train,,Natalia_Dmitrieva_0001,Yoshiyuki_Kamei_0001,Natalia_Dmitrieva,Yoshiyuki_Kamei,false,0.12252799421548843,1.3247430324554443,True
dev_train_2100,dev_train,,Natalia_Verbeke_0001,Steny_Hoyer_0001,Natalia_Verbeke,Steny_Hoyer,false,-0.03608832508325577,1.4395058155059814,True
dev_train_2101,dev_train,,Natalia_Vodonova_0001,Russell_Simmons_0004,Natalia_Vodonova,Russell_Simmons,false,-0.10452757775783539,1.486289143562317,True
dev_train_2102,dev_train,,Natalie_Cole_0003,Steve_McManaman_0001,Natalie_Cole,Steve_McManaman,false,0.03407880663871765,1.3899073600769043,True
dev_train_2103,dev_train,,Natasa_Micic_0001,Oxana_Fedorova_0003,Natasa_Micic,Oxana_Fedorova,false,-0.12632760405540466,1.500884771347046,True
dev_train_2104,dev_train,,Natasa_Micic_0001,Simona_Hradil_0001,Natasa_Micic,Simona_Hradil,false,-0.03724359720945358,1.4403079748153687,True
dev_train_2105,dev_train,,Nathirah_Hussein_0001,Pedro_Mahecha_0001,Nathirah_Hussein,Pedro_Mahecha,false,0.27321290969848633,1.205642580986023,True
dev_train_2106,dev_train,,Nathirah_Hussein_0001,Tomas_Enge_0001,Nathirah_Hussein,Tomas_Enge,false,0.19842669367790222,1.2661542892456055,True
dev_train_2107,dev_train,,Neri_Marcore_0001,Wolfgang_Schuessel_0002,Neri_Marcore,Wolfgang_Schuessel,false,-0.08446857333183289,1.4727312326431274,True
dev_train_2108,dev_train,,Nick_Nolte_0003,Steven_Briggs_0001,Nick_Nolte,Steven_Briggs,false,0.04221460595726967,1.3840415477752686,True
dev_train_2109,dev_train,,Nicolas_Kiefer_0001,Will_Young_0001,Nicolas_Kiefer,Will_Young,false,-0.11661151051521301,1.4943972826004028,True
dev_train_2110,dev_train,,Nicolas_Lapentti_0001,Paula_Dobriansky_0001,Nicolas_Lapentti,Paula_Dobriansky,false,0.12725584208965302,1.321169376373291,True
dev_train_2111,dev_train,,Nicolas_Latorre_0001,Paulo_Cesar_Pinheiro_0002,Nicolas_Latorre,Paulo_Cesar_Pinheiro,false,-0.06389933824539185,1.4586976766586304,True
dev_train_2112,dev_train,,Nora_Ephron_0001,Roel_Campos_0001,Nora_Ephron,Roel_Campos,false,-0.14711648225784302,1.5146725177764893,True
dev_train_2113,dev_train,,Orlando_Bloom_0001,Toutai_Kefu_0001,Orlando_Bloom,Toutai_Kefu,false,-0.05910971015691757,1.4554104804992676,True
dev_train_2114,dev_train,,Paddy_Torsney_0001,Scott_Rudin_0002,Paddy_Torsney,Scott_Rudin,false,-0.05300379917025566,1.4512089490890503,True
dev_train_2115,dev_train,,Pamela_Anderson_0002,Stan_Kroenke_0001,Pamela_Anderson,Stan_Kroenke,false,0.028265809640288353,1.3940833806991577,True
dev_train_2116,dev_train,,Paola_Espinoza_0001,Ranil_Wickremasinghe_0002,Paola_Espinoza,Ranil_Wickremasinghe,false,-0.008679591119289398,1.4203376770019531,True
dev_train_2117,dev_train,,Paradorn_Srichaphan_0007,Wolfgang_Schuessel_0002,Paradorn_Srichaphan,Wolfgang_Schuessel,false,-0.07472115755081177,1.4660977125167847,True
dev_train_2118,dev_train,,Parris_Glendening_0001,Stefaan_Declerk_0001,Parris_Glendening,Stefaan_Declerk,false,0.24966785311698914,1.2250161170959473,True
dev_train_2119,dev_train,,Pat_Cox_0001,Prince_Felipe_0001,Pat_Cox,Prince_Felipe,false,-0.12410018593072891,1.499400019645691,True
dev_train_2120,dev_train,,Patrick_Clawsen_0001,Valerie_Thwaites_0001,Patrick_Clawsen,Valerie_Thwaites,false,0.4411173462867737,1.0572443008422852,True
dev_train_2121,dev_train,,Patrick_Ewing_0002,Tali_Imani_0001,Patrick_Ewing,Tali_Imani,false,0.02519666776061058,1.3962831497192383,True
dev_train_2122,dev_train,,Patrick_Roy_0002,Ronald_Reagan_0001,Patrick_Roy,Ronald_Reagan,false,0.12578389048576355,1.3222830295562744,True
dev_train_2123,dev_train,,Paul_Murphy_0001,Samantha_Daniels_0001,Paul_Murphy,Samantha_Daniels,false,-0.050712328404188156,1.4496291875839233,True
dev_train_2124,dev_train,,Paul_ONeill_0008,Steven_Feldman_0001,Paul_ONeill,Steven_Feldman,false,-0.05089643970131874,1.449756145477295,True
dev_train_2125,dev_train,,Paul_Wilson_0001,Pupi_Avati_0001,Paul_Wilson,Pupi_Avati,false,-0.0204599741846323,1.4286078214645386,True
dev_train_2126,dev_train,,Paula_Dobriansky_0001,Selma_Phoenix_0001,Paula_Dobriansky,Selma_Phoenix,false,-0.1257898211479187,1.5005265474319458,True
dev_train_2127,dev_train,,Paula_Radcliffe_0001,Theresa_May_0002,Paula_Radcliffe,Theresa_May,false,0.14765521883964539,1.3056377172470093,True
dev_train_2128,dev_train,,Paulo_Cesar_Pinheiro_0001,Zhu_Rongji_0005,Paulo_Cesar_Pinheiro,Zhu_Rongji,false,-0.07615490257740021,1.467075228691101,True
dev_train_2129,dev_train,,Pedro_Velasquez_0001,Queen_Rania_0004,Pedro_Velasquez,Queen_Rania,false,0.08154425024986267,1.3553271293640137,True
dev_train_2130,dev_train,,Pedro_Velasquez_0001,Will_Ferrell_0001,Pedro_Velasquez,Will_Ferrell,false,-0.04466043412685394,1.4454482793807983,True
dev_train_2131,dev_train,,Peggy_McGuinness_0001,Pete_Beaudrault_0001,Peggy_McGuinness,Pete_Beaudrault,false,0.19958588480949402,1.2652385234832764,True
dev_train_2132,dev_train,,Penny_Lancaster_0001,Sven_Ottke_0001,Penny_Lancaster,Sven_Ottke,false,-0.15139362215995789,1.517493724822998,True
dev_train_2133,dev_train,,Pernilla_Bjorn_0001,Sanjay_Gupta_0001,Pernilla_Bjorn,Sanjay_Gupta,false,-0.22159110009670258,1.5630682706832886,True
dev_train_2134,dev_train,,Pete_Beaudrault_0001,Roy_Halladay_0001,Pete_Beaudrault,Roy_Halladay,false,-0.13431966304779053,1.5062004327774048,True
dev_train_2135,dev_train,,Pete_Gillen_0001,Pringe_Ernst_August_0001,Pete_Gillen,Pringe_Ernst_August,false,0.12045244872570038,1.3263088464736938,True
dev_train_2136,dev_train,,Peter_Bacanovic_0001,Zhang_Wenkang_0001,Peter_Bacanovic,Zhang_Wenkang,false,-0.15093357861042023,1.5171904563903809,True
dev_train_2137,dev_train,,Peter_Hillary_0002,Terence_Newman_0001,Peter_Hillary,Terence_Newman,false,-0.306127667427063,1.6162474155426025,True
dev_train_2138,dev_train,,Pham_Sy_Chien_0001,Sharon_Stone_0005,Pham_Sy_Chien,Sharon_Stone,false,0.14469175040721893,1.3079054355621338,True
dev_train_2139,dev_train,,Pier_Ferdinando_Casini_0001,Steve_Phillips_0001,Pier_Ferdinando_Casini,Steve_Phillips,false,0.29233983159065247,1.1896723508834839,True
dev_train_2140,dev_train,,Pier_Ferdinando_Casini_0001,Tom_Curley_0001,Pier_Ferdinando_Casini,Tom_Curley,false,0.40885865688323975,1.087328314781189,True
dev_train_2141,dev_train,,Piotr_Anderszewski_0001,Yoshiyuki_Kamei_0001,Piotr_Anderszewski,Yoshiyuki_Kamei,false,-0.13171175122261047,1.5044678449630737,True
dev_train_2142,dev_train,,Platon_Lebedev_0001,Ray_Young_0001,Platon_Lebedev,Ray_Young,false,-0.01737723872065544,1.4264483451843262,True
dev_train_2143,dev_train,,Prince_Naruhito_0002,Princess_Elisabeth_0002,Prince_Naruhito,Princess_Elisabeth,false,0.04888993129134178,1.3792099952697754,True
dev_train_2144,dev_train,,Princess_Anne_0001,Roberto_Laratro_0001,Princess_Anne,Roberto_Laratro,false,0.06999316066503525,1.3638231754302979,True
dev_train_2145,dev_train,,Princess_Anne_0002,Tab_Turner_0001,Princess_Anne,Tab_Turner,false,0.12906654179096222,1.319798231124878,True
dev_train_2146,dev_train,,Pringe_Ernst_August_0001,Rose_Marie_0001,Pringe_Ernst_August,Rose_Marie,false,-0.176236093044281,1.533777117729187,True
dev_train_2147,dev_train,,Pringe_Ernst_August_0001,Suzanne_Haik_Terrell_0001,Pringe_Ernst_August,Suzanne_Haik_Terrell,false,-0.09554044902324677,1.4802300930023193,True
dev_train_2148,dev_train,,Qian_Qichen_0001,Sok_An_0001,Qian_Qichen,Sok_An,false,0.3281218707561493,1.1592050790786743,True
dev_train_2149,dev_train,,Quincy_Jones_0001,Stephen_Joseph_0001,Quincy_Jones,Stephen_Joseph,false,-0.08929857611656189,1.4760072231292725,True
dev_train_2150,dev_train,,Raag_Singhal_0001,Ray_Halbritter_0001,Raag_Singhal,Ray_Halbritter,false,-0.04087876155972481,1.4428297281265259,True
dev_train_2151,dev_train,,Rashid_Qureshi_0001,Ray_Young_0001,Rashid_Qureshi,Ray_Young,false,0.01401488110423088,1.4042686223983765,True
dev_train_2152,dev_train,,Ray_Halbritter_0001,Xanana_Gusmao_0003,Ray_Halbritter,Xanana_Gusmao,false,0.12086956948041916,1.3259943723678589,True
dev_train_2153,dev_train,,Ray_Halbritter_0001,Zara_Akhmadova_0001,Ray_Halbritter,Zara_Akhmadova,false,-0.06834603101015091,1.4617427587509155,True
dev_train_2154,dev_train,,Ray_Morrough_0001,Ron_Gonzales_0001,Ray_Morrough,Ron_Gonzales,false,0.034087054431438446,1.3899015188217163,True
dev_train_2155,dev_train,,Ray_Nagin_0002,Thomas_Enqvist_0001,Ray_Nagin,Thomas_Enqvist,false,-0.3062851130962372,1.616344690322876,True
dev_train_2156,dev_train,,Razali_Ismail_0001,Rob_Marshall_0004,Razali_Ismail,Rob_Marshall,false,0.0839829295873642,1.3535265922546387,True
dev_train_2157,dev_train,,Rene_Antonio_Leon_Rodriguez_0001,Ted_Turner_0001,Rene_Antonio_Leon_Rodriguez,Ted_Turner,false,0.06246383115649223,1.3693329095840454,True
dev_train_2158,dev_train,,Retief_Goosen_0001,Tuncay_Sanli_0001,Retief_Goosen,Tuncay_Sanli,false,-0.2538374066352844,1.5835639238357544,True
dev_train_2159,dev_train,,Richard_Armitage_0006,Sila_Calderon_0001,Richard_Armitage,Sila_Calderon,false,-0.009160622023046017,1.420676350593567,True
dev_train_2160,dev_train,,Richard_Branson_0002,Taufik_Hidayat_0001,Richard_Branson,Taufik_Hidayat,false,0.05712063983082771,1.3732292652130127,True
dev_train_2161,dev_train,,Richard_Krajicek_0003,Zalmay_Khalilzad_0001,Richard_Krajicek,Zalmay_Khalilzad,false,-0.1857944130897522,1.5399963855743408,True
dev_train_2162,dev_train,,Robert_Altman_0001,Stella_Keitel_0001,Robert_Altman,Stella_Keitel,false,0.03045574575662613,1.3925116062164307,True
dev_train_2163,dev_train,,Robert_Lange_0001,Tina_Andrews_0001,Robert_Lange,Tina_Andrews,false,-0.07039099186658859,1.4631410837173462,True
dev_train_2164,dev_train,,Roberto_Cercelletta_0001,Scott_Hamilton_0001,Roberto_Cercelletta,Scott_Hamilton,false,-0.13486804068088531,1.5065643787384033,True
dev_train_2165,dev_train,,Ron_Zook_0001,Trista_Rehn_0001,Ron_Zook,Trista_Rehn,false,0.02058161050081253,1.3995846509933472,True
dev_train_2166,dev_train,,Ross_Verba_0001,Tony_Curtis_0002,Ross_Verba,Tony_Curtis,false,-0.15718533098697662,1.5213055610656738,True
dev_train_2167,dev_train,,Rudi_Voeller_0001,Tim_Lobinger_0001,Rudi_Voeller,Tim_Lobinger,false,0.020338181406259537,1.3997583389282227,True
dev_train_2168,dev_train,,Ruth_Harlow_0001,Tony_Fernandes_0001,Ruth_Harlow,Tony_Fernandes,false,0.11486117541790009,1.3305178880691528,True
dev_train_2169,dev_train,,Ryan_Leaf_0001,Wilson_Alvarez_0001,Ryan_Leaf,Wilson_Alvarez,false,0.18797534704208374,1.2743819952011108,True
dev_train_2170,dev_train,,SJ_Twu_0001,Sachin_Tendulkar_0001,SJ_Twu,Sachin_Tendulkar,false,0.1535014808177948,1.301152229309082,True
dev_train_2171,dev_train,,Sada_Jacobson_0001,William_Webster_0001,Sada_Jacobson,William_Webster,false,0.040453724563121796,1.3853131532669067,True
dev_train_2172,dev_train,,Sam_Torrance_0003,Tom_Christerson_0001,Sam_Torrance,Tom_Christerson,false,-0.037558797746896744,1.4405268430709839,True
dev_train_2173,dev_train,,Sammy_Sosa_0001,Steve_Park_0001,Sammy_Sosa,Steve_Park,false,-0.07141145318746567,1.4638384580612183,True
dev_train_2174,dev_train,,Sandy_Smith_0001,Susan_Walvius_0001,Sandy_Smith,Susan_Walvius,false,0.02063003182411194,1.399549961090088,True
dev_train_2175,dev_train,,Sara_Silverman_0001,Stephen_Friedman_0001,Sara_Silverman,Stephen_Friedman,false,0.38306593894958496,1.1107962131500244,True
dev_train_2176,dev_train,,Sean_Combs_0001,Sherry_Fisher_0001,Sean_Combs,Sherry_Fisher,false,-0.060448016971349716,1.4563297033309937,True
dev_train_2177,dev_train,,Shawn_Kemp_0001,Steven_Seagal_0001,Shawn_Kemp,Steven_Seagal,false,-0.015601880848407745,1.4252030849456787,True
dev_train_2178,dev_train,,Shi_Guangsheng_0001,TA_McLendon_0001,Shi_Guangsheng,TA_McLendon,false,-0.03276267647743225,1.4371936321258545,True
dev_train_2179,dev_train,,Shia_LaBeouf_0001,Tatyana_Tomashova_0001,Shia_LaBeouf,Tatyana_Tomashova,false,-0.0847170501947403,1.4728999137878418,True
dev_train_2180,dev_train,,Shoshana_Johnson_0001,Suzanne_Mubarak_0001,Shoshana_Johnson,Suzanne_Mubarak,false,0.16565093398094177,1.291780948638916,True
dev_train_2181,dev_train,,Simona_Hradil_0001,Ted_Washington_0001,Simona_Hradil,Ted_Washington,false,-0.13376976549625397,1.5058351755142212,True
dev_train_2182,dev_train,,Spike_Helmick_0001,Stephen_Webster_0001,Spike_Helmick,Stephen_Webster,false,-0.12785497307777405,1.5019022226333618,True
dev_train_2183,dev_train,,Spike_Helmick_0001,Wayne_Brady_0001,Spike_Helmick,Wayne_Brady,false,0.15806837379932404,1.297637701034546,True
dev_train_2184,dev_train,,Stanley_McChrystal_0001,Tatjana_Gsell_0001,Stanley_McChrystal,Tatjana_Gsell,false,0.18789294362068176,1.274446725845337,True
dev_train_2185,dev_train,,Stanley_McChrystal_0002,Surya_Bahadur_Thapa_0001,Stanley_McChrystal,Surya_Bahadur_Thapa,false,-0.09403812885284424,1.4792147874832153,True
dev_train_2186,dev_train,,Stanley_Nelson_0001,Stella_Tennant_0001,Stanley_Nelson,Stella_Tennant,false,0.025299787521362305,1.3962093591690063,True
dev_train_2187,dev_train,,Stephen_Frears_0001,Taufik_Kiemas_0001,Stephen_Frears,Taufik_Kiemas,false,0.19884732365608215,1.2658220529556274,True
dev_train_2188,dev_train,,Stephen_Joseph_0001,Steven_Spielberg_0007,Stephen_Joseph,Steven_Spielberg,false,-0.09531842172145844,1.4800798892974854,True
dev_train_2189,dev_train,,Steve_Redgrave_0001,Tom_Crean_0002,Steve_Redgrave,Tom_Crean,false,0.15714436769485474,1.2983494997024536,True
dev_train_2190,dev_train,,Syed_Ibrahim_0001,Tim_Chapman_0001,Syed_Ibrahim,Tim_Chapman,false,-0.14358305931091309,1.5123379230499268,True
dev_train_2191,dev_train,,Tammy_Helm_0001,Taufik_Kiemas_0001,Tammy_Helm,Taufik_Kiemas,false,0.0013515236787497997,1.4132575988769531,True
dev_train_2192,dev_train,,Terje_Roed-Larsen_0002,Thomas_Rupprath_0003,Terje_Roed-Larsen,Thomas_Rupprath,false,-0.023238984867930412,1.430551528930664,True
dev_train_2193,dev_train,,Thomas_Rupprath_0003,Wendy_Kennedy_0001,Thomas_Rupprath,Wendy_Kennedy,false,0.08967892825603485,1.3493117094039917,True
dev_train_2194,dev_train,,Tim_Howard_0001,Tom_Reilly_0001,Tim_Howard,Tom_Reilly,false,-0.1294925957918167,1.5029921531677246,True
dev_train_2195,dev_train,,Tom_Craddick_0003,Val_Ackerman_0001,Tom_Craddick,Val_Ackerman,false,0.10019033402204514,1.341498851776123,True
dev_train_2196,dev_train,,Tom_Vilsack_0001,Wayne_Ferreira_0005,Tom_Vilsack,Wayne_Ferreira,false,-0.230421781539917,1.5687077045440674,True
dev_train_2197,dev_train,,Trisha_Meili_0001,Vladimiro_Montesinos_0003,Trisha_Meili,Vladimiro_Montesinos,false,0.16128197312355042,1.295158863067627,True
dev_train_2198,dev_train,,Ty_Votaw_0001,Wayne_Allard_0001,Ty_Votaw,Wayne_Allard,false,-0.10796989500522614,1.4886033535003662,True
dev_train_2199,dev_train,,Vytas_Danelius_0001,Zaini_Abdullah_0001,Vytas_Danelius,Zaini_Abdullah,false,0.01749768853187561,1.401786208152771,True
dev_train_2200,dev_train,,Wendy_Kennedy_0001,Zara_Akhmadova_0001,Wendy_Kennedy,Zara_Akhmadova,false,0.2423926740884781,1.2309406995773315,True
dev_test_0001,dev_test,,Abdullah_Gul_0013,Abdullah_Gul_0014,Abdullah_Gul,Abdullah_Gul,true,0.8970677852630615,0.45372265577316284,True
dev_test_0002,dev_test,,Abdullah_Gul_0013,Abdullah_Gul_0016,Abdullah_Gul,Abdullah_Gul,true,0.213279590010643,1.254368782043457,True
dev_test_0003,dev_test,,Abdullatif_Sener_0001,Abdullatif_Sener_0002,Abdullatif_Sener,Abdullatif_Sener,true,0.03344166651368141,1.390365719795227,True
dev_test_0004,dev_test,,Adel_Al-Jubeir_0001,Adel_Al-Jubeir_0003,Adel_Al-Jubeir,Adel_Al-Jubeir,true,0.890991747379303,0.4669225811958313,True
dev_test_0005,dev_test,,Al_Pacino_0001,Al_Pacino_0002,Al_Pacino,Al_Pacino,true,0.7680063247680664,0.6811663508415222,True
dev_test_0006,dev_test,,Alan_Greenspan_0001,Alan_Greenspan_0005,Alan_Greenspan,Alan_Greenspan,true,0.8444947004318237,0.557683527469635,True
dev_test_0007,dev_test,,Albert_Costa_0002,Albert_Costa_0006,Albert_Costa,Albert_Costa,true,0.8882519006729126,0.4727538228034973,True
dev_test_0008,dev_test,,Albert_Costa_0004,Albert_Costa_0006,Albert_Costa,Albert_Costa,true,0.79930579662323,0.6335520148277283,True
dev_test_0009,dev_test,,Albert_Costa_0005,Albert_Costa_0006,Albert_Costa,Albert_Costa,true,0.7846442461013794,0.6562861800193787,True
dev_test_0010,dev_test,,Alejandro_Atchugarry_0001,Alejandro_Atchugarry_0002,Alejandro_Atchugarry,Alejandro_Atchugarry,true,0.8145520687103271,0.6090123057365417,True
dev_test_0011,dev_test,,Alex_Penelas_0001,Alex_Penelas_0002,Alex_Penelas,Alex_Penelas,true,0.027504730969667435,1.3946292400360107,True
dev_test_0012,dev_test,,Ali_Naimi_0001,Ali_Naimi_0003,Ali_Naimi,Ali_Naimi,true,0.14363421499729156,1.3087137937545776,True
dev_test_0013,dev_test,,Ali_Naimi_0003,Ali_Naimi_0004,Ali_Naimi,Ali_Naimi,true,0.1958044171333313,1.2682236433029175,True
dev_test_0014,dev_test,,Allison_Janney_0001,Allison_Janney_0002,Allison_Janney,Allison_Janney,true,0.7330542802810669,0.7306787371635437,True
dev_test_0015,dev_test,,Allyson_Felix_0002,Allyson_Felix_0005,Allyson_Felix,Allyson_Felix,true,0.8435948491096497,0.5592947006225586,True
dev_test_0016,dev_test,,Alvaro_Uribe_0007,Alvaro_Uribe_0010,Alvaro_Uribe,Alvaro_Uribe,true,0.8637903928756714,0.5219380855560303,True
dev_test_0017,dev_test,,Alvaro_Uribe_0017,Alvaro_Uribe_0026,Alvaro_Uribe,Alvaro_Uribe,true,0.7996152639389038,0.6330636143684387,True
dev_test_0018,dev_test,,Alvaro_Uribe_0028,Alvaro_Uribe_0029,Alvaro_Uribe,Alvaro_Uribe,true,0.5915703177452087,0.903802752494812,True
dev_test_0019,dev_test,,Amanda_Bynes_0001,Amanda_Bynes_0002,Amanda_Bynes,Amanda_Bynes,true,0.7698014974594116,0.6785256266593933,True
dev_test_0020,dev_test,,Amanda_Bynes_0001,Amanda_Bynes_0003,Amanda_Bynes,Amanda_Bynes,true,0.5972206592559814,0.8975293040275574,True
dev_test_0021,dev_test,,Amanda_Bynes_0001,Amanda_Bynes_0004,Amanda_Bynes,Amanda_Bynes,true,0.6382393836975098,0.85060054063797,True
dev_test_0022,dev_test,,Amanda_Bynes_0003,Amanda_Bynes_0004,Amanda_Bynes,Amanda_Bynes,true,0.7909900546073914,0.6465445756912231,True
dev_test_0023,dev_test,,Amelie_Mauresmo_0001,Amelie_Mauresmo_0021,Amelie_Mauresmo,Amelie_Mauresmo,true,0.6320236325263977,0.8578769564628601,True
dev_test_0024,dev_test,,Amelie_Mauresmo_0004,Amelie_Mauresmo_0011,Amelie_Mauresmo,Amelie_Mauresmo,true,0.7670843005180359,0.6825183629989624,True
dev_test_0025,dev_test,,Amelie_Mauresmo_0016,Amelie_Mauresmo_0021,Amelie_Mauresmo,Amelie_Mauresmo,true,0.5576478838920593,0.9405872821807861,True
dev_test_0026,dev_test,,Ana_Palacio_0001,Ana_Palacio_0006,Ana_Palacio,Ana_Palacio,true,0.6839442849159241,0.7950543761253357,True
dev_test_0027,dev_test,,Andrei_Mikhnevich_0001,Andrei_Mikhnevich_0002,Andrei_Mikhnevich,Andrei_Mikhnevich,true,0.8106824159622192,0.615333616733551,True
dev_test_0028,dev_test,,Andy_Hebb_0001,Andy_Hebb_0002,Andy_Hebb,Andy_Hebb,true,0.8123445510864258,0.6126261949539185,True
dev_test_0029,dev_test,,Angelo_Reyes_0001,Angelo_Reyes_0002,Angelo_Reyes,Angelo_Reyes,true,0.856735348701477,0.5352845191955566,True
dev_test_0030,dev_test,,Angelo_Reyes_0002,Angelo_Reyes_0003,Angelo_Reyes,Angelo_Reyes,true,0.8545523285865784,0.5393472909927368,True
dev_test_0031,dev_test,,Ann_Veneman_0001,Ann_Veneman_0002,Ann_Veneman,Ann_Veneman,true,0.7691953182220459,0.6794183850288391,True
dev_test_0032,dev_test,,Ann_Veneman_0005,Ann_Veneman_0011,Ann_Veneman,Ann_Veneman,true,0.8136225938796997,0.6105366349220276,True
dev_test_0033,dev_test,,Ann_Veneman_0008,Ann_Veneman_0009,Ann_Veneman,Ann_Veneman,true,0.883897066116333,0.4818774461746216,True
dev_test_0034,dev_test,,Anna_Nicole_Smith_0001,Anna_Nicole_Smith_0002,Anna_Nicole_Smith,Anna_Nicole_Smith,true,0.6014975309371948,0.8927513957023621,True
dev_test_0035,dev_test,,Anne_Krueger_0001,Anne_Krueger_0002,Anne_Krueger,Anne_Krueger,true,0.8788710236549377,0.49219730496406555,True
dev_test_0036,dev_test,,Anne_Krueger_0002,Anne_Krueger_0003,Anne_Krueger,Anne_Krueger,true,0.7504326701164246,0.7064947485923767,True
dev_test_0037,dev_test,,Annette_Lu_0001,Annette_Lu_0002,Annette_Lu,Annette_Lu,true,0.8187419176101685,0.6020933389663696,True
dev_test_0038,dev_test,,Annette_Lu_0001,Annette_Lu_0003,Annette_Lu,Annette_Lu,true,0.8473849296569824,0.5524763464927673,True
dev_test_0039,dev_test,,Annette_Lu_0002,Annette_Lu_0003,Annette_Lu,Annette_Lu,true,0.894325852394104,0.459726482629776,True
dev_test_0040,dev_test,,Antonio_Palocci_0003,Antonio_Palocci_0008,Antonio_Palocci,Antonio_Palocci,true,0.9205543994903564,0.3986116051673889,True
dev_test_0041,dev_test,,Antonio_Trillanes_0001,Antonio_Trillanes_0002,Antonio_Trillanes,Antonio_Trillanes,true,0.8537219762802124,0.5408846139907837,True
dev_test_0042,dev_test,,Antonio_Trillanes_0002,Antonio_Trillanes_0003,Antonio_Trillanes,Antonio_Trillanes,true,0.650394082069397,0.8361889719963074,True
dev_test_0043,dev_test,,Arlen_Specter_0001,Arlen_Specter_0003,Arlen_Specter,Arlen_Specter,true,0.6595297455787659,0.8251912593841553,True
dev_test_0044,dev_test,,Augustin_Calleri_0001,Augustin_Calleri_0003,Augustin_Calleri,Augustin_Calleri,true,0.7842260599136353,0.6569229364395142,True
dev_test_0045,dev_test,,Augustin_Calleri_0001,Augustin_Calleri_0004,Augustin_Calleri,Augustin_Calleri,true,0.5410935878753662,0.9580253958702087,True
dev_test_0046,dev_test,,Barbara_Brezigar_0001,Barbara_Brezigar_0002,Barbara_Brezigar,Barbara_Brezigar,true,0.693898618221283,0.7824339270591736,True
dev_test_0047,dev_test,,Begum_Khaleda_Zia_0001,Begum_Khaleda_Zia_0002,Begum_Khaleda_Zia,Begum_Khaleda_Zia,true,0.5340767502784729,0.9653220176696777,True
dev_test_0048,dev_test,,Ben_Affleck_0001,Ben_Affleck_0003,Ben_Affleck,Ben_Affleck,true,0.839505136013031,0.5665597319602966,True
dev_test_0049,dev_test,,Ben_Affleck_0002,Ben_Affleck_0006,Ben_Affleck,Ben_Affleck,true,0.7225667238235474,0.7448936700820923,True
dev_test_0050,dev_test,,Ben_Affleck_0003,Ben_Affleck_0006,Ben_Affleck,Ben_Affleck,true,0.6756282448768616,0.8054463267326355,True
dev_test_0051,dev_test,,Bertie_Ahern_0002,Bertie_Ahern_0003,Bertie_Ahern,Bertie_Ahern,true,0.8190233111381531,0.6016257405281067,True
dev_test_0052,dev_test,,Bill_Frist_0001,Bill_Frist_0003,Bill_Frist,Bill_Frist,true,0.8129048347473145,0.6117112040519714,True
dev_test_0053,dev_test,,Bill_Frist_0002,Bill_Frist_0007,Bill_Frist,Bill_Frist,true,0.8069697022438049,0.6213377714157104,True
dev_test_0054,dev_test,,Bill_Frist_0003,Bill_Frist_0008,Bill_Frist,Bill_Frist,true,0.6902249455451965,0.7871150970458984,True
dev_test_0055,dev_test,,Bill_McBride_0002,Bill_McBride_0006,Bill_McBride,Bill_McBride,true,0.6945983171463013,0.7815393209457397,True
dev_test_0056,dev_test,,Bill_McBride_0002,Bill_McBride_0010,Bill_McBride,Bill_McBride,true,0.7457525730133057,0.7130883932113647,True
dev_test_0057,dev_test,,Bill_McBride_0003,Bill_McBride_0009,Bill_McBride,Bill_McBride,true,0.7995703220367432,0.633134663105011,True
dev_test_0058,dev_test,,Bill_Sizemore_0001,Bill_Sizemore_0002,Bill_Sizemore,Bill_Sizemore,true,0.8655743598937988,0.5185087323188782,True
dev_test_0059,dev_test,,Bono_0001,Bono_0002,Bono,Bono,true,0.5568955540657043,0.9413867592811584,True
dev_test_0060,dev_test,,Bono_0001,Bono_0003,Bono,Bono,true,0.35986101627349854,1.1314936876296997,True
dev_test_0061,dev_test,,Bono_0002,Bono_0003,Bono,Bono,true,0.39789265394210815,1.0973671674728394,True
dev_test_0062,dev_test,,Brian_Cowen_0001,Brian_Cowen_0002,Brian_Cowen,Brian_Cowen,true,0.8905821442604065,0.46779897809028625,True
dev_test_0063,dev_test,,Bridget_Fonda_0001,Bridget_Fonda_0003,Bridget_Fonda,Bridget_Fonda,true,0.7795873284339905,0.6639467477798462,True
dev_test_0064,dev_test,,Bridgette_Wilson-Sampras_0001,Bridgette_Wilson-Sampras_0002,Bridgette_Wilson-Sampras,Bridgette_Wilson-Sampras,true,0.5448558330535889,0.954090416431427,True
dev_test_0065,dev_test,,Butch_Davis_0001,Butch_Davis_0002,Butch_Davis,Butch_Davis,true,0.8128107786178589,0.6118648052215576,True
dev_test_0066,dev_test,,Calista_Flockhart_0002,Calista_Flockhart_0006,Calista_Flockhart,Calista_Flockhart,true,0.7351043224334717,0.7278679013252258,True
dev_test_0067,dev_test,,Candice_Bergen_0001,Candice_Bergen_0003,Candice_Bergen,Candice_Bergen,true,0.6719228029251099,0.8100337386131287,True
dev_test_0068,dev_test,,Carla_Del_Ponte_0002,Carla_Del_Ponte_0004,Carla_Del_Ponte,Carla_Del_Ponte,true,0.7780399322509766,0.6662735342979431,True
dev_test_0069,dev_test,,Carla_Del_Ponte_0004,Carla_Del_Ponte_0005,Carla_Del_Ponte,Carla_Del_Ponte,true,0.8093154430389404,0.6175509691238403,True
dev_test_0070,dev_test,,Carlos_Manuel_Pruneda_0001,Carlos_Manuel_Pruneda_0002,Carlos_Manuel_Pruneda,Carlos_Manuel_Pruneda,true,0.7865991592407227,0.6533005833625793,True
dev_test_0071,dev_test,,Carlos_Manuel_Pruneda_0001,Carlos_Manuel_Pruneda_0003,Carlos_Manuel_Pruneda,Carlos_Manuel_Pruneda,true,0.8750522136688232,0.499895840883255,True
dev_test_0072,dev_test,,Carlos_Manuel_Pruneda_0002,Carlos_Manuel_Pruneda_0003,Carlos_Manuel_Pruneda,Carlos_Manuel_Pruneda,true,0.8112918138504028,0.6143422722816467,True
dev_test_0073,dev_test,,Carlos_Moya_0007,Carlos_Moya_0011,Carlos_Moya,Carlos_Moya,true,0.7703042030334473,0.6777844429016113,True
dev_test_0074,dev_test,,Carlos_Ortega_0001,Carlos_Ortega_0003,Carlos_Ortega,Carlos_Ortega,true,0.7697998285293579,0.6785281896591187,True
dev_test_0075,dev_test,,Carolyn_Dawn_Johnson_0002,Carolyn_Dawn_Johnson_0003,Carolyn_Dawn_Johnson,Carolyn_Dawn_Johnson,true,0.6889536380767822,0.7887285351753235,True
dev_test_0076,dev_test,,Carrie-Anne_Moss_0002,Carrie-Anne_Moss_0005,Carrie-Anne_Moss,Carrie-Anne_Moss,true,0.8211913704872131,0.5980111360549927,True
dev_test_0077,dev_test,,Carson_Daly_0001,Carson_Daly_0002,Carson_Daly,Carson_Daly,true,0.6714661717414856,0.8105971813201904,True
dev_test_0078,dev_test,,Cathy_Freeman_0001,Cathy_Freeman_0002,Cathy_Freeman,Cathy_Freeman,true,0.7700459957122803,0.6781651973724365,True
dev_test_0079,dev_test,,Chanda_Rubin_0002,Chanda_Rubin_0004,Chanda_Rubin,Chanda_Rubin,true,0.8270121812820435,0.5881971120834351,True
dev_test_0080,dev_test,,Chang_Dae-whan_0001,Chang_Dae-whan_0002,Chang_Dae-whan,Chang_Dae-whan,true,0.8630861043930054,0.5232858657836914,True
dev_test_0081,dev_test,,Charles_Taylor_0003,Charles_Taylor_0009,Charles_Taylor,Charles_Taylor,true,0.6508617997169495,0.835629403591156,True
dev_test_0082,dev_test,,Chen_Shui-bian_0003,Chen_Shui-bian_0005,Chen_Shui-bian,Chen_Shui-bian,true,0.5629721879959106,0.934909462928772,True
dev_test_0083,dev_test,,Chita_Rivera_0001,Chita_Rivera_0002,Chita_Rivera,Chita_Rivera,true,0.8981922268867493,0.45123791694641113,True
dev_test_0084,dev_test,,Chok_Tong_Goh_0001,Chok_Tong_Goh_0002,Chok_Tong_Goh,Chok_Tong_Goh,true,0.767048716545105,0.6825705766677856,True
dev_test_0085,dev_test,,Chris_Bell_0001,Chris_Bell_0002,Chris_Bell,Chris_Bell,true,0.8944728374481201,0.45940643548965454,True
dev_test_0086,dev_test,,Chris_Byrd_0001,Chris_Byrd_0002,Chris_Byrd,Chris_Byrd,true,-0.09905064105987549,1.4825996160507202,True
dev_test_0087,dev_test,,Christian_Longo_0001,Christian_Longo_0003,Christian_Longo,Christian_Longo,true,0.8293589353561401,0.584193766117096,True
dev_test_0088,dev_test,,Christian_Longo_0002,Christian_Longo_0003,Christian_Longo,Christian_Longo,true,0.7476491928100586,0.7104235291481018,True
dev_test_0089,dev_test,,Christian_Wulff_0001,Christian_Wulff_0002,Christian_Wulff,Christian_Wulff,true,0.771752655506134,0.6756439208984375,True
dev_test_0090,dev_test,,Christine_Ebersole_0001,Christine_Ebersole_0002,Christine_Ebersole,Christine_Ebersole,true,0.8166654109954834,0.6055322885513306,True
dev_test_0091,dev_test,,Christine_Todd_Whitman_0005,Christine_Todd_Whitman_0006,Christine_Todd_Whitman,Christine_Todd_Whitman,true,-0.0030284193344414234,1.4163533449172974,True
dev_test_0092,dev_test,,Christopher_Reeve_0001,Christopher_Reeve_0004,Christopher_Reeve,Christopher_Reeve,true,0.7464607357978821,0.7120944857597351,True
dev_test_0093,dev_test,,Claire_Leger_0001,Claire_Leger_0002,Claire_Leger,Claire_Leger,true,0.7995151877403259,0.6332216262817383,True
dev_test_0094,dev_test,,Condoleezza_Rice_0002,Condoleezza_Rice_0005,Condoleezza_Rice,Condoleezza_Rice,true,-0.03175840154290199,1.4364947080612183,True
dev_test_0095,dev_test,,Condoleezza_Rice_0007,Condoleezza_Rice_0010,Condoleezza_Rice,Condoleezza_Rice,true,0.9304839372634888,0.37287041544914246,True
dev_test_0096,dev_test,,Cristina_Fernandez_0001,Cristina_Fernandez_0002,Cristina_Fernandez,Cristina_Fernandez,true,0.10252951830625534,1.3397541046142578,True
dev_test_0097,dev_test,,Dai_Bachtiar_0001,Dai_Bachtiar_0002,Dai_Bachtiar,Dai_Bachtiar,true,0.867604672908783,0.5145781636238098,True
dev_test_0098,dev_test,,Daisy_Fuentes_0003,Daisy_Fuentes_0004,Daisy_Fuentes,Daisy_Fuentes,true,0.7513207793235779,0.7052363753318787,True
dev_test_0099,dev_test,,Dave_Campo_0001,Dave_Campo_0002,Dave_Campo,Dave_Campo,true,0.8516095876693726,0.5447760820388794,True
dev_test_0100,dev_test,,Dave_Campo_0002,Dave_Campo_0003,Dave_Campo,Dave_Campo,true,0.6064247488975525,0.8872151374816895,True
dev_test_0101,dev_test,,David_Stern_0001,David_Stern_0004,David_Stern,David_Stern,true,0.8936073780059814,0.4612865746021271,True
dev_test_0102,dev_test,,David_Stern_0003,David_Stern_0004,David_Stern,David_Stern,true,0.910176694393158,0.4238475561141968,True
dev_test_0103,dev_test,,Denise_Johnson_0001,Denise_Johnson_0002,Denise_Johnson,Denise_Johnson,true,0.47710323333740234,1.0226404666900635,True
dev_test_0104,dev_test,,Dennis_Powell_0001,Dennis_Powell_0002,Dennis_Powell,Dennis_Powell,true,0.7032193541526794,0.7704293727874756,True
dev_test_0105,dev_test,,Denzel_Washington_0001,Denzel_Washington_0003,Denzel_Washington,Denzel_Washington,true,0.8882074356079102,0.4728478491306305,True
dev_test_0106,dev_test,,Denzel_Washington_0002,Denzel_Washington_0004,Denzel_Washington,Denzel_Washington,true,0.7415541410446167,0.718951940536499,True
dev_test_0107,dev_test,,Denzel_Washington_0002,Denzel_Washington_0005,Denzel_Washington,Denzel_Washington,true,0.8312661051750183,0.5809199213981628,True
dev_test_0108,dev_test,,Derek_Jeter_0002,Derek_Jeter_0003,Derek_Jeter,Derek_Jeter,true,0.6633660793304443,0.8205289840698242,True
dev_test_0109,dev_test,,Diane_Green_0001,Diane_Green_0002,Diane_Green,Diane_Green,true,0.7742611169815063,0.6719210147857666,True
dev_test_0110,dev_test,,Dick_Clark_0001,Dick_Clark_0002,Dick_Clark,Dick_Clark,true,0.7789923548698425,0.664842426776886,True
dev_test_0111,dev_test,,Dick_Clark_0001,Dick_Clark_0003,Dick_Clark,Dick_Clark,true,0.8238518238067627,0.5935456156730652,True
dev_test_0112,dev_test,,Dick_Clark_0002,Dick_Clark_0003,Dick_Clark,Dick_Clark,true,0.7598087191581726,0.6930964589118958,True
dev_test_0113,dev_test,,Dick_Vermeil_0001,Dick_Vermeil_0002,Dick_Vermeil,Dick_Vermeil,true,0.6372981071472168,0.8517064452171326,True
dev_test_0114,dev_test,,Dominique_de_Villepin_0003,Dominique_de_Villepin_0005,Dominique_de_Villepin,Dominique_de_Villepin,true,0.7242631912231445,0.7426128387451172,True
dev_test_0115,dev_test,,Dominique_de_Villepin_0007,Dominique_de_Villepin_0011,Dominique_de_Villepin,Dominique_de_Villepin,true,-0.005459509324282408,1.418068766593933,True
dev_test_0116,dev_test,,Dominique_de_Villepin_0014,Dominique_de_Villepin_0015,Dominique_de_Villepin,Dominique_de_Villepin,true,0.9321719408035278,0.36831530928611755,True
dev_test_0117,dev_test,,Donald_Pettit_0001,Donald_Pettit_0002,Donald_Pettit,Donald_Pettit,true,0.5580008029937744,0.9402120113372803,True
dev_test_0118,dev_test,,Donald_Pettit_0002,Donald_Pettit_0003,Donald_Pettit,Donald_Pettit,true,0.7068498730659485,0.7657025456428528,True
dev_test_0119,dev_test,,Donald_Rumsfeld_0022,Donald_Rumsfeld_0036,Donald_Rumsfeld,Donald_Rumsfeld,true,0.8079251050949097,0.6197981834411621,True
dev_test_0120,dev_test,,Donald_Rumsfeld_0028,Donald_Rumsfeld_0108,Donald_Rumsfeld,Donald_Rumsfeld,true,0.7071517109870911,0.765308141708374,True
dev_test_0121,dev_test,,Donald_Rumsfeld_0041,Donald_Rumsfeld_0048,Donald_Rumsfeld,Donald_Rumsfeld,true,0.24205145239830017,1.2312177419662476,True
dev_test_0122,dev_test,,Doug_Collins_0001,Doug_Collins_0002,Doug_Collins,Doug_Collins,true,0.7391751408576965,0.7222533226013184,True
dev_test_0123,dev_test,,Edward_Lu_0002,Edward_Lu_0004,Edward_Lu,Edward_Lu,true,0.6739636063575745,0.8075103759765625,True
dev_test_0124,dev_test,,Edward_Norton_0001,Edward_Norton_0002,Edward_Norton,Edward_Norton,true,0.696678102016449,0.7788735032081604,True
dev_test_0125,dev_test,,Edwin_Edwards_0001,Edwin_Edwards_0002,Edwin_Edwards,Edwin_Edwards,true,0.7813966274261475,0.661216139793396,True
dev_test_0126,dev_test,,Edwin_Edwards_0002,Edwin_Edwards_0003,Edwin_Edwards,Edwin_Edwards,true,0.6966220140457153,0.7789455056190491,True
dev_test_0127,dev_test,,Eliane_Karp_0001,Eliane_Karp_0004,Eliane_Karp,Eliane_Karp,true,0.5106755495071411,0.9892669916152954,True
dev_test_0128,dev_test,,Eliane_Karp_0002,Eliane_Karp_0003,Eliane_Karp,Eliane_Karp,true,0.724066972732544,0.7428769469261169,True
dev_test_0129,dev_test,,Elin_Nordegren_0001,Elin_Nordegren_0002,Elin_Nordegren,Elin_Nordegren,true,0.7049892544746399,0.7681285738945007,True
dev_test_0130,dev_test,,Elinor_Caplan_0001,Elinor_Caplan_0002,Elinor_Caplan,Elinor_Caplan,true,0.8752992749214172,0.4994010329246521,True
dev_test_0131,dev_test,,Elisabeth_Schumacher_0001,Elisabeth_Schumacher_0002,Elisabeth_Schumacher,Elisabeth_Schumacher,true,0.18830054998397827,1.2741267681121826,True
dev_test_0132,dev_test,,Elizabeth_Smart_0001,Elizabeth_Smart_0005,Elizabeth_Smart,Elizabeth_Smart,true,0.7031131386756897,0.7705672979354858,True
dev_test_0133,dev_test,,Elizabeth_Smart_0003,Elizabeth_Smart_0004,Elizabeth_Smart,Elizabeth_Smart,true,0.5964680910110474,0.8983673453330994,True
dev_test_0134,dev_test,,Elsa_Zylberstein_0001,Elsa_Zylberstein_0002,Elsa_Zylberstein,Elsa_Zylberstein,true,0.6616076827049255,0.822669267654419,True
dev_test_0135,dev_test,,Elsa_Zylberstein_0001,Elsa_Zylberstein_0005,Elsa_Zylberstein,Elsa_Zylberstein,true,-0.10517267882823944,1.4867229461669922,True
dev_test_0136,dev_test,,Elsa_Zylberstein_0003,Elsa_Zylberstein_0006,Elsa_Zylberstein,Elsa_Zylberstein,true,0.8047745823860168,0.6248606443405151,True
dev_test_0137,dev_test,,Emma_Watson_0001,Emma_Watson_0004,Emma_Watson,Emma_Watson,true,0.8915327787399292,0.4657621681690216,True
dev_test_0138,dev_test,,Emma_Watson_0002,Emma_Watson_0003,Emma_Watson,Emma_Watson,true,0.8899949789047241,0.46905237436294556,True
dev_test_0139,dev_test,,Emma_Watson_0003,Emma_Watson_0005,Emma_Watson,Emma_Watson,true,0.9068376421928406,0.43165335059165955,True
dev_test_0140,dev_test,,Erik_Morales_0001,Erik_Morales_0003,Erik_Morales,Erik_Morales,true,0.7418042421340942,0.7186039686203003,True
dev_test_0141,dev_test,,Erika_Christensen_0001,Erika_Christensen_0002,Erika_Christensen,Erika_Christensen,true,0.7504361867904663,0.706489622592926,True
dev_test_0142,dev_test,,Erin_Runnion_0003,Erin_Runnion_0004,Erin_Runnion,Erin_Runnion,true,0.6791638731956482,0.8010444641113281,True
dev_test_0143,dev_test,,Ernie_Fletcher_0001,Ernie_Fletcher_0002,Ernie_Fletcher,Ernie_Fletcher,true,0.7961553931236267,0.6385055780410767,True
dev_test_0144,dev_test,,Fabiola_Zuluaga_0001,Fabiola_Zuluaga_0002,Fabiola_Zuluaga,Fabiola_Zuluaga,true,0.8363029360771179,0.5721837878227234,True
dev_test_0145,dev_test,,Felipe_Perez_Roque_0001,Felipe_Perez_Roque_0004,Felipe_Perez_Roque,Felipe_Perez_Roque,true,0.8270649909973145,0.5881072282791138,True
dev_test_0146,dev_test,,Felipe_Perez_Roque_0002,Felipe_Perez_Roque_0004,Felipe_Perez_Roque,Felipe_Perez_Roque,true,0.8944722414016724,0.4594079256057739,True
dev_test_0147,dev_test,,Fernando_Vargas_0002,Fernando_Vargas_0004,Fernando_Vargas,Fernando_Vargas,true,0.5342856049537659,0.9651055932044983,True
dev_test_0148,dev_test,,Flor_Montulo_0001,Flor_Montulo_0002,Flor_Montulo,Flor_Montulo,true,0.5489973425865173,0.9497396945953369,True
dev_test_0149,dev_test,,Frank_Cassell_0001,Frank_Cassell_0002,Frank_Cassell,Frank_Cassell,true,0.7913998365402222,0.6459105014801025,True
dev_test_0150,dev_test,,Frank_Dunham_Jr_0001,Frank_Dunham_Jr_0002,Frank_Dunham_Jr,Frank_Dunham_Jr,true,-0.027788247913122177,1.4337283372879028,True
dev_test_0151,dev_test,,Gao_Qiang_0001,Gao_Qiang_0002,Gao_Qiang,Gao_Qiang,true,0.8475356698036194,0.5522035956382751,True
dev_test_0152,dev_test,,Garry_Trudeau_0001,Garry_Trudeau_0002,Garry_Trudeau,Garry_Trudeau,true,0.737998366355896,0.7238807082176208,True
dev_test_0153,dev_test,,Gary_Doer_0001,Gary_Doer_0002,Gary_Doer,Gary_Doer,true,0.014688506722450256,1.4037889242172241,True
dev_test_0154,dev_test,,Gary_Doer_0001,Gary_Doer_0003,Gary_Doer,Gary_Doer,true,0.030496546998620033,1.3924822807312012,True
dev_test_0155,dev_test,,Gary_Doer_0002,Gary_Doer_0003,Gary_Doer,Gary_Doer,true,0.6494521498680115,0.8373146653175354,True
dev_test_0156,dev_test,,Gary_Winnick_0001,Gary_Winnick_0002,Gary_Winnick,Gary_Winnick,true,0.7507725954055786,0.7060133218765259,True
dev_test_0157,dev_test,,Gene_Robinson_0002,Gene_Robinson_0004,Gene_Robinson,Gene_Robinson,true,0.8714779615402222,0.5069951415061951,True
dev_test_0158,dev_test,,George_Foreman_0001,George_Foreman_0002,George_Foreman,George_Foreman,true,0.8528631925582886,0.5424699783325195,True
dev_test_0159,dev_test,,George_Karl_0001,George_Karl_0002,George_Karl,George_Karl,true,0.760755181312561,0.6917295455932617,True
dev_test_0160,dev_test,,George_Robertson_0005,George_Robertson_0020,George_Robertson,George_Robertson,true,0.8378357291221619,0.5694985389709473,True
dev_test_0161,dev_test,,George_Robertson_0012,George_Robertson_0019,George_Robertson,George_Robertson,true,0.8504828810691833,0.5468401908874512,True
dev_test_0162,dev_test,,George_Robertson_0015,George_Robertson_0022,George_Robertson,George_Robertson,true,0.7298656702041626,0.7350296974182129,True
dev_test_0163,dev_test,,Georgi_Parvanov_0001,Georgi_Parvanov_0002,Georgi_Parvanov,Georgi_Parvanov,true,0.6161185503005981,0.8762207627296448,True
dev_test_0164,dev_test,,Geraldine_Chaplin_0001,Geraldine_Chaplin_0003,Geraldine_Chaplin,Geraldine_Chaplin,true,0.7778873443603516,0.6665023565292358,True
dev_test_0165,dev_test,,Gerhard_Schroeder_0003,Gerhard_Schroeder_0026,Gerhard_Schroeder,Gerhard_Schroeder,true,0.7413415908813477,0.7192475199699402,True
dev_test_0166,dev_test,,Gerry_Adams_0003,Gerry_Adams_0007,Gerry_Adams,Gerry_Adams,true,0.8248087167739868,0.5919313430786133,True
dev_test_0167,dev_test,,Gerry_Adams_0005,Gerry_Adams_0008,Gerry_Adams,Gerry_Adams,true,-0.06484567373991013,1.4593461751937866,True
dev_test_0168,dev_test,,Gilberto_Rodriguez_Orejuela_0001,Gilberto_Rodriguez_Orejuela_0003,Gilberto_Rodriguez_Orejuela,Gilberto_Rodriguez_Orejuela,true,0.7578267455101013,0.6959502100944519,True
dev_test_0169,dev_test,,Gilberto_Rodriguez_Orejuela_0002,Gilberto_Rodriguez_Orejuela_0004,Gilberto_Rodriguez_Orejuela,Gilberto_Rodriguez_Orejuela,true,0.8307315111160278,0.5818395018577576,True
dev_test_0170,dev_test,,Gilberto_Rodriguez_Orejuela_0003,Gilberto_Rodriguez_Orejuela_0004,Gilberto_Rodriguez_Orejuela,Gilberto_Rodriguez_Orejuela,true,0.8107196092605591,0.6152730584144592,True
dev_test_0171,dev_test,,Giuseppe_Gibilisco_0002,Giuseppe_Gibilisco_0004,Giuseppe_Gibilisco,Giuseppe_Gibilisco,true,0.8272886872291565,0.5877268314361572,True
dev_test_0172,dev_test,,Giuseppe_Gibilisco_0003,Giuseppe_Gibilisco_0004,Giuseppe_Gibilisco,Giuseppe_Gibilisco,true,0.7420369386672974,0.7182800769805908,True
dev_test_0173,dev_test,,Glafcos_Clerides_0001,Glafcos_Clerides_0004,Glafcos_Clerides,Glafcos_Clerides,true,0.816472589969635,0.6058505177497864,True
dev_test_0174,dev_test,,Gordon_Brown_0004,Gordon_Brown_0011,Gordon_Brown,Gordon_Brown,true,0.6890576481819153,0.7885966897010803,True
dev_test_0175,dev_test,,Gordon_Campbell_0001,Gordon_Campbell_0002,Gordon_Campbell,Gordon_Campbell,true,0.7711480855941772,0.6765382289886475,True
dev_test_0176,dev_test,,Gray_Davis_0006,Gray_Davis_0023,Gray_Davis,Gray_Davis,true,0.8340795636177063,0.5760564208030701,True
dev_test_0177,dev_test,,Gray_Davis_0013,Gray_Davis_0023,Gray_Davis,Gray_Davis,true,0.736485481262207,0.7259678244590759,True
dev_test_0178,dev_test,,Greg_Gilbert_0001,Greg_Gilbert_0002,Greg_Gilbert,Greg_Gilbert,true,0.7986572980880737,0.6345750093460083,True
dev_test_0179,dev_test,,Greg_Ostertag_0001,Greg_Ostertag_0002,Greg_Ostertag,Greg_Ostertag,true,0.535949170589447,0.9633805155754089,True
dev_test_0180,dev_test,,Gregory_Hines_0001,Gregory_Hines_0002,Gregory_Hines,Gregory_Hines,true,0.8548985719680786,0.5387049317359924,True
dev_test_0181,dev_test,,Gus_Van_Sant_0001,Gus_Van_Sant_0002,Gus_Van_Sant,Gus_Van_Sant,true,0.8566396236419678,0.5354631543159485,True
dev_test_0182,dev_test,,Gwendal_Peizerat_0001,Gwendal_Peizerat_0002,Gwendal_Peizerat,Gwendal_Peizerat,true,0.8285582661628723,0.5855625867843628,True
dev_test_0183,dev_test,,Gwyneth_Paltrow_0004,Gwyneth_Paltrow_0005,Gwyneth_Paltrow,Gwyneth_Paltrow,true,0.7746584415435791,0.6713294386863708,True
dev_test_0184,dev_test,,Harry_Kalas_0001,Harry_Kalas_0002,Harry_Kalas,Harry_Kalas,true,0.7173076272010803,0.7519208192825317,True
dev_test_0185,dev_test,,Hassan_Wirajuda_0001,Hassan_Wirajuda_0002,Hassan_Wirajuda,Hassan_Wirajuda,true,0.8314640522003174,0.5805789828300476,True
dev_test_0186,dev_test,,Heather_Mills_0003,Heather_Mills_0004,Heather_Mills,Heather_Mills,true,0.8650310039520264,0.5195555686950684,True
dev_test_0187,dev_test,,Heidi_Fleiss_0001,Heidi_Fleiss_0003,Heidi_Fleiss,Heidi_Fleiss,true,0.5366488099098206,0.9626538753509521,True
dev_test_0188,dev_test,,Heidi_Fleiss_0001,Heidi_Fleiss_0004,Heidi_Fleiss,Heidi_Fleiss,true,0.5892957448959351,0.9063159227371216,True
dev_test_0189,dev_test,,Hermann_Maier_0001,Hermann_Maier_0002,Hermann_Maier,Hermann_Maier,true,0.6452203989028931,0.8423534631729126,True
dev_test_0190,dev_test,,Horst_Koehler_0001,Horst_Koehler_0003,Horst_Koehler,Horst_Koehler,true,0.6070336699485779,0.886528491973877,True
dev_test_0191,dev_test,,Ian_Thorpe_0002,Ian_Thorpe_0007,Ian_Thorpe,Ian_Thorpe,true,0.6187729835510254,0.8731861710548401,True
dev_test_0192,dev_test,,Ian_Thorpe_0003,Ian_Thorpe_0010,Ian_Thorpe,Ian_Thorpe,true,0.6831641793251038,0.7960350513458252,True
dev_test_0193,dev_test,,Ian_Thorpe_0006,Ian_Thorpe_0008,Ian_Thorpe,Ian_Thorpe,true,0.7792317867279053,0.6644821166992188,True
dev_test_0194,dev_test,,Isabella_Rossellini_0001,Isabella_Rossellini_0002,Isabella_Rossellini,Isabella_Rossellini,true,0.7180491089820862,0.7509339451789856,True
dev_test_0195,dev_test,,Isabelle_Huppert_0001,Isabelle_Huppert_0002,Isabelle_Huppert,Isabelle_Huppert,true,0.742053747177124,0.7182565927505493,True
dev_test_0196,dev_test,,Ismail_Merchant_0001,Ismail_Merchant_0002,Ismail_Merchant,Ismail_Merchant,true,0.7375327944755554,0.724523663520813,True
dev_test_0197,dev_test,,Jack_Grubman_0001,Jack_Grubman_0002,Jack_Grubman,Jack_Grubman,true,0.8983199000358582,0.45095494389533997,True
dev_test_0198,dev_test,,Jack_Nicholson_0002,Jack_Nicholson_0003,Jack_Nicholson,Jack_Nicholson,true,0.4353708028793335,1.0626657009124756,True
dev_test_0199,dev_test,,Jacques_Chirac_0022,Jacques_Chirac_0044,Jacques_Chirac,Jacques_Chirac,true,0.7717387676239014,0.6756644248962402,True
dev_test_0200,dev_test,,Jacques_Chirac_0030,Jacques_Chirac_0033,Jacques_Chirac,Jacques_Chirac,true,0.8155714869499207,0.6073360443115234,True
dev_test_0201,dev_test,,Jacques_Chirac_0031,Jacques_Chirac_0052,Jacques_Chirac,Jacques_Chirac,true,0.8767045140266418,0.49657943844795227,True
dev_test_0202,dev_test,,Jacques_Rogge_0004,Jacques_Rogge_0006,Jacques_Rogge,Jacques_Rogge,true,0.07098400592803955,1.3630964756011963,True
dev_test_0203,dev_test,,Jake_Gyllenhaal_0002,Jake_Gyllenhaal_0004,Jake_Gyllenhaal,Jake_Gyllenhaal,true,0.6279928684234619,0.8625627756118774,True
dev_test_0204,dev_test,,Jake_Gyllenhaal_0003,Jake_Gyllenhaal_0004,Jake_Gyllenhaal,Jake_Gyllenhaal,true,0.7718664407730103,0.6754756569862366,True
dev_test_0205,dev_test,,James_Butts_0001,James_Butts_0002,James_Butts,James_Butts,true,0.9108109474182129,0.4223484694957733,True
dev_test_0206,dev_test,,James_Franco_0001,James_Franco_0002,James_Franco,James_Franco,true,0.7153564095497131,0.7545112371444702,True
dev_test_0207,dev_test,,James_Kelly_0004,James_Kelly_0011,James_Kelly,James_Kelly,true,0.8670734167098999,0.5156094431877136,True
dev_test_0208,dev_test,,James_Kelly_0009,James_Kelly_0011,James_Kelly,James_Kelly,true,0.7352103590965271,0.7277220487594604,True
dev_test_0209,dev_test,,James_Kopp_0001,James_Kopp_0003,James_Kopp,James_Kopp,true,0.7702073454856873,0.6779272556304932,True
dev_test_0210,dev_test,,James_Kopp_0002,James_Kopp_0003,James_Kopp,James_Kopp,true,0.6020331382751465,0.8921512961387634,True
dev_test_0211,dev_test,,James_Maguire_0001,James_Maguire_0002,James_Maguire,James_Maguire,true,0.7446819543838501,0.7145881652832031,True
dev_test_0212,dev_test,,James_Smith_0001,James_Smith_0002,James_Smith,James_Smith,true,0.8364311456680298,0.5719596147537231,True
dev_test_0213,dev_test,,Jan_Ullrich_0002,Jan_Ullrich_0003,Jan_Ullrich,Jan_Ullrich,true,0.9472135305404663,0.32491999864578247,True
dev_test_0214,dev_test,,Jan_Ullrich_0002,Jan_Ullrich_0005,Jan_Ullrich,Jan_Ullrich,true,0.738476574420929,0.7232197523117065,True
dev_test_0215,dev_test,,Janica_Kostelic_0001,Janica_Kostelic_0002,Janica_Kostelic,Janica_Kostelic,true,0.4424850642681122,1.0559498071670532,True
dev_test_0216,dev_test,,Javier_Weber_0001,Javier_Weber_0002,Javier_Weber,Javier_Weber,true,0.4913909137248993,1.0085723400115967,True
dev_test_0217,dev_test,,Javier_Weber_0001,Javier_Weber_0003,Javier_Weber,Javier_Weber,true,0.7389925718307495,0.7225059270858765,True
dev_test_0218,dev_test,,Jean-Claude_Juncker_0001,Jean-Claude_Juncker_0002,Jean-Claude_Juncker,Jean-Claude_Juncker,true,0.7830371856689453,0.6587303280830383,True
dev_test_0219,dev_test,,Jean-Claude_Trichet_0001,Jean-Claude_Trichet_0002,Jean-Claude_Trichet,Jean-Claude_Trichet,true,0.6940053105354309,0.7822975516319275,True
dev_test_0220,dev_test,,Jean-Marc_de_La_Sabliere_0001,Jean-Marc_de_La_Sabliere_0002,Jean-Marc_de_La_Sabliere,Jean-Marc_de_La_Sabliere,true,0.7061898112297058,0.7665640711784363,True
dev_test_0221,dev_test,,Jean-Pierre_Raffarin_0002,Jean-Pierre_Raffarin_0006,Jean-Pierre_Raffarin,Jean-Pierre_Raffarin,true,0.6489270329475403,0.8379414677619934,True
dev_test_0222,dev_test,,Jean_Carnahan_0001,Jean_Carnahan_0002,Jean_Carnahan,Jean_Carnahan,true,0.6837255358695984,0.7953295111656189,True
dev_test_0223,dev_test,,Jefferson_Perez_0001,Jefferson_Perez_0002,Jefferson_Perez,Jefferson_Perez,true,0.6927745342254639,0.783869206905365,True
dev_test_0224,dev_test,,Jennifer_Capriati_0003,Jennifer_Capriati_0013,Jennifer_Capriati,Jennifer_Capriati,true,0.8420661687850952,0.5620213150978088,True
dev_test_0225,dev_test,,Jennifer_Capriati_0024,Jennifer_Capriati_0029,Jennifer_Capriati,Jennifer_Capriati,true,0.7795431613922119,0.6640133857727051,True
dev_test_0226,dev_test,,Jennifer_Connelly_0001,Jennifer_Connelly_0004,Jennifer_Connelly,Jennifer_Connelly,true,0.7827762961387634,0.6591264009475708,True
dev_test_0227,dev_test,,Jennifer_Connelly_0003,Jennifer_Connelly_0004,Jennifer_Connelly,Jennifer_Connelly,true,0.882857084274292,0.48403093218803406,True
dev_test_0228,dev_test,,Jennifer_Keller_0002,Jennifer_Keller_0004,Jennifer_Keller,Jennifer_Keller,true,0.8262271881103516,0.5895300507545471,True
dev_test_0229,dev_test,,Jennifer_Keller_0003,Jennifer_Keller_0004,Jennifer_Keller,Jennifer_Keller,true,0.7614837884902954,0.6906753778457642,True
dev_test_0230,dev_test,,Jeong_Se-hyun_0004,Jeong_Se-hyun_0005,Jeong_Se-hyun,Jeong_Se-hyun,true,0.615099310874939,0.8773833513259888,True
dev_test_0231,dev_test,,Jeremy_Shockey_0001,Jeremy_Shockey_0002,Jeremy_Shockey,Jeremy_Shockey,true,0.9321354627609253,0.3684144616127014,True
dev_test_0232,dev_test,,Jesse_Ventura_0001,Jesse_Ventura_0003,Jesse_Ventura,Jesse_Ventura,true,0.7840970754623413,0.6571194529533386,True
dev_test_0233,dev_test,,Jessica_Lange_0001,Jessica_Lange_0002,Jessica_Lange,Jessica_Lange,true,0.5837879180908203,0.9123729467391968,True
dev_test_0234,dev_test,,Jiang_Zemin_0002,Jiang_Zemin_0017,Jiang_Zemin,Jiang_Zemin,true,0.8489031791687012,0.5497214198112488,True
dev_test_0235,dev_test,,Jiang_Zemin_0012,Jiang_Zemin_0015,Jiang_Zemin,Jiang_Zemin,true,0.8644030094146729,0.5207630395889282,True
dev_test_0236,dev_test,,Jim_Harrick_0001,Jim_Harrick_0002,Jim_Harrick,Jim_Harrick,true,0.7975488901138306,0.6363193988800049,True
dev_test_0237,dev_test,,Jimmy_Carter_0001,Jimmy_Carter_0009,Jimmy_Carter,Jimmy_Carter,true,0.8800079822540283,0.4898817837238312,True
dev_test_0238,dev_test,,Jimmy_Carter_0004,Jimmy_Carter_0008,Jimmy_Carter,Jimmy_Carter,true,0.8944499492645264,0.4594564437866211,True
dev_test_0239,dev_test,,Jimmy_Carter_0008,Jimmy_Carter_0009,Jimmy_Carter,Jimmy_Carter,true,0.8608758449554443,0.5274924635887146,True
dev_test_0240,dev_test,,Joe_Mantello_0001,Joe_Mantello_0002,Joe_Mantello,Joe_Mantello,true,0.7754162549972534,0.6701996326446533,True
dev_test_0241,dev_test,,Joe_Nichols_0001,Joe_Nichols_0003,Joe_Nichols,Joe_Nichols,true,0.7327646613121033,0.7310751080513,True
dev_test_0242,dev_test,,Joe_Nichols_0003,Joe_Nichols_0004,Joe_Nichols,Joe_Nichols,true,0.9248634576797485,0.38765090703964233,True
dev_test_0243,dev_test,,John_Bolton_0003,John_Bolton_0010,John_Bolton,John_Bolton,true,0.932346761226654,0.36784031987190247,True
dev_test_0244,dev_test,,John_Bolton_0004,John_Bolton_0014,John_Bolton,John_Bolton,true,0.923797070980072,0.3903919756412506,True
dev_test_0245,dev_test,,John_Bolton_0005,John_Bolton_0013,John_Bolton,John_Bolton,true,0.8629716634750366,0.5235042572021484,True
dev_test_0246,dev_test,,John_Bolton_0011,John_Bolton_0014,John_Bolton,John_Bolton,true,0.9144269227981567,0.41369807720184326,True
dev_test_0247,dev_test,,John_Garamendi_0001,John_Garamendi_0002,John_Garamendi,John_Garamendi,true,0.7177979946136475,0.7512682676315308,True
dev_test_0248,dev_test,,John_McCallum_0001,John_McCallum_0002,John_McCallum,John_McCallum,true,0.5917249917984009,0.9036316275596619,True
dev_test_0249,dev_test,,John_Negroponte_0004,John_Negroponte_0017,John_Negroponte,John_Negroponte,true,0.09989266097545624,1.3417209386825562,True
dev_test_0250,dev_test,,John_Rowland_0001,John_Rowland_0002,John_Rowland,John_Rowland,true,0.7297189235687256,0.7352293729782104,True
dev_test_0251,dev_test,,John_Stallworth_0001,John_Stallworth_0002,John_Stallworth,John_Stallworth,true,0.5261160135269165,0.9735338687896729,True
dev_test_0252,dev_test,,John_Travolta_0004,John_Travolta_0005,John_Travolta,John_Travolta,true,0.7370344996452332,0.7252110838890076,True
dev_test_0253,dev_test,,John_Walsh_0001,John_Walsh_0002,John_Walsh,John_Walsh,true,0.8098437190055847,0.6166951060295105,True
dev_test_0254,dev_test,,Johnny_Carson_0001,Johnny_Carson_0002,Johnny_Carson,Johnny_Carson,true,0.8046321868896484,0.625088632106781,True
dev_test_0255,dev_test,,Jorge_Castaneda_0001,Jorge_Castaneda_0002,Jorge_Castaneda,Jorge_Castaneda,true,-0.23004662990570068,1.5684683322906494,True
dev_test_0256,dev_test,,Jose_Dirceu_0001,Jose_Dirceu_0002,Jose_Dirceu,Jose_Dirceu,true,0.676271378993988,0.8046472668647766,True
dev_test_0257,dev_test,,Joseph_Deiss_0001,Joseph_Deiss_0002,Joseph_Deiss,Joseph_Deiss,true,0.883554995059967,0.4825870394706726,True
dev_test_0258,dev_test,,Judi_Dench_0001,Judi_Dench_0002,Judi_Dench,Judi_Dench,true,0.7196738719940186,0.7487671375274658,True
dev_test_0259,dev_test,,Julie_Gerberding_0007,Julie_Gerberding_0012,Julie_Gerberding,Julie_Gerberding,true,0.8204147815704346,0.5993083715438843,True
dev_test_0260,dev_test,,Julie_Gerberding_0008,Julie_Gerberding_0012,Julie_Gerberding,Julie_Gerberding,true,0.872749924659729,0.5044803023338318,True
dev_test_0261,dev_test,,Justin_Leonard_0001,Justin_Leonard_0003,Justin_Leonard,Justin_Leonard,true,0.8175199031829834,0.6041193008422852,True
dev_test_0262,dev_test,,Justine_Henin_0001,Justine_Henin_0003,Justine_Henin,Justine_Henin,true,0.7632754445075989,0.6880763173103333,True
dev_test_0263,dev_test,,Justine_Henin_0002,Justine_Henin_0003,Justine_Henin,Justine_Henin,true,0.8062983751296997,0.6224173903465271,True
dev_test_0264,dev_test,,Kamal_Kharrazi_0003,Kamal_Kharrazi_0005,Kamal_Kharrazi,Kamal_Kharrazi,true,0.9070683121681213,0.4311188757419586,True
dev_test_0265,dev_test,,Keith_Bogans_0002,Keith_Bogans_0003,Keith_Bogans,Keith_Bogans,true,0.8211294412612915,0.5981147885322571,True
dev_test_0266,dev_test,,Kenneth_Evans_0001,Kenneth_Evans_0002,Kenneth_Evans,Kenneth_Evans,true,0.9373810291290283,0.35388973355293274,True
dev_test_0267,dev_test,,Kim_Yong-il_0001,Kim_Yong-il_0002,Kim_Yong-il,Kim_Yong-il,true,0.8622270822525024,0.5249246954917908,True
dev_test_0268,dev_test,,King_Abdullah_II_0001,King_Abdullah_II_0002,King_Abdullah_II,King_Abdullah_II,true,0.7689638137817383,0.67975914478302,True
dev_test_0269,dev_test,,King_Abdullah_II_0001,King_Abdullah_II_0003,King_Abdullah_II,King_Abdullah_II,true,0.8471132516860962,0.5529680252075195,True
dev_test_0270,dev_test,,King_Abdullah_II_0001,King_Abdullah_II_0004,King_Abdullah_II,King_Abdullah_II,true,0.7382321357727051,0.723557710647583,True
dev_test_0271,dev_test,,King_Abdullah_II_0002,King_Abdullah_II_0003,King_Abdullah_II,King_Abdullah_II,true,0.7479858994483948,0.7099494934082031,True
dev_test_0272,dev_test,,Kjell_Magne_Bondevik_0001,Kjell_Magne_Bondevik_0002,Kjell_Magne_Bondevik,Kjell_Magne_Bondevik,true,0.8077239990234375,0.6201226115226746,True
dev_test_0273,dev_test,,Kosuke_Kitajima_0001,Kosuke_Kitajima_0002,Kosuke_Kitajima,Kosuke_Kitajima,true,0.7237217426300049,0.7433415055274963,True
dev_test_0274,dev_test,,Kristen_Breitweiser_0001,Kristen_Breitweiser_0002,Kristen_Breitweiser,Kristen_Breitweiser,true,0.9211963415145874,0.3969977796077728,True
dev_test_0275,dev_test,,Kristin_Davis_0001,Kristin_Davis_0002,Kristin_Davis,Kristin_Davis,true,0.9042421579360962,0.4376252591609955,True
dev_test_0276,dev_test,,Kristin_Davis_0002,Kristin_Davis_0003,Kristin_Davis,Kristin_Davis,true,0.8111827969551086,0.6145197153091431,True
dev_test_0277,dev_test,,Kurt_Warner_0001,Kurt_Warner_0005,Kurt_Warner,Kurt_Warner,true,0.7826258540153503,0.6593545079231262,True
dev_test_0278,dev_test,,LK_Advani_0001,LK_Advani_0002,LK_Advani,LK_Advani,true,0.2742547392845154,1.2047783136367798,True
dev_test_0279,dev_test,,LK_Advani_0001,LK_Advani_0003,LK_Advani,LK_Advani,true,0.2579217553138733,1.2182596921920776,True
dev_test_0280,dev_test,,LK_Advani_0002,LK_Advani_0003,LK_Advani,LK_Advani,true,0.6360512971878052,0.8531692028045654,True
dev_test_0281,dev_test,,Larry_Coker_0002,Larry_Coker_0004,Larry_Coker,Larry_Coker,true,0.7470993995666504,0.7111971378326416,True
dev_test_0282,dev_test,,Latrell_Sprewell_0001,Latrell_Sprewell_0002,Latrell_Sprewell,Latrell_Sprewell,true,0.5929464101791382,0.9022790193557739,True
dev_test_0283,dev_test,,Laura_Linney_0001,Laura_Linney_0003,Laura_Linney,Laura_Linney,true,0.7537862062454224,0.7017319202423096,True
dev_test_0284,dev_test,,Lauren_Killian_0001,Lauren_Killian_0002,Lauren_Killian,Lauren_Killian,true,-0.2810739576816559,1.6006711721420288,True
dev_test_0285,dev_test,,Laurent_Jalabert_0001,Laurent_Jalabert_0002,Laurent_Jalabert,Laurent_Jalabert,true,0.8163025379180908,0.6061312556266785,True
dev_test_0286,dev_test,,Leonardo_DiCaprio_0001,Leonardo_DiCaprio_0008,Leonardo_DiCaprio,Leonardo_DiCaprio,true,0.8056442737579346,0.623467206954956,True
dev_test_0287,dev_test,,Leonardo_DiCaprio_0003,Leonardo_DiCaprio_0007,Leonardo_DiCaprio,Leonardo_DiCaprio,true,0.7699732780456543,0.6782724261283875,True
dev_test_0288,dev_test,,Leonid_Kuchma_0001,Leonid_Kuchma_0006,Leonid_Kuchma,Leonid_Kuchma,true,0.9007137417793274,0.44561487436294556,True
dev_test_0289,dev_test,,Leonid_Kuchma_0002,Leonid_Kuchma_0003,Leonid_Kuchma,Leonid_Kuchma,true,0.8959320187568665,0.4562191963195801,True
dev_test_0290,dev_test,,Leonid_Kuchma_0002,Leonid_Kuchma_0004,Leonid_Kuchma,Leonid_Kuchma,true,0.7928896546363831,0.6435999274253845,True
dev_test_0291,dev_test,,Leonid_Kuchma_0004,Leonid_Kuchma_0006,Leonid_Kuchma,Leonid_Kuchma,true,0.8451326489448547,0.5565381646156311,True
dev_test_0292,dev_test,,Leslie_Moonves_0001,Leslie_Moonves_0002,Leslie_Moonves,Leslie_Moonves,true,0.6113998293876648,0.8815897107124329,True
dev_test_0293,dev_test,,Leszek_Miller_0002,Leszek_Miller_0003,Leszek_Miller,Leszek_Miller,true,0.722665548324585,0.744761049747467,True
dev_test_0294,dev_test,,Lino_Oviedo_0001,Lino_Oviedo_0002,Lino_Oviedo,Lino_Oviedo,true,0.9185081720352173,0.40371233224868774,True
dev_test_0295,dev_test,,Lisa_Raymond_0001,Lisa_Raymond_0002,Lisa_Raymond,Lisa_Raymond,true,0.8136658072471619,0.6104656457901001,True
dev_test_0296,dev_test,,Liza_Minnelli_0001,Liza_Minnelli_0003,Liza_Minnelli,Liza_Minnelli,true,0.8523826003074646,0.5433551073074341,True
dev_test_0297,dev_test,,Lloyd_Ward_0001,Lloyd_Ward_0002,Lloyd_Ward,Lloyd_Ward,true,0.7361937165260315,0.7263695001602173,True
dev_test_0298,dev_test,,Luciano_Pavarotti_0001,Luciano_Pavarotti_0003,Luciano_Pavarotti,Luciano_Pavarotti,true,0.8911937475204468,0.4664895534515381,True
dev_test_0299,dev_test,,Lucy_Liu_0002,Lucy_Liu_0004,Lucy_Liu,Lucy_Liu,true,0.5818233489990234,0.9145235419273376,True
dev_test_0300,dev_test,,Luis_Figo_0001,Luis_Figo_0002,Luis_Figo,Luis_Figo,true,0.7125522494316101,0.7582187056541443,True
dev_test_0301,dev_test,,Luis_Horna_0001,Luis_Horna_0003,Luis_Horna,Luis_Horna,true,0.7979642152786255,0.6356662511825562,True
dev_test_0302,dev_test,,Luis_Horna_0002,Luis_Horna_0005,Luis_Horna,Luis_Horna,true,0.45245277881622314,1.0464675426483154,True
dev_test_0303,dev_test,,Lynn_Abraham_0001,Lynn_Abraham_0002,Lynn_Abraham,Lynn_Abraham,true,0.8480682373046875,0.5512382984161377,True
dev_test_0304,dev_test,,Mack_Brown_0001,Mack_Brown_0002,Mack_Brown,Mack_Brown,true,0.7450730204582214,0.7140406966209412,True
dev_test_0305,dev_test,,Mahmoud_Abbas_0019,Mahmoud_Abbas_0026,Mahmoud_Abbas,Mahmoud_Abbas,true,0.8490246534347534,0.549500584602356,True
dev_test_0306,dev_test,,Marcelo_Rios_0001,Marcelo_Rios_0004,Marcelo_Rios,Marcelo_Rios,true,0.7757881283760071,0.6696445941925049,True
dev_test_0307,dev_test,,Marcelo_Rios_0002,Marcelo_Rios_0004,Marcelo_Rios,Marcelo_Rios,true,0.8325440883636475,0.5787156224250793,True
dev_test_0308,dev_test,,Marcelo_Rios_0004,Marcelo_Rios_0005,Marcelo_Rios,Marcelo_Rios,true,0.7997727990150452,0.6328147649765015,True
dev_test_0309,dev_test,,Marieta_Chrousala_0001,Marieta_Chrousala_0002,Marieta_Chrousala,Marieta_Chrousala,true,0.7511130571365356,0.7055310010910034,True
dev_test_0310,dev_test,,Marieta_Chrousala_0001,Marieta_Chrousala_0003,Marieta_Chrousala,Marieta_Chrousala,true,0.834395170211792,0.575508177280426,True
dev_test_0311,dev_test,,Mario_Cipollini_0001,Mario_Cipollini_0002,Mario_Cipollini,Mario_Cipollini,true,0.7801695466041565,0.6630694270133972,True
dev_test_0312,dev_test,,Mark_Dacey_0001,Mark_Dacey_0002,Mark_Dacey,Mark_Dacey,true,0.810417890548706,0.615763247013092,True
dev_test_0313,dev_test,,Mark_Richt_0001,Mark_Richt_0003,Mark_Richt,Mark_Richt,true,0.7529272437095642,0.7029548287391663,True
dev_test_0314,dev_test,,Mark_Richt_0002,Mark_Richt_0003,Mark_Richt,Mark_Richt,true,0.6822689175605774,0.7971588373184204,True
dev_test_0315,dev_test,,Martha_Burk_0002,Martha_Burk_0004,Martha_Burk,Martha_Burk,true,0.8476133942604065,0.5520627498626709,True
dev_test_0316,dev_test,,Martha_Stewart_0001,Martha_Stewart_0002,Martha_Stewart,Martha_Stewart,true,0.7520297765731812,0.7042303681373596,True
dev_test_0317,dev_test,,Martha_Stewart_0002,Martha_Stewart_0005,Martha_Stewart,Martha_Stewart,true,0.8412179946899414,0.5635281801223755,True
dev_test_0318,dev_test,,Martha_Stewart_0003,Martha_Stewart_0005,Martha_Stewart,Martha_Stewart,true,0.7506100535392761,0.7062433958053589,True
dev_test_0319,dev_test,,Martin_Cauchon_0001,Martin_Cauchon_0002,Martin_Cauchon,Martin_Cauchon,true,0.9454860091209412,0.3301940858364105,True
dev_test_0320,dev_test,,Martin_Sheen_0001,Martin_Sheen_0002,Martin_Sheen,Martin_Sheen,true,0.6732853651046753,0.8083497881889343,True
dev_test_0321,dev_test,,Mary_Landrieu_0001,Mary_Landrieu_0003,Mary_Landrieu,Mary_Landrieu,true,0.8553205132484436,0.537921130657196,True
dev_test_0322,dev_test,,Masum_Turker_0001,Masum_Turker_0002,Masum_Turker,Masum_Turker,true,0.9097100496292114,0.4249471426010132,True
dev_test_0323,dev_test,,Masum_Turker_0001,Masum_Turker_0003,Masum_Turker,Masum_Turker,true,0.7796952724456787,0.6637842655181885,True
dev_test_0324,dev_test,,Matt_Doherty_0001,Matt_Doherty_0002,Matt_Doherty,Matt_Doherty,true,0.8940345048904419,0.4603596329689026,True
dev_test_0325,dev_test,,Matt_Doherty_0001,Matt_Doherty_0003,Matt_Doherty,Matt_Doherty,true,0.7654223442077637,0.6849491596221924,True
dev_test_0326,dev_test,,Matthew_Broderick_0001,Matthew_Broderick_0004,Matthew_Broderick,Matthew_Broderick,true,0.43925827741622925,1.0590012073516846,True
dev_test_0327,dev_test,,Matthew_Broderick_0002,Matthew_Broderick_0003,Matthew_Broderick,Matthew_Broderick,true,0.6233750581741333,0.8678997755050659,True
dev_test_0328,dev_test,,Matthew_Broderick_0003,Matthew_Broderick_0004,Matthew_Broderick,Matthew_Broderick,true,0.6767083406448364,0.8041041493415833,True
dev_test_0329,dev_test,,Melissa_Etheridge_0001,Melissa_Etheridge_0002,Melissa_Etheridge,Melissa_Etheridge,true,-0.16486358642578125,1.5263444185256958,True
dev_test_0330,dev_test,,Michael_Jackson_0002,Michael_Jackson_0008,Michael_Jackson,Michael_Jackson,true,0.8368005752563477,0.5713134407997131,True
dev_test_0331,dev_test,,Michael_Phelps_0001,Michael_Phelps_0003,Michael_Phelps,Michael_Phelps,true,0.4854849576950073,1.014411211013794,True
dev_test_0332,dev_test,,Michael_Sullivan_0001,Michael_Sullivan_0002,Michael_Sullivan,Michael_Sullivan,true,0.8785456418991089,0.49285775423049927,True
dev_test_0333,dev_test,,Michel_Duclos_0001,Michel_Duclos_0002,Michel_Duclos,Michel_Duclos,true,0.8850269317626953,0.47952690720558167,True
dev_test_0334,dev_test,,Michelle_Yeoh_0003,Michelle_Yeoh_0004,Michelle_Yeoh,Michelle_Yeoh,true,0.7294436693191528,0.7356036305427551,True
dev_test_0335,dev_test,,Miguel_Contreras_0001,Miguel_Contreras_0002,Miguel_Contreras,Miguel_Contreras,true,0.7329158186912537,0.7308681607246399,True
dev_test_0336,dev_test,,Mike_Price_0001,Mike_Price_0002,Mike_Price,Mike_Price,true,0.6102674007415771,0.8828733563423157,True
dev_test_0337,dev_test,,Mikhail_Youzhny_0001,Mikhail_Youzhny_0002,Mikhail_Youzhny,Mikhail_Youzhny,true,0.892418622970581,0.4638562798500061,True
dev_test_0338,dev_test,,Mikhail_Youzhny_0001,Mikhail_Youzhny_0003,Mikhail_Youzhny,Mikhail_Youzhny,true,0.7650029063224792,0.6855611801147461,True
dev_test_0339,dev_test,,Mikhail_Youzhny_0002,Mikhail_Youzhny_0003,Mikhail_Youzhny,Mikhail_Youzhny,true,0.7561383843421936,0.6983718872070312,True
dev_test_0340,dev_test,,Mikulas_Dzurinda_0001,Mikulas_Dzurinda_0002,Mikulas_Dzurinda,Mikulas_Dzurinda,true,0.8749952912330627,0.5000095963478088,True
dev_test_0341,dev_test,,Mireya_Moscoso_0001,Mireya_Moscoso_0003,Mireya_Moscoso,Mireya_Moscoso,true,0.5015978217124939,0.9984009265899658,True
dev_test_0342,dev_test,,Mireya_Moscoso_0002,Mireya_Moscoso_0003,Mireya_Moscoso,Mireya_Moscoso,true,0.8993823528289795,0.44859257340431213,True
dev_test_0343,dev_test,,Mohamed_ElBaradei_0003,Mohamed_ElBaradei_0006,Mohamed_ElBaradei,Mohamed_ElBaradei,true,0.8024045825004578,0.6286421418190002,True
dev_test_0344,dev_test,,Mohamed_ElBaradei_0004,Mohamed_ElBaradei_0005,Mohamed_ElBaradei,Mohamed_ElBaradei,true,0.7715202569961548,0.6759878993034363,True
dev_test_0345,dev_test,,Mohamed_ElBaradei_0005,Mohamed_ElBaradei_0008,Mohamed_ElBaradei,Mohamed_ElBaradei,true,0.7199161052703857,0.748443603515625,True
dev_test_0346,dev_test,,Monica_Lewinsky_0002,Monica_Lewinsky_0003,Monica_Lewinsky,Monica_Lewinsky,true,0.7381159067153931,0.7237182855606079,True
dev_test_0347,dev_test,,Muhammad_Ali_0004,Muhammad_Ali_0007,Muhammad_Ali,Muhammad_Ali,true,0.8005508184432983,0.631584107875824,True
dev_test_0348,dev_test,,Muhammad_Ali_0006,Muhammad_Ali_0009,Muhammad_Ali,Muhammad_Ali,true,0.9197978973388672,0.40050530433654785,True
dev_test_0349,dev_test,,Nancy_Pelosi_0002,Nancy_Pelosi_0005,Nancy_Pelosi,Nancy_Pelosi,true,0.8041348457336426,0.6258836984634399,True
dev_test_0350,dev_test,,Nancy_Pelosi_0006,Nancy_Pelosi_0013,Nancy_Pelosi,Nancy_Pelosi,true,0.8355758190155029,0.5734529495239258,True
dev_test_0351,dev_test,,Nancy_Pelosi_0013,Nancy_Pelosi_0014,Nancy_Pelosi,Nancy_Pelosi,true,0.6011462211608887,0.8931447863578796,True
dev_test_0352,dev_test,,Naomi_Campbell_0001,Naomi_Campbell_0002,Naomi_Campbell,Naomi_Campbell,true,0.8082172274589539,0.6193267703056335,True
dev_test_0353,dev_test,,Naoto_Kan_0002,Naoto_Kan_0003,Naoto_Kan,Naoto_Kan,true,0.9668245911598206,0.2575867176055908,True
dev_test_0354,dev_test,,Nasser_al-Kidwa_0001,Nasser_al-Kidwa_0002,Nasser_al-Kidwa,Nasser_al-Kidwa,true,0.6875737905502319,0.7904761433601379,True
dev_test_0355,dev_test,,Nastassia_Kinski_0001,Nastassia_Kinski_0002,Nastassia_Kinski,Nastassia_Kinski,true,0.9102599024772644,0.4236512780189514,True
dev_test_0356,dev_test,,Natalie_Coughlin_0001,Natalie_Coughlin_0002,Natalie_Coughlin,Natalie_Coughlin,true,0.7975754141807556,0.6362775564193726,True
dev_test_0357,dev_test,,Natalie_Coughlin_0003,Natalie_Coughlin_0005,Natalie_Coughlin,Natalie_Coughlin,true,0.6389136910438538,0.8498075604438782,True
dev_test_0358,dev_test,,Natalie_Maines_0002,Natalie_Maines_0004,Natalie_Maines,Natalie_Maines,true,0.7880762219429016,0.6510358452796936,True
dev_test_0359,dev_test,,Nicanor_Duarte_Frutos_0008,Nicanor_Duarte_Frutos_0010,Nicanor_Duarte_Frutos,Nicanor_Duarte_Frutos,true,0.8672895431518555,0.5151903033256531,True
dev_test_0360,dev_test,,Noah_Wyle_0001,Noah_Wyle_0002,Noah_Wyle,Noah_Wyle,true,0.7574073076248169,0.696552574634552,True
dev_test_0361,dev_test,,Norm_Coleman_0002,Norm_Coleman_0007,Norm_Coleman,Norm_Coleman,true,0.8258786201477051,0.5901209712028503,True
dev_test_0362,dev_test,,Orrin_Hatch_0001,Orrin_Hatch_0002,Orrin_Hatch,Orrin_Hatch,true,0.8041139841079712,0.6259170770645142,True
dev_test_0363,dev_test,,Osama_bin_Laden_0002,Osama_bin_Laden_0004,Osama_bin_Laden,Osama_bin_Laden,true,0.8277358412742615,0.5869653224945068,True
dev_test_0364,dev_test,,Owen_Wilson_0001,Owen_Wilson_0002,Owen_Wilson,Owen_Wilson,true,0.8118038773536682,0.6135082244873047,True
dev_test_0365,dev_test,,Ozzy_Osbourne_0001,Ozzy_Osbourne_0002,Ozzy_Osbourne,Ozzy_Osbourne,true,0.7180293202400208,0.7509603500366211,True
dev_test_0366,dev_test,,Ozzy_Osbourne_0002,Ozzy_Osbourne_0003,Ozzy_Osbourne,Ozzy_Osbourne,true,0.7667728662490845,0.6829747557640076,True
dev_test_0367,dev_test,,Padraig_Harrington_0001,Padraig_Harrington_0003,Padraig_Harrington,Padraig_Harrington,true,0.6531128287315369,0.8329312801361084,True
dev_test_0368,dev_test,,Paris_Hilton_0001,Paris_Hilton_0002,Paris_Hilton,Paris_Hilton,true,0.8101722002029419,0.6161620616912842,True
dev_test_0369,dev_test,,Patrick_Leahy_0001,Patrick_Leahy_0002,Patrick_Leahy,Patrick_Leahy,true,0.694222629070282,0.7820197343826294,True
dev_test_0370,dev_test,,Patti_Labelle_0001,Patti_Labelle_0002,Patti_Labelle,Patti_Labelle,true,0.8529585599899292,0.5422942638397217,True
dev_test_0371,dev_test,,Patti_Labelle_0002,Patti_Labelle_0003,Patti_Labelle,Patti_Labelle,true,0.8467466831207275,0.5536305904388428,True
dev_test_0372,dev_test,,Patty_Schnyder_0001,Patty_Schnyder_0003,Patty_Schnyder,Patty_Schnyder,true,0.5921611785888672,0.9031487107276917,True
dev_test_0373,dev_test,,Patty_Schnyder_0001,Patty_Schnyder_0004,Patty_Schnyder,Patty_Schnyder,true,0.7094571590423584,0.7622897624969482,True
dev_test_0374,dev_test,,Paul-Henri_Mathieu_0001,Paul-Henri_Mathieu_0002,Paul-Henri_Mathieu,Paul-Henri_Mathieu,true,0.6440451741218567,0.8437474370002747,True
dev_test_0375,dev_test,,Paul_Burrell_0004,Paul_Burrell_0010,Paul_Burrell,Paul_Burrell,true,0.8733962178230286,0.5031972527503967,True
dev_test_0376,dev_test,,Paul_Burrell_0005,Paul_Burrell_0011,Paul_Burrell,Paul_Burrell,true,0.5825982093811035,0.9136759042739868,True
dev_test_0377,dev_test,,Paul_Martin_0001,Paul_Martin_0008,Paul_Martin,Paul_Martin,true,0.5736606121063232,0.9234061241149902,True
dev_test_0378,dev_test,,Paul_Martin_0002,Paul_Martin_0004,Paul_Martin,Paul_Martin,true,0.8117029070854187,0.6136727333068848,True
dev_test_0379,dev_test,,Paul_Martin_0003,Paul_Martin_0006,Paul_Martin,Paul_Martin,true,0.7185501456260681,0.7502666115760803,True
dev_test_0380,dev_test,,Paul_Patton_0001,Paul_Patton_0002,Paul_Patton,Paul_Patton,true,0.8555181622505188,0.5375534892082214,True
dev_test_0381,dev_test,,Paul_Sarbanes_0002,Paul_Sarbanes_0003,Paul_Sarbanes,Paul_Sarbanes,true,0.7984180450439453,0.6349520087242126,True
dev_test_0382,dev_test,,Pedro_Malan_0001,Pedro_Malan_0002,Pedro_Malan,Pedro_Malan,true,0.7069162130355835,0.7656158804893494,True
dev_test_0383,dev_test,,Pedro_Malan_0001,Pedro_Malan_0004,Pedro_Malan,Pedro_Malan,true,0.6620489358901978,0.8221327662467957,True
dev_test_0384,dev_test,,Pedro_Malan_0002,Pedro_Malan_0003,Pedro_Malan,Pedro_Malan,true,0.7185013294219971,0.7503316402435303,True
dev_test_0385,dev_test,,Penelope_Cruz_0001,Penelope_Cruz_0002,Penelope_Cruz,Penelope_Cruz,true,0.8191115856170654,0.6014789342880249,True
dev_test_0386,dev_test,,Peter_Greenaway_0001,Peter_Greenaway_0002,Peter_Greenaway,Peter_Greenaway,true,0.8080196976661682,0.6196455359458923,True
dev_test_0387,dev_test,,Pierce_Brosnan_0004,Pierce_Brosnan_0012,Pierce_Brosnan,Pierce_Brosnan,true,0.71827232837677,0.750636637210846,True
dev_test_0388,dev_test,,Pierce_Brosnan_0007,Pierce_Brosnan_0008,Pierce_Brosnan,Pierce_Brosnan,true,0.808165431022644,0.6194103956222534,True
dev_test_0389,dev_test,,Pierre_Boulanger_0001,Pierre_Boulanger_0002,Pierre_Boulanger,Pierre_Boulanger,true,0.7913007736206055,0.6460639238357544,True
dev_test_0390,dev_test,,Priscilla_Presley_0001,Priscilla_Presley_0002,Priscilla_Presley,Priscilla_Presley,true,0.8483953475952148,0.5506446361541748,True
dev_test_0391,dev_test,,Rachel_Griffiths_0001,Rachel_Griffiths_0003,Rachel_Griffiths,Rachel_Griffiths,true,0.7256357669830322,0.7407622337341309,True
dev_test_0392,dev_test,,Rachel_Hunter_0002,Rachel_Hunter_0003,Rachel_Hunter,Rachel_Hunter,true,0.7610765099525452,0.6912649273872375,True
dev_test_0393,dev_test,,Ralf_Schumacher_0001,Ralf_Schumacher_0006,Ralf_Schumacher,Ralf_Schumacher,true,0.7676539421081543,0.6816835403442383,True
dev_test_0394,dev_test,,Rebecca_Romijn-Stamos_0002,Rebecca_Romijn-Stamos_0004,Rebecca_Romijn-Stamos,Rebecca_Romijn-Stamos,true,0.5371057987213135,0.9621791243553162,True
dev_test_0395,dev_test,,Rebecca_Romijn-Stamos_0003,Rebecca_Romijn-Stamos_0004,Rebecca_Romijn-Stamos,Rebecca_Romijn-Stamos,true,0.5583388209342957,0.9398523569107056,True
dev_test_0396,dev_test,,Reese_Witherspoon_0001,Reese_Witherspoon_0002,Reese_Witherspoon,Reese_Witherspoon,true,0.8553532361984253,0.5378602743148804,True
dev_test_0397,dev_test,,Reese_Witherspoon_0001,Reese_Witherspoon_0004,Reese_Witherspoon,Reese_Witherspoon,true,0.6922522187232971,0.7845352292060852,True
dev_test_0398,dev_test,,Ricardo_Maduro_0001,Ricardo_Maduro_0002,Ricardo_Maduro,Ricardo_Maduro,true,0.7174355387687683,0.7517505884170532,True
dev_test_0399,dev_test,,Rich_Gannon_0001,Rich_Gannon_0002,Rich_Gannon,Rich_Gannon,true,0.8816950917243958,0.48642581701278687,True
dev_test_0400,dev_test,,Richard_Gere_0001,Richard_Gere_0010,Richard_Gere,Richard_Gere,true,0.7140408158302307,0.7562528252601624,True
dev_test_0401,dev_test,,Richard_Gere_0006,Richard_Gere_0010,Richard_Gere,Richard_Gere,true,0.6191564202308655,0.8727468252182007,True
dev_test_0402,dev_test,,Richard_Norton-Taylor_0001,Richard_Norton-Taylor_0002,Richard_Norton-Taylor,Richard_Norton-Taylor,true,0.9276239275932312,0.38046321272850037,True
dev_test_0403,dev_test,,Richard_Shelby_0001,Richard_Shelby_0002,Richard_Shelby,Richard_Shelby,true,0.837505042552948,0.5700788497924805,True
dev_test_0404,dev_test,,Richie_Adubato_0001,Richie_Adubato_0002,Richie_Adubato,Richie_Adubato,true,0.8196780681610107,0.6005362868309021,True
dev_test_0405,dev_test,,Rick_Dinse_0001,Rick_Dinse_0003,Rick_Dinse,Rick_Dinse,true,0.9062371253967285,0.4330424964427948,True
dev_test_0406,dev_test,,Rick_Perry_0001,Rick_Perry_0002,Rick_Perry,Rick_Perry,true,0.6558651328086853,0.829620361328125,True
dev_test_0407,dev_test,,Rick_Perry_0002,Rick_Perry_0006,Rick_Perry,Rick_Perry,true,0.28215163946151733,1.1982057094573975,True
dev_test_0408,dev_test,,Rick_Pitino_0001,Rick_Pitino_0002,Rick_Pitino,Rick_Pitino,true,0.7930997014045715,0.6432734727859497,True
dev_test_0409,dev_test,,Rick_Romley_0001,Rick_Romley_0002,Rick_Romley,Rick_Romley,true,0.8580324649810791,0.5328555703163147,True
dev_test_0410,dev_test,,Rick_Wagoner_0001,Rick_Wagoner_0002,Rick_Wagoner,Rick_Wagoner,true,0.6260414123535156,0.8648220300674438,True
dev_test_0411,dev_test,,Rob_Schneider_0001,Rob_Schneider_0002,Rob_Schneider,Rob_Schneider,true,-0.17319384217262268,1.531792402267456,True
dev_test_0412,dev_test,,Robbie_Fowler_0001,Robbie_Fowler_0002,Robbie_Fowler,Robbie_Fowler,true,0.9329133629798889,0.3662967383861542,True
dev_test_0413,dev_test,,Robby_Ginepri_0001,Robby_Ginepri_0002,Robby_Ginepri,Robby_Ginepri,true,0.8281270861625671,0.5862985253334045,True
dev_test_0414,dev_test,,Robert_Horan_0001,Robert_Horan_0002,Robert_Horan,Robert_Horan,true,0.8594919443130493,0.5301095843315125,True
dev_test_0415,dev_test,,Robert_Mueller_0001,Robert_Mueller_0003,Robert_Mueller,Robert_Mueller,true,0.8439248204231262,0.5587041974067688,True
dev_test_0416,dev_test,,Robert_Redford_0002,Robert_Redford_0003,Robert_Redford,Robert_Redford,true,0.7795683145523071,0.6639755368232727,True
dev_test_0417,dev_test,,Robert_Redford_0002,Robert_Redford_0005,Robert_Redford,Robert_Redford,true,0.7799063920974731,0.6634660959243774,True
dev_test_0418,dev_test,,Robert_Redford_0004,Robert_Redford_0007,Robert_Redford,Robert_Redford,true,0.5903149843215942,0.9051905870437622,True
dev_test_0419,dev_test,,Robert_Redford_0007,Robert_Redford_0008,Robert_Redford,Robert_Redford,true,0.7839390635490417,0.657359778881073,True
dev_test_0420,dev_test,,Rod_Blagojevich_0001,Rod_Blagojevich_0002,Rod_Blagojevich,Rod_Blagojevich,true,0.7822037935256958,0.6599941849708557,True
dev_test_0421,dev_test,,Rod_Stewart_0001,Rod_Stewart_0003,Rod_Stewart,Rod_Stewart,true,0.7609437704086304,0.6914568543434143,True
dev_test_0422,dev_test,,Ronaldo_Luis_Nazario_de_Lima_0001,Ronaldo_Luis_Nazario_de_Lima_0004,Ronaldo_Luis_Nazario_de_Lima,Ronaldo_Luis_Nazario_de_Lima,true,0.8762038946151733,0.4975864887237549,True
dev_test_0423,dev_test,,Roy_Moore_0002,Roy_Moore_0003,Roy_Moore,Roy_Moore,true,0.8244497776031494,0.5925372838973999,True
dev_test_0424,dev_test,,Rupert_Grint_0002,Rupert_Grint_0003,Rupert_Grint,Rupert_Grint,true,0.9364720582962036,0.3564491868019104,True
dev_test_0425,dev_test,,Russell_Coutts_0001,Russell_Coutts_0002,Russell_Coutts,Russell_Coutts,true,0.842681348323822,0.5609254240989685,True
dev_test_0426,dev_test,,Russell_Crowe_0001,Russell_Crowe_0002,Russell_Crowe,Russell_Crowe,true,0.9124152064323425,0.4185328483581543,True
dev_test_0427,dev_test,,Salma_Hayek_0001,Salma_Hayek_0007,Salma_Hayek,Salma_Hayek,true,0.6532666683197021,0.8327464461326599,True
dev_test_0428,dev_test,,Salma_Hayek_0008,Salma_Hayek_0010,Salma_Hayek,Salma_Hayek,true,0.6793525815010071,0.8008090257644653,True
dev_test_0429,dev_test,,Sarah_Jessica_Parker_0005,Sarah_Jessica_Parker_0006,Sarah_Jessica_Parker,Sarah_Jessica_Parker,true,0.649910032749176,0.8367674946784973,True
dev_test_0430,dev_test,,Scott_McNealy_0001,Scott_McNealy_0002,Scott_McNealy,Scott_McNealy,true,0.8348064422607422,0.57479327917099,True
dev_test_0431,dev_test,,Sean_Astin_0001,Sean_Astin_0002,Sean_Astin,Sean_Astin,true,0.6819403171539307,0.7975710034370422,True
dev_test_0432,dev_test,,Sean_OKeefe_0004,Sean_OKeefe_0005,Sean_OKeefe,Sean_OKeefe,true,0.9025751352310181,0.4414176940917969,True
dev_test_0433,dev_test,,Sean_Patrick_OMalley_0001,Sean_Patrick_OMalley_0002,Sean_Patrick_OMalley,Sean_Patrick_OMalley,true,0.9325937032699585,0.36716872453689575,True
dev_test_0434,dev_test,,Sean_Patrick_OMalley_0001,Sean_Patrick_OMalley_0003,Sean_Patrick_OMalley,Sean_Patrick_OMalley,true,0.8045803904533386,0.6251713633537292,True
dev_test_0435,dev_test,,Sean_Patrick_OMalley_0002,Sean_Patrick_OMalley_0003,Sean_Patrick_OMalley,Sean_Patrick_OMalley,true,0.7675873041152954,0.681780993938446,True
dev_test_0436,dev_test,,Sean_Penn_0002,Sean_Penn_0003,Sean_Penn,Sean_Penn,true,0.7696760892868042,0.6787104606628418,True
dev_test_0437,dev_test,,Sergey_Lavrov_0001,Sergey_Lavrov_0010,Sergey_Lavrov,Sergey_Lavrov,true,0.6991420984268188,0.775703489780426,True
dev_test_0438,dev_test,,Shane_Mosley_0001,Shane_Mosley_0002,Shane_Mosley,Shane_Mosley,true,0.8429621458053589,0.5604248046875,True
dev_test_0439,dev_test,,Shannon_OBrien_0001,Shannon_OBrien_0002,Shannon_OBrien,Shannon_OBrien,true,0.6326453685760498,0.857151985168457,True
dev_test_0440,dev_test,,Sheila_Wellstone_0001,Sheila_Wellstone_0002,Sheila_Wellstone,Sheila_Wellstone,true,0.7625331878662109,0.6891543865203857,True
dev_test_0441,dev_test,,Silvio_Berlusconi_0014,Silvio_Berlusconi_0023,Silvio_Berlusconi,Silvio_Berlusconi,true,0.8914251923561096,0.46599331498146057,True
dev_test_0442,dev_test,,Spencer_Abraham_0012,Spencer_Abraham_0013,Spencer_Abraham,Spencer_Abraham,true,0.8274389505386353,0.5874710083007812,True
dev_test_0443,dev_test,,Stan_Heath_0001,Stan_Heath_0002,Stan_Heath,Stan_Heath,true,0.8070574998855591,0.6211963891983032,True
dev_test_0444,dev_test,,Stefano_Accorsi_0001,Stefano_Accorsi_0002,Stefano_Accorsi,Stefano_Accorsi,true,0.8414143919944763,0.563179612159729,True
dev_test_0445,dev_test,,Steve_Lavin_0001,Steve_Lavin_0004,Steve_Lavin,Steve_Lavin,true,0.7454217076301575,0.7135522365570068,True
dev_test_0446,dev_test,,Steven_Hatfill_0001,Steven_Hatfill_0002,Steven_Hatfill,Steven_Hatfill,true,0.8218739628791809,0.5968687534332275,True
dev_test_0447,dev_test,,Surakait_Sathirathai_0001,Surakait_Sathirathai_0002,Surakait_Sathirathai,Surakait_Sathirathai,true,0.5207028985023499,0.9790782332420349,True
dev_test_0448,dev_test,,Susan_Collins_0001,Susan_Collins_0002,Susan_Collins,Susan_Collins,true,0.8379293084144592,0.5693341493606567,True
dev_test_0449,dev_test,,Susie_Castillo_0001,Susie_Castillo_0002,Susie_Castillo,Susie_Castillo,true,0.9055200815200806,0.43469521403312683,True
dev_test_0450,dev_test,,Svetlana_Koroleva_0001,Svetlana_Koroleva_0002,Svetlana_Koroleva,Svetlana_Koroleva,true,0.9298085570335388,0.37467721104621887,True
dev_test_0451,dev_test,,Tammy_Lynn_Michaels_0001,Tammy_Lynn_Michaels_0002,Tammy_Lynn_Michaels,Tammy_Lynn_Michaels,true,0.6981974244117737,0.77692049741745,True
dev_test_0452,dev_test,,Tang_Jiaxuan_0001,Tang_Jiaxuan_0006,Tang_Jiaxuan,Tang_Jiaxuan,true,0.8594064116477966,0.5302709937095642,True
dev_test_0453,dev_test,,Tang_Jiaxuan_0001,Tang_Jiaxuan_0009,Tang_Jiaxuan,Tang_Jiaxuan,true,0.7624392509460449,0.6892905831336975,True
dev_test_0454,dev_test,,Tang_Jiaxuan_0001,Tang_Jiaxuan_0010,Tang_Jiaxuan,Tang_Jiaxuan,true,0.900183916091919,0.4468023478984833,True
dev_test_0455,dev_test,,Tang_Jiaxuan_0001,Tang_Jiaxuan_0011,Tang_Jiaxuan,Tang_Jiaxuan,true,0.8735817670822144,0.5028285980224609,True
dev_test_0456,dev_test,,Tassos_Papadopoulos_0001,Tassos_Papadopoulos_0002,Tassos_Papadopoulos,Tassos_Papadopoulos,true,0.8678555488586426,0.5140904188156128,True
dev_test_0457,dev_test,,Terry_McAuliffe_0001,Terry_McAuliffe_0002,Terry_McAuliffe,Terry_McAuliffe,true,0.73964524269104,0.7216020822525024,True
dev_test_0458,dev_test,,Terry_McAuliffe_0001,Terry_McAuliffe_0003,Terry_McAuliffe,Terry_McAuliffe,true,0.7743865251541138,0.6717343926429749,True
dev_test_0459,dev_test,,Thabo_Mbeki_0004,Thabo_Mbeki_0005,Thabo_Mbeki,Thabo_Mbeki,true,0.8625175356864929,0.5243710875511169,True
dev_test_0460,dev_test,,Thaksin_Shinawatra_0001,Thaksin_Shinawatra_0006,Thaksin_Shinawatra,Thaksin_Shinawatra,true,0.7781035304069519,0.6661779880523682,True
dev_test_0461,dev_test,,Thaksin_Shinawatra_0003,Thaksin_Shinawatra_0006,Thaksin_Shinawatra,Thaksin_Shinawatra,true,0.8454009890556335,0.5560559034347534,True
dev_test_0462,dev_test,,Theodore_Tweed_Roosevelt_0002,Theodore_Tweed_Roosevelt_0003,Theodore_Tweed_Roosevelt,Theodore_Tweed_Roosevelt,true,0.8437244892120361,0.5590627789497375,True
dev_test_0463,dev_test,,Thomas_OBrien_0008,Thomas_OBrien_0009,Thomas_OBrien,Thomas_OBrien,true,0.6430312991142273,0.8449482321739197,True
dev_test_0464,dev_test,,Tim_Allen_0001,Tim_Allen_0002,Tim_Allen,Tim_Allen,true,0.8839288353919983,0.4818117022514343,True
dev_test_0465,dev_test,,Tim_Allen_0002,Tim_Allen_0004,Tim_Allen,Tim_Allen,true,0.7245283722877502,0.7422555685043335,True
dev_test_0466,dev_test,,Tim_Curry_0001,Tim_Curry_0002,Tim_Curry,Tim_Curry,true,0.9013146162033081,0.44426429271698,True
dev_test_0467,dev_test,,Tippi_Hedren_0001,Tippi_Hedren_0002,Tippi_Hedren,Tippi_Hedren,true,0.8496845960617065,0.548298180103302,True
dev_test_0468,dev_test,,Todd_Haynes_0001,Todd_Haynes_0003,Todd_Haynes,Todd_Haynes,true,0.5644615292549133,0.9333151578903198,True
dev_test_0469,dev_test,,Todd_Haynes_0001,Todd_Haynes_0004,Todd_Haynes,Todd_Haynes,true,0.8002284169197083,0.6320943832397461,True
dev_test_0470,dev_test,,Tom_Coverdale_0001,Tom_Coverdale_0002,Tom_Coverdale,Tom_Coverdale,true,0.5912202000617981,0.9041900634765625,True
dev_test_0471,dev_test,,Tom_Cruise_0001,Tom_Cruise_0007,Tom_Cruise,Tom_Cruise,true,0.8398522138595581,0.5659464597702026,True
dev_test_0472,dev_test,,Tom_Cruise_0002,Tom_Cruise_0004,Tom_Cruise,Tom_Cruise,true,0.7082124352455139,0.7639210224151611,True
dev_test_0473,dev_test,,Tom_Cruise_0004,Tom_Cruise_0009,Tom_Cruise,Tom_Cruise,true,0.5285165309906006,0.9710648655891418,True
dev_test_0474,dev_test,,Tommy_Haas_0002,Tommy_Haas_0003,Tommy_Haas,Tommy_Haas,true,0.7144446969032288,0.7557187080383301,True
dev_test_0475,dev_test,,Tomoko_Hagiwara_0001,Tomoko_Hagiwara_0002,Tomoko_Hagiwara,Tomoko_Hagiwara,true,0.25489187240600586,1.2207441329956055,True
dev_test_0476,dev_test,,Tony_Shalhoub_0001,Tony_Shalhoub_0003,Tony_Shalhoub,Tony_Shalhoub,true,0.8786687850952148,0.492607980966568,True
dev_test_0477,dev_test,,Tony_Shalhoub_0001,Tony_Shalhoub_0004,Tony_Shalhoub,Tony_Shalhoub,true,0.8875325918197632,0.47427308559417725,True
dev_test_0478,dev_test,,Tracee_Ellis_Ross_0001,Tracee_Ellis_Ross_0002,Tracee_Ellis_Ross,Tracee_Ellis_Ross,true,0.8462873101234436,0.5544596314430237,True
dev_test_0479,dev_test,,Tyler_Hamilton_0001,Tyler_Hamilton_0002,Tyler_Hamilton,Tyler_Hamilton,true,0.7989140152931213,0.6341703534126282,True
dev_test_0480,dev_test,,Vaclav_Havel_0001,Vaclav_Havel_0006,Vaclav_Havel,Vaclav_Havel,true,0.7972288727760315,0.6368220448493958,True
dev_test_0481,dev_test,,Vaclav_Havel_0001,Vaclav_Havel_0009,Vaclav_Havel,Vaclav_Havel,true,0.7061707973480225,0.7665888071060181,True
dev_test_0482,dev_test,,Vicente_Fernandez_0002,Vicente_Fernandez_0005,Vicente_Fernandez,Vicente_Fernandez,true,0.7796364426612854,0.6638728976249695,True
dev_test_0483,dev_test,,Vicente_Fernandez_0004,Vicente_Fernandez_0005,Vicente_Fernandez,Vicente_Fernandez,true,0.7024675607681274,0.771404504776001,True
dev_test_0484,dev_test,,Victoria_Beckham_0002,Victoria_Beckham_0003,Victoria_Beckham,Victoria_Beckham,true,0.764222264289856,0.6866990327835083,True
dev_test_0485,dev_test,,Vincent_Brooks_0001,Vincent_Brooks_0002,Vincent_Brooks,Vincent_Brooks,true,0.9162428975105286,0.40928512811660767,True
dev_test_0486,dev_test,,Vincent_Brooks_0002,Vincent_Brooks_0006,Vincent_Brooks,Vincent_Brooks,true,0.9013739824295044,0.44413086771965027,True
dev_test_0487,dev_test,,Warren_Beatty_0001,Warren_Beatty_0002,Warren_Beatty,Warren_Beatty,true,0.8089672923088074,0.6181144714355469,True
dev_test_0488,dev_test,,Warren_Buffett_0001,Warren_Buffett_0003,Warren_Buffett,Warren_Buffett,true,0.8734245896339417,0.5031411647796631,True
dev_test_0489,dev_test,,Wesley_Clark_0001,Wesley_Clark_0002,Wesley_Clark,Wesley_Clark,true,0.8143390417098999,0.609362006187439,True
dev_test_0490,dev_test,,Will_Smith_0001,Will_Smith_0002,Will_Smith,Will_Smith,true,0.5655562877655029,0.9321414232254028,True
dev_test_0491,dev_test,,William_Burns_0001,William_Burns_0002,William_Burns,William_Burns,true,0.7975561618804932,0.6363078951835632,True
dev_test_0492,dev_test,,William_Macy_0001,William_Macy_0004,William_Macy,William_Macy,true,0.8477863669395447,0.5517493486404419,True
dev_test_0493,dev_test,,William_Macy_0002,William_Macy_0003,William_Macy,William_Macy,true,0.7280185222625732,0.7375385165214539,True
dev_test_0494,dev_test,,William_Macy_0003,William_Macy_0005,William_Macy,William_Macy,true,0.6795825958251953,0.8005216717720032,True
dev_test_0495,dev_test,,William_Rehnquist_0001,William_Rehnquist_0002,William_Rehnquist,William_Rehnquist,true,0.8886606693267822,0.4718886911869049,True
dev_test_0496,dev_test,,Winona_Ryder_0006,Winona_Ryder_0015,Winona_Ryder,Winona_Ryder,true,0.695763111114502,0.7800474166870117,True
dev_test_0497,dev_test,,Winona_Ryder_0019,Winona_Ryder_0021,Winona_Ryder,Winona_Ryder,true,0.7475094795227051,0.7106202840805054,True
dev_test_0498,dev_test,,Yevgeny_Kafelnikov_0003,Yevgeny_Kafelnikov_0004,Yevgeny_Kafelnikov,Yevgeny_Kafelnikov,true,0.8714748620986938,0.5070013999938965,True
dev_test_0499,dev_test,,Yoriko_Kawaguchi_0003,Yoriko_Kawaguchi_0010,Yoriko_Kawaguchi,Yoriko_Kawaguchi,true,0.8841203451156616,0.4814140200614929,True
dev_test_0500,dev_test,,Zoran_Djindjic_0003,Zoran_Djindjic_0004,Zoran_Djindjic,Zoran_Djindjic,true,0.7372182607650757,0.7249576449394226,True
dev_test_0501,dev_test,,AJ_Lamas_0001,Zach_Safrin_0001,AJ_Lamas,Zach_Safrin,false,0.1114988923072815,1.3330425024032593,True
dev_test_0502,dev_test,,Aaron_Guiel_0001,Reese_Witherspoon_0003,Aaron_Guiel,Reese_Witherspoon,false,0.0833769142627716,1.3539742231369019,True
dev_test_0503,dev_test,,Aaron_Tippin_0001,Jose_Luis_Rodriguez_Zapatero_0001,Aaron_Tippin,Jose_Luis_Rodriguez_Zapatero,false,0.35280269384384155,1.1377147436141968,True
dev_test_0504,dev_test,,Abdul_Majeed_Shobokshi_0001,Charles_Cope_0001,Abdul_Majeed_Shobokshi,Charles_Cope,false,0.12321799248456955,1.3242220878601074,True
dev_test_0505,dev_test,,Abdullah_Gul_0016,Steve_Cox_0001,Abdullah_Gul,Steve_Cox,false,-0.07414789497852325,1.4657065868377686,True
dev_test_0506,dev_test,,Abid_Hamid_Mahmud_Al-Tikriti_0001,Eli_Broad_0001,Abid_Hamid_Mahmud_Al-Tikriti,Eli_Broad,false,-0.04534513130784035,1.4459220170974731,True
dev_test_0507,dev_test,,Adam_Kennedy_0001,Amelie_Mauresmo_0019,Adam_Kennedy,Amelie_Mauresmo,false,-0.009545877575874329,1.420947551727295,True
dev_test_0508,dev_test,,Adel_Al-Jubeir_0001,Elisabeth_Welch_0001,Adel_Al-Jubeir,Elisabeth_Welch,false,-0.10717926919460297,1.488072156906128,True
dev_test_0509,dev_test,,Adrian_Murrell_0001,Tommy_Franks_0015,Adrian_Murrell,Tommy_Franks,false,0.1759261041879654,1.2838021516799927,True
dev_test_0510,dev_test,,Adriana_Lima_0001,Terrence_Trammell_0001,Adriana_Lima,Terrence_Trammell,false,-0.06031730771064758,1.456239938735962,True
dev_test_0511,dev_test,,Adriana_Perez_Navarro_0001,Jennifer_Capriati_0008,Adriana_Perez_Navarro,Jennifer_Capriati,false,0.13901209831237793,1.312240719795227,True
dev_test_0512,dev_test,,Agbani_Darego_0001,Malik_Mahmud_0001,Agbani_Darego,Malik_Mahmud,false,0.06966681778430939,1.3640625476837158,True
dev_test_0513,dev_test,,Ahmed_Ghazi_0001,Henry_Suazo_0001,Ahmed_Ghazi,Henry_Suazo,false,-0.36807817220687866,1.6541332006454468,True
dev_test_0514,dev_test,,Aileen_Riggin_Soule_0001,Damarius_Bilbo_0001,Aileen_Riggin_Soule,Damarius_Bilbo,false,0.13937455415725708,1.311964511871338,True
dev_test_0515,dev_test,,Ain_Seppik_0001,Donald_Regan_0001,Ain_Seppik,Donald_Regan,false,0.15602687001228333,1.2992098331451416,True
dev_test_0516,dev_test,,Aitor_Gonzalez_0001,Lily_Tomlin_0002,Aitor_Gonzalez,Lily_Tomlin,false,0.07390905916690826,1.360948920249939,True
dev_test_0517,dev_test,,Al_Cardenas_0001,Mary_Landrieu_0003,Al_Cardenas,Mary_Landrieu,false,-0.2371046096086502,1.5729619264602661,True
dev_test_0518,dev_test,,Al_Davis_0002,Dennis_Powell_0001,Al_Davis,Dennis_Powell,false,0.4061712622642517,1.089797019958496,True
dev_test_0519,dev_test,,Al_Pacino_0001,Izzat_Ibrahim_0001,Al_Pacino,Izzat_Ibrahim,false,-0.019807323813438416,1.4281508922576904,True
dev_test_0520,dev_test,,Aleksander_Voloshin_0001,Ashlea_Talbot_0001,Aleksander_Voloshin,Ashlea_Talbot,false,0.008670699782669544,1.4080690145492554,True
dev_test_0521,dev_test,,Alex_Cabrera_0001,Richard_Carl_0001,Alex_Cabrera,Richard_Carl,false,0.2262234389781952,1.244006872177124,True
dev_test_0522,dev_test,,Alex_Corretja_0001,Newt_Gingrich_0001,Alex_Corretja,Newt_Gingrich,false,-0.12188553810119629,1.4979223012924194,True
dev_test_0523,dev_test,,Alex_Corretja_0001,Tippi_Hedren_0002,Alex_Corretja,Tippi_Hedren,false,-0.15685462951660156,1.5210881233215332,True
dev_test_0524,dev_test,,Alexandra_Rozovskaya_0001,Don_King_0001,Alexandra_Rozovskaya,Don_King,false,0.025085872039198875,1.3963626623153687,True
dev_test_0525,dev_test,,Ali_Fallahian_0001,Mohammed_Abulhasan_0001,Ali_Fallahian,Mohammed_Abulhasan,false,0.17370405793190002,1.285531759262085,True
dev_test_0526,dev_test,,Ali_Naimi_0008,Vanessa_Laine_0001,Ali_Naimi,Vanessa_Laine,false,-0.039567604660987854,1.4419206380844116,True
dev_test_0527,dev_test,,Alicia_Keys_0001,Giannina_Facio_0001,Alicia_Keys,Giannina_Facio,false,-0.17349964380264282,1.5319920778274536,True
dev_test_0528,dev_test,,Alicia_Molik_0001,Lena_Katina_0001,Alicia_Molik,Lena_Katina,false,0.0858042985200882,1.3521802425384521,True
dev_test_0529,dev_test,,Aline_Chretien_0001,Carlos_Iturgaitz_0001,Aline_Chretien,Carlos_Iturgaitz,false,-0.04364041984081268,1.4447425603866577,True
dev_test_0530,dev_test,,Alisha_Richman_0001,Spencer_Abraham_0009,Alisha_Richman,Spencer_Abraham,false,-0.06308615952730179,1.4581401348114014,True
dev_test_0531,dev_test,,Allison_Searing_0001,Amy_Gale_0001,Allison_Searing,Amy_Gale,false,0.16343867778778076,1.2934924364089966,True
dev_test_0532,dev_test,,Allison_Searing_0001,Mark_Martin_0001,Allison_Searing,Mark_Martin,false,-0.1297312080860138,1.5031508207321167,True
dev_test_0533,dev_test,,Allison_Searing_0001,Phillip_Fulmer_0001,Allison_Searing,Phillip_Fulmer,false,-0.052546996623277664,1.4508942365646362,True
dev_test_0534,dev_test,,Allison_Searing_0001,Warren_Beatty_0001,Allison_Searing,Warren_Beatty,false,0.14330559968948364,1.308964729309082,True
dev_test_0535,dev_test,,Amanda_Marsh_0001,Howard_Smith_0002,Amanda_Marsh,Howard_Smith,false,0.25476062297821045,1.2208516597747803,True
dev_test_0536,dev_test,,Amanda_Marsh_0001,Svetlana_Koroleva_0002,Amanda_Marsh,Svetlana_Koroleva,false,-0.20226016640663147,1.5506516695022583,True
dev_test_0537,dev_test,,Amelie_Mauresmo_0006,Terri_Clark_0001,Amelie_Mauresmo,Terri_Clark,false,0.2505325675010681,1.224310040473938,True
dev_test_0538,dev_test,,Amporn_Falise_0001,Christiane_Wulff_0001,Amporn_Falise,Christiane_Wulff,false,-0.050438541918992996,1.4494402408599854,True
dev_test_0539,dev_test,,Amporn_Falise_0001,Liza_Minnelli_0002,Amporn_Falise,Liza_Minnelli,false,-0.1511206030845642,1.517313838005066,True
dev_test_0540,dev_test,,Amporn_Falise_0001,Zhang_Yimou_0001,Amporn_Falise,Zhang_Yimou,false,0.01202329806983471,1.4056861400604248,True
dev_test_0541,dev_test,,Amy_Gale_0001,Frank_Murkowski_0001,Amy_Gale,Frank_Murkowski,false,0.16630145907402039,1.291277289390564,True
dev_test_0542,dev_test,,Ana_Palacio_0005,Erika_Christensen_0002,Ana_Palacio,Erika_Christensen,false,-0.04023173078894615,1.4423812627792358,True
dev_test_0543,dev_test,,Ana_Palacio_0006,Robert_Gordon_Card_0001,Ana_Palacio,Robert_Gordon_Card,false,-0.02329547517001629,1.430591106414795,True
dev_test_0544,dev_test,,Andrew_Caldecott_0001,Joe_Strummer_0001,Andrew_Caldecott,Joe_Strummer,false,-0.06020869314670563,1.4561653137207031,True
dev_test_0545,dev_test,,Andrew_Shutley_0001,Charles_Taylor_0007,Andrew_Shutley,Charles_Taylor,false,0.05541815981268883,1.374468445777893,True
dev_test_0546,dev_test,,Andrew_Wetzler_0001,Cristina_Torrens_Valero_0001,Andrew_Wetzler,Cristina_Torrens_Valero,false,-0.1802917867898941,1.536419153213501,True
dev_test_0547,dev_test,,Angela_Mascia-Frye_0001,Derrick_Taylor_0001,Angela_Mascia-Frye,Derrick_Taylor,false,-0.15073786675930023,1.5170615911483765,True
dev_test_0548,dev_test,,Ann_Godbehere_0001,Paul_Newman_0001,Ann_Godbehere,Paul_Newman,false,0.18188020586967468,1.2791558504104614,True
dev_test_0549,dev_test,,Ann_Godbehere_0001,Tatiana_Kennedy_Schlossberg_0001,Ann_Godbehere,Tatiana_Kennedy_Schlossberg,false,-0.007366465870290995,1.4194128513336182,True
dev_test_0550,dev_test,,Anna_Chicherova_0001,Bob_Iger_0001,Anna_Chicherova,Bob_Iger,false,-0.009913570247590542,1.4212063550949097,True
dev_test_0551,dev_test,,Anna_Nicole_Smith_0001,Tony_Shalhoub_0004,Anna_Nicole_Smith,Tony_Shalhoub,false,0.1696830540895462,1.2886559963226318,True
dev_test_0552,dev_test,,Anne_Krueger_0003,Lucrecia_Orozco_0001,Anne_Krueger,Lucrecia_Orozco,false,0.11732526123523712,1.3286646604537964,True
dev_test_0553,dev_test,,Anne_McLellan_0002,Richard_Penniman_0001,Anne_McLellan,Richard_Penniman,false,0.26845449209213257,1.209583044052124,True
dev_test_0554,dev_test,,Anne_McLellan_0002,Roman_Tam_0001,Anne_McLellan,Roman_Tam,false,-0.001752769574522972,1.415452480316162,True
dev_test_0555,dev_test,,Annette_Lu_0001,Scott_Fawell_0001,Annette_Lu,Scott_Fawell,false,0.005361014511436224,1.4104176759719849,True
dev_test_0556,dev_test,,Annette_Lu_0001,Svetlana_Belousova_0001,Annette_Lu,Svetlana_Belousova,false,0.31064897775650024,1.1741814613342285,True
dev_test_0557,dev_test,,Annie_Chaplin_0001,Gloria_Gaynor_0001,Annie_Chaplin,Gloria_Gaynor,false,0.25360944867134094,1.2217943668365479,True
dev_test_0558,dev_test,,Annie_Chaplin_0001,Ion_Tiriac_0001,Annie_Chaplin,Ion_Tiriac,false,-0.1822887659072876,1.537718415260315,True
dev_test_0559,dev_test,,Annie_Chaplin_0001,Michael_Keaton_0001,Annie_Chaplin,Michael_Keaton,false,0.38143032789230347,1.1122677326202393,True
dev_test_0560,dev_test,,Antonio_Palocci_0004,Donald_Regan_0001,Antonio_Palocci,Donald_Regan,false,-0.005032829940319061,1.4177680015563965,True
dev_test_0561,dev_test,,Aretha_Franklin_0001,Marc_Racicot_0001,Aretha_Franklin,Marc_Racicot,false,0.02455109730362892,1.3967454433441162,True
dev_test_0562,dev_test,,Armando_Avila_Panchame_0001,Hamza_Atiya_Muhsen_0001,Armando_Avila_Panchame,Hamza_Atiya_Muhsen,false,0.179641991853714,1.2809044122695923,True
dev_test_0563,dev_test,,Armando_Avila_Panchame_0001,Hana_Urushima_0001,Armando_Avila_Panchame,Hana_Urushima,false,-0.1729169338941574,1.5316115617752075,True
dev_test_0564,dev_test,,Arthur_Johnson_0001,Steve_Pagliuca_0001,Arthur_Johnson,Steve_Pagliuca,false,0.15499578416347504,1.3000032901763916,True
dev_test_0565,dev_test,,Ascencion_Barajas_0001,Marissa_Jaret_Winokur_0002,Ascencion_Barajas,Marissa_Jaret_Winokur,false,0.07448984682559967,1.3605220317840576,True
dev_test_0566,dev_test,,Ashlea_Talbot_0001,Sean_Patrick_Thomas_0001,Ashlea_Talbot,Sean_Patrick_Thomas,false,-0.06347643584012985,1.4584076404571533,True
dev_test_0567,dev_test,,Ashley_Judd_0001,Pat_Burns_0001,Ashley_Judd,Pat_Burns,false,-0.042589765042066574,1.4440150260925293,True
dev_test_0568,dev_test,,Asif_Ali_Zardari_0001,Cristina_Torrens_Valero_0001,Asif_Ali_Zardari,Cristina_Torrens_Valero,false,0.04204554855823517,1.3841636180877686,True
dev_test_0569,dev_test,,Assad_Ahmadi_0001,Jose_Cevallos_0001,Assad_Ahmadi,Jose_Cevallos,false,0.10342936217784882,1.3390822410583496,True
dev_test_0570,dev_test,,Astou_Ndiaye-Diatta_0001,Scott_Yates_0001,Astou_Ndiaye-Diatta,Scott_Yates,false,0.16357406973838806,1.293387770652771,True
dev_test_0571,dev_test,,Augustin_Calleri_0004,Brad_Miller_0001,Augustin_Calleri,Brad_Miller,false,0.14619623124599457,1.3067545890808105,True
dev_test_0572,dev_test,,Augustin_Calleri_0004,John_Jones_0001,Augustin_Calleri,John_Jones,false,0.23771309852600098,1.2347363233566284,True
dev_test_0573,dev_test,,Babe_Ruth_0001,Joshua_Perper_0001,Babe_Ruth,Joshua_Perper,false,-0.0004555629566311836,1.414535641670227,True
dev_test_0574,dev_test,,Barbara_Bach_0001,Eli_Rosenbaum_0001,Barbara_Bach,Eli_Rosenbaum,false,0.06013841554522514,1.3710299730300903,True
dev_test_0575,dev_test,,Barbara_Becker_0001,Gerhard_Boekel_0001,Barbara_Becker,Gerhard_Boekel,false,-0.14394991099834442,1.5125805139541626,True
dev_test_0576,dev_test,,Barbara_Roberts_0001,Kirsten_Clark_0001,Barbara_Roberts,Kirsten_Clark,false,0.2927854061126709,1.1892977952957153,True
dev_test_0577,dev_test,,Barry_Williams_0001,Richard_Langille_0001,Barry_Williams,Richard_Langille,false,0.14111943542957306,1.310633897781372,True
dev_test_0578,dev_test,,Barzan_al-Tikriti_0001,Jim_Haslett_0001,Barzan_al-Tikriti,Jim_Haslett,false,-0.023688551038503647,1.4308658838272095,True
dev_test_0579,dev_test,,Beecher_Ray_Kirby_0001,Hashan_Tillakaratne_0001,Beecher_Ray_Kirby,Hashan_Tillakaratne,false,-0.047980230301618576,1.44774329662323,True
dev_test_0580,dev_test,,Begum_Khaleda_Zia_0001,Jesse_Jackson_0005,Begum_Khaleda_Zia,Jesse_Jackson,false,0.2003067433834076,1.2646684646606445,True
dev_test_0581,dev_test,,Ben_Cohen_0001,Roger_Etchegaray_0001,Ben_Cohen,Roger_Etchegaray,false,-0.044195279479026794,1.4451265335083008,True
dev_test_0582,dev_test,,Ben_Cohen_0001,Zach_Parise_0001,Ben_Cohen,Zach_Parise,false,0.4172283411026001,1.0796033143997192,True
dev_test_0583,dev_test,,Benjamin_McKenzie_0001,Lisa_Leslie_0001,Benjamin_McKenzie,Lisa_Leslie,false,0.009451523423194885,1.4075145721435547,True
dev_test_0584,dev_test,,Betsy_Coffin_0001,Gerard_Tronche_0001,Betsy_Coffin,Gerard_Tronche,false,-0.06759009510278702,1.4612256288528442,True
dev_test_0585,dev_test,,Bill_Carmody_0001,Michael_Sheehan_0001,Bill_Carmody,Michael_Sheehan,false,0.28744184970855713,1.1937824487686157,True
dev_test_0586,dev_test,,Bill_Carmody_0001,Tippi_Hedren_0001,Bill_Carmody,Tippi_Hedren,false,0.08838613331317902,1.3502695560455322,True
dev_test_0587,dev_test,,Bill_Curry_0001,Candice_Bergen_0001,Bill_Curry,Candice_Bergen,false,0.05386136472225189,1.375600814819336,True
dev_test_0588,dev_test,,Bill_Frist_0002,Malcolm_Wild_0001,Bill_Frist,Malcolm_Wild,false,-0.055981606245040894,1.4532595872879028,True
dev_test_0589,dev_test,,Bill_Frist_0004,Donald_Pettit_0002,Bill_Frist,Donald_Pettit,false,-0.030622705817222595,1.4357037544250488,True
dev_test_0590,dev_test,,Bill_Kollar_0001,Phillip_Seymor_Hoffmann_0001,Bill_Kollar,Phillip_Seymor_Hoffmann,false,0.1062605232000351,1.3369663953781128,True
dev_test_0591,dev_test,,Bill_McBride_0008,John_Rowland_0001,Bill_McBride,John_Rowland,false,0.19734957814216614,1.2670047283172607,True
dev_test_0592,dev_test,,Bill_Sizemore_0001,Calista_Flockhart_0003,Bill_Sizemore,Calista_Flockhart,false,0.08785450458526611,1.350663185119629,True
dev_test_0593,dev_test,,Billy_Boyd_0001,Liza_Minnelli_0003,Billy_Boyd,Liza_Minnelli,false,-0.2850211560726166,1.6031352281570435,True
dev_test_0594,dev_test,,Billy_Boyd_0001,Robin_Williams_0001,Billy_Boyd,Robin_Williams,false,0.08608058094978333,1.351975917816162,True
dev_test_0595,dev_test,,Bing_Crosby_0001,Eric_Bana_0001,Bing_Crosby,Eric_Bana,false,-0.07294643670320511,1.4648866653442383,True
dev_test_0596,dev_test,,Bing_Crosby_0001,John_Moxley_0001,Bing_Crosby,John_Moxley,false,0.06102701276540756,1.3703817129135132,True
dev_test_0597,dev_test,,Bing_Crosby_0001,Leonid_Kuchma_0005,Bing_Crosby,Leonid_Kuchma,false,0.40314364433288574,1.09257173538208,True
dev_test_0598,dev_test,,Bob_Iger_0001,Brian_Cowen_0001,Bob_Iger,Brian_Cowen,false,0.21076086163520813,1.2563750743865967,True
dev_test_0599,dev_test,,Bob_Iger_0001,Steve_Lavin_0006,Bob_Iger,Steve_Lavin,false,0.3485909402370453,1.1414107084274292,True
dev_test_0600,dev_test,,Bob_Newhart_0001,Marina_Canetti_0001,Bob_Newhart,Marina_Canetti,false,0.0878109559416771,1.3506953716278076,True
dev_test_0601,dev_test,,Bob_Riley_0001,Jim_Harrick_0001,Bob_Riley,Jim_Harrick,false,0.3952491879463196,1.0997735261917114,True
dev_test_0602,dev_test,,Bono_0001,Chen_Shui-bian_0002,Bono,Chen_Shui-bian,false,-0.12750639021396637,1.5016698837280273,True
dev_test_0603,dev_test,,Bono_0002,Se_Hyuk_Joo_0001,Bono,Se_Hyuk_Joo,false,-0.1929284930229187,1.5446221828460693,True
dev_test_0604,dev_test,,Brad_Miller_0001,Chris_Noth_0001,Brad_Miller,Chris_Noth,false,-0.024872582405805588,1.431693196296692,True
dev_test_0605,dev_test,,Brandon_Larson_0001,James_Williams_0001,Brandon_Larson,James_Williams,false,-0.1098610907793045,1.4898732900619507,True
dev_test_0606,dev_test,,Brandon_Lloyd_0001,Zach_Parise_0001,Brandon_Lloyd,Zach_Parise,false,0.022347651422023773,1.3983221054077148,True
dev_test_0607,dev_test,,Brandon_Robinson_0001,Mitchell_Garabedian_0001,Brandon_Robinson,Mitchell_Garabedian,false,-0.29873716831207275,1.6116682291030884,True
dev_test_0608,dev_test,,Brandon_Webb_0001,Teddy_Kollek_0001,Brandon_Webb,Teddy_Kollek,false,-0.12591885030269623,1.500612497329712,True
dev_test_0609,dev_test,,Brian_Cowen_0002,Dave_Johnson_0001,Brian_Cowen,Dave_Johnson,false,0.12198127806186676,1.3251556158065796,True
dev_test_0610,dev_test,,Brian_Griese_0001,Jennie_Garth_0001,Brian_Griese,Jennie_Garth,false,-0.09979326277971268,1.4831002950668335,True
dev_test_0611,dev_test,,Brock_Berlin_0001,Wendy_Selig_0001,Brock_Berlin,Wendy_Selig,false,0.23994088172912598,1.2329307794570923,True
dev_test_0612,dev_test,,Brooke_Adams_0001,Gilberto_Rodriguez_Orejuela_0002,Brooke_Adams,Gilberto_Rodriguez_Orejuela,false,0.05256068706512451,1.3765459060668945,True
dev_test_0613,dev_test,,Brooke_Adams_0001,Hussam_Mohammed_Amin_0001,Brooke_Adams,Hussam_Mohammed_Amin,false,0.140302836894989,1.311256766319275,True
dev_test_0614,dev_test,,Bruce_Willis_0001,Heather_Mills_0002,Bruce_Willis,Heather_Mills,false,-0.08713334798812866,1.4745395183563232,True
dev_test_0615,dev_test,,Buddy_Ryan_0001,Laurel_Clark_0001,Buddy_Ryan,Laurel_Clark,false,-0.08240238577127457,1.471327543258667,True
dev_test_0616,dev_test,,Buddy_Ryan_0001,Roy_Romanow_0001,Buddy_Ryan,Roy_Romanow,false,0.09452233463525772,1.345717430114746,True
dev_test_0617,dev_test,,Calvin_Joseph_Coleman_0001,Ekaterina_Dmitriev_0001,Calvin_Joseph_Coleman,Ekaterina_Dmitriev,false,0.19260276854038239,1.2707456350326538,True
dev_test_0618,dev_test,,Calvin_Joseph_Coleman_0001,Victor_Garber_0001,Calvin_Joseph_Coleman,Victor_Garber,false,-0.00116925488691777,1.415040135383606,True
dev_test_0619,dev_test,,Camilla_Parker_Bowles_0002,Mary_Matalin_0001,Camilla_Parker_Bowles,Mary_Matalin,false,0.41570979356765747,1.081009030342102,True
dev_test_0620,dev_test,,Camille_Lewis_0001,Keith_Lockhart_0001,Camille_Lewis,Keith_Lockhart,false,0.1329314410686493,1.3168665170669556,True
dev_test_0621,dev_test,,Camille_Lewis_0001,Melissa_Etheridge_0001,Camille_Lewis,Melissa_Etheridge,false,0.0536060631275177,1.375786304473877,True
dev_test_0622,dev_test,,Candice_Bergen_0001,Masum_Turker_0002,Candice_Bergen,Masum_Turker,false,0.12063191831111908,1.3261735439300537,True
dev_test_0623,dev_test,,Candice_Bergen_0002,Jake_Gyllenhaal_0002,Candice_Bergen,Jake_Gyllenhaal,false,-0.026641136035323143,1.4329279661178589,True
dev_test_0624,dev_test,,Candice_Bergen_0002,Prospero_Pichay_0001,Candice_Bergen,Prospero_Pichay,false,0.011873031035065651,1.4057930707931519,True
dev_test_0625,dev_test,,Carey_Lowell_0001,Helio_Castroneves_0001,Carey_Lowell,Helio_Castroneves,false,-0.21258264780044556,1.5572941303253174,True
dev_test_0626,dev_test,,Carey_Lowell_0001,Joshua_Harapko_0001,Carey_Lowell,Joshua_Harapko,false,-0.1247221976518631,1.4998148679733276,True
dev_test_0627,dev_test,,Carlo_Ancelotti_0001,Hugh_Miller_0001,Carlo_Ancelotti,Hugh_Miller,false,0.25482937693595886,1.2207953929901123,True
dev_test_0628,dev_test,,Carlos_Beltran_0001,Shoshannah_Stern_0001,Carlos_Beltran,Shoshannah_Stern,false,0.21884989738464355,1.249920129776001,True
dev_test_0629,dev_test,,Carlos_Ghosn_0001,Renee_Zellweger_0011,Carlos_Ghosn,Renee_Zellweger,false,0.014681480824947357,1.4037938117980957,True
dev_test_0630,dev_test,,Carlos_Iturgaitz_0001,Francisco_Maturana_0001,Carlos_Iturgaitz,Francisco_Maturana,false,-0.15498171746730804,1.5198564529418945,True
dev_test_0631,dev_test,,Carlos_Manuel_Pruneda_0001,Claudia_Coslovich_0001,Carlos_Manuel_Pruneda,Claudia_Coslovich,false,-0.11609725654125214,1.4940530061721802,True
dev_test_0632,dev_test,,Carly_Gullickson_0001,Mike_Helton_0002,Carly_Gullickson,Mike_Helton,false,0.08851274102926254,1.3501757383346558,True
dev_test_0633,dev_test,,Caroline_Dhavernas_0001,James_Smith_0001,Caroline_Dhavernas,James_Smith,false,0.048885103315114975,1.3792134523391724,True
dev_test_0634,dev_test,,Carrie-Anne_Moss_0004,Mike_Richter_0001,Carrie-Anne_Moss,Mike_Richter,false,-0.15701821446418762,1.521195888519287,True
dev_test_0635,dev_test,,Carson_Daly_0001,Matthew_During_0001,Carson_Daly,Matthew_During,false,0.06625477224588394,1.3665615320205688,True
dev_test_0636,dev_test,,Casey_Crowder_0001,Joe_Nichols_0001,Casey_Crowder,Joe_Nichols,false,0.21177197992801666,1.2555700540542603,True
dev_test_0637,dev_test,,Casey_Crowder_0001,Laszlo_Kovacs_0001,Casey_Crowder,Laszlo_Kovacs,false,0.03903927654027939,1.3863338232040405,True
dev_test_0638,dev_test,,Cecilia_Chang_0001,Jeffery_Hendren_0001,Cecilia_Chang,Jeffery_Hendren,false,0.04459892585873604,1.3823177814483643,True
dev_test_0639,dev_test,,Cecilia_Cheung_0001,Kirsten_Clark_0001,Cecilia_Cheung,Kirsten_Clark,false,0.00018575042486190796,1.4140822887420654,True
dev_test_0640,dev_test,,Cecilia_Cheung_0001,Simon_Chalk_0001,Cecilia_Cheung,Simon_Chalk,false,-0.1620306372642517,1.5244872570037842,True
dev_test_0641,dev_test,,Cedric_Benson_0001,Greg_Hodge_0001,Cedric_Benson,Greg_Hodge,false,0.16980862617492676,1.2885584831237793,True
dev_test_0642,dev_test,,Cesar_Maia_0002,Karin_Viard_0001,Cesar_Maia,Karin_Viard,false,-0.07809877395629883,1.4683997631072998,True
dev_test_0643,dev_test,,Chang_Jae_On_0001,Oracene_Williams_0001,Chang_Jae_On,Oracene_Williams,false,0.044190894812345505,1.382612943649292,True
dev_test_0644,dev_test,,Chante_Jawan_Mallard_0001,Muhammad_Ali_0005,Chante_Jawan_Mallard,Muhammad_Ali,false,-0.03838154673576355,1.4410979747772217,True
dev_test_0645,dev_test,,Charla_Moye_0001,Joe_Mantegna_0001,Charla_Moye,Joe_Mantegna,false,-0.05598573759198189,1.453262448310852,True
dev_test_0646,dev_test,,Charla_Moye_0001,Robert_Nillson_0001,Charla_Moye,Robert_Nillson,false,0.29936841130256653,1.1837496757507324,True
dev_test_0647,dev_test,,Charles_Cope_0001,John_Franco_0001,Charles_Cope,John_Franco,false,0.01909133605659008,1.400648832321167,True
dev_test_0648,dev_test,,Charley_Armey_0001,Jose_Cevallos_0001,Charley_Armey,Jose_Cevallos,false,-0.04455113038420677,1.4453727006912231,True
dev_test_0649,dev_test,,Charlie_Sheen_0001,Deece_Eckstein_0001,Charlie_Sheen,Deece_Eckstein,false,0.18040518462657928,1.280308485031128,True
dev_test_0650,dev_test,,Charlie_Sheen_0001,Janice_Goldfinger_0001,Charlie_Sheen,Janice_Goldfinger,false,-0.06600066274404526,1.4601376056671143,True
dev_test_0651,dev_test,,Charlie_Zaa_0002,William_Harrison_0001,Charlie_Zaa,William_Harrison,false,-0.015517421998083591,1.425143837928772,True
dev_test_0652,dev_test,,Charmaine_Crooks_0001,Esad_Landzo_0001,Charmaine_Crooks,Esad_Landzo,false,-0.17982053756713867,1.5361123085021973,True
dev_test_0653,dev_test,,Charmaine_Crooks_0001,Shigeru_Ishiba_0001,Charmaine_Crooks,Shigeru_Ishiba,false,-0.19124306738376617,1.5435303449630737,True
dev_test_0654,dev_test,,Chawki_Armali_0001,Hilmi_Akin_Zorlu_0001,Chawki_Armali,Hilmi_Akin_Zorlu,false,0.2012994885444641,1.263883352279663,True
dev_test_0655,dev_test,,Chea_Sophara_0001,Muhammad_Ali_0006,Chea_Sophara,Muhammad_Ali,false,0.2858639359474182,1.195103406906128,True
dev_test_0656,dev_test,,Chen_Shui-bian_0002,Simon_Cowell_0001,Chen_Shui-bian,Simon_Cowell,false,-0.049198050051927567,1.4485841989517212,True
dev_test_0657,dev_test,,Chen_Shui-bian_0002,William_Nessen_0001,Chen_Shui-bian,William_Nessen,false,-0.17026571929454803,1.5298795700073242,True
dev_test_0658,dev_test,,Chen_Shui-bian_0003,Elizabeth_Smart_0001,Chen_Shui-bian,Elizabeth_Smart,false,-0.09980228543281555,1.4831064939498901,True
dev_test_0659,dev_test,,Chita_Rivera_0002,Jose_Luis_Chilavert_0001,Chita_Rivera,Jose_Luis_Chilavert,false,0.3543630540370941,1.1363424062728882,True
dev_test_0660,dev_test,,Chris_Andrews_0001,Claire_De_Gryse_0001,Chris_Andrews,Claire_De_Gryse,false,-0.20318830013275146,1.5512501001358032,True
dev_test_0661,dev_test,,Chris_Andrews_0001,Elinor_Caplan_0002,Chris_Andrews,Elinor_Caplan,false,0.2620641589164734,1.2148547172546387,True
dev_test_0662,dev_test,,Chris_Byrd_0001,David_Alpay_0001,Chris_Byrd,David_Alpay,false,0.0660775825381279,1.3666912317276,True
dev_test_0663,dev_test,,Chris_Byrd_0001,Lawrence_Di_Rita_0001,Chris_Byrd,Lawrence_Di_Rita,false,-0.00014962627028580755,1.414319396018982,True
dev_test_0664,dev_test,,Chris_Noth_0001,Frank_Sinatra_0001,Chris_Noth,Frank_Sinatra,false,-0.0732070729136467,1.4650646448135376,True
dev_test_0665,dev_test,,Christian_Longo_0002,Dustan_Mohr_0001,Christian_Longo,Dustan_Mohr,false,0.1230074092745781,1.3243811130523682,True
dev_test_0666,dev_test,,Christiane_Wulff_0001,Paul_Schrader_0001,Christiane_Wulff,Paul_Schrader,false,-0.08464208245277405,1.4728490114212036,True
dev_test_0667,dev_test,,Christine_Ebersole_0002,Vincent_Cianci_Jr_0001,Christine_Ebersole,Vincent_Cianci_Jr,false,-0.29299983382225037,1.6081043481826782,True
dev_test_0668,dev_test,,Christine_Todd_Whitman_0002,Peter_Rasch_0001,Christine_Todd_Whitman,Peter_Rasch,false,0.0015097723808139563,1.413145661354065,True
dev_test_0669,dev_test,,Christine_Todd_Whitman_0005,Neil_Goldman_0001,Christine_Todd_Whitman,Neil_Goldman,false,0.08248703926801682,1.3546314239501953,True
dev_test_0670,dev_test,,Christopher_Russell_0001,Rosario_Dawson_0001,Christopher_Russell,Rosario_Dawson,false,0.025896240025758743,1.3957819938659668,True
dev_test_0671,dev_test,,Cindy_Taylor_0001,Melissa_Joan_Hart_0001,Cindy_Taylor,Melissa_Joan_Hart,false,0.1581200659275055,1.2975977659225464,True
dev_test_0672,dev_test,,Claire_Danes_0001,Mitchell_Potter_0001,Claire_Danes,Mitchell_Potter,false,-0.10631290078163147,1.4874898195266724,True
dev_test_0673,dev_test,,Claire_De_Gryse_0001,Jim_Parque_0001,Claire_De_Gryse,Jim_Parque,false,0.010426551103591919,1.406821608543396,True
dev_test_0674,dev_test,,Claire_De_Gryse_0001,Soenarno_0001,Claire_De_Gryse,Soenarno,false,-0.05011424794793129,1.4492164850234985,True
dev_test_0675,dev_test,,Claire_Leger_0002,Elin_Nordegren_0002,Claire_Leger,Elin_Nordegren,false,-0.13633523881435394,1.507537841796875,True
dev_test_0676,dev_test,,Coleen_Rowley_0001,Courtney_Love_0001,Coleen_Rowley,Courtney_Love,false,-0.22243531048297882,1.5636082887649536,True
dev_test_0677,dev_test,,Colin_Campbell_0001,Matt_Walters_0001,Colin_Campbell,Matt_Walters,false,-0.017296701669692993,1.426391839981079,True
dev_test_0678,dev_test,,Colleen_OClair_0001,Kim_Hong-gul_0001,Colleen_OClair,Kim_Hong-gul,false,0.02390018105506897,1.3972114324569702,True
dev_test_0679,dev_test,,Colleen_Ryan_0001,Noah_Wyle_0002,Colleen_Ryan,Noah_Wyle,false,-0.12153878062963486,1.4976906776428223,True
dev_test_0680,dev_test,,Conchita_Martinez_0001,Moby_0001,Conchita_Martinez,Moby,false,0.14735814929008484,1.3058652877807617,True
dev_test_0681,dev_test,,Cora_Cambell_0001,Todd_Petit_0001,Cora_Cambell,Todd_Petit,false,0.0838097333908081,1.3536545038223267,True
dev_test_0682,dev_test,,Courtney_Love_0001,Tsutomu_Takebe_0001,Courtney_Love,Tsutomu_Takebe,false,-0.022614266723394394,1.4301148653030396,True
dev_test_0683,dev_test,,Cristina_Torrens_Valero_0001,Damarius_Bilbo_0001,Cristina_Torrens_Valero,Damarius_Bilbo,false,-0.14397922158241272,1.5125999450683594,True
dev_test_0684,dev_test,,Cristina_Torrens_Valero_0001,Etta_James_0001,Cristina_Torrens_Valero,Etta_James,false,-0.13240554928779602,1.5049289464950562,True
dev_test_0685,dev_test,,Damarius_Bilbo_0001,Janis_Ruth_Coulter_0001,Damarius_Bilbo,Janis_Ruth_Coulter,false,0.09724560379981995,1.3436923027038574,True
dev_test_0686,dev_test,,Damarius_Bilbo_0001,Sheila_Taormina_0001,Damarius_Bilbo,Sheila_Taormina,false,0.11073949187994003,1.333612084388733,True
dev_test_0687,dev_test,,Dan_Ackroyd_0001,Nikki_Teasley_0001,Dan_Ackroyd,Nikki_Teasley,false,0.08106137812137604,1.3556833267211914,True
dev_test_0688,dev_test,,Dan_Bylsma_0001,Jim_Parque_0001,Dan_Bylsma,Jim_Parque,false,-0.18860521912574768,1.5418205261230469,True
dev_test_0689,dev_test,,Dan_Bylsma_0001,Scott_Yates_0001,Dan_Bylsma,Scott_Yates,false,0.06929796934127808,1.3643327951431274,True
dev_test_0690,dev_test,,Daniel_Comisso_Urdaneta_0001,Jean-Marc_de_La_Sabliere_0001,Daniel_Comisso_Urdaneta,Jean-Marc_de_La_Sabliere,false,-0.12078684568405151,1.497188687324524,True
dev_test_0691,dev_test,,Daniel_Montgomery_0001,Hassan_Wirajuda_0001,Daniel_Montgomery,Hassan_Wirajuda,false,-0.16374996304512024,1.525614619255066,True
dev_test_0692,dev_test,,Daniel_Zelman_0001,David_Surrett_0001,Daniel_Zelman,David_Surrett,false,0.03283006697893143,1.3908054828643799,True
dev_test_0693,dev_test,,Daniele_Nardello_0001,Peter_Hartz_0001,Daniele_Nardello,Peter_Hartz,false,0.006115619093179703,1.4098825454711914,True
dev_test_0694,dev_test,,Dariusz_Michalczewski_0001,Julien_Boutter_0001,Dariusz_Michalczewski,Julien_Boutter,false,-0.12221720814704895,1.4981436729431152,True
dev_test_0695,dev_test,,Darvis_Patton_0001,Estelle_Morris_0001,Darvis_Patton,Estelle_Morris,false,0.04184648394584656,1.3843073844909668,True
dev_test_0696,dev_test,,Darvis_Patton_0001,Gordon_Lightfoot_0001,Darvis_Patton,Gordon_Lightfoot,false,0.19496583938598633,1.2688847780227661,True
dev_test_0697,dev_test,,Darvis_Patton_0001,Tammy_Lynn_Michaels_0001,Darvis_Patton,Tammy_Lynn_Michaels,false,-0.030101103708148003,1.4353405237197876,True
dev_test_0698,dev_test,,Dave_Johnson_0001,Hank_Aaron_0001,Dave_Johnson,Hank_Aaron,false,-0.08063071221113205,1.4701229333877563,True
dev_test_0699,dev_test,,David_Braley_0001,Gerard_Tronche_0001,David_Braley,Gerard_Tronche,false,-0.07744945585727692,1.4679574966430664,True
dev_test_0700,dev_test,,David_Kelley_0001,Gerald_Calabrese_0001,David_Kelley,Gerald_Calabrese,false,-0.12054146081209183,1.497024655342102,True
dev_test_0701,dev_test,,David_Shayler_0001,Peter_Mullan_0001,David_Shayler,Peter_Mullan,false,0.03253777697682381,1.3910155296325684,True
dev_test_0702,dev_test,,David_Surrett_0001,Oracene_Williams_0001,David_Surrett,Oracene_Williams,false,0.0030672478023916483,1.4120430946350098,True
dev_test_0703,dev_test,,Dean_Sheremet_0001,Marc_Racicot_0001,Dean_Sheremet,Marc_Racicot,false,-0.09358794242143631,1.4789104461669922,True
dev_test_0704,dev_test,,Denise_van_Outen_0001,Kevin_Satterfield_0001,Denise_van_Outen,Kevin_Satterfield,false,0.0925149992108345,1.3472082614898682,True
dev_test_0705,dev_test,,Dennis_Kozlowski_0002,James_Ivory_0001,Dennis_Kozlowski,James_Ivory,false,0.32539305090904236,1.161556601524353,True
dev_test_0706,dev_test,,Dennis_Kozlowski_0002,Regina_Ip_0001,Dennis_Kozlowski,Regina_Ip,false,0.010475162416696548,1.4067870378494263,True
dev_test_0707,dev_test,,Dennis_Kozlowski_0002,Wendy_Selig_0001,Dennis_Kozlowski,Wendy_Selig,false,-0.09059428423643112,1.4768848419189453,True
dev_test_0708,dev_test,,Denzel_Washington_0004,Sung_Hong_Choi_0001,Denzel_Washington,Sung_Hong_Choi,false,0.10390285402536392,1.338728666305542,True
dev_test_0709,dev_test,,Derrick_Battie_0001,Lisa_Leslie_0001,Derrick_Battie,Lisa_Leslie,false,0.2268196940422058,1.2435275316238403,True
dev_test_0710,dev_test,,Diane_Green_0001,Ruth_Christofferson_0001,Diane_Green,Ruth_Christofferson,false,0.4307830333709717,1.0669742822647095,True
dev_test_0711,dev_test,,Diane_Green_0001,Tim_Salmon_0001,Diane_Green,Tim_Salmon,false,0.08661365509033203,1.3515815734863281,True
dev_test_0712,dev_test,,Dick_Armey_0001,Tom_Glavine_0002,Dick_Armey,Tom_Glavine,false,-0.28158196806907654,1.6009883880615234,True
dev_test_0713,dev_test,,Dirk_Kempthorne_0001,George_Tenet_0002,Dirk_Kempthorne,George_Tenet,false,-0.13386483490467072,1.505898356437683,True
dev_test_0714,dev_test,,Dominique_de_Villepin_0013,Hanns_Schumacher_0001,Dominique_de_Villepin,Hanns_Schumacher,false,0.01714440993964672,1.402038335800171,True
dev_test_0715,dev_test,,Don_Carcieri_0001,Jane_Rooney_0001,Don_Carcieri,Jane_Rooney,false,0.2825797200202942,1.1978483200073242,True
dev_test_0716,dev_test,,Don_King_0001,Philip_Zalewski_0001,Don_King,Philip_Zalewski,false,0.1693463772535324,1.2889171838760376,True
dev_test_0717,dev_test,,Don_King_0001,Tab_Baldwin_0001,Don_King,Tab_Baldwin,false,0.09924905002117157,1.3422003984451294,True
dev_test_0718,dev_test,,Don_Lake_0001,Elena_Dementieva_0001,Don_Lake,Elena_Dementieva,false,0.20504802465438843,1.2609140872955322,True
dev_test_0719,dev_test,,Donald_Keck_0001,Julia_Ormond_0001,Donald_Keck,Julia_Ormond,false,-0.09700614213943481,1.48121976852417,True
dev_test_0720,dev_test,,Donald_Pettit_0003,Michel_Kratochvil_0001,Donald_Pettit,Michel_Kratochvil,false,-0.021728433668613434,1.4294953346252441,True
dev_test_0721,dev_test,,Donald_Rumsfeld_0040,Tamika_Catchings_0001,Donald_Rumsfeld,Tamika_Catchings,false,-0.0059735942631959915,1.418431282043457,True
dev_test_0722,dev_test,,Donna_Walker_0001,Phil_Bredesen_0001,Donna_Walker,Phil_Bredesen,false,0.14221233129501343,1.3097997903823853,True
dev_test_0723,dev_test,,Eddie_Sutton_0001,George_Maxwell_Richards_0001,Eddie_Sutton,George_Maxwell_Richards,false,-0.003976678475737572,1.4170228242874146,True
dev_test_0724,dev_test,,Edith_Masai_0001,Idi_Amin_0001,Edith_Masai,Idi_Amin,false,0.3496854901313782,1.1404513120651245,True
dev_test_0725,dev_test,,Edward_Belvin_0001,William_Harrison_0001,Edward_Belvin,William_Harrison,false,0.28542622923851013,1.195469617843628,True
dev_test_0726,dev_test,,Edward_Egan_0001,Jim_Abbott_0001,Edward_Egan,Jim_Abbott,false,0.16527244448661804,1.2920740842819214,True
dev_test_0727,dev_test,,Edward_James_Olmos_0001,Jesse_Harris_0003,Edward_James_Olmos,Jesse_Harris,false,0.1020350456237793,1.340123176574707,True
dev_test_0728,dev_test,,Edward_Seaga_0001,Fatmir_Limaj_0001,Edward_Seaga,Fatmir_Limaj,false,0.2123522013425827,1.2551077604293823,True
dev_test_0729,dev_test,,Elaine_Chao_0001,Wilbert_Elki_Meza_Majino_0001,Elaine_Chao,Wilbert_Elki_Meza_Majino,false,0.14431799948215485,1.3081910610198975,True
dev_test_0730,dev_test,,Elena_Dementieva_0001,Wilton_Gregory_0001,Elena_Dementieva,Wilton_Gregory,false,-0.09528657048940659,1.4800585508346558,True
dev_test_0731,dev_test,,Elin_Nordegren_0001,Fredric_Seaman_0001,Elin_Nordegren,Fredric_Seaman,false,-0.2508680820465088,1.5816878080368042,True
dev_test_0732,dev_test,,Elin_Nordegren_0002,Ghassan_Elashi_0001,Elin_Nordegren,Ghassan_Elashi,false,0.06939690560102463,1.3642603158950806,True
dev_test_0733,dev_test,,Elinor_Caplan_0001,Henning_Scherf_0001,Elinor_Caplan,Henning_Scherf,false,-0.09608583897352219,1.4805983304977417,True
dev_test_0734,dev_test,,Eliott_Spitzer_0001,Jerry_Bruckheimer_0001,Eliott_Spitzer,Jerry_Bruckheimer,false,0.25270816683769226,1.2225316762924194,True
dev_test_0735,dev_test,,Elisabeth_Welch_0001,Francisco_Maturana_0001,Elisabeth_Welch,Francisco_Maturana,false,0.08207961916923523,1.3549320697784424,True
dev_test_0736,dev_test,,Elizabeth_Regan_0001,Pierre_Boulanger_0002,Elizabeth_Regan,Pierre_Boulanger,false,-0.24998563528060913,1.581129789352417,True
dev_test_0737,dev_test,,Elliott_Mincberg_0001,Gene_Orza_0001,Elliott_Mincberg,Gene_Orza,false,0.4270499348640442,1.070467233657837,True
dev_test_0738,dev_test,,Enrica_Fico_0001,Erwin_Abdullah_0001,Enrica_Fico,Erwin_Abdullah,false,-0.20705653727054596,1.5537418127059937,True
dev_test_0739,dev_test,,Eric_Dubin_0001,Yang_Pao-yu_0001,Eric_Dubin,Yang_Pao-yu,false,-0.04428591951727867,1.4451892375946045,True
dev_test_0740,dev_test,,Eric_Lindros_0001,Melvin_Talbert_0001,Eric_Lindros,Melvin_Talbert,false,-0.2897489070892334,1.606081485748291,True
dev_test_0741,dev_test,,Eric_Lindros_0001,Sterling_Hitchcock_0001,Eric_Lindros,Sterling_Hitchcock,false,0.32032933831214905,1.1659079790115356,True
dev_test_0742,dev_test,,Eric_Snow_0001,Robert_McKee_0001,Eric_Snow,Robert_McKee,false,-0.059639882296323776,1.4557746648788452,True
dev_test_0743,dev_test,,Fabiola_Zuluaga_0001,Rose_Linkins_0001,Fabiola_Zuluaga,Rose_Linkins,false,-0.06345140933990479,1.4583905935287476,True
dev_test_0744,dev_test,,Farouk_Kaddoumi_0001,Gina_Gershon_0001,Farouk_Kaddoumi,Gina_Gershon,false,0.03846593573689461,1.3867472410202026,True
dev_test_0745,dev_test,,Farouk_Kaddoumi_0001,Will_Smith_0002,Farouk_Kaddoumi,Will_Smith,false,0.0042550754733383656,1.4112017154693604,True
dev_test_0746,dev_test,,Felipe_Perez_Roque_0002,Lloyd_Ward_0002,Felipe_Perez_Roque,Lloyd_Ward,false,-0.09339010715484619,1.4787765741348267,True
dev_test_0747,dev_test,,Festus_Mogae_0001,Neil_Moritz_0001,Festus_Mogae,Neil_Moritz,false,0.15988871455192566,1.2962340116500854,True
dev_test_0748,dev_test,,Filip_De_Winter_0001,Stuart_Townsend_0001,Filip_De_Winter,Stuart_Townsend,false,-0.10405467450618744,1.4859708547592163,True
dev_test_0749,dev_test,,Filip_De_Winter_0001,Sue_Grafton_0001,Filip_De_Winter,Sue_Grafton,false,0.0025260522961616516,1.412426233291626,True
dev_test_0750,dev_test,,Flavia_Pennetta_0001,Mikulas_Dzurinda_0002,Flavia_Pennetta,Mikulas_Dzurinda,false,0.15679064393043518,1.2986217737197876,True
dev_test_0751,dev_test,,Flor_Montulo_0001,Steve_Blankenship_0001,Flor_Montulo,Steve_Blankenship,false,-0.038764890283346176,1.4413639307022095,True
dev_test_0752,dev_test,,Floyd_Mayweather_0001,Lou_Lang_0001,Floyd_Mayweather,Lou_Lang,false,0.11797525733709335,1.3281751871109009,True
dev_test_0753,dev_test,,Fran_Drescher_0002,William_Martin_0001,Fran_Drescher,William_Martin,false,-0.020760513842105865,1.4288181066513062,True
dev_test_0754,dev_test,,Francis_Ricciardone_0001,Gene_Sauers_0001,Francis_Ricciardone,Gene_Sauers,false,-0.1296425759792328,1.5030919313430786,True
dev_test_0755,dev_test,,Franco_Frattini_0001,Gholamreza_Aghazadeh_0001,Franco_Frattini,Gholamreza_Aghazadeh,false,0.13442350924015045,1.3157328367233276,True
dev_test_0756,dev_test,,Frank_Sinatra_0001,Vicente_Fox_0023,Frank_Sinatra,Vicente_Fox,false,0.11894619464874268,1.327444076538086,True
dev_test_0757,dev_test,,Frank_Van_Ecke_0001,Gary_Gero_0001,Frank_Van_Ecke,Gary_Gero,false,0.12359697371721268,1.323935866355896,True
dev_test_0758,dev_test,,Fred_Durst_0001,Patricia_Phillips_0001,Fred_Durst,Patricia_Phillips,false,-0.018496360629796982,1.4272326231002808,True
dev_test_0759,dev_test,,Fred_Durst_0001,Rose_Linkins_0001,Fred_Durst,Rose_Linkins,false,0.19215215742588043,1.2711002826690674,True
dev_test_0760,dev_test,,Fred_Durst_0001,Tara_Reid_0001,Fred_Durst,Tara_Reid,false,0.09050983935594559,1.3486958742141724,True
dev_test_0761,dev_test,,Frederick_Madden_0001,Luis_Ernesto_Derbez_Bautista_0003,Frederick_Madden,Luis_Ernesto_Derbez_Bautista,false,0.01996368169784546,1.4000259637832642,True
dev_test_0762,dev_test,,Gary_Leon_Ridgway_0001,Lisa_Raymond_0001,Gary_Leon_Ridgway,Lisa_Raymond,false,0.06980860978364944,1.3639585971832275,True
dev_test_0763,dev_test,,Gary_Leon_Ridgway_0001,Phillip_Seymor_Hoffmann_0001,Gary_Leon_Ridgway,Phillip_Seymor_Hoffmann,false,0.26844853162765503,1.2095880508422852,True
dev_test_0764,dev_test,,Gary_Sayler_0001,Nila_Ferran_0001,Gary_Sayler,Nila_Ferran,false,0.08661507070064545,1.3515806198120117,True
dev_test_0765,dev_test,,George_Foreman_0001,George_Lucas_0001,George_Foreman,George_Lucas,false,-0.1453978568315506,1.5135374069213867,True
dev_test_0766,dev_test,,Georgia_Giddings_0001,Johnny_Carson_0001,Georgia_Giddings,Johnny_Carson,false,0.10616672784090042,1.3370366096496582,True
dev_test_0767,dev_test,,Gerard_Tronche_0001,Jana_Pittman_0001,Gerard_Tronche,Jana_Pittman,false,0.1294979751110077,1.3194712400436401,True
dev_test_0768,dev_test,,Gerhard_Schroeder_0003,Izzat_Ibrahim_0001,Gerhard_Schroeder,Izzat_Ibrahim,false,0.1492508053779602,1.304414987564087,True
dev_test_0769,dev_test,,Ghassan_Elashi_0001,Jesse_Ventura_0002,Ghassan_Elashi,Jesse_Ventura,false,0.268383264541626,1.209641933441162,True
dev_test_0770,dev_test,,Ghassan_Elashi_0001,Peter_Rasch_0001,Ghassan_Elashi,Peter_Rasch,false,-0.0732954740524292,1.4651249647140503,True
dev_test_0771,dev_test,,Gideon_Yago_0001,Robert_Gordon_Card_0001,Gideon_Yago,Robert_Gordon_Card,false,0.13359743356704712,1.316360592842102,True
dev_test_0772,dev_test,,Gina_Gershon_0001,Stacey_Dales-Schuman_0001,Gina_Gershon,Stacey_Dales-Schuman,false,-0.36884209513664246,1.654594898223877,True
dev_test_0773,dev_test,,Glenn_Tilton_0001,Victor_Hanescu_0001,Glenn_Tilton,Victor_Hanescu,false,-0.07554343342781067,1.466658592224121,True
dev_test_0774,dev_test,,Gordon_Brown_0012,Monica_Gabrielle_0001,Gordon_Brown,Monica_Gabrielle,false,-0.03179975599050522,1.4365234375,True
dev_test_0775,dev_test,,Gordon_Campbell_0001,Pierre_Boulanger_0002,Gordon_Campbell,Pierre_Boulanger,false,0.08017133921384811,1.3563398122787476,True
dev_test_0776,dev_test,,Gordon_Lightfoot_0001,Janez_Drnovsek_0001,Gordon_Lightfoot,Janez_Drnovsek,false,0.2672080099582672,1.2106131315231323,True
dev_test_0777,dev_test,,Grace_Kelly_0001,Leslie_Moonves_0001,Grace_Kelly,Leslie_Moonves,false,0.051557425409555435,1.377274513244629,True
dev_test_0778,dev_test,,Greg_Kinnear_0001,Tim_Salmon_0001,Greg_Kinnear,Tim_Salmon,false,0.026840055361390114,1.3951057195663452,True
dev_test_0779,dev_test,,Gregory_Geoffroy_0002,Paul_Burrell_0011,Gregory_Geoffroy,Paul_Burrell,false,-0.11630605161190033,1.4941928386688232,True
dev_test_0780,dev_test,,Gregory_Hines_0001,Mary_Frances_Seiter_0001,Gregory_Hines,Mary_Frances_Seiter,false,0.175398588180542,1.2842130661010742,True
dev_test_0781,dev_test,,Gregory_Peck_0001,John_Lawrence_0001,Gregory_Peck,John_Lawrence,false,0.07080064713954926,1.3632309436798096,True
dev_test_0782,dev_test,,Gregory_Peck_0001,John_Lynch_0001,Gregory_Peck,John_Lynch,false,0.3785761594772339,1.114830732345581,True
dev_test_0783,dev_test,,Guillaume_Cannet_0001,Mark_Mulder_0001,Guillaume_Cannet,Mark_Mulder,false,0.15715381503105164,1.298342227935791,True
dev_test_0784,dev_test,,Guillaume_Cannet_0001,Mohammad_Khatami_0005,Guillaume_Cannet,Mohammad_Khatami,false,-0.16438458859920502,1.5260305404663086,True
dev_test_0785,dev_test,,Gunilla_Backman_0001,Jennifer_Granholm_0001,Gunilla_Backman,Jennifer_Granholm,false,0.1944827288389206,1.2692654132843018,True
dev_test_0786,dev_test,,Gunilla_Backman_0001,Ray_Sherman_0001,Gunilla_Backman,Ray_Sherman,false,-0.030304882675409317,1.435482382774353,True
dev_test_0787,dev_test,,Gustavo_Franco_0001,Melissa_Joan_Hart_0001,Gustavo_Franco,Melissa_Joan_Hart,false,0.2166624814271927,1.251668930053711,True
dev_test_0788,dev_test,,Gwendal_Peizerat_0002,Joe_Nichols_0002,Gwendal_Peizerat,Joe_Nichols,false,0.3679834306240082,1.124292254447937,True
dev_test_0789,dev_test,,Gwyneth_Paltrow_0005,Mike_Richter_0001,Gwyneth_Paltrow,Mike_Richter,false,0.04433796554803848,1.3825064897537231,True
dev_test_0790,dev_test,,Halbert_Fillinger_0001,Rachel_Hunter_0001,Halbert_Fillinger,Rachel_Hunter,false,-0.09104322642087936,1.4771888256072998,True
dev_test_0791,dev_test,,Hank_Aaron_0001,Ron_Howard_0002,Hank_Aaron,Ron_Howard,false,0.2931705117225647,1.1889739036560059,True
dev_test_0792,dev_test,,Harland_Braun_0001,Lisa_Leslie_0001,Harland_Braun,Lisa_Leslie,false,0.008315889164805412,1.4083211421966553,True
dev_test_0793,dev_test,,Harvey_Fierstein_0001,Mike_Slive_0001,Harvey_Fierstein,Mike_Slive,false,0.029988642781972885,1.3928470611572266,True
dev_test_0794,dev_test,,Helene_Eksterowicz_0001,Mario_Lemieux_0001,Helene_Eksterowicz,Mario_Lemieux,false,-0.12535132467746735,1.5002342462539673,True
dev_test_0795,dev_test,,Helio_Castroneves_0001,Joxel_Garcia_0001,Helio_Castroneves,Joxel_Garcia,false,0.1195770800113678,1.326968789100647,True
dev_test_0796,dev_test,,Hermann_Maier_0001,Robin_Williams_0001,Hermann_Maier,Robin_Williams,false,-0.05547458678483963,1.4529106616973877,True
dev_test_0797,dev_test,,Howard_Smith_0002,Tim_Pawlenty_0001,Howard_Smith,Tim_Pawlenty,false,-0.2709300220012665,1.5943212509155273,True
dev_test_0798,dev_test,,Hubie_Brown_0001,Yoon_Jeong_Cho_0001,Hubie_Brown,Yoon_Jeong_Cho,false,0.032588034868240356,1.3909796476364136,True
dev_test_0799,dev_test,,Hunter_Bates_0001,James_Williams_0001,Hunter_Bates,James_Williams,false,0.1081538051366806,1.3355495929718018,True
dev_test_0800,dev_test,,Hussam_Mohammed_Amin_0001,Mike_Smith_0001,Hussam_Mohammed_Amin,Mike_Smith,false,0.11635994166135788,1.3293908834457397,True
dev_test_0801,dev_test,,Hussam_Mohammed_Amin_0001,Princess_Hisako_0001,Hussam_Mohammed_Amin,Princess_Hisako,false,0.22661426663398743,1.2436927556991577,True
dev_test_0802,dev_test,,Hutomo_Mandala_Putra_0001,Thomas_Mesereau_Jr_0001,Hutomo_Mandala_Putra,Thomas_Mesereau_Jr,false,-0.32106903195381165,1.6254653930664062,True
dev_test_0803,dev_test,,Iban_Mayo_0002,Yves_Brodeur_0001,Iban_Mayo,Yves_Brodeur,false,0.06724852323532104,1.3658342361450195,True
dev_test_0804,dev_test,,Imad_Moustapha_0001,Will_Ofenheusle_0001,Imad_Moustapha,Will_Ofenheusle,false,-0.04542629048228264,1.445978045463562,True
dev_test_0805,dev_test,,Ion_Tiriac_0001,Lawrence_Roberts_0001,Ion_Tiriac,Lawrence_Roberts,false,-0.11625846475362778,1.4941610097885132,True
dev_test_0806,dev_test,,Irina_Yatchenko_0001,Pedro_Solbes_0004,Irina_Yatchenko,Pedro_Solbes,false,0.05968520790338516,1.3713605403900146,True
dev_test_0807,dev_test,,Isabelle_Huppert_0001,Pedro_Solbes_0001,Isabelle_Huppert,Pedro_Solbes,false,-0.1046026274561882,1.4863395690917969,True
dev_test_0808,dev_test,,Isaiah_Washington_0002,Lee_Baca_0001,Isaiah_Washington,Lee_Baca,false,-0.4069804549217224,1.677486538887024,True
dev_test_0809,dev_test,,Islam_Karimov_0001,Shireen_Amir_Begum_0001,Islam_Karimov,Shireen_Amir_Begum,false,0.020506665110588074,1.399638056755066,True
dev_test_0810,dev_test,,Ismail_Cem_0001,Seth_Gorney_0001,Ismail_Cem,Seth_Gorney,false,-0.04184719920158386,1.4435007572174072,True
dev_test_0811,dev_test,,Ismail_Merchant_0001,Joseph_Deiss_0001,Ismail_Merchant,Joseph_Deiss,false,-0.04535889998078346,1.4459314346313477,True
dev_test_0812,dev_test,,Ivan_Lee_0001,Paul-Henri_Mathieu_0003,Ivan_Lee,Paul-Henri_Mathieu,false,0.00788787193596363,1.4086248874664307,True
dev_test_0813,dev_test,,Izzat_Ibrahim_0001,Tina_Sinatra_0001,Izzat_Ibrahim,Tina_Sinatra,false,-0.10089287161827087,1.4838416576385498,True
dev_test_0814,dev_test,,Jack_Welch_0001,Rick_Dinse_0002,Jack_Welch,Rick_Dinse,false,0.28172606229782104,1.1985608339309692,True
dev_test_0815,dev_test,,Jack_Welch_0001,William_Umbach_0001,Jack_Welch,William_Umbach,false,0.16880042850971222,1.2893407344818115,True
dev_test_0816,dev_test,,Jalal_Talabani_0001,Jean-Marc_Olive_0001,Jalal_Talabani,Jean-Marc_Olive,false,0.09775693714618683,1.3433116674423218,True
dev_test_0817,dev_test,,James_Franco_0002,Lokendra_Bahadur_Chand_0001,James_Franco,Lokendra_Bahadur_Chand,false,0.027107443660497665,1.3949140310287476,True
dev_test_0818,dev_test,,James_Ivory_0001,Paul_Martin_0007,James_Ivory,Paul_Martin,false,0.17903365194797516,1.281379222869873,True
dev_test_0819,dev_test,,James_Lockhart_0001,Lisa_Girman_0001,James_Lockhart,Lisa_Girman,false,-0.15409617125988007,1.5192737579345703,True
dev_test_0820,dev_test,,Jan_Paul_Miller_0001,Lynne_Slepian_0001,Jan_Paul_Miller,Lynne_Slepian,false,-0.008492675609886646,1.420206069946289,True
dev_test_0821,dev_test,,Jan_Ullrich_0001,William_Rehnquist_0001,Jan_Ullrich,William_Rehnquist,false,-0.014428107999265194,1.4243792295455933,True
dev_test_0822,dev_test,,Janet_Chandler_0001,Zoe_Ball_0001,Janet_Chandler,Zoe_Ball,false,-0.10997307300567627,1.4899483919143677,True
dev_test_0823,dev_test,,Janis_Ruth_Coulter_0001,Laurent_Woulzy_0001,Janis_Ruth_Coulter,Laurent_Woulzy,false,-0.13464003801345825,1.5064131021499634,True
dev_test_0824,dev_test,,Jason_Clermont_0001,Vladimir_Ustinov_0001,Jason_Clermont,Vladimir_Ustinov,false,-0.19928088784217834,1.5487291812896729,True
dev_test_0825,dev_test,,Jason_Kapono_0001,Patricia_Medina_0001,Jason_Kapono,Patricia_Medina,false,0.13833051919937134,1.3127601146697998,True
dev_test_0826,dev_test,,Jason_Mewes_0001,Will_Smith_0001,Jason_Mewes,Will_Smith,false,0.14057163894176483,1.311051845550537,True
dev_test_0827,dev_test,,Jason_White_0001,Wolfgang_Clement_0001,Jason_White,Wolfgang_Clement,false,-0.1492304801940918,1.5160677433013916,True
dev_test_0828,dev_test,,Jean-Pierre_Raffarin_0002,Robert_Horan_0002,Jean-Pierre_Raffarin,Robert_Horan,false,-0.012347542680799961,1.4229177236557007,True
dev_test_0829,dev_test,,Jean-Pierre_Raffarin_0006,Paul_Kariya_0001,Jean-Pierre_Raffarin,Paul_Kariya,false,-0.04764961078763008,1.4475148916244507,True
dev_test_0830,dev_test,,Jeane_Kirkpatrick_0001,Richard_Carl_0001,Jeane_Kirkpatrick,Richard_Carl,false,0.27044373750686646,1.2079373598098755,True
dev_test_0831,dev_test,,Jeane_Kirkpatrick_0001,Tamika_Catchings_0001,Jeane_Kirkpatrick,Tamika_Catchings,false,0.1298711597919464,1.3191882371902466,True
dev_test_0832,dev_test,,Jeanne_Anne_Schroeder_0001,Yoriko_Kawaguchi_0013,Jeanne_Anne_Schroeder,Yoriko_Kawaguchi,false,0.010178395546972752,1.4069979190826416,True
dev_test_0833,dev_test,,Jeannette_Biedermann_0001,Roy_Moore_0006,Jeannette_Biedermann,Roy_Moore,false,0.26041364669799805,1.2162123918533325,True
dev_test_0834,dev_test,,Jeffrey_Pfeffer_0001,Terry_Lynn_Barton_0001,Jeffrey_Pfeffer,Terry_Lynn_Barton,false,0.14031919836997986,1.3112443685531616,True
dev_test_0835,dev_test,,Jen_Bice_0001,Lily_Tomlin_0002,Jen_Bice,Lily_Tomlin,false,-0.36210471391677856,1.6505179405212402,True
dev_test_0836,dev_test,,Jen_Bice_0001,Martha_Burk_0002,Jen_Bice,Martha_Burk,false,-0.1438932567834854,1.5125430822372437,True
dev_test_0837,dev_test,,Jenna_Elfman_0001,Mack_Brown_0001,Jenna_Elfman,Mack_Brown,false,-0.17736807465553284,1.5345150232315063,True
dev_test_0838,dev_test,,Jenna_Elfman_0001,Steffi_Graf_0005,Jenna_Elfman,Steffi_Graf,false,0.20289964973926544,1.2626166343688965,True
dev_test_0839,dev_test,,Jenna_Elfman_0001,Willie_Wilson_0001,Jenna_Elfman,Willie_Wilson,false,0.06169062852859497,1.3698973655700684,True
dev_test_0840,dev_test,,Jennifer_Keller_0004,Paula_Abdul_0001,Jennifer_Keller,Paula_Abdul,false,-0.15980318188667297,1.523025393486023,True
dev_test_0841,dev_test,,Jennifer_Thompson_0001,Serge_Melac_0001,Jennifer_Thompson,Serge_Melac,false,-0.0722767561674118,1.464429497718811,True
dev_test_0842,dev_test,,Jeremy_Greenstock_0007,Jim_Flaherty_0001,Jeremy_Greenstock,Jim_Flaherty,false,0.5126442909240723,0.9872748255729675,True
dev_test_0843,dev_test,,Jerry_Bruckheimer_0001,John_Blaney_0001,Jerry_Bruckheimer,John_Blaney,false,0.1569824069738388,1.2984743118286133,True
dev_test_0844,dev_test,,Jerry_Jones_0001,Robert_Woody_Johnson_0001,Jerry_Jones,Robert_Woody_Johnson,false,0.22818604111671448,1.2424283027648926,True
dev_test_0845,dev_test,,Jesse_Ventura_0001,Reggie_Lewis_0001,Jesse_Ventura,Reggie_Lewis,false,0.12240453064441681,1.324836254119873,True
dev_test_0846,dev_test,,Jesse_Ventura_0003,Roy_Romanow_0001,Jesse_Ventura,Roy_Romanow,false,0.21985618770122528,1.2491148710250854,True
dev_test_0847,dev_test,,Jessica_Biel_0001,Jim_Freudenberg_0001,Jessica_Biel,Jim_Freudenberg,false,-0.03927668556571007,1.4417190551757812,True
dev_test_0848,dev_test,,Jim_Calhoun_0001,Perry_Farrell_0001,Jim_Calhoun,Perry_Farrell,false,0.20715996623039246,1.2592380046844482,True
dev_test_0849,dev_test,,Jim_Cantalupo_0001,Joe_Pantoliano_0001,Jim_Cantalupo,Joe_Pantoliano,false,0.2885170578956604,1.1928813457489014,True
dev_test_0850,dev_test,,Jim_Hahn_0004,Vaclav_Havel_0003,Jim_Hahn,Vaclav_Havel,false,-0.02664429508149624,1.4329301118850708,True
dev_test_0851,dev_test,,Jim_Hahn_0004,Vicente_Fernandez_0002,Jim_Hahn,Vicente_Fernandez,false,-0.14007088541984558,1.5100138187408447,True
dev_test_0852,dev_test,,Jim_Letten_0001,Victor_Hanescu_0001,Jim_Letten,Victor_Hanescu,false,0.12669119238853455,1.3215967416763306,True
dev_test_0853,dev_test,,Joaquin_Phoenix_0001,Kajsa_Bergqvist_0001,Joaquin_Phoenix,Kajsa_Bergqvist,false,-0.23059320449829102,1.5688170194625854,True
dev_test_0854,dev_test,,Joe_Pantoliano_0001,Robin_Tunney_0001,Joe_Pantoliano,Robin_Tunney,false,-0.17765460908412933,1.5347017049789429,True
dev_test_0855,dev_test,,John_Belushi_0001,Mahima_Chaudhari_0001,John_Belushi,Mahima_Chaudhari,false,-0.1781778186559677,1.5350425243377686,True
dev_test_0856,dev_test,,John_Blaney_0002,Sam_Brownback_0001,John_Blaney,Sam_Brownback,false,0.35494905710220337,1.135826587677002,True
dev_test_0857,dev_test,,John_Franco_0001,Teri_Files_0001,John_Franco,Teri_Files,false,0.07712173461914062,1.3585861921310425,True
dev_test_0858,dev_test,,John_Garamendi_0002,Peter_Goldmark_0001,John_Garamendi,Peter_Goldmark,false,0.3966251313686371,1.0985217094421387,True
dev_test_0859,dev_test,,John_Kerr_0001,Susan_Whelan_0001,John_Kerr,Susan_Whelan,false,-0.0730123445391655,1.464931607246399,True
dev_test_0860,dev_test,,John_Lynch_0001,Stefano_Gabbana_0001,John_Lynch,Stefano_Gabbana,false,-0.016312705352902412,1.42570161819458,True
dev_test_0861,dev_test,,John_Mayer_0003,Miguel_Jimenez_0001,John_Mayer,Miguel_Jimenez,false,-0.06577172875404358,1.4599807262420654,True
dev_test_0862,dev_test,,John_McCallum_0001,Mark_Andrew_0001,John_McCallum,Mark_Andrew,false,-0.10418243706226349,1.4860568046569824,True
dev_test_0863,dev_test,,John_Rowland_0002,Robert_Lee_Yates_Jr_0001,John_Rowland,Robert_Lee_Yates_Jr,false,0.03922782465815544,1.3861979246139526,True
dev_test_0864,dev_test,,John_Walsh_0002,Paul_Hogan_0002,John_Walsh,Paul_Hogan,false,0.20660138130187988,1.2596814632415771,True
dev_test_0865,dev_test,,Johnny_Depp_0002,Scott_Dickson_0001,Johnny_Depp,Scott_Dickson,false,0.0859881192445755,1.3520443439483643,True
dev_test_0866,dev_test,,Jorge_Arce_0001,Samuel_Waksal_0003,Jorge_Arce,Samuel_Waksal,false,0.05688106268644333,1.373403787612915,True
dev_test_0867,dev_test,,Jorge_Quiroga_0001,Ramona_Rispton_0001,Jorge_Quiroga,Ramona_Rispton,false,0.08256091177463531,1.3545767068862915,True
dev_test_0868,dev_test,,Jorge_Quiroga_0001,Surakait_Sathirathai_0001,Jorge_Quiroga,Surakait_Sathirathai,false,-0.1427004039287567,1.5117542743682861,True
dev_test_0869,dev_test,,Jose_Bove_0001,Michalis_Chrisohoides_0001,Jose_Bove,Michalis_Chrisohoides,false,-0.022319931536912918,1.429909110069275,True
dev_test_0870,dev_test,,Jose_Bove_0001,Princess_Diana_0001,Jose_Bove,Princess_Diana,false,-0.016757076606154442,1.426013469696045,True
dev_test_0871,dev_test,,Jose_Luis_Chilavert_0001,Sofyan_Dawood_0001,Jose_Luis_Chilavert,Sofyan_Dawood,false,-0.10121505707502365,1.4840587377548218,True
dev_test_0872,dev_test,,Juan_Carlos_0001,Patricia_Phillips_0001,Juan_Carlos,Patricia_Phillips,false,-0.11956100165843964,1.4963696002960205,True
dev_test_0873,dev_test,,Judy_Dean_0001,Kristanna_Loken_0001,Judy_Dean,Kristanna_Loken,false,-0.37640053033828735,1.6591566801071167,True
dev_test_0874,dev_test,,Julia_Ormond_0001,Randy_Dryer_0001,Julia_Ormond,Randy_Dryer,false,0.12060287594795227,1.326195478439331,True
dev_test_0875,dev_test,,Julio_Cesar_Chavez_0001,Marc_Racicot_0001,Julio_Cesar_Chavez,Marc_Racicot,false,-0.14186890423297882,1.5112041234970093,True
dev_test_0876,dev_test,,Kaoru_Hasuike_0001,Tom_Foy_0001,Kaoru_Hasuike,Tom_Foy,false,-0.01336711272597313,1.4236341714859009,True
dev_test_0877,dev_test,,Karen_Allen_0001,LeRoy_Millette_Jr_0001,Karen_Allen,LeRoy_Millette_Jr,false,0.17801706492900848,1.2821723222732544,True
dev_test_0878,dev_test,,Karen_Allen_0001,Rick_Bragg_0001,Karen_Allen,Rick_Bragg,false,0.12488820403814316,1.3229601383209229,True
dev_test_0879,dev_test,,Karl-Heinz_Rummenigge_0001,Wayne_Newton_0001,Karl-Heinz_Rummenigge,Wayne_Newton,false,-0.039096854627132416,1.441594123840332,True
dev_test_0880,dev_test,,Katie_Boone_0001,Terri_Clark_0001,Katie_Boone,Terri_Clark,false,-0.04974409565329552,1.4489611387252808,True
dev_test_0881,dev_test,,Keith_Osik_0001,Robert_Nardelli_0001,Keith_Osik,Robert_Nardelli,false,0.043973565101623535,1.3827699422836304,True
dev_test_0882,dev_test,,Kent_Robinson_0001,Marquier_Montano_Contreras_0001,Kent_Robinson,Marquier_Montano_Contreras,false,0.0776575356721878,1.3581918478012085,True
dev_test_0883,dev_test,,Kevin_Gil_0001,Mary_Bono_0001,Kevin_Gil,Mary_Bono,false,-0.06833557784557343,1.4617358446121216,True
dev_test_0884,dev_test,,Kevin_Hearn_0001,Todd_Haynes_0003,Kevin_Hearn,Todd_Haynes,false,0.39036449790000916,1.1042059659957886,True
dev_test_0885,dev_test,,Khader_Rashid_Rahim_0001,Martha_Burk_0001,Khader_Rashid_Rahim,Martha_Burk,false,-0.1059020459651947,1.4872136116027832,True
dev_test_0886,dev_test,,Khader_Rashid_Rahim_0001,Michael_Arif_0001,Khader_Rashid_Rahim,Michael_Arif,false,0.06328850239515305,1.3687305450439453,True
dev_test_0887,dev_test,,Kim_Yong-il_0002,Terri_Clark_0001,Kim_Yong-il,Terri_Clark,false,0.10114862024784088,1.3407844305038452,True
dev_test_0888,dev_test,,Koichi_Tanaka_0001,Sterling_Hitchcock_0001,Koichi_Tanaka,Sterling_Hitchcock,false,-0.011417831294238567,1.4222643375396729,True
dev_test_0889,dev_test,,Kosuke_Kitajima_0002,Qazi_Hussain_Ahmed_0001,Kosuke_Kitajima,Qazi_Hussain_Ahmed,false,-0.01842261105775833,1.4271810054779053,True
dev_test_0890,dev_test,,Kristin_Davis_0003,Steven_Van_Zandt_0001,Kristin_Davis,Steven_Van_Zandt,false,0.0668017566204071,1.3661612272262573,True
dev_test_0891,dev_test,,Kurt_Hellstrom_0001,Manuel_Pellegrini_0001,Kurt_Hellstrom,Manuel_Pellegrini,false,-0.09695985913276672,1.4811886548995972,True
dev_test_0892,dev_test,,Laszlo_Kovacs_0001,Michael_Arif_0001,Laszlo_Kovacs,Michael_Arif,false,0.04408493638038635,1.3826894760131836,True
dev_test_0893,dev_test,,Laura_Elena_Harring_0001,Rowan_Williams_0001,Laura_Elena_Harring,Rowan_Williams,false,0.1226755827665329,1.3246315717697144,True
dev_test_0894,dev_test,,Laurel_Clark_0001,Rahul_Dravid_0001,Laurel_Clark,Rahul_Dravid,false,-0.12009477615356445,1.4967262744903564,True
dev_test_0895,dev_test,,Lawrence_Di_Rita_0001,Tim_Allen_0002,Lawrence_Di_Rita,Tim_Allen,false,0.016806848347187042,1.402279019355774,True
dev_test_0896,dev_test,,Lawrence_Roberts_0001,Malik_Mahmud_0001,Lawrence_Roberts,Malik_Mahmud,false,-0.00669902004301548,1.4189425706863403,True
dev_test_0897,dev_test,,Lea_Fastow_0001,Todd_Parrott_0001,Lea_Fastow,Todd_Parrott,false,0.2747148871421814,1.2043962478637695,True
dev_test_0898,dev_test,,Lee_Baca_0001,Pat_Summerall_0001,Lee_Baca,Pat_Summerall,false,0.06611738353967667,1.3666620254516602,True
dev_test_0899,dev_test,,Leisel_Jones_0001,Steven_Hatfill_0001,Leisel_Jones,Steven_Hatfill,false,0.15695634484291077,1.2984942197799683,True
dev_test_0900,dev_test,,Lena_Katina_0001,Queen_Noor_0001,Lena_Katina,Queen_Noor,false,0.47326284646987915,1.0263891220092773,True
dev_test_0901,dev_test,,Leonard_Glick_0001,Terrence_Trammell_0001,Leonard_Glick,Terrence_Trammell,false,-0.1995914876461029,1.5489296913146973,True
dev_test_0902,dev_test,,Leonard_Schrank_0001,Ozzy_Osbourne_0001,Leonard_Schrank,Ozzy_Osbourne,false,0.02480461448431015,1.3965638875961304,True
dev_test_0903,dev_test,,Leslie_Wiser_Jr_0001,Mireya_Moscoso_0001,Leslie_Wiser_Jr,Mireya_Moscoso,false,-0.0135461101308465,1.423759937286377,True
dev_test_0904,dev_test,,Lisa_Murkowski_0001,Svetlana_Belousova_0001,Lisa_Murkowski,Svetlana_Belousova,false,0.15259703993797302,1.301847219467163,True
dev_test_0905,dev_test,,Lisa_Raymond_0002,Robert_Redford_0007,Lisa_Raymond,Robert_Redford,false,0.04081699252128601,1.3850510120391846,True
dev_test_0906,dev_test,,Ludwig_Ovalle_0001,Mauricio_Macri_0001,Ludwig_Ovalle,Mauricio_Macri,false,-0.09088090807199478,1.4770787954330444,True
dev_test_0907,dev_test,,Luis_Pujols_0001,Rohman_al-Ghozi_0001,Luis_Pujols,Rohman_al-Ghozi,false,0.36708512902259827,1.1250910758972168,True
dev_test_0908,dev_test,,Makhdoom_Amin_Fahim_0001,Tang_Jiaxuan_0005,Makhdoom_Amin_Fahim,Tang_Jiaxuan,false,0.32012325525283813,1.1660847663879395,True
dev_test_0909,dev_test,,Malcolm_Wild_0001,Owen_Wilson_0002,Malcolm_Wild,Owen_Wilson,false,0.012426512315869331,1.4053993225097656,True
dev_test_0910,dev_test,,Mamdouh_Habib_0001,Polona_Bas_0001,Mamdouh_Habib,Polona_Bas,false,0.03436046838760376,1.389704704284668,True
dev_test_0911,dev_test,,Manijeh_Hekmat_0001,Richard_Carl_0001,Manijeh_Hekmat,Richard_Carl,false,-0.050267621874809265,1.4493223428726196,True
dev_test_0912,dev_test,,Manijeh_Hekmat_0001,Se_Hyuk_Joo_0001,Manijeh_Hekmat,Se_Hyuk_Joo,false,-0.020039888098835945,1.4283137321472168,True
dev_test_0913,dev_test,,Marc_Anthony_0001,Vince_Vaughan_0001,Marc_Anthony,Vince_Vaughan,false,0.1356685906648636,1.3147863149642944,True
dev_test_0914,dev_test,,Margie_Puente_0001,Rafiq_Hariri_0001,Margie_Puente,Rafiq_Hariri,false,0.05027953162789345,1.3782020807266235,True
dev_test_0915,dev_test,,Maria_Callas_0001,Melchor_Cob_Castro_0001,Maria_Callas,Melchor_Cob_Castro,false,-0.18125830590724945,1.5370479822158813,True
dev_test_0916,dev_test,,Mario_Lemieux_0001,Pedro_Solbes_0004,Mario_Lemieux,Pedro_Solbes,false,0.2734059691429138,1.2054826021194458,True
dev_test_0917,dev_test,,Marissa_Jaret_Winokur_0001,Vincent_Sombrotto_0001,Marissa_Jaret_Winokur,Vincent_Sombrotto,false,-0.1323583573102951,1.5048975944519043,True
dev_test_0918,dev_test,,Mark_Dacey_0002,Russ_Ortiz_0001,Mark_Dacey,Russ_Ortiz,false,0.11867429316043854,1.3276488780975342,True
dev_test_0919,dev_test,,Mark_Martin_0001,Vladimir_Spidla_0002,Mark_Martin,Vladimir_Spidla,false,-0.054454654455184937,1.452208399772644,True
dev_test_0920,dev_test,,Mark_Mishkin_0001,Nick_Reilly_0001,Mark_Mishkin,Nick_Reilly,false,0.26101723313331604,1.2157161235809326,True
dev_test_0921,dev_test,,Mark_Mishkin_0001,Shawn_Marion_0001,Mark_Mishkin,Shawn_Marion,false,-0.2527705430984497,1.5828901529312134,True
dev_test_0922,dev_test,,Marricia_Tate_0001,Rita_Moreno_0002,Marricia_Tate,Rita_Moreno,false,-0.23043757677078247,1.5687175989151,True
dev_test_0923,dev_test,,Mary_Landrieu_0001,Robert_Gordon_Card_0001,Mary_Landrieu,Robert_Gordon_Card,false,-0.03327534720301628,1.4375503063201904,True
dev_test_0924,dev_test,,Maryn_McKenna_0001,Shawn_Marion_0001,Maryn_McKenna,Shawn_Marion,false,-0.22783496975898743,1.5670578479766846,True
dev_test_0925,dev_test,,Maryn_McKenna_0001,Tim_Pawlenty_0001,Maryn_McKenna,Tim_Pawlenty,false,-0.13688068091869354,1.5078997611999512,True
dev_test_0926,dev_test,,Masum_Turker_0001,Norman_Mineta_0001,Masum_Turker,Norman_Mineta,false,0.289362370967865,1.1921725273132324,True
dev_test_0927,dev_test,,Matt_Dillon_0001,Regina_Ip_0001,Matt_Dillon,Regina_Ip,false,-0.0015284474939107895,1.4152939319610596,True
dev_test_0928,dev_test,,Matthias_Sammer_0001,Robbie_Naish_0001,Matthias_Sammer,Robbie_Naish,false,0.24638471007347107,1.2276933193206787,True
dev_test_0929,dev_test,,Melissa_Etheridge_0002,Teri_Files_0001,Melissa_Etheridge,Teri_Files,false,0.44670403003692627,1.051946759223938,True
dev_test_0930,dev_test,,Michael_J_Sheehan_0001,Michael_Smith_Foster_0001,Michael_J_Sheehan,Michael_Smith_Foster,false,0.13964524865150452,1.3117581605911255,True
dev_test_0931,dev_test,,Michael_Linscott_0001,Robin_Tunney_0001,Michael_Linscott,Robin_Tunney,false,-0.07079795002937317,1.4634194374084473,True
dev_test_0932,dev_test,,Michael_Phelps_0005,Pat_Burns_0002,Michael_Phelps,Pat_Burns,false,-0.031191574409604073,1.436099886894226,True
dev_test_0933,dev_test,,Michael_Sheehan_0001,Vincent_Cianci_Jr_0001,Michael_Sheehan,Vincent_Cianci_Jr,false,-0.12221412360668182,1.4981415271759033,True
dev_test_0934,dev_test,,Michael_Smith_Foster_0001,Rupert_Murdoch_0001,Michael_Smith_Foster,Rupert_Murdoch,false,-0.020180970430374146,1.4284123182296753,True
dev_test_0935,dev_test,,Michelle_Yeoh_0005,Shoshannah_Stern_0001,Michelle_Yeoh,Shoshannah_Stern,false,0.03827638179063797,1.386884093284607,True
dev_test_0936,dev_test,,Miguel_Aldana_Ibarra_0001,Mikhail_Gorbachev_0001,Miguel_Aldana_Ibarra,Mikhail_Gorbachev,false,-0.05589037388563156,1.4531967639923096,True
dev_test_0937,dev_test,,Miguel_Jimenez_0001,Paris_Hilton_0001,Miguel_Jimenez,Paris_Hilton,false,-0.10845120251178741,1.488926649093628,True
dev_test_0938,dev_test,,Mike_Helton_0002,Reggie_Lewis_0001,Mike_Helton,Reggie_Lewis,false,-0.008540228940546513,1.4202395677566528,True
dev_test_0939,dev_test,,Mike_Leach_0001,Thomas_Haeggstroem_0001,Mike_Leach,Thomas_Haeggstroem,false,0.2659761607646942,1.2116302251815796,True
dev_test_0940,dev_test,,Mike_Maroth_0001,Stefan_Holm_0001,Mike_Maroth,Stefan_Holm,false,0.032211631536483765,1.3912501335144043,True
dev_test_0941,dev_test,,Mike_Slive_0001,Paul_Sarbanes_0003,Mike_Slive,Paul_Sarbanes,false,0.20965905487537384,1.2572517395019531,True
dev_test_0942,dev_test,,Mikhail_Youzhny_0002,Vince_Dooley_0001,Mikhail_Youzhny,Vince_Dooley,false,0.03939787298440933,1.3860751390457153,True
dev_test_0943,dev_test,,Mikulas_Dzurinda_0002,Shirley_Jones_0001,Mikulas_Dzurinda,Shirley_Jones,false,0.2390018105506897,1.2336921691894531,True
dev_test_0944,dev_test,,Miles_Stewart_0001,Yasushi_Akashi_0001,Miles_Stewart,Yasushi_Akashi,false,-0.1189756765961647,1.4959783554077148,True
dev_test_0945,dev_test,,Mirela_Manjani_0001,Robert_Woody_Johnson_0001,Mirela_Manjani,Robert_Woody_Johnson,false,0.03829739987850189,1.3868688344955444,True
dev_test_0946,dev_test,,Mitchell_McLaughlin_0001,Timothy_Goebel_0001,Mitchell_McLaughlin,Timothy_Goebel,false,-0.19070066511631012,1.5431790351867676,True
dev_test_0947,dev_test,,Mohammed_Baqir_al-Hakim_0003,Neil_Goldman_0001,Mohammed_Baqir_al-Hakim,Neil_Goldman,false,-0.18859924376010895,1.5418165922164917,True
dev_test_0948,dev_test,,Mona_Ayoub_0001,Todd_Parrott_0001,Mona_Ayoub,Todd_Parrott,false,-0.05268711596727371,1.4509907960891724,True
dev_test_0949,dev_test,,Mufti_Mohammad_Syed_0001,Ralf_Schumacher_0004,Mufti_Mohammad_Syed,Ralf_Schumacher,false,-0.07069402933120728,1.463348388671875,True
dev_test_0950,dev_test,,Nathalie_Gagnon_0001,Rupert_Grint_0002,Nathalie_Gagnon,Rupert_Grint,false,0.1939479112625122,1.2696866989135742,True
dev_test_0951,dev_test,,Neil_Goldman_0001,Niall_Connolly_0001,Neil_Goldman,Niall_Connolly,false,0.06047632545232773,1.3707834482192993,True
dev_test_0952,dev_test,,Nick_Reilly_0001,Tassos_Papadopoulos_0001,Nick_Reilly,Tassos_Papadopoulos,false,-0.11102347075939178,1.4906532764434814,True
dev_test_0953,dev_test,,Nicolas_Sarkozy_0001,Shanna_Zolman_0001,Nicolas_Sarkozy,Shanna_Zolman,false,-0.10793379694223404,1.4885791540145874,True
dev_test_0954,dev_test,,Norm_Coleman_0002,Osmond_Smith_0001,Norm_Coleman,Osmond_Smith,false,0.3700558543205261,1.1224474906921387,True
dev_test_0955,dev_test,,Norman_Mailer_0001,Steven_Curtis_Chapman_0001,Norman_Mailer,Steven_Curtis_Chapman,false,-0.10832735151052475,1.4888434410095215,True
dev_test_0956,dev_test,,Oliver_Neuville_0001,Shawn_Marion_0001,Oliver_Neuville,Shawn_Marion,false,0.12677770853042603,1.3215311765670776,True
dev_test_0957,dev_test,,Park_Jie-won_0001,Steve_Patterson_0001,Park_Jie-won,Steve_Patterson,false,-0.0028656432405114174,1.41623854637146,True
dev_test_0958,dev_test,,Patty_Sheehan_0001,William_Nessen_0001,Patty_Sheehan,William_Nessen,false,0.044950880110263824,1.3820630311965942,True
dev_test_0959,dev_test,,Paul_Hogan_0001,Thomas_Watjen_0001,Paul_Hogan,Thomas_Watjen,false,0.10221575200557709,1.339988350868225,True
dev_test_0960,dev_test,,Paul_Hogan_0001,William_Martin_0001,Paul_Hogan,William_Martin,false,-0.05593623220920563,1.4532283544540405,True
dev_test_0961,dev_test,,Paul_Kariya_0001,Shannon_OBrien_0002,Paul_Kariya,Shannon_OBrien,false,-0.07415850460529327,1.4657139778137207,True
dev_test_0962,dev_test,,Paul_Martin_0001,Stephanie_Cohen_Aloro_0001,Paul_Martin,Stephanie_Cohen_Aloro,false,0.2141665816307068,1.2536612749099731,True
dev_test_0963,dev_test,,Paul_Michael_Daniels_0001,Simon_Chalk_0001,Paul_Michael_Daniels,Simon_Chalk,false,0.4555360674858093,1.0435172319412231,True
dev_test_0964,dev_test,,Paul_Schrader_0001,Teri_Files_0001,Paul_Schrader,Teri_Files,false,0.08125627040863037,1.3555395603179932,True
dev_test_0965,dev_test,,Paula_Prentiss_0001,Thomas_Mesereau_Jr_0001,Paula_Prentiss,Thomas_Mesereau_Jr,false,-0.03319159895181656,1.4374920129776,True
dev_test_0966,dev_test,,Pedro_Martinez_0001,Stephen_Glassroth_0001,Pedro_Martinez,Stephen_Glassroth,false,-0.09648843109607697,1.4808703660964966,True
dev_test_0967,dev_test,,Peter_Fitzgerald_0001,Zelma_Novelo_0001,Peter_Fitzgerald,Zelma_Novelo,false,-0.030177313834428787,1.4353935718536377,True
dev_test_0968,dev_test,,Phil_Jackson_0001,Richard_Penniman_0001,Phil_Jackson,Richard_Penniman,false,-0.297739177942276,1.611048936843872,True
dev_test_0969,dev_test,,Phillipe_Comtois_0001,Richard_Carl_0001,Phillipe_Comtois,Richard_Carl,false,0.298524409532547,1.1844624280929565,True
dev_test_0970,dev_test,,Pierre_Boulanger_0001,Shania_Twain_0001,Pierre_Boulanger,Shania_Twain,false,-0.03368902578949928,1.437838077545166,True
dev_test_0971,dev_test,,Princess_Diana_0001,Steffi_Graf_0002,Princess_Diana,Steffi_Graf,false,0.06754380464553833,1.3656179904937744,True
dev_test_0972,dev_test,,Priscilla_Presley_0001,Sergey_Lavrov_0005,Priscilla_Presley,Sergey_Lavrov,false,0.014751731418073177,1.4037437438964844,True
dev_test_0973,dev_test,,Priscilla_Presley_0001,Victoria_Beckham_0003,Priscilla_Presley,Victoria_Beckham,false,0.06729885190725327,1.3657974004745483,True
dev_test_0974,dev_test,,Richard_Butler_0001,Victoria_Beckham_0001,Richard_Butler,Victoria_Beckham,false,0.004538403358310461,1.4110007286071777,True
dev_test_0975,dev_test,,Richard_Pennington_0001,Stacy_Nelson_0001,Richard_Pennington,Stacy_Nelson,false,-0.03304280340671539,1.43738853931427,True
dev_test_0976,dev_test,,Rick_Caruso_0001,Steve_Wariner_0001,Rick_Caruso,Steve_Wariner,false,0.2616906464099884,1.2151620388031006,True
dev_test_0977,dev_test,,Rick_Perry_0006,Svetlana_Koroleva_0001,Rick_Perry,Svetlana_Koroleva,false,-0.08993935585021973,1.4764412641525269,True
dev_test_0978,dev_test,,Ricky_Cottrill_0001,Sananda_Maitreya_0001,Ricky_Cottrill,Sananda_Maitreya,false,-0.07388266175985336,1.465525507926941,True
dev_test_0979,dev_test,,Robert_Flodquist_0001,Winona_Ryder_0011,Robert_Flodquist,Winona_Ryder,false,-0.20504169166088104,1.552444338798523,True
dev_test_0980,dev_test,,Rod_Stewart_0001,Tom_Scully_0001,Rod_Stewart,Tom_Scully,false,0.07329099625349045,1.3614028692245483,True
dev_test_0981,dev_test,,Rod_Stewart_0003,Se_Hyuk_Joo_0001,Rod_Stewart,Se_Hyuk_Joo,false,0.012127287685871124,1.4056122303009033,True
dev_test_0982,dev_test,,Rod_Thorn_0001,Yves_Brodeur_0001,Rod_Thorn,Yves_Brodeur,false,-0.29180318117141724,1.6073601245880127,True
dev_test_0983,dev_test,,Ron_Howard_0001,Tim_Pawlenty_0001,Ron_Howard,Tim_Pawlenty,false,0.23774881660938263,1.2347074747085571,True
dev_test_0984,dev_test,,Ronaldo_Luis_Nazario_de_Lima_0001,Samuel_Waksal_0002,Ronaldo_Luis_Nazario_de_Lima,Samuel_Waksal,false,0.09096284210681915,1.3483598232269287,True
dev_test_0985,dev_test,,Sami_Al-Arian_0001,Tommy_Lasorda_0001,Sami_Al-Arian,Tommy_Lasorda,false,0.04279053956270218,1.3836253881454468,True
dev_test_0986,dev_test,,Sarah_Canale_0001,Steven_Curtis_Chapman_0001,Sarah_Canale,Steven_Curtis_Chapman,false,-0.0850578248500824,1.4731312990188599,True
dev_test_0987,dev_test,,Sasha_Cohen_0001,Valery_Giscard_dEstaing_0005,Sasha_Cohen,Valery_Giscard_dEstaing,false,-0.19391514360904694,1.5452606678009033,True
dev_test_0988,dev_test,,Scott_Dalton_0001,Tamara_Mowry_0001,Scott_Dalton,Tamara_Mowry,false,-0.020923299714922905,1.4289320707321167,True
dev_test_0989,dev_test,,Sergio_Castellitto_0001,Steve_Lavin_0005,Sergio_Castellitto,Steve_Lavin,false,0.010382303036749363,1.4068530797958374,True
dev_test_0990,dev_test,,Seth_Gorney_0001,Wilton_Gregory_0001,Seth_Gorney,Wilton_Gregory,false,-0.02861855924129486,1.4343072175979614,True
dev_test_0991,dev_test,,Shane_Mosley_0001,Stacey_Dales-Schuman_0001,Shane_Mosley,Stacey_Dales-Schuman,false,-0.08832166343927383,1.4753453731536865,True
dev_test_0992,dev_test,,Sheila_Taormina_0001,Stephan_Eberharter_0001,Sheila_Taormina,Stephan_Eberharter,false,0.08275839686393738,1.3544310331344604,True
dev_test_0993,dev_test,,Stefano_Gabbana_0001,Tang_Jiaxuan_0003,Stefano_Gabbana,Tang_Jiaxuan,false,-0.0707521140575409,1.4633879661560059,True
dev_test_0994,dev_test,,Steve_Wariner_0001,Toshi_Izawa_0001,Steve_Wariner,Toshi_Izawa,false,-0.19931074976921082,1.54874849319458,True
dev_test_0995,dev_test,,Steve_Zahn_0001,Tab_Baldwin_0001,Steve_Zahn,Tab_Baldwin,false,-0.07367108762264252,1.4653812646865845,True
dev_test_0996,dev_test,,Susan_Whelan_0001,Wolfgang_Schneiderhan_0001,Susan_Whelan,Wolfgang_Schneiderhan,false,0.10408610850572586,1.3385916948318481,True
dev_test_0997,dev_test,,Takeo_Fukui_0001,Will_Ofenheusle_0001,Takeo_Fukui,Will_Ofenheusle,false,0.005231361370533705,1.4105095863342285,True
dev_test_0998,dev_test,,Tamara_Mowry_0001,Zach_Parise_0001,Tamara_Mowry,Zach_Parise,false,-0.1832069456577301,1.5383152961730957,True
dev_test_0999,dev_test,,Tatiana_Kennedy_Schlossberg_0001,Thomas_Watjen_0001,Tatiana_Kennedy_Schlossberg,Thomas_Watjen,false,-0.11949057877063751,1.4963226318359375,True
dev_test_1000,dev_test,,Todd_Petit_0001,Vicente_Fernandez_0003,Todd_Petit,Vicente_Fernandez,false,-0.16321656107902527,1.5252649784088135,True
