threshold,far,fpr,tar,tpr,frr,fnr,accuracy,tp,fp,tn,fn
inf,0.0,0.0,0.0,0.0,1.0,1.0,0.5,0,0,1100,1100
0.9557569026947021,0.0,0.0,0.0009090909090909091,0.0009090909090909091,0.9990909090909091,0.9990909090909091,0.5004545454545455,1,0,1100,1099
0.9548770785331726,0.0,0.0,0.0018181818181818182,0.0018181818181818182,0.9981818181818182,0.9981818181818182,0.5009090909090909,2,0,1100,1098
0.9495954513549805,0.0,0.0,0.0027272727272727275,0.0027272727272727275,0.9972727272727273,0.9972727272727273,0.5013636363636363,3,0,1100,1097
0.94660884141922,0.0,0.0,0.0036363636363636364,0.0036363636363636364,0.9963636363636363,0.9963636363636363,0.5018181818181818,4,0,1100,1096
0.9456359148025513,0.0,0.0,0.004545454545454545,0.004545454545454545,0.9954545454545455,0.9954545454545455,0.5022727272727273,5,0,1100,1095
0.9453674554824829,0.0,0.0,0.005454545454545455,0.005454545454545455,0.9945454545454545,0.9945454545454545,0.5027272727272727,6,0,1100,1094
0.9426404237747192,0.0,0.0,0.006363636363636364,0.006363636363636364,0.9936363636363637,0.9936363636363637,0.5031818181818182,7,0,1100,1093
0.9424858093261719,0.0,0.0,0.007272727272727273,0.007272727272727273,0.9927272727272727,0.9927272727272727,0.5036363636363637,8,0,1100,1092
0.9417292475700378,0.0,0.0,0.008181818181818182,0.008181818181818182,0.9918181818181818,0.9918181818181818,0.5040909090909091,9,0,1100,1091
0.9386122226715088,0.0,0.0,0.00909090909090909,0.00909090909090909,0.990909090909091,0.990909090909091,0.5045454545454545,10,0,1100,1090
0.938149094581604,0.0,0.0,0.01,0.01,0.99,0.99,0.505,11,0,1100,1089
0.9366592168807983,0.0,0.0,0.01090909090909091,0.01090909090909091,0.9890909090909091,0.9890909090909091,0.5054545454545455,12,0,1100,1088
0.9362116456031799,0.0,0.0,0.011818181818181818,0.011818181818181818,0.9881818181818182,0.9881818181818182,0.5059090909090909,13,0,1100,1087
0.935025155544281,0.0,0.0,0.012727272727272728,0.012727272727272728,0.9872727272727273,0.9872727272727273,0.5063636363636363,14,0,1100,1086
0.933243989944458,0.0,0.0,0.013636363636363636,0.013636363636363636,0.9863636363636363,0.9863636363636363,0.5068181818181818,15,0,1100,1085
0.9314730167388916,0.0,0.0,0.014545454545454545,0.014545454545454545,0.9854545454545455,0.9854545454545455,0.5072727272727273,16,0,1100,1084
0.9302061796188354,0.0,0.0,0.015454545454545455,0.015454545454545455,0.9845454545454545,0.9845454545454545,0.5077272727272727,17,0,1100,1083
0.9298479557037354,0.0,0.0,0.016363636363636365,0.016363636363636365,0.9836363636363636,0.9836363636363636,0.5081818181818182,18,0,1100,1082
0.9279030561447144,0.0,0.0,0.017272727272727273,0.017272727272727273,0.9827272727272728,0.9827272727272728,0.5086363636363637,19,0,1100,1081
0.926984429359436,0.0,0.0,0.01818181818181818,0.01818181818181818,0.9818181818181818,0.9818181818181818,0.509090909090909,20,0,1100,1080
0.9263648390769958,0.0,0.0,0.019090909090909092,0.019090909090909092,0.980909090909091,0.980909090909091,0.5095454545454545,21,0,1100,1079
0.9250685572624207,0.0,0.0,0.02,0.02,0.98,0.98,0.51,22,0,1100,1078
0.9247775077819824,0.0,0.0,0.02090909090909091,0.02090909090909091,0.9790909090909091,0.9790909090909091,0.5104545454545455,23,0,1100,1077
0.9222433567047119,0.0,0.0,0.02181818181818182,0.02181818181818182,0.9781818181818182,0.9781818181818182,0.5109090909090909,24,0,1100,1076
0.9206882119178772,0.0,0.0,0.022727272727272728,0.022727272727272728,0.9772727272727273,0.9772727272727273,0.5113636363636364,25,0,1100,1075
0.9200650453567505,0.0,0.0,0.023636363636363636,0.023636363636363636,0.9763636363636363,0.9763636363636363,0.5118181818181818,26,0,1100,1074
0.9196642637252808,0.0,0.0,0.024545454545454544,0.024545454545454544,0.9754545454545455,0.9754545454545455,0.5122727272727273,27,0,1100,1073
0.9179762601852417,0.0,0.0,0.025454545454545455,0.025454545454545455,0.9745454545454545,0.9745454545454545,0.5127272727272727,28,0,1100,1072
0.9153535962104797,0.0,0.0,0.026363636363636363,0.026363636363636363,0.9736363636363636,0.9736363636363636,0.5131818181818182,29,0,1100,1071
0.9151872396469116,0.0,0.0,0.02727272727272727,0.02727272727272727,0.9727272727272728,0.9727272727272728,0.5136363636363637,30,0,1100,1070
0.9142698049545288,0.0,0.0,0.028181818181818183,0.028181818181818183,0.9718181818181818,0.9718181818181818,0.514090909090909,31,0,1100,1069
0.914016842842102,0.0,0.0,0.02909090909090909,0.02909090909090909,0.9709090909090909,0.9709090909090909,0.5145454545454545,32,0,1100,1068
0.9123334288597107,0.0,0.0,0.03,0.03,0.97,0.97,0.515,33,0,1100,1067
0.9120181202888489,0.0,0.0,0.03090909090909091,0.03090909090909091,0.9690909090909091,0.9690909090909091,0.5154545454545455,34,0,1100,1066
0.9118736386299133,0.0,0.0,0.031818181818181815,0.031818181818181815,0.9681818181818181,0.9681818181818181,0.5159090909090909,35,0,1100,1065
0.9115265011787415,0.0,0.0,0.03272727272727273,0.03272727272727273,0.9672727272727273,0.9672727272727273,0.5163636363636364,36,0,1100,1064
0.9109394550323486,0.0,0.0,0.03363636363636364,0.03363636363636364,0.9663636363636363,0.9663636363636363,0.5168181818181818,37,0,1100,1063
0.9090292453765869,0.0,0.0,0.034545454545454546,0.034545454545454546,0.9654545454545455,0.9654545454545455,0.5172727272727272,38,0,1100,1062
0.9087733030319214,0.0,0.0,0.035454545454545454,0.035454545454545454,0.9645454545454546,0.9645454545454546,0.5177272727272727,39,0,1100,1061
0.9061179757118225,0.0,0.0,0.03636363636363636,0.03636363636363636,0.9636363636363636,0.9636363636363636,0.5181818181818182,40,0,1100,1060
0.9050139784812927,0.0,0.0,0.03727272727272727,0.03727272727272727,0.9627272727272728,0.9627272727272728,0.5186363636363637,41,0,1100,1059
0.9046211838722229,0.0,0.0,0.038181818181818185,0.038181818181818185,0.9618181818181818,0.9618181818181818,0.519090909090909,42,0,1100,1058
0.90437912940979,0.0,0.0,0.03909090909090909,0.03909090909090909,0.9609090909090909,0.9609090909090909,0.5195454545454545,43,0,1100,1057
0.904095470905304,0.0,0.0,0.04,0.04,0.96,0.96,0.52,44,0,1100,1056
0.9038785696029663,0.0,0.0,0.04090909090909091,0.04090909090909091,0.9590909090909091,0.9590909090909091,0.5204545454545455,45,0,1100,1055
0.9028124213218689,0.0,0.0,0.04181818181818182,0.04181818181818182,0.9581818181818181,0.9581818181818181,0.5209090909090909,46,0,1100,1054
0.9005608558654785,0.0,0.0,0.042727272727272725,0.042727272727272725,0.9572727272727273,0.9572727272727273,0.5213636363636364,47,0,1100,1053
0.9003894925117493,0.0,0.0,0.04363636363636364,0.04363636363636364,0.9563636363636364,0.9563636363636364,0.5218181818181818,48,0,1100,1052
0.8999094367027283,0.0,0.0,0.04454545454545455,0.04454545454545455,0.9554545454545454,0.9554545454545454,0.5222727272727272,49,0,1100,1051
0.8998904228210449,0.0,0.0,0.045454545454545456,0.045454545454545456,0.9545454545454546,0.9545454545454546,0.5227272727272727,50,0,1100,1050
0.8993719220161438,0.0,0.0,0.046363636363636364,0.046363636363636364,0.9536363636363636,0.9536363636363636,0.5231818181818182,51,0,1100,1049
0.8980308771133423,0.0,0.0,0.04727272727272727,0.04727272727272727,0.9527272727272728,0.9527272727272728,0.5236363636363637,52,0,1100,1048
0.8977721929550171,0.0,0.0,0.04818181818181818,0.04818181818181818,0.9518181818181818,0.9518181818181818,0.524090909090909,53,0,1100,1047
0.8977226614952087,0.0,0.0,0.04909090909090909,0.04909090909090909,0.9509090909090909,0.9509090909090909,0.5245454545454545,54,0,1100,1046
0.8963766694068909,0.0,0.0,0.05,0.05,0.95,0.95,0.525,55,0,1100,1045
0.8963761925697327,0.0,0.0,0.05090909090909091,0.05090909090909091,0.9490909090909091,0.9490909090909091,0.5254545454545455,56,0,1100,1044
0.8962617516517639,0.0,0.0,0.05181818181818182,0.05181818181818182,0.9481818181818182,0.9481818181818182,0.5259090909090909,57,0,1100,1043
0.8961634635925293,0.0,0.0,0.05272727272727273,0.05272727272727273,0.9472727272727273,0.9472727272727273,0.5263636363636364,58,0,1100,1042
0.8953896760940552,0.0,0.0,0.053636363636363635,0.053636363636363635,0.9463636363636364,0.9463636363636364,0.5268181818181819,59,0,1100,1041
0.8952168822288513,0.0,0.0,0.05454545454545454,0.05454545454545454,0.9454545454545454,0.9454545454545454,0.5272727272727272,60,0,1100,1040
0.8951574563980103,0.0,0.0,0.05545454545454546,0.05545454545454546,0.9445454545454546,0.9445454545454546,0.5277272727272727,61,0,1100,1039
0.8941923379898071,0.0,0.0,0.056363636363636366,0.056363636363636366,0.9436363636363636,0.9436363636363636,0.5281818181818182,62,0,1100,1038
0.8937238454818726,0.0,0.0,0.057272727272727274,0.057272727272727274,0.9427272727272727,0.9427272727272727,0.5286363636363637,63,0,1100,1037
0.8936938047409058,0.0,0.0,0.05818181818181818,0.05818181818181818,0.9418181818181818,0.9418181818181818,0.5290909090909091,64,0,1100,1036
0.8935836553573608,0.0,0.0,0.05909090909090909,0.05909090909090909,0.9409090909090909,0.9409090909090909,0.5295454545454545,65,0,1100,1035
0.8935258984565735,0.0,0.0,0.06,0.06,0.94,0.94,0.53,66,0,1100,1034
0.8934153318405151,0.0,0.0,0.060909090909090906,0.060909090909090906,0.9390909090909091,0.9390909090909091,0.5304545454545454,67,0,1100,1033
0.8930503129959106,0.0,0.0,0.06181818181818182,0.06181818181818182,0.9381818181818182,0.9381818181818182,0.5309090909090909,68,0,1100,1032
0.892910897731781,0.0,0.0,0.06272727272727273,0.06272727272727273,0.9372727272727273,0.9372727272727273,0.5313636363636364,69,0,1100,1031
0.8928008079528809,0.0,0.0,0.06363636363636363,0.06363636363636363,0.9363636363636364,0.9363636363636364,0.5318181818181819,70,0,1100,1030
0.8923327922821045,0.0,0.0,0.06454545454545454,0.06454545454545454,0.9354545454545454,0.9354545454545454,0.5322727272727272,71,0,1100,1029
0.8923307657241821,0.0,0.0,0.06545454545454546,0.06545454545454546,0.9345454545454546,0.9345454545454546,0.5327272727272727,72,0,1100,1028
0.8923183679580688,0.0,0.0,0.06636363636363636,0.06636363636363636,0.9336363636363636,0.9336363636363636,0.5331818181818182,73,0,1100,1027
0.8908853530883789,0.0,0.0,0.06727272727272728,0.06727272727272728,0.9327272727272727,0.9327272727272727,0.5336363636363637,74,0,1100,1026
0.8904518485069275,0.0,0.0,0.06818181818181818,0.06818181818181818,0.9318181818181818,0.9318181818181818,0.5340909090909091,75,0,1100,1025
0.8903844356536865,0.0,0.0,0.06909090909090909,0.06909090909090909,0.9309090909090909,0.9309090909090909,0.5345454545454545,76,0,1100,1024
0.8900471329689026,0.0,0.0,0.07,0.07,0.93,0.93,0.535,77,0,1100,1023
0.8896054029464722,0.0,0.0,0.07090909090909091,0.07090909090909091,0.9290909090909091,0.9290909090909091,0.5354545454545454,78,0,1100,1022
0.8894805908203125,0.0,0.0,0.07181818181818182,0.07181818181818182,0.9281818181818182,0.9281818181818182,0.5359090909090909,79,0,1100,1021
0.8892940282821655,0.0,0.0,0.07272727272727272,0.07272727272727272,0.9272727272727272,0.9272727272727272,0.5363636363636364,80,0,1100,1020
0.8891446590423584,0.0,0.0,0.07363636363636364,0.07363636363636364,0.9263636363636364,0.9263636363636364,0.5368181818181819,81,0,1100,1019
0.8882620334625244,0.0,0.0,0.07454545454545454,0.07454545454545454,0.9254545454545454,0.9254545454545454,0.5372727272727272,82,0,1100,1018
0.88797527551651,0.0,0.0,0.07545454545454545,0.07545454545454545,0.9245454545454546,0.9245454545454546,0.5377272727272727,83,0,1100,1017
0.8870564103126526,0.0,0.0,0.07636363636363637,0.07636363636363637,0.9236363636363636,0.9236363636363636,0.5381818181818182,84,0,1100,1016
0.8868087530136108,0.0,0.0,0.07727272727272727,0.07727272727272727,0.9227272727272727,0.9227272727272727,0.5386363636363637,85,0,1100,1015
0.8867276906967163,0.0,0.0,0.07818181818181819,0.07818181818181819,0.9218181818181819,0.9218181818181819,0.5390909090909091,86,0,1100,1014
0.8867149949073792,0.0,0.0,0.07909090909090909,0.07909090909090909,0.9209090909090909,0.9209090909090909,0.5395454545454546,87,0,1100,1013
0.8863567113876343,0.0,0.0,0.08,0.08,0.92,0.92,0.54,88,0,1100,1012
0.8852981925010681,0.0,0.0,0.0809090909090909,0.0809090909090909,0.9190909090909091,0.9190909090909091,0.5404545454545454,89,0,1100,1011
0.8847647905349731,0.0,0.0,0.08181818181818182,0.08181818181818182,0.9181818181818182,0.9181818181818182,0.5409090909090909,90,0,1100,1010
0.8844801187515259,0.0,0.0,0.08272727272727273,0.08272727272727273,0.9172727272727272,0.9172727272727272,0.5413636363636364,91,0,1100,1009
0.884014368057251,0.0,0.0,0.08363636363636363,0.08363636363636363,0.9163636363636364,0.9163636363636364,0.5418181818181819,92,0,1100,1008
0.8838542103767395,0.0,0.0,0.08454545454545455,0.08454545454545455,0.9154545454545454,0.9154545454545454,0.5422727272727272,93,0,1100,1007
0.8836733102798462,0.0,0.0,0.08545454545454545,0.08545454545454545,0.9145454545454546,0.9145454545454546,0.5427272727272727,94,0,1100,1006
0.8836702108383179,0.0,0.0,0.08636363636363636,0.08636363636363636,0.9136363636363637,0.9136363636363637,0.5431818181818182,95,0,1100,1005
0.8835082054138184,0.0,0.0,0.08727272727272728,0.08727272727272728,0.9127272727272727,0.9127272727272727,0.5436363636363636,96,0,1100,1004
0.8832641839981079,0.0,0.0,0.08818181818181818,0.08818181818181818,0.9118181818181819,0.9118181818181819,0.5440909090909091,97,0,1100,1003
0.8831936120986938,0.0,0.0,0.0890909090909091,0.0890909090909091,0.9109090909090909,0.9109090909090909,0.5445454545454546,98,0,1100,1002
0.8825901746749878,0.0,0.0,0.09,0.09,0.91,0.91,0.545,99,0,1100,1001
0.8822708129882812,0.0,0.0,0.09090909090909091,0.09090909090909091,0.9090909090909091,0.9090909090909091,0.5454545454545454,100,0,1100,1000
0.8815277814865112,0.0,0.0,0.09181818181818181,0.09181818181818181,0.9081818181818182,0.9081818181818182,0.5459090909090909,101,0,1100,999
0.8812063336372375,0.0,0.0,0.09272727272727273,0.09272727272727273,0.9072727272727272,0.9072727272727272,0.5463636363636364,102,0,1100,998
0.8811773657798767,0.0,0.0,0.09363636363636364,0.09363636363636364,0.9063636363636364,0.9063636363636364,0.5468181818181819,103,0,1100,997
0.8811436295509338,0.0,0.0,0.09454545454545454,0.09454545454545454,0.9054545454545454,0.9054545454545454,0.5472727272727272,104,0,1100,996
0.8804482817649841,0.0,0.0,0.09545454545454546,0.09545454545454546,0.9045454545454545,0.9045454545454545,0.5477272727272727,105,0,1100,995
0.8796904683113098,0.0,0.0,0.09636363636363636,0.09636363636363636,0.9036363636363637,0.9036363636363637,0.5481818181818182,106,0,1100,994
0.8793176412582397,0.0,0.0,0.09727272727272727,0.09727272727272727,0.9027272727272727,0.9027272727272727,0.5486363636363636,107,0,1100,993
0.8784969449043274,0.0,0.0,0.09818181818181818,0.09818181818181818,0.9018181818181819,0.9018181818181819,0.5490909090909091,108,0,1100,992
0.8783614635467529,0.0,0.0,0.09909090909090909,0.09909090909090909,0.9009090909090909,0.9009090909090909,0.5495454545454546,109,0,1100,991
0.8782179355621338,0.0,0.0,0.1,0.1,0.9,0.9,0.55,110,0,1100,990
0.8780114650726318,0.0,0.0,0.1009090909090909,0.1009090909090909,0.899090909090909,0.899090909090909,0.5504545454545454,111,0,1100,989
0.8776862621307373,0.0,0.0,0.10181818181818182,0.10181818181818182,0.8981818181818182,0.8981818181818182,0.5509090909090909,112,0,1100,988
0.8776119947433472,0.0,0.0,0.10272727272727272,0.10272727272727272,0.8972727272727272,0.8972727272727272,0.5513636363636364,113,0,1100,987
0.8774042725563049,0.0,0.0,0.10363636363636364,0.10363636363636364,0.8963636363636364,0.8963636363636364,0.5518181818181818,114,0,1100,986
0.8766592144966125,0.0,0.0,0.10454545454545454,0.10454545454545454,0.8954545454545455,0.8954545454545455,0.5522727272727272,115,0,1100,985
0.8765052556991577,0.0,0.0,0.10545454545454545,0.10545454545454545,0.8945454545454545,0.8945454545454545,0.5527272727272727,116,0,1100,984
0.8757708072662354,0.0,0.0,0.10636363636363637,0.10636363636363637,0.8936363636363637,0.8936363636363637,0.5531818181818182,117,0,1100,983
0.8755359649658203,0.0,0.0,0.10727272727272727,0.10727272727272727,0.8927272727272727,0.8927272727272727,0.5536363636363636,118,0,1100,982
0.8753734827041626,0.0,0.0,0.10818181818181818,0.10818181818181818,0.8918181818181818,0.8918181818181818,0.5540909090909091,119,0,1100,981
0.8749657869338989,0.0,0.0,0.10909090909090909,0.10909090909090909,0.8909090909090909,0.8909090909090909,0.5545454545454546,120,0,1100,980
0.8738634586334229,0.0,0.0,0.11,0.11,0.89,0.89,0.555,121,0,1100,979
0.8738256096839905,0.0,0.0,0.11090909090909092,0.11090909090909092,0.889090909090909,0.889090909090909,0.5554545454545454,122,0,1100,978
0.8737243413925171,0.0,0.0,0.11181818181818182,0.11181818181818182,0.8881818181818182,0.8881818181818182,0.5559090909090909,123,0,1100,977
0.8735975623130798,0.0,0.0,0.11272727272727273,0.11272727272727273,0.8872727272727273,0.8872727272727273,0.5563636363636364,124,0,1100,976
0.8735902905464172,0.0,0.0,0.11363636363636363,0.11363636363636363,0.8863636363636364,0.8863636363636364,0.5568181818181818,125,0,1100,975
0.873530387878418,0.0,0.0,0.11454545454545455,0.11454545454545455,0.8854545454545455,0.8854545454545455,0.5572727272727273,126,0,1100,974
0.8732602596282959,0.0,0.0,0.11545454545454545,0.11545454545454545,0.8845454545454545,0.8845454545454545,0.5577272727272727,127,0,1100,973
0.8714050650596619,0.0,0.0,0.11636363636363636,0.11636363636363636,0.8836363636363637,0.8836363636363637,0.5581818181818182,128,0,1100,972
0.8712884187698364,0.0,0.0,0.11727272727272728,0.11727272727272728,0.8827272727272727,0.8827272727272727,0.5586363636363636,129,0,1100,971
0.8712791800498962,0.0,0.0,0.11818181818181818,0.11818181818181818,0.8818181818181818,0.8818181818181818,0.5590909090909091,130,0,1100,970
0.8710331916809082,0.0,0.0,0.1190909090909091,0.1190909090909091,0.8809090909090909,0.8809090909090909,0.5595454545454546,131,0,1100,969
0.8710024952888489,0.0,0.0,0.12,0.12,0.88,0.88,0.56,132,0,1100,968
0.8704138398170471,0.0,0.0,0.12090909090909091,0.12090909090909091,0.8790909090909091,0.8790909090909091,0.5604545454545454,133,0,1100,967
0.8698370456695557,0.0,0.0,0.12181818181818181,0.12181818181818181,0.8781818181818182,0.8781818181818182,0.5609090909090909,134,0,1100,966
0.8689121603965759,0.0,0.0,0.12272727272727273,0.12272727272727273,0.8772727272727273,0.8772727272727273,0.5613636363636364,135,0,1100,965
0.8687040209770203,0.0,0.0,0.12363636363636364,0.12363636363636364,0.8763636363636363,0.8763636363636363,0.5618181818181818,136,0,1100,964
0.8685803413391113,0.0,0.0,0.12454545454545454,0.12454545454545454,0.8754545454545455,0.8754545454545455,0.5622727272727273,137,0,1100,963
0.8675872683525085,0.0,0.0,0.12545454545454546,0.12545454545454546,0.8745454545454545,0.8745454545454545,0.5627272727272727,138,0,1100,962
0.8673263788223267,0.0,0.0,0.12636363636363637,0.12636363636363637,0.8736363636363637,0.8736363636363637,0.5631818181818182,139,0,1100,961
0.8673089742660522,0.0,0.0,0.12727272727272726,0.12727272727272726,0.8727272727272727,0.8727272727272727,0.5636363636363636,140,0,1100,960
0.8671852350234985,0.0,0.0,0.12818181818181817,0.12818181818181817,0.8718181818181818,0.8718181818181818,0.5640909090909091,141,0,1100,959
0.8666259050369263,0.0,0.0,0.1290909090909091,0.1290909090909091,0.8709090909090909,0.8709090909090909,0.5645454545454546,142,0,1100,958
0.8664255142211914,0.0,0.0,0.13,0.13,0.87,0.87,0.565,143,0,1100,957
0.8663420081138611,0.0,0.0,0.13090909090909092,0.13090909090909092,0.8690909090909091,0.8690909090909091,0.5654545454545454,144,0,1100,956
0.8660532236099243,0.0,0.0,0.1318181818181818,0.1318181818181818,0.8681818181818182,0.8681818181818182,0.5659090909090909,145,0,1100,955
0.8657681941986084,0.0,0.0,0.13272727272727272,0.13272727272727272,0.8672727272727273,0.8672727272727273,0.5663636363636364,146,0,1100,954
0.8647140264511108,0.0,0.0,0.13363636363636364,0.13363636363636364,0.8663636363636363,0.8663636363636363,0.5668181818181818,147,0,1100,953
0.8641101121902466,0.0,0.0,0.13454545454545455,0.13454545454545455,0.8654545454545455,0.8654545454545455,0.5672727272727273,148,0,1100,952
0.8636412620544434,0.0,0.0,0.13545454545454547,0.13545454545454547,0.8645454545454545,0.8645454545454545,0.5677272727272727,149,0,1100,951
0.8634788990020752,0.0,0.0,0.13636363636363635,0.13636363636363635,0.8636363636363636,0.8636363636363636,0.5681818181818182,150,0,1100,950
0.8629634976387024,0.0,0.0,0.13727272727272727,0.13727272727272727,0.8627272727272727,0.8627272727272727,0.5686363636363636,151,0,1100,949
0.8628443479537964,0.0,0.0,0.13818181818181818,0.13818181818181818,0.8618181818181818,0.8618181818181818,0.5690909090909091,152,0,1100,948
0.8625628352165222,0.0,0.0,0.1390909090909091,0.1390909090909091,0.860909090909091,0.860909090909091,0.5695454545454546,153,0,1100,947
0.8621302247047424,0.0,0.0,0.14,0.14,0.86,0.86,0.57,154,0,1100,946
0.8620417714118958,0.0,0.0,0.1409090909090909,0.1409090909090909,0.8590909090909091,0.8590909090909091,0.5704545454545454,155,0,1100,945
0.8618471622467041,0.0,0.0,0.14181818181818182,0.14181818181818182,0.8581818181818182,0.8581818181818182,0.5709090909090909,156,0,1100,944
0.8617338538169861,0.0,0.0,0.14272727272727273,0.14272727272727273,0.8572727272727273,0.8572727272727273,0.5713636363636364,157,0,1100,943
0.8615187406539917,0.0,0.0,0.14363636363636365,0.14363636363636365,0.8563636363636363,0.8563636363636363,0.5718181818181818,158,0,1100,942
0.8613824248313904,0.0,0.0,0.14454545454545453,0.14454545454545453,0.8554545454545455,0.8554545454545455,0.5722727272727273,159,0,1100,941
0.8612022399902344,0.0,0.0,0.14545454545454545,0.14545454545454545,0.8545454545454545,0.8545454545454545,0.5727272727272728,160,0,1100,940
0.8611676692962646,0.0,0.0,0.14636363636363636,0.14636363636363636,0.8536363636363636,0.8536363636363636,0.5731818181818182,161,0,1100,939
0.8610920906066895,0.0,0.0,0.14727272727272728,0.14727272727272728,0.8527272727272728,0.8527272727272728,0.5736363636363636,162,0,1100,938
0.8609611988067627,0.0,0.0,0.1481818181818182,0.1481818181818182,0.8518181818181818,0.8518181818181818,0.5740909090909091,163,0,1100,937
0.8607884049415588,0.0,0.0,0.14909090909090908,0.14909090909090908,0.850909090909091,0.850909090909091,0.5745454545454546,164,0,1100,936
0.8607348203659058,0.0,0.0,0.15,0.15,0.85,0.85,0.575,165,0,1100,935
0.8602398037910461,0.0,0.0,0.1509090909090909,0.1509090909090909,0.8490909090909091,0.8490909090909091,0.5754545454545454,166,0,1100,934
0.8600350618362427,0.0,0.0,0.15181818181818182,0.15181818181818182,0.8481818181818181,0.8481818181818181,0.5759090909090909,167,0,1100,933
0.859675407409668,0.0,0.0,0.15272727272727274,0.15272727272727274,0.8472727272727273,0.8472727272727273,0.5763636363636364,168,0,1100,932
0.8590835332870483,0.0,0.0,0.15363636363636363,0.15363636363636363,0.8463636363636363,0.8463636363636363,0.5768181818181818,169,0,1100,931
0.8584460020065308,0.0,0.0,0.15454545454545454,0.15454545454545454,0.8454545454545455,0.8454545454545455,0.5772727272727273,170,0,1100,930
0.858418881893158,0.0,0.0,0.15545454545454546,0.15545454545454546,0.8445454545454546,0.8445454545454546,0.5777272727272728,171,0,1100,929
0.8582720160484314,0.0,0.0,0.15636363636363637,0.15636363636363637,0.8436363636363636,0.8436363636363636,0.5781818181818181,172,0,1100,928
0.8578606843948364,0.0,0.0,0.1572727272727273,0.1572727272727273,0.8427272727272728,0.8427272727272728,0.5786363636363636,173,0,1100,927
0.8569570779800415,0.0,0.0,0.15818181818181817,0.15818181818181817,0.8418181818181818,0.8418181818181818,0.5790909090909091,174,0,1100,926
0.8567914962768555,0.0,0.0,0.1590909090909091,0.1590909090909091,0.8409090909090909,0.8409090909090909,0.5795454545454546,175,0,1100,925
0.8561491966247559,0.0,0.0,0.16,0.16,0.84,0.84,0.58,176,0,1100,924
0.8561243414878845,0.0,0.0,0.16090909090909092,0.16090909090909092,0.8390909090909091,0.8390909090909091,0.5804545454545454,177,0,1100,923
0.8558429479598999,0.0,0.0,0.1618181818181818,0.1618181818181818,0.8381818181818181,0.8381818181818181,0.5809090909090909,178,0,1100,922
0.8554583191871643,0.0,0.0,0.16272727272727272,0.16272727272727272,0.8372727272727273,0.8372727272727273,0.5813636363636364,179,0,1100,921
0.8553178310394287,0.0,0.0,0.16363636363636364,0.16363636363636364,0.8363636363636363,0.8363636363636363,0.5818181818181818,180,0,1100,920
0.8551539182662964,0.0,0.0,0.16454545454545455,0.16454545454545455,0.8354545454545454,0.8354545454545454,0.5822727272727273,181,0,1100,919
0.8544773459434509,0.0,0.0,0.16545454545454547,0.16545454545454547,0.8345454545454546,0.8345454545454546,0.5827272727272728,182,0,1100,918
0.8540278673171997,0.0,0.0,0.16636363636363635,0.16636363636363635,0.8336363636363636,0.8336363636363636,0.5831818181818181,183,0,1100,917
0.8537797331809998,0.0,0.0,0.16727272727272727,0.16727272727272727,0.8327272727272728,0.8327272727272728,0.5836363636363636,184,0,1100,916
0.8536118865013123,0.0,0.0,0.16818181818181818,0.16818181818181818,0.8318181818181818,0.8318181818181818,0.5840909090909091,185,0,1100,915
0.8532993793487549,0.0,0.0,0.1690909090909091,0.1690909090909091,0.8309090909090909,0.8309090909090909,0.5845454545454546,186,0,1100,914
0.8531709909439087,0.0,0.0,0.17,0.17,0.83,0.83,0.585,187,0,1100,913
0.8529822826385498,0.0,0.0,0.1709090909090909,0.1709090909090909,0.8290909090909091,0.8290909090909091,0.5854545454545454,188,0,1100,912
0.852770209312439,0.0,0.0,0.17181818181818181,0.17181818181818181,0.8281818181818181,0.8281818181818181,0.5859090909090909,189,0,1100,911
0.8525720834732056,0.0,0.0,0.17272727272727273,0.17272727272727273,0.8272727272727273,0.8272727272727273,0.5863636363636363,190,0,1100,910
0.8521968126296997,0.0,0.0,0.17363636363636364,0.17363636363636364,0.8263636363636364,0.8263636363636364,0.5868181818181818,191,0,1100,909
0.8515734076499939,0.0,0.0,0.17454545454545456,0.17454545454545456,0.8254545454545454,0.8254545454545454,0.5872727272727273,192,0,1100,908
0.8514775037765503,0.0,0.0,0.17545454545454545,0.17545454545454545,0.8245454545454546,0.8245454545454546,0.5877272727272728,193,0,1100,907
0.8514232039451599,0.0,0.0,0.17636363636363636,0.17636363636363636,0.8236363636363636,0.8236363636363636,0.5881818181818181,194,0,1100,906
0.851396918296814,0.0,0.0,0.17727272727272728,0.17727272727272728,0.8227272727272728,0.8227272727272728,0.5886363636363636,195,0,1100,905
0.8511769771575928,0.0,0.0,0.1781818181818182,0.1781818181818182,0.8218181818181818,0.8218181818181818,0.5890909090909091,196,0,1100,904
0.8511523008346558,0.0,0.0,0.17909090909090908,0.17909090909090908,0.8209090909090909,0.8209090909090909,0.5895454545454546,197,0,1100,903
0.8511462211608887,0.0,0.0,0.18,0.18,0.82,0.82,0.59,198,0,1100,902
0.851063072681427,0.0,0.0,0.1809090909090909,0.1809090909090909,0.8190909090909091,0.8190909090909091,0.5904545454545455,199,0,1100,901
0.850909411907196,0.0,0.0,0.18181818181818182,0.18181818181818182,0.8181818181818182,0.8181818181818182,0.5909090909090909,200,0,1100,900
0.8507291078567505,0.0,0.0,0.18272727272727274,0.18272727272727274,0.8172727272727273,0.8172727272727273,0.5913636363636363,201,0,1100,899
0.8504734039306641,0.0,0.0,0.18363636363636363,0.18363636363636363,0.8163636363636364,0.8163636363636364,0.5918181818181818,202,0,1100,898
0.850385308265686,0.0,0.0,0.18454545454545454,0.18454545454545454,0.8154545454545454,0.8154545454545454,0.5922727272727273,203,0,1100,897
0.8501651287078857,0.0,0.0,0.18545454545454546,0.18545454545454546,0.8145454545454546,0.8145454545454546,0.5927272727272728,204,0,1100,896
0.8499869704246521,0.0,0.0,0.18636363636363637,0.18636363636363637,0.8136363636363636,0.8136363636363636,0.5931818181818181,205,0,1100,895
0.8498560786247253,0.0,0.0,0.18727272727272729,0.18727272727272729,0.8127272727272727,0.8127272727272727,0.5936363636363636,206,0,1100,894
0.849373459815979,0.0,0.0,0.18818181818181817,0.18818181818181817,0.8118181818181818,0.8118181818181818,0.5940909090909091,207,0,1100,893
0.8493515849113464,0.0,0.0,0.1890909090909091,0.1890909090909091,0.8109090909090909,0.8109090909090909,0.5945454545454546,208,0,1100,892
0.8491866588592529,0.0,0.0,0.19,0.19,0.81,0.81,0.595,209,0,1100,891
0.849136233329773,0.0,0.0,0.19090909090909092,0.19090909090909092,0.8090909090909091,0.8090909090909091,0.5954545454545455,210,0,1100,890
0.8484375476837158,0.0,0.0,0.1918181818181818,0.1918181818181818,0.8081818181818182,0.8081818181818182,0.5959090909090909,211,0,1100,889
0.8482539057731628,0.0,0.0,0.19272727272727272,0.19272727272727272,0.8072727272727273,0.8072727272727273,0.5963636363636363,212,0,1100,888
0.8481613993644714,0.0,0.0,0.19363636363636363,0.19363636363636363,0.8063636363636364,0.8063636363636364,0.5968181818181818,213,0,1100,887
0.8473196029663086,0.0,0.0,0.19454545454545455,0.19454545454545455,0.8054545454545454,0.8054545454545454,0.5972727272727273,214,0,1100,886
0.8472908735275269,0.0,0.0,0.19545454545454546,0.19545454545454546,0.8045454545454546,0.8045454545454546,0.5977272727272728,215,0,1100,885
0.8472634553909302,0.0,0.0,0.19636363636363635,0.19636363636363635,0.8036363636363636,0.8036363636363636,0.5981818181818181,216,0,1100,884
0.8471217751502991,0.0,0.0,0.19727272727272727,0.19727272727272727,0.8027272727272727,0.8027272727272727,0.5986363636363636,217,0,1100,883
0.8470037579536438,0.0,0.0,0.19818181818181818,0.19818181818181818,0.8018181818181818,0.8018181818181818,0.5990909090909091,218,0,1100,882
0.84699547290802,0.0,0.0,0.1990909090909091,0.1990909090909091,0.8009090909090909,0.8009090909090909,0.5995454545454545,219,0,1100,881
0.8467719554901123,0.0,0.0,0.2,0.2,0.8,0.8,0.6,220,0,1100,880
0.8465414047241211,0.0,0.0,0.2009090909090909,0.2009090909090909,0.7990909090909091,0.7990909090909091,0.6004545454545455,221,0,1100,879
0.8464973568916321,0.0,0.0,0.2018181818181818,0.2018181818181818,0.7981818181818182,0.7981818181818182,0.600909090909091,222,0,1100,878
0.8461930751800537,0.0,0.0,0.20272727272727273,0.20272727272727273,0.7972727272727272,0.7972727272727272,0.6013636363636363,223,0,1100,877
0.8454004526138306,0.0,0.0,0.20363636363636364,0.20363636363636364,0.7963636363636364,0.7963636363636364,0.6018181818181818,224,0,1100,876
0.8453792333602905,0.0,0.0,0.20454545454545456,0.20454545454545456,0.7954545454545454,0.7954545454545454,0.6022727272727273,225,0,1100,875
0.8453047871589661,0.0,0.0,0.20545454545454545,0.20545454545454545,0.7945454545454546,0.7945454545454546,0.6027272727272728,226,0,1100,874
0.8448924422264099,0.0,0.0,0.20636363636363636,0.20636363636363636,0.7936363636363636,0.7936363636363636,0.6031818181818182,227,0,1100,873
0.8448352813720703,0.0,0.0,0.20727272727272728,0.20727272727272728,0.7927272727272727,0.7927272727272727,0.6036363636363636,228,0,1100,872
0.8445148468017578,0.0,0.0,0.2081818181818182,0.2081818181818182,0.7918181818181819,0.7918181818181819,0.6040909090909091,229,0,1100,871
0.843561589717865,0.0,0.0,0.20909090909090908,0.20909090909090908,0.7909090909090909,0.7909090909090909,0.6045454545454545,230,0,1100,870
0.8433130383491516,0.0,0.0,0.21,0.21,0.79,0.79,0.605,231,0,1100,869
0.842950165271759,0.0,0.0,0.2109090909090909,0.2109090909090909,0.7890909090909091,0.7890909090909091,0.6054545454545455,232,0,1100,868
0.8429474234580994,0.0,0.0,0.21181818181818182,0.21181818181818182,0.7881818181818182,0.7881818181818182,0.605909090909091,233,0,1100,867
0.842708170413971,0.0,0.0,0.21272727272727274,0.21272727272727274,0.7872727272727272,0.7872727272727272,0.6063636363636363,234,0,1100,866
0.8426346182823181,0.0,0.0,0.21363636363636362,0.21363636363636362,0.7863636363636364,0.7863636363636364,0.6068181818181818,235,0,1100,865
0.8421812653541565,0.0,0.0,0.21454545454545454,0.21454545454545454,0.7854545454545454,0.7854545454545454,0.6072727272727273,236,0,1100,864
0.841781735420227,0.0,0.0,0.21545454545454545,0.21545454545454545,0.7845454545454545,0.7845454545454545,0.6077272727272728,237,0,1100,863
0.8416392207145691,0.0,0.0,0.21636363636363637,0.21636363636363637,0.7836363636363637,0.7836363636363637,0.6081818181818182,238,0,1100,862
0.841375470161438,0.0,0.0,0.21727272727272728,0.21727272727272728,0.7827272727272727,0.7827272727272727,0.6086363636363636,239,0,1100,861
0.8413751721382141,0.0,0.0,0.21818181818181817,0.21818181818181817,0.7818181818181819,0.7818181818181819,0.6090909090909091,240,0,1100,860
0.8405553698539734,0.0,0.0,0.2190909090909091,0.2190909090909091,0.7809090909090909,0.7809090909090909,0.6095454545454545,241,0,1100,859
0.84039306640625,0.0,0.0,0.22,0.22,0.78,0.78,0.61,242,0,1100,858
0.8403412699699402,0.0,0.0,0.22090909090909092,0.22090909090909092,0.7790909090909091,0.7790909090909091,0.6104545454545455,243,0,1100,857
0.8400526642799377,0.0,0.0,0.22181818181818183,0.22181818181818183,0.7781818181818182,0.7781818181818182,0.610909090909091,244,0,1100,856
0.8400274515151978,0.0,0.0,0.22272727272727272,0.22272727272727272,0.7772727272727272,0.7772727272727272,0.6113636363636363,245,0,1100,855
0.8396936655044556,0.0,0.0,0.22363636363636363,0.22363636363636363,0.7763636363636364,0.7763636363636364,0.6118181818181818,246,0,1100,854
0.8393810987472534,0.0,0.0,0.22454545454545455,0.22454545454545455,0.7754545454545455,0.7754545454545455,0.6122727272727273,247,0,1100,853
0.8390630483627319,0.0,0.0,0.22545454545454546,0.22545454545454546,0.7745454545454545,0.7745454545454545,0.6127272727272727,248,0,1100,852
0.8389774560928345,0.0,0.0,0.22636363636363635,0.22636363636363635,0.7736363636363637,0.7736363636363637,0.6131818181818182,249,0,1100,851
0.8386427760124207,0.0,0.0,0.22727272727272727,0.22727272727272727,0.7727272727272727,0.7727272727272727,0.6136363636363636,250,0,1100,850
0.8385030031204224,0.0,0.0,0.22818181818181818,0.22818181818181818,0.7718181818181818,0.7718181818181818,0.6140909090909091,251,0,1100,849
0.8384087681770325,0.0,0.0,0.2290909090909091,0.2290909090909091,0.7709090909090909,0.7709090909090909,0.6145454545454545,252,0,1100,848
0.8382760286331177,0.0,0.0,0.23,0.23,0.77,0.77,0.615,253,0,1100,847
0.83808434009552,0.0,0.0,0.2309090909090909,0.2309090909090909,0.769090909090909,0.769090909090909,0.6154545454545455,254,0,1100,846
0.8379290103912354,0.0,0.0,0.2318181818181818,0.2318181818181818,0.7681818181818182,0.7681818181818182,0.615909090909091,255,0,1100,845
0.8374934792518616,0.0,0.0,0.23272727272727273,0.23272727272727273,0.7672727272727272,0.7672727272727272,0.6163636363636363,256,0,1100,844
0.8373188376426697,0.0,0.0,0.23363636363636364,0.23363636363636364,0.7663636363636364,0.7663636363636364,0.6168181818181818,257,0,1100,843
0.8370299339294434,0.0,0.0,0.23454545454545456,0.23454545454545456,0.7654545454545455,0.7654545454545455,0.6172727272727273,258,0,1100,842
0.836891770362854,0.0,0.0,0.23545454545454544,0.23545454545454544,0.7645454545454545,0.7645454545454545,0.6177272727272727,259,0,1100,841
0.8366337418556213,0.0,0.0,0.23636363636363636,0.23636363636363636,0.7636363636363637,0.7636363636363637,0.6181818181818182,260,0,1100,840
0.8365676403045654,0.0,0.0,0.23727272727272727,0.23727272727272727,0.7627272727272727,0.7627272727272727,0.6186363636363637,261,0,1100,839
0.8365418910980225,0.0,0.0,0.2381818181818182,0.2381818181818182,0.7618181818181818,0.7618181818181818,0.6190909090909091,262,0,1100,838
0.8364232778549194,0.0,0.0,0.2390909090909091,0.2390909090909091,0.7609090909090909,0.7609090909090909,0.6195454545454545,263,0,1100,837
0.8360146880149841,0.0,0.0,0.24,0.24,0.76,0.76,0.62,264,0,1100,836
0.8356378674507141,0.0,0.0,0.2409090909090909,0.2409090909090909,0.759090909090909,0.759090909090909,0.6204545454545455,265,0,1100,835
0.8347752094268799,0.0,0.0,0.24181818181818182,0.24181818181818182,0.7581818181818182,0.7581818181818182,0.6209090909090909,266,0,1100,834
0.8347301483154297,0.0,0.0,0.24272727272727274,0.24272727272727274,0.7572727272727273,0.7572727272727273,0.6213636363636363,267,0,1100,833
0.8344058394432068,0.0,0.0,0.24363636363636362,0.24363636363636362,0.7563636363636363,0.7563636363636363,0.6218181818181818,268,0,1100,832
0.8342198729515076,0.0,0.0,0.24454545454545454,0.24454545454545454,0.7554545454545455,0.7554545454545455,0.6222727272727273,269,0,1100,831
0.8337955474853516,0.0,0.0,0.24545454545454545,0.24545454545454545,0.7545454545454545,0.7545454545454545,0.6227272727272727,270,0,1100,830
0.8337417840957642,0.0,0.0,0.24636363636363637,0.24636363636363637,0.7536363636363637,0.7536363636363637,0.6231818181818182,271,0,1100,829
0.8333601355552673,0.0,0.0,0.24727272727272728,0.24727272727272728,0.7527272727272727,0.7527272727272727,0.6236363636363637,272,0,1100,828
0.8333333730697632,0.0,0.0,0.24818181818181817,0.24818181818181817,0.7518181818181818,0.7518181818181818,0.6240909090909091,273,0,1100,827
0.8331570625305176,0.0,0.0,0.24909090909090909,0.24909090909090909,0.7509090909090909,0.7509090909090909,0.6245454545454545,274,0,1100,826
0.8330926895141602,0.0,0.0,0.25,0.25,0.75,0.75,0.625,275,0,1100,825
0.8330492973327637,0.0,0.0,0.2509090909090909,0.2509090909090909,0.7490909090909091,0.7490909090909091,0.6254545454545455,276,0,1100,824
0.8329434394836426,0.0,0.0,0.25181818181818183,0.25181818181818183,0.7481818181818182,0.7481818181818182,0.6259090909090909,277,0,1100,823
0.8328561186790466,0.0,0.0,0.25272727272727274,0.25272727272727274,0.7472727272727273,0.7472727272727273,0.6263636363636363,278,0,1100,822
0.8325537443161011,0.0,0.0,0.25363636363636366,0.25363636363636366,0.7463636363636363,0.7463636363636363,0.6268181818181818,279,0,1100,821
0.8324935436248779,0.0,0.0,0.2545454545454545,0.2545454545454545,0.7454545454545455,0.7454545454545455,0.6272727272727273,280,0,1100,820
0.8319292068481445,0.0,0.0,0.25545454545454543,0.25545454545454543,0.7445454545454545,0.7445454545454545,0.6277272727272727,281,0,1100,819
0.8317828178405762,0.0,0.0,0.25636363636363635,0.25636363636363635,0.7436363636363637,0.7436363636363637,0.6281818181818182,282,0,1100,818
0.8317692875862122,0.0,0.0,0.25727272727272726,0.25727272727272726,0.7427272727272727,0.7427272727272727,0.6286363636363637,283,0,1100,817
0.8317265510559082,0.0,0.0,0.2581818181818182,0.2581818181818182,0.7418181818181818,0.7418181818181818,0.6290909090909091,284,0,1100,816
0.8311907052993774,0.0,0.0,0.2590909090909091,0.2590909090909091,0.740909090909091,0.740909090909091,0.6295454545454545,285,0,1100,815
0.8311819434165955,0.0,0.0,0.26,0.26,0.74,0.74,0.63,286,0,1100,814
0.8307119607925415,0.0,0.0,0.2609090909090909,0.2609090909090909,0.7390909090909091,0.7390909090909091,0.6304545454545455,287,0,1100,813
0.8304886817932129,0.0,0.0,0.26181818181818184,0.26181818181818184,0.7381818181818182,0.7381818181818182,0.6309090909090909,288,0,1100,812
0.8304693102836609,0.0,0.0,0.26272727272727275,0.26272727272727275,0.7372727272727273,0.7372727272727273,0.6313636363636363,289,0,1100,811
0.830333948135376,0.0,0.0,0.2636363636363636,0.2636363636363636,0.7363636363636363,0.7363636363636363,0.6318181818181818,290,0,1100,810
0.8302346467971802,0.0,0.0,0.26454545454545453,0.26454545454545453,0.7354545454545455,0.7354545454545455,0.6322727272727273,291,0,1100,809
0.8289180994033813,0.0,0.0,0.26545454545454544,0.26545454545454544,0.7345454545454545,0.7345454545454545,0.6327272727272727,292,0,1100,808
0.8288659453392029,0.0,0.0,0.26636363636363636,0.26636363636363636,0.7336363636363636,0.7336363636363636,0.6331818181818182,293,0,1100,807
0.8283389806747437,0.0,0.0,0.2672727272727273,0.2672727272727273,0.7327272727272728,0.7327272727272728,0.6336363636363637,294,0,1100,806
0.828193724155426,0.0,0.0,0.2681818181818182,0.2681818181818182,0.7318181818181818,0.7318181818181818,0.634090909090909,295,0,1100,805
0.8279907703399658,0.0,0.0,0.2690909090909091,0.2690909090909091,0.730909090909091,0.730909090909091,0.6345454545454545,296,0,1100,804
0.8279319405555725,0.0,0.0,0.27,0.27,0.73,0.73,0.635,297,0,1100,803
0.8278183341026306,0.0,0.0,0.27090909090909093,0.27090909090909093,0.7290909090909091,0.7290909090909091,0.6354545454545455,298,0,1100,802
0.8277378678321838,0.0,0.0,0.2718181818181818,0.2718181818181818,0.7281818181818182,0.7281818181818182,0.6359090909090909,299,0,1100,801
0.827650785446167,0.0,0.0,0.2727272727272727,0.2727272727272727,0.7272727272727273,0.7272727272727273,0.6363636363636364,300,0,1100,800
0.827595591545105,0.0,0.0,0.2736363636363636,0.2736363636363636,0.7263636363636363,0.7263636363636363,0.6368181818181818,301,0,1100,799
0.8274380564689636,0.0,0.0,0.27454545454545454,0.27454545454545454,0.7254545454545455,0.7254545454545455,0.6372727272727273,302,0,1100,798
0.8272922039031982,0.0,0.0,0.27545454545454545,0.27545454545454545,0.7245454545454545,0.7245454545454545,0.6377272727272727,303,0,1100,797
0.8270292282104492,0.0,0.0,0.27636363636363637,0.27636363636363637,0.7236363636363636,0.7236363636363636,0.6381818181818182,304,0,1100,796
0.8262865543365479,0.0,0.0,0.2772727272727273,0.2772727272727273,0.7227272727272728,0.7227272727272728,0.6386363636363637,305,0,1100,795
0.8251469731330872,0.0,0.0,0.2781818181818182,0.2781818181818182,0.7218181818181818,0.7218181818181818,0.639090909090909,306,0,1100,794
0.8250048160552979,0.0,0.0,0.2790909090909091,0.2790909090909091,0.7209090909090909,0.7209090909090909,0.6395454545454545,307,0,1100,793
0.8247122764587402,0.0,0.0,0.28,0.28,0.72,0.72,0.64,308,0,1100,792
0.824693500995636,0.0,0.0,0.2809090909090909,0.2809090909090909,0.7190909090909091,0.7190909090909091,0.6404545454545455,309,0,1100,791
0.8246676921844482,0.0,0.0,0.2818181818181818,0.2818181818181818,0.7181818181818181,0.7181818181818181,0.6409090909090909,310,0,1100,790
0.8246340155601501,0.0,0.0,0.2827272727272727,0.2827272727272727,0.7172727272727273,0.7172727272727273,0.6413636363636364,311,0,1100,789
0.8245985507965088,0.0,0.0,0.28363636363636363,0.28363636363636363,0.7163636363636363,0.7163636363636363,0.6418181818181818,312,0,1100,788
0.824579119682312,0.0,0.0,0.28454545454545455,0.28454545454545455,0.7154545454545455,0.7154545454545455,0.6422727272727272,313,0,1100,787
0.824451208114624,0.0,0.0,0.28545454545454546,0.28545454545454546,0.7145454545454546,0.7145454545454546,0.6427272727272727,314,0,1100,786
0.8239718079566956,0.0,0.0,0.2863636363636364,0.2863636363636364,0.7136363636363636,0.7136363636363636,0.6431818181818182,315,0,1100,785
0.8239414095878601,0.0,0.0,0.2872727272727273,0.2872727272727273,0.7127272727272728,0.7127272727272728,0.6436363636363637,316,0,1100,784
0.8239209055900574,0.0,0.0,0.2881818181818182,0.2881818181818182,0.7118181818181818,0.7118181818181818,0.644090909090909,317,0,1100,783
0.8238580226898193,0.0,0.0,0.28909090909090907,0.28909090909090907,0.7109090909090909,0.7109090909090909,0.6445454545454545,318,0,1100,782
0.8237751126289368,0.0,0.0,0.29,0.29,0.71,0.71,0.645,319,0,1100,781
0.8237674236297607,0.0,0.0,0.2909090909090909,0.2909090909090909,0.7090909090909091,0.7090909090909091,0.6454545454545455,320,0,1100,780
0.8231852054595947,0.0,0.0,0.2918181818181818,0.2918181818181818,0.7081818181818181,0.7081818181818181,0.6459090909090909,321,0,1100,779
0.8231727480888367,0.0,0.0,0.2927272727272727,0.2927272727272727,0.7072727272727273,0.7072727272727273,0.6463636363636364,322,0,1100,778
0.822998046875,0.0,0.0,0.29363636363636364,0.29363636363636364,0.7063636363636364,0.7063636363636364,0.6468181818181818,323,0,1100,777
0.8229371905326843,0.0,0.0,0.29454545454545455,0.29454545454545455,0.7054545454545454,0.7054545454545454,0.6472727272727272,324,0,1100,776
0.822908878326416,0.0,0.0,0.29545454545454547,0.29545454545454547,0.7045454545454546,0.7045454545454546,0.6477272727272727,325,0,1100,775
0.8228715658187866,0.0,0.0,0.2963636363636364,0.2963636363636364,0.7036363636363636,0.7036363636363636,0.6481818181818182,326,0,1100,774
0.8228306174278259,0.0,0.0,0.2972727272727273,0.2972727272727273,0.7027272727272728,0.7027272727272728,0.6486363636363637,327,0,1100,773
0.8228118419647217,0.0,0.0,0.29818181818181816,0.29818181818181816,0.7018181818181818,0.7018181818181818,0.649090909090909,328,0,1100,772
0.8222842216491699,0.0,0.0,0.2990909090909091,0.2990909090909091,0.7009090909090909,0.7009090909090909,0.6495454545454545,329,0,1100,771
0.8221390247344971,0.0,0.0,0.3,0.3,0.7,0.7,0.65,330,0,1100,770
0.8218133449554443,0.0,0.0,0.3009090909090909,0.3009090909090909,0.6990909090909091,0.6990909090909091,0.6504545454545455,331,0,1100,769
0.8218100070953369,0.0,0.0,0.3018181818181818,0.3018181818181818,0.6981818181818182,0.6981818181818182,0.6509090909090909,332,0,1100,768
0.821455180644989,0.0,0.0,0.30272727272727273,0.30272727272727273,0.6972727272727273,0.6972727272727273,0.6513636363636364,333,0,1100,767
0.8204717636108398,0.0,0.0,0.30363636363636365,0.30363636363636365,0.6963636363636364,0.6963636363636364,0.6518181818181819,334,0,1100,766
0.8204634785652161,0.0,0.0,0.30454545454545456,0.30454545454545456,0.6954545454545454,0.6954545454545454,0.6522727272727272,335,0,1100,765
0.820353627204895,0.0,0.0,0.3054545454545455,0.3054545454545455,0.6945454545454546,0.6945454545454546,0.6527272727272727,336,0,1100,764
0.8202881813049316,0.0,0.0,0.30636363636363634,0.30636363636363634,0.6936363636363636,0.6936363636363636,0.6531818181818182,337,0,1100,763
0.8199245929718018,0.0,0.0,0.30727272727272725,0.30727272727272725,0.6927272727272727,0.6927272727272727,0.6536363636363637,338,0,1100,762
0.8198332190513611,0.0,0.0,0.30818181818181817,0.30818181818181817,0.6918181818181818,0.6918181818181818,0.6540909090909091,339,0,1100,761
0.819748044013977,0.0,0.0,0.3090909090909091,0.3090909090909091,0.6909090909090909,0.6909090909090909,0.6545454545454545,340,0,1100,760
0.8194006085395813,0.0,0.0,0.31,0.31,0.69,0.69,0.655,341,0,1100,759
0.8191984295845032,0.0,0.0,0.3109090909090909,0.3109090909090909,0.6890909090909091,0.6890909090909091,0.6554545454545454,342,0,1100,758
0.8187762498855591,0.0,0.0,0.3118181818181818,0.3118181818181818,0.6881818181818182,0.6881818181818182,0.6559090909090909,343,0,1100,757
0.8187719583511353,0.0,0.0,0.31272727272727274,0.31272727272727274,0.6872727272727273,0.6872727272727273,0.6563636363636364,344,0,1100,756
0.818461000919342,0.0,0.0,0.31363636363636366,0.31363636363636366,0.6863636363636364,0.6863636363636364,0.6568181818181819,345,0,1100,755
0.8182780742645264,0.0,0.0,0.3145454545454546,0.3145454545454546,0.6854545454545454,0.6854545454545454,0.6572727272727272,346,0,1100,754
0.8182608485221863,0.0,0.0,0.31545454545454543,0.31545454545454543,0.6845454545454546,0.6845454545454546,0.6577272727272727,347,0,1100,753
0.817575216293335,0.0,0.0,0.31636363636363635,0.31636363636363635,0.6836363636363636,0.6836363636363636,0.6581818181818182,348,0,1100,752
0.8173159956932068,0.0,0.0,0.31727272727272726,0.31727272727272726,0.6827272727272727,0.6827272727272727,0.6586363636363637,349,0,1100,751
0.8167285323143005,0.0,0.0,0.3181818181818182,0.3181818181818182,0.6818181818181818,0.6818181818181818,0.6590909090909091,350,0,1100,750
0.8164370656013489,0.0,0.0,0.3190909090909091,0.3190909090909091,0.6809090909090909,0.6809090909090909,0.6595454545454545,351,0,1100,749
0.8164178133010864,0.0,0.0,0.32,0.32,0.68,0.68,0.66,352,0,1100,748
0.8162055611610413,0.0,0.0,0.3209090909090909,0.3209090909090909,0.6790909090909091,0.6790909090909091,0.6604545454545454,353,0,1100,747
0.8161775469779968,0.0,0.0,0.32181818181818184,0.32181818181818184,0.6781818181818182,0.6781818181818182,0.6609090909090909,354,0,1100,746
0.8159916996955872,0.0,0.0,0.32272727272727275,0.32272727272727275,0.6772727272727272,0.6772727272727272,0.6613636363636364,355,0,1100,745
0.8159151077270508,0.0,0.0,0.3236363636363636,0.3236363636363636,0.6763636363636364,0.6763636363636364,0.6618181818181819,356,0,1100,744
0.8157764673233032,0.0,0.0,0.3245454545454545,0.3245454545454545,0.6754545454545454,0.6754545454545454,0.6622727272727272,357,0,1100,743
0.8155719637870789,0.0,0.0,0.32545454545454544,0.32545454545454544,0.6745454545454546,0.6745454545454546,0.6627272727272727,358,0,1100,742
0.8154652118682861,0.0,0.0,0.32636363636363636,0.32636363636363636,0.6736363636363636,0.6736363636363636,0.6631818181818182,359,0,1100,741
0.8153772950172424,0.0,0.0,0.32727272727272727,0.32727272727272727,0.6727272727272727,0.6727272727272727,0.6636363636363637,360,0,1100,740
0.8150132894515991,0.0,0.0,0.3281818181818182,0.3281818181818182,0.6718181818181819,0.6718181818181819,0.6640909090909091,361,0,1100,739
0.8149328231811523,0.0,0.0,0.3290909090909091,0.3290909090909091,0.6709090909090909,0.6709090909090909,0.6645454545454546,362,0,1100,738
0.8147931098937988,0.0,0.0,0.33,0.33,0.67,0.67,0.665,363,0,1100,737
0.8147162199020386,0.0,0.0,0.33090909090909093,0.33090909090909093,0.6690909090909091,0.6690909090909091,0.6654545454545454,364,0,1100,736
0.8145865201950073,0.0,0.0,0.33181818181818185,0.33181818181818185,0.6681818181818182,0.6681818181818182,0.6659090909090909,365,0,1100,735
0.8143266439437866,0.0,0.0,0.3327272727272727,0.3327272727272727,0.6672727272727272,0.6672727272727272,0.6663636363636364,366,0,1100,734
0.8141894936561584,0.0,0.0,0.3336363636363636,0.3336363636363636,0.6663636363636364,0.6663636363636364,0.6668181818181819,367,0,1100,733
0.814007043838501,0.0,0.0,0.33454545454545453,0.33454545454545453,0.6654545454545454,0.6654545454545454,0.6672727272727272,368,0,1100,732
0.8132757544517517,0.0,0.0,0.33545454545454545,0.33545454545454545,0.6645454545454546,0.6645454545454546,0.6677272727272727,369,0,1100,731
0.8131088018417358,0.0,0.0,0.33636363636363636,0.33636363636363636,0.6636363636363637,0.6636363636363637,0.6681818181818182,370,0,1100,730
0.8130471706390381,0.0,0.0,0.3372727272727273,0.3372727272727273,0.6627272727272727,0.6627272727272727,0.6686363636363636,371,0,1100,729
0.8128311038017273,0.0,0.0,0.3381818181818182,0.3381818181818182,0.6618181818181819,0.6618181818181819,0.6690909090909091,372,0,1100,728
0.8127242922782898,0.0,0.0,0.3390909090909091,0.3390909090909091,0.6609090909090909,0.6609090909090909,0.6695454545454546,373,0,1100,727
0.8125574588775635,0.0,0.0,0.34,0.34,0.66,0.66,0.67,374,0,1100,726
0.8124278783798218,0.0,0.0,0.3409090909090909,0.3409090909090909,0.6590909090909091,0.6590909090909091,0.6704545454545454,375,0,1100,725
0.8122764229774475,0.0,0.0,0.3418181818181818,0.3418181818181818,0.6581818181818182,0.6581818181818182,0.6709090909090909,376,0,1100,724
0.8121902942657471,0.0,0.0,0.3427272727272727,0.3427272727272727,0.6572727272727272,0.6572727272727272,0.6713636363636364,377,0,1100,723
0.8121744394302368,0.0,0.0,0.34363636363636363,0.34363636363636363,0.6563636363636364,0.6563636363636364,0.6718181818181819,378,0,1100,722
0.8120583295822144,0.0,0.0,0.34454545454545454,0.34454545454545454,0.6554545454545454,0.6554545454545454,0.6722727272727272,379,0,1100,721
0.8119671940803528,0.0,0.0,0.34545454545454546,0.34545454545454546,0.6545454545454545,0.6545454545454545,0.6727272727272727,380,0,1100,720
0.8117837905883789,0.0,0.0,0.3463636363636364,0.3463636363636364,0.6536363636363637,0.6536363636363637,0.6731818181818182,381,0,1100,719
0.8116880059242249,0.0,0.0,0.3472727272727273,0.3472727272727273,0.6527272727272727,0.6527272727272727,0.6736363636363636,382,0,1100,718
0.8113008141517639,0.0,0.0,0.3481818181818182,0.3481818181818182,0.6518181818181819,0.6518181818181819,0.6740909090909091,383,0,1100,717
0.8105819225311279,0.0,0.0,0.3490909090909091,0.3490909090909091,0.6509090909090909,0.6509090909090909,0.6745454545454546,384,0,1100,716
0.8105303049087524,0.0,0.0,0.35,0.35,0.65,0.65,0.675,385,0,1100,715
0.8103798031806946,0.0,0.0,0.3509090909090909,0.3509090909090909,0.649090909090909,0.649090909090909,0.6754545454545454,386,0,1100,714
0.8102167248725891,0.0,0.0,0.3518181818181818,0.3518181818181818,0.6481818181818182,0.6481818181818182,0.6759090909090909,387,0,1100,713
0.8096198439598083,0.0,0.0,0.3527272727272727,0.3527272727272727,0.6472727272727272,0.6472727272727272,0.6763636363636364,388,0,1100,712
0.8094457983970642,0.0,0.0,0.35363636363636364,0.35363636363636364,0.6463636363636364,0.6463636363636364,0.6768181818181818,389,0,1100,711
0.8087901473045349,0.0,0.0,0.35454545454545455,0.35454545454545455,0.6454545454545455,0.6454545454545455,0.6772727272727272,390,0,1100,710
0.8087437152862549,0.0,0.0,0.35545454545454547,0.35545454545454547,0.6445454545454545,0.6445454545454545,0.6777272727272727,391,0,1100,709
0.8086459040641785,0.0,0.0,0.3563636363636364,0.3563636363636364,0.6436363636363637,0.6436363636363637,0.6781818181818182,392,0,1100,708
0.8083364367485046,0.0,0.0,0.3572727272727273,0.3572727272727273,0.6427272727272727,0.6427272727272727,0.6786363636363636,393,0,1100,707
0.8079299926757812,0.0,0.0,0.35818181818181816,0.35818181818181816,0.6418181818181818,0.6418181818181818,0.6790909090909091,394,0,1100,706
0.8078562021255493,0.0,0.0,0.35909090909090907,0.35909090909090907,0.6409090909090909,0.6409090909090909,0.6795454545454546,395,0,1100,705
0.8076561093330383,0.0,0.0,0.36,0.36,0.64,0.64,0.68,396,0,1100,704
0.8076260089874268,0.0,0.0,0.3609090909090909,0.3609090909090909,0.639090909090909,0.639090909090909,0.6804545454545454,397,0,1100,703
0.8074935674667358,0.0,0.0,0.3618181818181818,0.3618181818181818,0.6381818181818182,0.6381818181818182,0.6809090909090909,398,0,1100,702
0.807466983795166,0.0,0.0,0.36272727272727273,0.36272727272727273,0.6372727272727273,0.6372727272727273,0.6813636363636364,399,0,1100,701
0.8072860240936279,0.0,0.0,0.36363636363636365,0.36363636363636365,0.6363636363636364,0.6363636363636364,0.6818181818181818,400,0,1100,700
0.8072555661201477,0.0,0.0,0.36454545454545456,0.36454545454545456,0.6354545454545455,0.6354545454545455,0.6822727272727273,401,0,1100,699
0.807213306427002,0.0,0.0,0.3654545454545455,0.3654545454545455,0.6345454545454545,0.6345454545454545,0.6827272727272727,402,0,1100,698
0.8071485757827759,0.0,0.0,0.3663636363636364,0.3663636363636364,0.6336363636363637,0.6336363636363637,0.6831818181818182,403,0,1100,697
0.8070248365402222,0.0,0.0,0.36727272727272725,0.36727272727272725,0.6327272727272727,0.6327272727272727,0.6836363636363636,404,0,1100,696
0.8068081736564636,0.0,0.0,0.36818181818181817,0.36818181818181817,0.6318181818181818,0.6318181818181818,0.6840909090909091,405,0,1100,695
0.8062952756881714,0.0,0.0,0.3690909090909091,0.3690909090909091,0.6309090909090909,0.6309090909090909,0.6845454545454546,406,0,1100,694
0.80604088306427,0.0,0.0,0.37,0.37,0.63,0.63,0.685,407,0,1100,693
0.8058555722236633,0.0,0.0,0.3709090909090909,0.3709090909090909,0.6290909090909091,0.6290909090909091,0.6854545454545454,408,0,1100,692
0.8053877949714661,0.0,0.0,0.3718181818181818,0.3718181818181818,0.6281818181818182,0.6281818181818182,0.6859090909090909,409,0,1100,691
0.804776132106781,0.0,0.0,0.37272727272727274,0.37272727272727274,0.6272727272727273,0.6272727272727273,0.6863636363636364,410,0,1100,690
0.8046459555625916,0.0,0.0,0.37363636363636366,0.37363636363636366,0.6263636363636363,0.6263636363636363,0.6868181818181818,411,0,1100,689
0.8045206069946289,0.0,0.0,0.37454545454545457,0.37454545454545457,0.6254545454545455,0.6254545454545455,0.6872727272727273,412,0,1100,688
0.8044325113296509,0.0,0.0,0.37545454545454543,0.37545454545454543,0.6245454545454545,0.6245454545454545,0.6877272727272727,413,0,1100,687
0.8041269183158875,0.0,0.0,0.37636363636363634,0.37636363636363634,0.6236363636363637,0.6236363636363637,0.6881818181818182,414,0,1100,686
0.8038852214813232,0.0,0.0,0.37727272727272726,0.37727272727272726,0.6227272727272727,0.6227272727272727,0.6886363636363636,415,0,1100,685
0.8037707209587097,0.0,0.0,0.3781818181818182,0.3781818181818182,0.6218181818181818,0.6218181818181818,0.6890909090909091,416,0,1100,684
0.8036490678787231,0.0,0.0,0.3790909090909091,0.3790909090909091,0.6209090909090909,0.6209090909090909,0.6895454545454546,417,0,1100,683
0.8035308718681335,0.0,0.0,0.38,0.38,0.62,0.62,0.69,418,0,1100,682
0.8033124804496765,0.0,0.0,0.3809090909090909,0.3809090909090909,0.6190909090909091,0.6190909090909091,0.6904545454545454,419,0,1100,681
0.8031154870986938,0.0,0.0,0.38181818181818183,0.38181818181818183,0.6181818181818182,0.6181818181818182,0.6909090909090909,420,0,1100,680
0.8027733564376831,0.0,0.0,0.38272727272727275,0.38272727272727275,0.6172727272727273,0.6172727272727273,0.6913636363636364,421,0,1100,679
0.8025861382484436,0.0,0.0,0.3836363636363636,0.3836363636363636,0.6163636363636363,0.6163636363636363,0.6918181818181818,422,0,1100,678
0.802046537399292,0.0,0.0,0.3845454545454545,0.3845454545454545,0.6154545454545455,0.6154545454545455,0.6922727272727273,423,0,1100,677
0.8017114400863647,0.0,0.0,0.38545454545454544,0.38545454545454544,0.6145454545454545,0.6145454545454545,0.6927272727272727,424,0,1100,676
0.8016020059585571,0.0,0.0,0.38636363636363635,0.38636363636363635,0.6136363636363636,0.6136363636363636,0.6931818181818182,425,0,1100,675
0.8013571500778198,0.0,0.0,0.38727272727272727,0.38727272727272727,0.6127272727272727,0.6127272727272727,0.6936363636363636,426,0,1100,674
0.8011741042137146,0.0,0.0,0.3881818181818182,0.3881818181818182,0.6118181818181818,0.6118181818181818,0.6940909090909091,427,0,1100,673
0.801155686378479,0.0,0.0,0.3890909090909091,0.3890909090909091,0.610909090909091,0.610909090909091,0.6945454545454546,428,0,1100,672
0.8010258078575134,0.0,0.0,0.39,0.39,0.61,0.61,0.695,429,0,1100,671
0.800987958908081,0.0,0.0,0.39090909090909093,0.39090909090909093,0.6090909090909091,0.6090909090909091,0.6954545454545454,430,0,1100,670
0.8008428812026978,0.0,0.0,0.39181818181818184,0.39181818181818184,0.6081818181818182,0.6081818181818182,0.6959090909090909,431,0,1100,669
0.8006247282028198,0.0,0.0,0.3927272727272727,0.3927272727272727,0.6072727272727273,0.6072727272727273,0.6963636363636364,432,0,1100,668
0.8005322217941284,0.0,0.0,0.3936363636363636,0.3936363636363636,0.6063636363636363,0.6063636363636363,0.6968181818181818,433,0,1100,667
0.7999380826950073,0.0,0.0,0.39454545454545453,0.39454545454545453,0.6054545454545455,0.6054545454545455,0.6972727272727273,434,0,1100,666
0.7994726896286011,0.0,0.0,0.39545454545454545,0.39545454545454545,0.6045454545454545,0.6045454545454545,0.6977272727272728,435,0,1100,665
0.7994716167449951,0.0,0.0,0.39636363636363636,0.39636363636363636,0.6036363636363636,0.6036363636363636,0.6981818181818182,436,0,1100,664
0.7992600202560425,0.0,0.0,0.3972727272727273,0.3972727272727273,0.6027272727272728,0.6027272727272728,0.6986363636363636,437,0,1100,663
0.7990787625312805,0.0,0.0,0.3981818181818182,0.3981818181818182,0.6018181818181818,0.6018181818181818,0.6990909090909091,438,0,1100,662
0.7989016771316528,0.0,0.0,0.3990909090909091,0.3990909090909091,0.600909090909091,0.600909090909091,0.6995454545454546,439,0,1100,661
0.7988921403884888,0.0,0.0,0.4,0.4,0.6,0.6,0.7,440,0,1100,660
0.7988841533660889,0.0,0.0,0.4009090909090909,0.4009090909090909,0.5990909090909091,0.5990909090909091,0.7004545454545454,441,0,1100,659
0.7984445095062256,0.0,0.0,0.4018181818181818,0.4018181818181818,0.5981818181818181,0.5981818181818181,0.7009090909090909,442,0,1100,658
0.7983930110931396,0.0,0.0,0.4027272727272727,0.4027272727272727,0.5972727272727273,0.5972727272727273,0.7013636363636364,443,0,1100,657
0.7981405854225159,0.0,0.0,0.4036363636363636,0.4036363636363636,0.5963636363636363,0.5963636363636363,0.7018181818181818,444,0,1100,656
0.7980018258094788,0.0,0.0,0.40454545454545454,0.40454545454545454,0.5954545454545455,0.5954545454545455,0.7022727272727273,445,0,1100,655
0.7979704141616821,0.0,0.0,0.40545454545454546,0.40545454545454546,0.5945454545454546,0.5945454545454546,0.7027272727272728,446,0,1100,654
0.7975437641143799,0.0,0.0,0.40636363636363637,0.40636363636363637,0.5936363636363636,0.5936363636363636,0.7031818181818181,447,0,1100,653
0.797328531742096,0.0,0.0,0.4072727272727273,0.4072727272727273,0.5927272727272728,0.5927272727272728,0.7036363636363636,448,0,1100,652
0.7971604466438293,0.0,0.0,0.4081818181818182,0.4081818181818182,0.5918181818181818,0.5918181818181818,0.7040909090909091,449,0,1100,651
0.7970476746559143,0.0,0.0,0.4090909090909091,0.4090909090909091,0.5909090909090909,0.5909090909090909,0.7045454545454546,450,0,1100,650
0.7967462539672852,0.0,0.0,0.41,0.41,0.59,0.59,0.705,451,0,1100,649
0.7963768839836121,0.0,0.0,0.4109090909090909,0.4109090909090909,0.5890909090909091,0.5890909090909091,0.7054545454545454,452,0,1100,648
0.7962598204612732,0.0,0.0,0.4118181818181818,0.4118181818181818,0.5881818181818181,0.5881818181818181,0.7059090909090909,453,0,1100,647
0.7960681915283203,0.0,0.0,0.4127272727272727,0.4127272727272727,0.5872727272727273,0.5872727272727273,0.7063636363636364,454,0,1100,646
0.7958282232284546,0.0,0.0,0.41363636363636364,0.41363636363636364,0.5863636363636363,0.5863636363636363,0.7068181818181818,455,0,1100,645
0.7954844236373901,0.0,0.0,0.41454545454545455,0.41454545454545455,0.5854545454545454,0.5854545454545454,0.7072727272727273,456,0,1100,644
0.794901430606842,0.0,0.0,0.41545454545454547,0.41545454545454547,0.5845454545454546,0.5845454545454546,0.7077272727272728,457,0,1100,643
0.7946392893791199,0.0,0.0,0.4163636363636364,0.4163636363636364,0.5836363636363636,0.5836363636363636,0.7081818181818181,458,0,1100,642
0.794248104095459,0.0,0.0,0.4172727272727273,0.4172727272727273,0.5827272727272728,0.5827272727272728,0.7086363636363636,459,0,1100,641
0.794176459312439,0.0,0.0,0.41818181818181815,0.41818181818181815,0.5818181818181818,0.5818181818181818,0.7090909090909091,460,0,1100,640
0.7940385341644287,0.0,0.0,0.41909090909090907,0.41909090909090907,0.5809090909090909,0.5809090909090909,0.7095454545454546,461,0,1100,639
0.7939565181732178,0.0,0.0,0.42,0.42,0.58,0.58,0.71,462,0,1100,638
0.7936527729034424,0.0,0.0,0.4209090909090909,0.4209090909090909,0.5790909090909091,0.5790909090909091,0.7104545454545454,463,0,1100,637
0.7936051487922668,0.0,0.0,0.4218181818181818,0.4218181818181818,0.5781818181818181,0.5781818181818181,0.7109090909090909,464,0,1100,636
0.7935549020767212,0.0,0.0,0.42272727272727273,0.42272727272727273,0.5772727272727273,0.5772727272727273,0.7113636363636363,465,0,1100,635
0.7935314178466797,0.0,0.0,0.42363636363636364,0.42363636363636364,0.5763636363636364,0.5763636363636364,0.7118181818181818,466,0,1100,634
0.7934495210647583,0.0,0.0,0.42454545454545456,0.42454545454545456,0.5754545454545454,0.5754545454545454,0.7122727272727273,467,0,1100,633
0.7933192849159241,0.0,0.0,0.4254545454545455,0.4254545454545455,0.5745454545454546,0.5745454545454546,0.7127272727272728,468,0,1100,632
0.7932962775230408,0.0,0.0,0.4263636363636364,0.4263636363636364,0.5736363636363636,0.5736363636363636,0.7131818181818181,469,0,1100,631
0.7931744456291199,0.0,0.0,0.42727272727272725,0.42727272727272725,0.5727272727272728,0.5727272727272728,0.7136363636363636,470,0,1100,630
0.7923840284347534,0.0,0.0,0.42818181818181816,0.42818181818181816,0.5718181818181818,0.5718181818181818,0.7140909090909091,471,0,1100,629
0.7923586368560791,0.0,0.0,0.4290909090909091,0.4290909090909091,0.5709090909090909,0.5709090909090909,0.7145454545454546,472,0,1100,628
0.791868269443512,0.0,0.0,0.43,0.43,0.57,0.57,0.715,473,0,1100,627
0.7913682460784912,0.0,0.0,0.4309090909090909,0.4309090909090909,0.5690909090909091,0.5690909090909091,0.7154545454545455,474,0,1100,626
0.7909361124038696,0.0,0.0,0.4318181818181818,0.4318181818181818,0.5681818181818182,0.5681818181818182,0.7159090909090909,475,0,1100,625
0.7907133102416992,0.0,0.0,0.43272727272727274,0.43272727272727274,0.5672727272727273,0.5672727272727273,0.7163636363636363,476,0,1100,624
0.7904905676841736,0.0,0.0,0.43363636363636365,0.43363636363636365,0.5663636363636364,0.5663636363636364,0.7168181818181818,477,0,1100,623
0.7904350757598877,0.0,0.0,0.43454545454545457,0.43454545454545457,0.5654545454545454,0.5654545454545454,0.7172727272727273,478,0,1100,622
0.789997935295105,0.0,0.0,0.4354545454545454,0.4354545454545454,0.5645454545454546,0.5645454545454546,0.7177272727272728,479,0,1100,621
0.7897427082061768,0.0,0.0,0.43636363636363634,0.43636363636363634,0.5636363636363636,0.5636363636363636,0.7181818181818181,480,0,1100,620
0.7891861796379089,0.0,0.0,0.43727272727272726,0.43727272727272726,0.5627272727272727,0.5627272727272727,0.7186363636363636,481,0,1100,619
0.7887386679649353,0.0,0.0,0.4381818181818182,0.4381818181818182,0.5618181818181818,0.5618181818181818,0.7190909090909091,482,0,1100,618
0.7886410355567932,0.0,0.0,0.4390909090909091,0.4390909090909091,0.5609090909090909,0.5609090909090909,0.7195454545454546,483,0,1100,617
0.7886309623718262,0.0,0.0,0.44,0.44,0.56,0.56,0.72,484,0,1100,616
0.7882132530212402,0.0,0.0,0.4409090909090909,0.4409090909090909,0.5590909090909091,0.5590909090909091,0.7204545454545455,485,0,1100,615
0.7879841327667236,0.0,0.0,0.44181818181818183,0.44181818181818183,0.5581818181818182,0.5581818181818182,0.7209090909090909,486,0,1100,614
0.7876828908920288,0.0,0.0,0.44272727272727275,0.44272727272727275,0.5572727272727273,0.5572727272727273,0.7213636363636363,487,0,1100,613
0.7876808643341064,0.0,0.0,0.44363636363636366,0.44363636363636366,0.5563636363636364,0.5563636363636364,0.7218181818181818,488,0,1100,612
0.7875970602035522,0.0,0.0,0.4445454545454545,0.4445454545454545,0.5554545454545454,0.5554545454545454,0.7222727272727273,489,0,1100,611
0.7871112823486328,0.0,0.0,0.44545454545454544,0.44545454545454544,0.5545454545454546,0.5545454545454546,0.7227272727272728,490,0,1100,610
0.787021279335022,0.0,0.0,0.44636363636363635,0.44636363636363635,0.5536363636363636,0.5536363636363636,0.7231818181818181,491,0,1100,609
0.7869716882705688,0.0,0.0,0.44727272727272727,0.44727272727272727,0.5527272727272727,0.5527272727272727,0.7236363636363636,492,0,1100,608
0.7865160703659058,0.0,0.0,0.4481818181818182,0.4481818181818182,0.5518181818181818,0.5518181818181818,0.7240909090909091,493,0,1100,607
0.7859642505645752,0.0,0.0,0.4490909090909091,0.4490909090909091,0.5509090909090909,0.5509090909090909,0.7245454545454545,494,0,1100,606
0.7859482765197754,0.0,0.0,0.45,0.45,0.55,0.55,0.725,495,0,1100,605
0.7859223484992981,0.0,0.0,0.4509090909090909,0.4509090909090909,0.5490909090909091,0.5490909090909091,0.7254545454545455,496,0,1100,604
0.7857008576393127,0.0,0.0,0.45181818181818184,0.45181818181818184,0.5481818181818182,0.5481818181818182,0.725909090909091,497,0,1100,603
0.7851158976554871,0.0,0.0,0.4527272727272727,0.4527272727272727,0.5472727272727272,0.5472727272727272,0.7263636363636363,498,0,1100,602
0.7849987745285034,0.0,0.0,0.4536363636363636,0.4536363636363636,0.5463636363636364,0.5463636363636364,0.7268181818181818,499,0,1100,601
0.7849277853965759,0.0,0.0,0.45454545454545453,0.45454545454545453,0.5454545454545454,0.5454545454545454,0.7272727272727273,500,0,1100,600
0.7848411798477173,0.0,0.0,0.45545454545454545,0.45545454545454545,0.5445454545454546,0.5445454545454546,0.7277272727272728,501,0,1100,599
0.784626841545105,0.0,0.0,0.45636363636363636,0.45636363636363636,0.5436363636363636,0.5436363636363636,0.7281818181818182,502,0,1100,598
0.7845389246940613,0.0,0.0,0.4572727272727273,0.4572727272727273,0.5427272727272727,0.5427272727272727,0.7286363636363636,503,0,1100,597
0.7839356064796448,0.0,0.0,0.4581818181818182,0.4581818181818182,0.5418181818181819,0.5418181818181819,0.7290909090909091,504,0,1100,596
0.7839256525039673,0.0,0.0,0.4590909090909091,0.4590909090909091,0.5409090909090909,0.5409090909090909,0.7295454545454545,505,0,1100,595
0.7838312983512878,0.0,0.0,0.46,0.46,0.54,0.54,0.73,506,0,1100,594
0.7833446264266968,0.0,0.0,0.46090909090909093,0.46090909090909093,0.5390909090909091,0.5390909090909091,0.7304545454545455,507,0,1100,593
0.7832772135734558,0.0,0.0,0.4618181818181818,0.4618181818181818,0.5381818181818182,0.5381818181818182,0.730909090909091,508,0,1100,592
0.7830163836479187,0.0,0.0,0.4627272727272727,0.4627272727272727,0.5372727272727272,0.5372727272727272,0.7313636363636363,509,0,1100,591
0.7830142378807068,0.0,0.0,0.4636363636363636,0.4636363636363636,0.5363636363636364,0.5363636363636364,0.7318181818181818,510,0,1100,590
0.7824491262435913,0.0,0.0,0.46454545454545454,0.46454545454545454,0.5354545454545454,0.5354545454545454,0.7322727272727273,511,0,1100,589
0.7823476791381836,0.0,0.0,0.46545454545454545,0.46545454545454545,0.5345454545454545,0.5345454545454545,0.7327272727272728,512,0,1100,588
0.7819007635116577,0.0,0.0,0.46636363636363637,0.46636363636363637,0.5336363636363637,0.5336363636363637,0.7331818181818182,513,0,1100,587
0.7816831469535828,0.0,0.0,0.4672727272727273,0.4672727272727273,0.5327272727272727,0.5327272727272727,0.7336363636363636,514,0,1100,586
0.7815821170806885,0.0,0.0,0.4681818181818182,0.4681818181818182,0.5318181818181819,0.5318181818181819,0.7340909090909091,515,0,1100,585
0.7813611030578613,0.0,0.0,0.4690909090909091,0.4690909090909091,0.5309090909090909,0.5309090909090909,0.7345454545454545,516,0,1100,584
0.7812878489494324,0.0,0.0,0.47,0.47,0.53,0.53,0.735,517,0,1100,583
0.781157374382019,0.0,0.0,0.4709090909090909,0.4709090909090909,0.5290909090909091,0.5290909090909091,0.7354545454545455,518,0,1100,582
0.7810604572296143,0.0,0.0,0.4718181818181818,0.4718181818181818,0.5281818181818182,0.5281818181818182,0.735909090909091,519,0,1100,581
0.7809180021286011,0.0,0.0,0.4727272727272727,0.4727272727272727,0.5272727272727272,0.5272727272727272,0.7363636363636363,520,0,1100,580
0.7808009386062622,0.0,0.0,0.47363636363636363,0.47363636363636363,0.5263636363636364,0.5263636363636364,0.7368181818181818,521,0,1100,579
0.7805361151695251,0.0,0.0,0.47454545454545455,0.47454545454545455,0.5254545454545455,0.5254545454545455,0.7372727272727273,522,0,1100,578
0.7805153131484985,0.0,0.0,0.47545454545454546,0.47545454545454546,0.5245454545454545,0.5245454545454545,0.7377272727272727,523,0,1100,577
0.7804462313652039,0.0,0.0,0.4763636363636364,0.4763636363636364,0.5236363636363637,0.5236363636363637,0.7381818181818182,524,0,1100,576
0.7802664041519165,0.0,0.0,0.4772727272727273,0.4772727272727273,0.5227272727272727,0.5227272727272727,0.7386363636363636,525,0,1100,575
0.7802399396896362,0.0,0.0,0.4781818181818182,0.4781818181818182,0.5218181818181818,0.5218181818181818,0.7390909090909091,526,0,1100,574
0.7801382541656494,0.0,0.0,0.47909090909090907,0.47909090909090907,0.5209090909090909,0.5209090909090909,0.7395454545454545,527,0,1100,573
0.7794115543365479,0.0,0.0,0.48,0.48,0.52,0.52,0.74,528,0,1100,572
0.7793329954147339,0.0,0.0,0.4809090909090909,0.4809090909090909,0.519090909090909,0.519090909090909,0.7404545454545455,529,0,1100,571
0.7790945768356323,0.0,0.0,0.4818181818181818,0.4818181818181818,0.5181818181818182,0.5181818181818182,0.740909090909091,530,0,1100,570
0.778438925743103,0.0,0.0,0.4827272727272727,0.4827272727272727,0.5172727272727272,0.5172727272727272,0.7413636363636363,531,0,1100,569
0.7782677412033081,0.0,0.0,0.48363636363636364,0.48363636363636364,0.5163636363636364,0.5163636363636364,0.7418181818181818,532,0,1100,568
0.7782233357429504,0.0,0.0,0.48454545454545456,0.48454545454545456,0.5154545454545455,0.5154545454545455,0.7422727272727273,533,0,1100,567
0.7778850197792053,0.0,0.0,0.48545454545454547,0.48545454545454547,0.5145454545454545,0.5145454545454545,0.7427272727272727,534,0,1100,566
0.7770670652389526,0.0,0.0,0.4863636363636364,0.4863636363636364,0.5136363636363637,0.5136363636363637,0.7431818181818182,535,0,1100,565
0.7767965197563171,0.0,0.0,0.48727272727272725,0.48727272727272725,0.5127272727272727,0.5127272727272727,0.7436363636363637,536,0,1100,564
0.7766221165657043,0.0,0.0,0.48818181818181816,0.48818181818181816,0.5118181818181818,0.5118181818181818,0.7440909090909091,537,0,1100,563
0.7764333486557007,0.0,0.0,0.4890909090909091,0.4890909090909091,0.5109090909090909,0.5109090909090909,0.7445454545454545,538,0,1100,562
0.7757319808006287,0.0,0.0,0.49,0.49,0.51,0.51,0.745,539,0,1100,561
0.775370717048645,0.0,0.0,0.4909090909090909,0.4909090909090909,0.509090909090909,0.509090909090909,0.7454545454545455,540,0,1100,560
0.7747236490249634,0.0,0.0,0.4918181818181818,0.4918181818181818,0.5081818181818182,0.5081818181818182,0.7459090909090909,541,0,1100,559
0.7744272947311401,0.0,0.0,0.49272727272727274,0.49272727272727274,0.5072727272727273,0.5072727272727273,0.7463636363636363,542,0,1100,558
0.7743990421295166,0.0,0.0,0.49363636363636365,0.49363636363636365,0.5063636363636363,0.5063636363636363,0.7468181818181818,543,0,1100,557
0.7742227911949158,0.0,0.0,0.49454545454545457,0.49454545454545457,0.5054545454545455,0.5054545454545455,0.7472727272727273,544,0,1100,556
0.774186909198761,0.0,0.0,0.4954545454545455,0.4954545454545455,0.5045454545454545,0.5045454545454545,0.7477272727272727,545,0,1100,555
0.7739808559417725,0.0,0.0,0.49636363636363634,0.49636363636363634,0.5036363636363637,0.5036363636363637,0.7481818181818182,546,0,1100,554
0.7734013795852661,0.0,0.0,0.49727272727272726,0.49727272727272726,0.5027272727272727,0.5027272727272727,0.7486363636363637,547,0,1100,553
0.7729899287223816,0.0,0.0,0.49818181818181817,0.49818181818181817,0.5018181818181818,0.5018181818181818,0.7490909090909091,548,0,1100,552
0.7727203965187073,0.0,0.0,0.4990909090909091,0.4990909090909091,0.5009090909090909,0.5009090909090909,0.7495454545454545,549,0,1100,551
0.7727193236351013,0.0,0.0,0.5,0.5,0.5,0.5,0.75,550,0,1100,550
0.7726544141769409,0.0,0.0,0.5009090909090909,0.5009090909090909,0.4990909090909091,0.4990909090909091,0.7504545454545455,551,0,1100,549
0.7726330757141113,0.0,0.0,0.5018181818181818,0.5018181818181818,0.49818181818181817,0.49818181818181817,0.7509090909090909,552,0,1100,548
0.7724250555038452,0.0,0.0,0.5027272727272727,0.5027272727272727,0.49727272727272726,0.49727272727272726,0.7513636363636363,553,0,1100,547
0.7722542881965637,0.0,0.0,0.5036363636363637,0.5036363636363637,0.49636363636363634,0.49636363636363634,0.7518181818181818,554,0,1100,546
0.7719260454177856,0.0,0.0,0.5045454545454545,0.5045454545454545,0.4954545454545455,0.4954545454545455,0.7522727272727273,555,0,1100,545
0.7718557119369507,0.0,0.0,0.5054545454545455,0.5054545454545455,0.49454545454545457,0.49454545454545457,0.7527272727272727,556,0,1100,544
0.7715069055557251,0.0,0.0,0.5063636363636363,0.5063636363636363,0.49363636363636365,0.49363636363636365,0.7531818181818182,557,0,1100,543
0.7712715864181519,0.0,0.0,0.5072727272727273,0.5072727272727273,0.49272727272727274,0.49272727272727274,0.7536363636363637,558,0,1100,542
0.7711561918258667,0.0,0.0,0.5081818181818182,0.5081818181818182,0.4918181818181818,0.4918181818181818,0.7540909090909091,559,0,1100,541
0.770897388458252,0.0,0.0,0.509090909090909,0.509090909090909,0.4909090909090909,0.4909090909090909,0.7545454545454545,560,0,1100,540
0.7705786228179932,0.0,0.0,0.51,0.51,0.49,0.49,0.755,561,0,1100,539
0.7704043984413147,0.0,0.0,0.5109090909090909,0.5109090909090909,0.4890909090909091,0.4890909090909091,0.7554545454545455,562,0,1100,538
0.770268976688385,0.0,0.0,0.5118181818181818,0.5118181818181818,0.48818181818181816,0.48818181818181816,0.7559090909090909,563,0,1100,537
0.7700805068016052,0.0,0.0,0.5127272727272727,0.5127272727272727,0.48727272727272725,0.48727272727272725,0.7563636363636363,564,0,1100,536
0.769403338432312,0.0,0.0,0.5136363636363637,0.5136363636363637,0.4863636363636364,0.4863636363636364,0.7568181818181818,565,0,1100,535
0.7693756222724915,0.0,0.0,0.5145454545454545,0.5145454545454545,0.48545454545454547,0.48545454545454547,0.7572727272727273,566,0,1100,534
0.7682874202728271,0.0,0.0,0.5154545454545455,0.5154545454545455,0.48454545454545456,0.48454545454545456,0.7577272727272727,567,0,1100,533
0.7682660222053528,0.0,0.0,0.5163636363636364,0.5163636363636364,0.48363636363636364,0.48363636363636364,0.7581818181818182,568,0,1100,532
0.7680460810661316,0.0,0.0,0.5172727272727272,0.5172727272727272,0.4827272727272727,0.4827272727272727,0.7586363636363637,569,0,1100,531
0.7679160237312317,0.0,0.0,0.5181818181818182,0.5181818181818182,0.4818181818181818,0.4818181818181818,0.759090909090909,570,0,1100,530
0.7673362493515015,0.0,0.0,0.519090909090909,0.519090909090909,0.4809090909090909,0.4809090909090909,0.7595454545454545,571,0,1100,529
0.7672044038772583,0.0,0.0,0.52,0.52,0.48,0.48,0.76,572,0,1100,528
0.766619861125946,0.0,0.0,0.5209090909090909,0.5209090909090909,0.47909090909090907,0.47909090909090907,0.7604545454545455,573,0,1100,527
0.7665339708328247,0.0,0.0,0.5218181818181818,0.5218181818181818,0.4781818181818182,0.4781818181818182,0.7609090909090909,574,0,1100,526
0.7663167715072632,0.0,0.0,0.5227272727272727,0.5227272727272727,0.4772727272727273,0.4772727272727273,0.7613636363636364,575,0,1100,525
0.7661540508270264,0.0,0.0,0.5236363636363637,0.5236363636363637,0.4763636363636364,0.4763636363636364,0.7618181818181818,576,0,1100,524
0.7654261589050293,0.0,0.0,0.5245454545454545,0.5245454545454545,0.47545454545454546,0.47545454545454546,0.7622727272727273,577,0,1100,523
0.7653390169143677,0.0,0.0,0.5254545454545455,0.5254545454545455,0.47454545454545455,0.47454545454545455,0.7627272727272727,578,0,1100,522
0.7652262449264526,0.0,0.0,0.5263636363636364,0.5263636363636364,0.47363636363636363,0.47363636363636363,0.7631818181818182,579,0,1100,521
0.764760434627533,0.0,0.0,0.5272727272727272,0.5272727272727272,0.4727272727272727,0.4727272727272727,0.7636363636363637,580,0,1100,520
0.7646538019180298,0.0,0.0,0.5281818181818182,0.5281818181818182,0.4718181818181818,0.4718181818181818,0.764090909090909,581,0,1100,519
0.7640630602836609,0.0,0.0,0.5290909090909091,0.5290909090909091,0.4709090909090909,0.4709090909090909,0.7645454545454545,582,0,1100,518
0.7639407515525818,0.0,0.0,0.53,0.53,0.47,0.47,0.765,583,0,1100,517
0.7636935710906982,0.0,0.0,0.5309090909090909,0.5309090909090909,0.4690909090909091,0.4690909090909091,0.7654545454545455,584,0,1100,516
0.7636575102806091,0.0,0.0,0.5318181818181819,0.5318181818181819,0.4681818181818182,0.4681818181818182,0.7659090909090909,585,0,1100,515
0.7636190056800842,0.0,0.0,0.5327272727272727,0.5327272727272727,0.4672727272727273,0.4672727272727273,0.7663636363636364,586,0,1100,514
0.7635872960090637,0.0,0.0,0.5336363636363637,0.5336363636363637,0.46636363636363637,0.46636363636363637,0.7668181818181818,587,0,1100,513
0.763116717338562,0.0,0.0,0.5345454545454545,0.5345454545454545,0.46545454545454545,0.46545454545454545,0.7672727272727272,588,0,1100,512
0.7630711793899536,0.0,0.0,0.5354545454545454,0.5354545454545454,0.46454545454545454,0.46454545454545454,0.7677272727272727,589,0,1100,511
0.763037919998169,0.0,0.0,0.5363636363636364,0.5363636363636364,0.4636363636363636,0.4636363636363636,0.7681818181818182,590,0,1100,510
0.7628832459449768,0.0,0.0,0.5372727272727272,0.5372727272727272,0.4627272727272727,0.4627272727272727,0.7686363636363637,591,0,1100,509
0.7628753185272217,0.0,0.0,0.5381818181818182,0.5381818181818182,0.4618181818181818,0.4618181818181818,0.769090909090909,592,0,1100,508
0.7624806761741638,0.0,0.0,0.5390909090909091,0.5390909090909091,0.46090909090909093,0.46090909090909093,0.7695454545454545,593,0,1100,507
0.7624701261520386,0.0,0.0,0.54,0.54,0.46,0.46,0.77,594,0,1100,506
0.761894702911377,0.0,0.0,0.5409090909090909,0.5409090909090909,0.4590909090909091,0.4590909090909091,0.7704545454545455,595,0,1100,505
0.7616228461265564,0.0,0.0,0.5418181818181819,0.5418181818181819,0.4581818181818182,0.4581818181818182,0.7709090909090909,596,0,1100,504
0.7611322402954102,0.0,0.0,0.5427272727272727,0.5427272727272727,0.4572727272727273,0.4572727272727273,0.7713636363636364,597,0,1100,503
0.7607340812683105,0.0,0.0,0.5436363636363636,0.5436363636363636,0.45636363636363636,0.45636363636363636,0.7718181818181818,598,0,1100,502
0.7606706619262695,0.0,0.0,0.5445454545454546,0.5445454545454546,0.45545454545454545,0.45545454545454545,0.7722727272727272,599,0,1100,501
0.7606695294380188,0.0,0.0,0.5454545454545454,0.5454545454545454,0.45454545454545453,0.45454545454545453,0.7727272727272727,600,0,1100,500
0.760215163230896,0.0,0.0,0.5463636363636364,0.5463636363636364,0.4536363636363636,0.4536363636363636,0.7731818181818182,601,0,1100,499
0.7595638036727905,0.0,0.0,0.5472727272727272,0.5472727272727272,0.4527272727272727,0.4527272727272727,0.7736363636363637,602,0,1100,498
0.7593650817871094,0.0,0.0,0.5481818181818182,0.5481818181818182,0.45181818181818184,0.45181818181818184,0.774090909090909,603,0,1100,497
0.7588770389556885,0.0,0.0,0.5490909090909091,0.5490909090909091,0.4509090909090909,0.4509090909090909,0.7745454545454545,604,0,1100,496
0.7587472796440125,0.0,0.0,0.55,0.55,0.45,0.45,0.775,605,0,1100,495
0.7585450410842896,0.0,0.0,0.5509090909090909,0.5509090909090909,0.4490909090909091,0.4490909090909091,0.7754545454545455,606,0,1100,494
0.7576116323471069,0.0,0.0,0.5518181818181818,0.5518181818181818,0.4481818181818182,0.4481818181818182,0.7759090909090909,607,0,1100,493
0.7564474940299988,0.0,0.0,0.5527272727272727,0.5527272727272727,0.44727272727272727,0.44727272727272727,0.7763636363636364,608,0,1100,492
0.7562320828437805,0.0,0.0,0.5536363636363636,0.5536363636363636,0.44636363636363635,0.44636363636363635,0.7768181818181819,609,0,1100,491
0.7556191682815552,0.0,0.0,0.5545454545454546,0.5545454545454546,0.44545454545454544,0.44545454545454544,0.7772727272727272,610,0,1100,490
0.7553704977035522,0.0,0.0,0.5554545454545454,0.5554545454545454,0.4445454545454545,0.4445454545454545,0.7777272727272727,611,0,1100,489
0.755276620388031,0.0,0.0,0.5563636363636364,0.5563636363636364,0.44363636363636366,0.44363636363636366,0.7781818181818182,612,0,1100,488
0.755272388458252,0.0,0.0,0.5572727272727273,0.5572727272727273,0.44272727272727275,0.44272727272727275,0.7786363636363637,613,0,1100,487
0.7552211284637451,0.0,0.0,0.5581818181818182,0.5581818181818182,0.44181818181818183,0.44181818181818183,0.7790909090909091,614,0,1100,486
0.7532057762145996,0.0,0.0,0.5590909090909091,0.5590909090909091,0.4409090909090909,0.4409090909090909,0.7795454545454545,615,0,1100,485
0.7521909475326538,0.0,0.0,0.56,0.56,0.44,0.44,0.78,616,0,1100,484
0.7520644068717957,0.0,0.0,0.5609090909090909,0.5609090909090909,0.4390909090909091,0.4390909090909091,0.7804545454545454,617,0,1100,483
0.751798689365387,0.0,0.0,0.5618181818181818,0.5618181818181818,0.4381818181818182,0.4381818181818182,0.7809090909090909,618,0,1100,482
0.7510950565338135,0.0,0.0,0.5627272727272727,0.5627272727272727,0.43727272727272726,0.43727272727272726,0.7813636363636364,619,0,1100,481
0.7509514689445496,0.0,0.0,0.5636363636363636,0.5636363636363636,0.43636363636363634,0.43636363636363634,0.7818181818181819,620,0,1100,480
0.750840425491333,0.0,0.0,0.5645454545454546,0.5645454545454546,0.4354545454545454,0.4354545454545454,0.7822727272727272,621,0,1100,479
0.7503696084022522,0.0,0.0,0.5654545454545454,0.5654545454545454,0.43454545454545457,0.43454545454545457,0.7827272727272727,622,0,1100,478
0.7499603033065796,0.0,0.0,0.5663636363636364,0.5663636363636364,0.43363636363636365,0.43363636363636365,0.7831818181818182,623,0,1100,477
0.7492536902427673,0.0,0.0,0.5672727272727273,0.5672727272727273,0.43272727272727274,0.43272727272727274,0.7836363636363637,624,0,1100,476
0.7490169405937195,0.0,0.0,0.5681818181818182,0.5681818181818182,0.4318181818181818,0.4318181818181818,0.7840909090909091,625,0,1100,475
0.7489387392997742,0.0,0.0,0.5690909090909091,0.5690909090909091,0.4309090909090909,0.4309090909090909,0.7845454545454545,626,0,1100,474
0.7488701939582825,0.0,0.0,0.57,0.57,0.43,0.43,0.785,627,0,1100,473
0.7488112449645996,0.0,0.0,0.5709090909090909,0.5709090909090909,0.4290909090909091,0.4290909090909091,0.7854545454545454,628,0,1100,472
0.7481276392936707,0.0,0.0,0.5718181818181818,0.5718181818181818,0.42818181818181816,0.42818181818181816,0.7859090909090909,629,0,1100,471
0.7480767369270325,0.0,0.0,0.5727272727272728,0.5727272727272728,0.42727272727272725,0.42727272727272725,0.7863636363636364,630,0,1100,470
0.7479731440544128,0.0,0.0,0.5736363636363636,0.5736363636363636,0.4263636363636364,0.4263636363636364,0.7868181818181819,631,0,1100,469
0.7475569248199463,0.0,0.0,0.5745454545454546,0.5745454545454546,0.4254545454545455,0.4254545454545455,0.7872727272727272,632,0,1100,468
0.7474800944328308,0.0,0.0,0.5754545454545454,0.5754545454545454,0.42454545454545456,0.42454545454545456,0.7877272727272727,633,0,1100,467
0.7467705607414246,0.0,0.0,0.5763636363636364,0.5763636363636364,0.42363636363636364,0.42363636363636364,0.7881818181818182,634,0,1100,466
0.7467103004455566,0.0,0.0,0.5772727272727273,0.5772727272727273,0.42272727272727273,0.42272727272727273,0.7886363636363637,635,0,1100,465
0.7466638088226318,0.0,0.0,0.5781818181818181,0.5781818181818181,0.4218181818181818,0.4218181818181818,0.7890909090909091,636,0,1100,464
0.7464675903320312,0.0,0.0,0.5790909090909091,0.5790909090909091,0.4209090909090909,0.4209090909090909,0.7895454545454546,637,0,1100,463
0.7464498281478882,0.0,0.0,0.58,0.58,0.42,0.42,0.79,638,0,1100,462
0.7461298108100891,0.0,0.0,0.5809090909090909,0.5809090909090909,0.41909090909090907,0.41909090909090907,0.7904545454545454,639,0,1100,461
0.7460824847221375,0.0,0.0,0.5818181818181818,0.5818181818181818,0.41818181818181815,0.41818181818181815,0.7909090909090909,640,0,1100,460
0.7455523610115051,0.0,0.0,0.5827272727272728,0.5827272727272728,0.4172727272727273,0.4172727272727273,0.7913636363636364,641,0,1100,459
0.745502233505249,0.0,0.0,0.5836363636363636,0.5836363636363636,0.4163636363636364,0.4163636363636364,0.7918181818181819,642,0,1100,458
0.7453888058662415,0.0,0.0,0.5845454545454546,0.5845454545454546,0.41545454545454547,0.41545454545454547,0.7922727272727272,643,0,1100,457
0.7446900010108948,0.0,0.0,0.5854545454545454,0.5854545454545454,0.41454545454545455,0.41454545454545455,0.7927272727272727,644,0,1100,456
0.7444583177566528,0.0,0.0,0.5863636363636363,0.5863636363636363,0.41363636363636364,0.41363636363636364,0.7931818181818182,645,0,1100,455
0.7437825202941895,0.0,0.0,0.5872727272727273,0.5872727272727273,0.4127272727272727,0.4127272727272727,0.7936363636363636,646,0,1100,454
0.7436314225196838,0.0,0.0,0.5881818181818181,0.5881818181818181,0.4118181818181818,0.4118181818181818,0.7940909090909091,647,0,1100,453
0.7435272336006165,0.0,0.0,0.5890909090909091,0.5890909090909091,0.4109090909090909,0.4109090909090909,0.7945454545454546,648,0,1100,452
0.7432936429977417,0.0,0.0,0.59,0.59,0.41,0.41,0.795,649,0,1100,451
0.7428465485572815,0.0,0.0,0.5909090909090909,0.5909090909090909,0.4090909090909091,0.4090909090909091,0.7954545454545454,650,0,1100,450
0.7425506114959717,0.0,0.0,0.5918181818181818,0.5918181818181818,0.4081818181818182,0.4081818181818182,0.7959090909090909,651,0,1100,449
0.7419798970222473,0.0,0.0,0.5927272727272728,0.5927272727272728,0.4072727272727273,0.4072727272727273,0.7963636363636364,652,0,1100,448
0.7412656545639038,0.0,0.0,0.5936363636363636,0.5936363636363636,0.40636363636363637,0.40636363636363637,0.7968181818181819,653,0,1100,447
0.7410460710525513,0.0,0.0,0.5945454545454546,0.5945454545454546,0.40545454545454546,0.40545454545454546,0.7972727272727272,654,0,1100,446
0.7402020692825317,0.0,0.0,0.5954545454545455,0.5954545454545455,0.40454545454545454,0.40454545454545454,0.7977272727272727,655,0,1100,445
0.7395055294036865,0.0,0.0,0.5963636363636363,0.5963636363636363,0.4036363636363636,0.4036363636363636,0.7981818181818182,656,0,1100,444
0.7393020987510681,0.0,0.0,0.5972727272727273,0.5972727272727273,0.4027272727272727,0.4027272727272727,0.7986363636363636,657,0,1100,443
0.7392438054084778,0.0,0.0,0.5981818181818181,0.5981818181818181,0.4018181818181818,0.4018181818181818,0.7990909090909091,658,0,1100,442
0.7386887073516846,0.0,0.0,0.5990909090909091,0.5990909090909091,0.4009090909090909,0.4009090909090909,0.7995454545454546,659,0,1100,441
0.7386384010314941,0.0,0.0,0.6,0.6,0.4,0.4,0.8,660,0,1100,440
0.7383237481117249,0.0,0.0,0.600909090909091,0.600909090909091,0.3990909090909091,0.3990909090909091,0.8004545454545454,661,0,1100,439
0.7380334734916687,0.0,0.0,0.6018181818181818,0.6018181818181818,0.3981818181818182,0.3981818181818182,0.8009090909090909,662,0,1100,438
0.7380203008651733,0.0,0.0,0.6027272727272728,0.6027272727272728,0.3972727272727273,0.3972727272727273,0.8013636363636364,663,0,1100,437
0.7379465103149414,0.0,0.0,0.6036363636363636,0.6036363636363636,0.39636363636363636,0.39636363636363636,0.8018181818181818,664,0,1100,436
0.7378829717636108,0.0,0.0,0.6045454545454545,0.6045454545454545,0.39545454545454545,0.39545454545454545,0.8022727272727272,665,0,1100,435
0.7378556728363037,0.0,0.0,0.6054545454545455,0.6054545454545455,0.39454545454545453,0.39454545454545453,0.8027272727272727,666,0,1100,434
0.7378370761871338,0.0,0.0,0.6063636363636363,0.6063636363636363,0.3936363636363636,0.3936363636363636,0.8031818181818182,667,0,1100,433
0.7373490929603577,0.0,0.0,0.6072727272727273,0.6072727272727273,0.3927272727272727,0.3927272727272727,0.8036363636363636,668,0,1100,432
0.7369175553321838,0.0,0.0,0.6081818181818182,0.6081818181818182,0.39181818181818184,0.39181818181818184,0.8040909090909091,669,0,1100,431
0.7365841269493103,0.0,0.0,0.6090909090909091,0.6090909090909091,0.39090909090909093,0.39090909090909093,0.8045454545454546,670,0,1100,430
0.7365390062332153,0.0,0.0,0.61,0.61,0.39,0.39,0.805,671,0,1100,429
0.7364864945411682,0.0,0.0,0.610909090909091,0.610909090909091,0.3890909090909091,0.3890909090909091,0.8054545454545454,672,0,1100,428
0.7362109422683716,0.0,0.0,0.6118181818181818,0.6118181818181818,0.3881818181818182,0.3881818181818182,0.8059090909090909,673,0,1100,427
0.735898494720459,0.0,0.0,0.6127272727272727,0.6127272727272727,0.38727272727272727,0.38727272727272727,0.8063636363636364,674,0,1100,426
0.7358717918395996,0.0,0.0,0.6136363636363636,0.6136363636363636,0.38636363636363635,0.38636363636363635,0.8068181818181818,675,0,1100,425
0.7355924248695374,0.0,0.0,0.6145454545454545,0.6145454545454545,0.38545454545454544,0.38545454545454544,0.8072727272727273,676,0,1100,424
0.7344308495521545,0.0,0.0,0.6154545454545455,0.6154545454545455,0.3845454545454545,0.3845454545454545,0.8077272727272727,677,0,1100,423
0.7343147397041321,0.0,0.0,0.6163636363636363,0.6163636363636363,0.3836363636363636,0.3836363636363636,0.8081818181818182,678,0,1100,422
0.7342893481254578,0.0,0.0,0.6172727272727273,0.6172727272727273,0.38272727272727275,0.38272727272727275,0.8086363636363636,679,0,1100,421
0.7337924242019653,0.0,0.0,0.6181818181818182,0.6181818181818182,0.38181818181818183,0.38181818181818183,0.8090909090909091,680,0,1100,420
0.7336050868034363,0.0,0.0,0.6190909090909091,0.6190909090909091,0.3809090909090909,0.3809090909090909,0.8095454545454546,681,0,1100,419
0.7334092855453491,0.0,0.0,0.62,0.62,0.38,0.38,0.81,682,0,1100,418
0.7333706021308899,0.0,0.0,0.6209090909090909,0.6209090909090909,0.3790909090909091,0.3790909090909091,0.8104545454545454,683,0,1100,417
0.7332154512405396,0.0,0.0,0.6218181818181818,0.6218181818181818,0.3781818181818182,0.3781818181818182,0.8109090909090909,684,0,1100,416
0.7331608533859253,0.0,0.0,0.6227272727272727,0.6227272727272727,0.37727272727272726,0.37727272727272726,0.8113636363636364,685,0,1100,415
0.7330775856971741,0.0,0.0,0.6236363636363637,0.6236363636363637,0.37636363636363634,0.37636363636363634,0.8118181818181818,686,0,1100,414
0.7328305840492249,0.0,0.0,0.6245454545454545,0.6245454545454545,0.37545454545454543,0.37545454545454543,0.8122727272727273,687,0,1100,413
0.7328038811683655,0.0,0.0,0.6254545454545455,0.6254545454545455,0.37454545454545457,0.37454545454545457,0.8127272727272727,688,0,1100,412
0.7326539158821106,0.0,0.0,0.6263636363636363,0.6263636363636363,0.37363636363636366,0.37363636363636366,0.8131818181818182,689,0,1100,411
0.7325403690338135,0.0,0.0,0.6272727272727273,0.6272727272727273,0.37272727272727274,0.37272727272727274,0.8136363636363636,690,0,1100,410
0.7320875525474548,0.0,0.0,0.6281818181818182,0.6281818181818182,0.3718181818181818,0.3718181818181818,0.8140909090909091,691,0,1100,409
0.7318125367164612,0.0,0.0,0.6290909090909091,0.6290909090909091,0.3709090909090909,0.3709090909090909,0.8145454545454546,692,0,1100,408
0.7312240600585938,0.0,0.0,0.63,0.63,0.37,0.37,0.815,693,0,1100,407
0.7311356663703918,0.0,0.0,0.6309090909090909,0.6309090909090909,0.3690909090909091,0.3690909090909091,0.8154545454545454,694,0,1100,406
0.7309122681617737,0.0,0.0,0.6318181818181818,0.6318181818181818,0.36818181818181817,0.36818181818181817,0.8159090909090909,695,0,1100,405
0.7308757305145264,0.0,0.0,0.6327272727272727,0.6327272727272727,0.36727272727272725,0.36727272727272725,0.8163636363636364,696,0,1100,404
0.7308340072631836,0.0,0.0,0.6336363636363637,0.6336363636363637,0.3663636363636364,0.3663636363636364,0.8168181818181818,697,0,1100,403
0.7304439544677734,0.0,0.0,0.6345454545454545,0.6345454545454545,0.3654545454545455,0.3654545454545455,0.8172727272727273,698,0,1100,402
0.7295737266540527,0.0,0.0,0.6354545454545455,0.6354545454545455,0.36454545454545456,0.36454545454545456,0.8177272727272727,699,0,1100,401
0.7269420027732849,0.0,0.0,0.6363636363636364,0.6363636363636364,0.36363636363636365,0.36363636363636365,0.8181818181818182,700,0,1100,400
0.7269030213356018,0.0,0.0,0.6372727272727273,0.6372727272727273,0.36272727272727273,0.36272727272727273,0.8186363636363636,701,0,1100,399
0.7268160581588745,0.0,0.0,0.6381818181818182,0.6381818181818182,0.3618181818181818,0.3618181818181818,0.8190909090909091,702,0,1100,398
0.726579487323761,0.0,0.0,0.639090909090909,0.639090909090909,0.3609090909090909,0.3609090909090909,0.8195454545454546,703,0,1100,397
0.7262494564056396,0.0,0.0,0.64,0.64,0.36,0.36,0.82,704,0,1100,396
0.7261868715286255,0.0,0.0,0.6409090909090909,0.6409090909090909,0.35909090909090907,0.35909090909090907,0.8204545454545454,705,0,1100,395
0.7255861759185791,0.0,0.0,0.6418181818181818,0.6418181818181818,0.35818181818181816,0.35818181818181816,0.8209090909090909,706,0,1100,394
0.7255690693855286,0.0,0.0,0.6427272727272727,0.6427272727272727,0.3572727272727273,0.3572727272727273,0.8213636363636364,707,0,1100,393
0.7255578637123108,0.0,0.0,0.6436363636363637,0.6436363636363637,0.3563636363636364,0.3563636363636364,0.8218181818181818,708,0,1100,392
0.7254646420478821,0.0,0.0,0.6445454545454545,0.6445454545454545,0.35545454545454547,0.35545454545454547,0.8222727272727273,709,0,1100,391
0.7233269810676575,0.0,0.0,0.6454545454545455,0.6454545454545455,0.35454545454545455,0.35454545454545455,0.8227272727272728,710,0,1100,390
0.7231912016868591,0.0,0.0,0.6463636363636364,0.6463636363636364,0.35363636363636364,0.35363636363636364,0.8231818181818182,711,0,1100,389
0.7230785489082336,0.0,0.0,0.6472727272727272,0.6472727272727272,0.3527272727272727,0.3527272727272727,0.8236363636363636,712,0,1100,388
0.722493588924408,0.0,0.0,0.6481818181818182,0.6481818181818182,0.3518181818181818,0.3518181818181818,0.8240909090909091,713,0,1100,387
0.7222894430160522,0.0,0.0,0.649090909090909,0.649090909090909,0.3509090909090909,0.3509090909090909,0.8245454545454546,714,0,1100,386
0.7220939993858337,0.0,0.0,0.65,0.65,0.35,0.35,0.825,715,0,1100,385
0.7220149040222168,0.0,0.0,0.6509090909090909,0.6509090909090909,0.3490909090909091,0.3490909090909091,0.8254545454545454,716,0,1100,384
0.7217317819595337,0.0,0.0,0.6518181818181819,0.6518181818181819,0.3481818181818182,0.3481818181818182,0.8259090909090909,717,0,1100,383
0.7216699123382568,0.0,0.0,0.6527272727272727,0.6527272727272727,0.3472727272727273,0.3472727272727273,0.8263636363636364,718,0,1100,382
0.7215299010276794,0.0,0.0,0.6536363636363637,0.6536363636363637,0.3463636363636364,0.3463636363636364,0.8268181818181818,719,0,1100,381
0.720984697341919,0.0,0.0,0.6545454545454545,0.6545454545454545,0.34545454545454546,0.34545454545454546,0.8272727272727273,720,0,1100,380
0.7202696800231934,0.0,0.0,0.6554545454545454,0.6554545454545454,0.34454545454545454,0.34454545454545454,0.8277272727272728,721,0,1100,379
0.7201854586601257,0.0,0.0,0.6563636363636364,0.6563636363636364,0.34363636363636363,0.34363636363636363,0.8281818181818181,722,0,1100,378
0.7197177410125732,0.0,0.0,0.6572727272727272,0.6572727272727272,0.3427272727272727,0.3427272727272727,0.8286363636363636,723,0,1100,377
0.7191330194473267,0.0,0.0,0.6581818181818182,0.6581818181818182,0.3418181818181818,0.3418181818181818,0.8290909090909091,724,0,1100,376
0.7190098166465759,0.0,0.0,0.6590909090909091,0.6590909090909091,0.3409090909090909,0.3409090909090909,0.8295454545454546,725,0,1100,375
0.7187175750732422,0.0,0.0,0.66,0.66,0.34,0.34,0.83,726,0,1100,374
0.7175837159156799,0.0,0.0,0.6609090909090909,0.6609090909090909,0.3390909090909091,0.3390909090909091,0.8304545454545454,727,0,1100,373
0.7173459529876709,0.0,0.0,0.6618181818181819,0.6618181818181819,0.3381818181818182,0.3381818181818182,0.8309090909090909,728,0,1100,372
0.7170920372009277,0.0,0.0,0.6627272727272727,0.6627272727272727,0.3372727272727273,0.3372727272727273,0.8313636363636364,729,0,1100,371
0.717048168182373,0.0,0.0,0.6636363636363637,0.6636363636363637,0.33636363636363636,0.33636363636363636,0.8318181818181818,730,0,1100,370
0.7169109582901001,0.0,0.0,0.6645454545454546,0.6645454545454546,0.33545454545454545,0.33545454545454545,0.8322727272727273,731,0,1100,369
0.7157368659973145,0.0,0.0,0.6654545454545454,0.6654545454545454,0.33454545454545453,0.33454545454545453,0.8327272727272728,732,0,1100,368
0.714614748954773,0.0,0.0,0.6663636363636364,0.6663636363636364,0.3336363636363636,0.3336363636363636,0.8331818181818181,733,0,1100,367
0.7135484218597412,0.0,0.0,0.6672727272727272,0.6672727272727272,0.3327272727272727,0.3327272727272727,0.8336363636363636,734,0,1100,366
0.7132107615470886,0.0,0.0,0.6681818181818182,0.6681818181818182,0.33181818181818185,0.33181818181818185,0.8340909090909091,735,0,1100,365
0.7124661803245544,0.0,0.0,0.6690909090909091,0.6690909090909091,0.33090909090909093,0.33090909090909093,0.8345454545454546,736,0,1100,364
0.7124423980712891,0.0,0.0,0.67,0.67,0.33,0.33,0.835,737,0,1100,363
0.7123305797576904,0.0,0.0,0.6709090909090909,0.6709090909090909,0.3290909090909091,0.3290909090909091,0.8354545454545454,738,0,1100,362
0.7121826410293579,0.0,0.0,0.6718181818181819,0.6718181818181819,0.3281818181818182,0.3281818181818182,0.8359090909090909,739,0,1100,361
0.7113102674484253,0.0,0.0,0.6727272727272727,0.6727272727272727,0.32727272727272727,0.32727272727272727,0.8363636363636363,740,0,1100,360
0.7108160257339478,0.0,0.0,0.6736363636363636,0.6736363636363636,0.32636363636363636,0.32636363636363636,0.8368181818181818,741,0,1100,359
0.7101778984069824,0.0,0.0,0.6745454545454546,0.6745454545454546,0.32545454545454544,0.32545454545454544,0.8372727272727273,742,0,1100,358
0.7099650502204895,0.0,0.0,0.6754545454545454,0.6754545454545454,0.3245454545454545,0.3245454545454545,0.8377272727272728,743,0,1100,357
0.7098178267478943,0.0,0.0,0.6763636363636364,0.6763636363636364,0.3236363636363636,0.3236363636363636,0.8381818181818181,744,0,1100,356
0.7089871168136597,0.0,0.0,0.6772727272727272,0.6772727272727272,0.32272727272727275,0.32272727272727275,0.8386363636363636,745,0,1100,355
0.7084960341453552,0.0,0.0,0.6781818181818182,0.6781818181818182,0.32181818181818184,0.32181818181818184,0.8390909090909091,746,0,1100,354
0.7084919214248657,0.0,0.0,0.6790909090909091,0.6790909090909091,0.3209090909090909,0.3209090909090909,0.8395454545454546,747,0,1100,353
0.7075949311256409,0.0,0.0,0.68,0.68,0.32,0.32,0.84,748,0,1100,352
0.7071692943572998,0.0,0.0,0.6809090909090909,0.6809090909090909,0.3190909090909091,0.3190909090909091,0.8404545454545455,749,0,1100,351
0.7068590521812439,0.0,0.0,0.6818181818181818,0.6818181818181818,0.3181818181818182,0.3181818181818182,0.8409090909090909,750,0,1100,350
0.7067650556564331,0.0,0.0,0.6827272727272727,0.6827272727272727,0.31727272727272726,0.31727272727272726,0.8413636363636363,751,0,1100,349
0.7066101431846619,0.0,0.0,0.6836363636363636,0.6836363636363636,0.31636363636363635,0.31636363636363635,0.8418181818181818,752,0,1100,348
0.7065449953079224,0.0,0.0,0.6845454545454546,0.6845454545454546,0.31545454545454543,0.31545454545454543,0.8422727272727273,753,0,1100,347
0.7057051658630371,0.0,0.0,0.6854545454545454,0.6854545454545454,0.3145454545454546,0.3145454545454546,0.8427272727272728,754,0,1100,346
0.7056886553764343,0.0,0.0,0.6863636363636364,0.6863636363636364,0.31363636363636366,0.31363636363636366,0.8431818181818181,755,0,1100,345
0.705203115940094,0.0,0.0,0.6872727272727273,0.6872727272727273,0.31272727272727274,0.31272727272727274,0.8436363636363636,756,0,1100,344
0.7045470476150513,0.0,0.0,0.6881818181818182,0.6881818181818182,0.3118181818181818,0.3118181818181818,0.8440909090909091,757,0,1100,343
0.7043154835700989,0.0,0.0,0.6890909090909091,0.6890909090909091,0.3109090909090909,0.3109090909090909,0.8445454545454546,758,0,1100,342
0.7042303681373596,0.0,0.0,0.69,0.69,0.31,0.31,0.845,759,0,1100,341
0.7040919065475464,0.0,0.0,0.6909090909090909,0.6909090909090909,0.3090909090909091,0.3090909090909091,0.8454545454545455,760,0,1100,340
0.7039558291435242,0.0,0.0,0.6918181818181818,0.6918181818181818,0.30818181818181817,0.30818181818181817,0.8459090909090909,761,0,1100,339
0.7038891315460205,0.0,0.0,0.6927272727272727,0.6927272727272727,0.30727272727272725,0.30727272727272725,0.8463636363636363,762,0,1100,338
0.7036647796630859,0.0,0.0,0.6936363636363636,0.6936363636363636,0.30636363636363634,0.30636363636363634,0.8468181818181818,763,0,1100,337
0.7031015753746033,0.0,0.0,0.6945454545454546,0.6945454545454546,0.3054545454545455,0.3054545454545455,0.8472727272727273,764,0,1100,336
0.7029309868812561,0.0,0.0,0.6954545454545454,0.6954545454545454,0.30454545454545456,0.30454545454545456,0.8477272727272728,765,0,1100,335
0.7029112577438354,0.0,0.0,0.6963636363636364,0.6963636363636364,0.30363636363636365,0.30363636363636365,0.8481818181818181,766,0,1100,334
0.7018618583679199,0.0,0.0,0.6972727272727273,0.6972727272727273,0.30272727272727273,0.30272727272727273,0.8486363636363636,767,0,1100,333
0.7018481492996216,0.0,0.0,0.6981818181818182,0.6981818181818182,0.3018181818181818,0.3018181818181818,0.8490909090909091,768,0,1100,332
0.700799822807312,0.0,0.0,0.6990909090909091,0.6990909090909091,0.3009090909090909,0.3009090909090909,0.8495454545454545,769,0,1100,331
0.6997974514961243,0.0,0.0,0.7,0.7,0.3,0.3,0.85,770,0,1100,330
0.6989505887031555,0.0,0.0,0.7009090909090909,0.7009090909090909,0.2990909090909091,0.2990909090909091,0.8504545454545455,771,0,1100,329
0.6987031102180481,0.0,0.0,0.7018181818181818,0.7018181818181818,0.29818181818181816,0.29818181818181816,0.850909090909091,772,0,1100,328
0.6983879208564758,0.0,0.0,0.7027272727272728,0.7027272727272728,0.2972727272727273,0.2972727272727273,0.8513636363636363,773,0,1100,327
0.6973336338996887,0.0,0.0,0.7036363636363636,0.7036363636363636,0.2963636363636364,0.2963636363636364,0.8518181818181818,774,0,1100,326
0.6973058581352234,0.0,0.0,0.7045454545454546,0.7045454545454546,0.29545454545454547,0.29545454545454547,0.8522727272727273,775,0,1100,325
0.6967618465423584,0.0,0.0,0.7054545454545454,0.7054545454545454,0.29454545454545455,0.29454545454545455,0.8527272727272728,776,0,1100,324
0.6964725852012634,0.0,0.0,0.7063636363636364,0.7063636363636364,0.29363636363636364,0.29363636363636364,0.8531818181818182,777,0,1100,323
0.6959709525108337,0.0,0.0,0.7072727272727273,0.7072727272727273,0.2927272727272727,0.2927272727272727,0.8536363636363636,778,0,1100,322
0.6956688165664673,0.0,0.0,0.7081818181818181,0.7081818181818181,0.2918181818181818,0.2918181818181818,0.8540909090909091,779,0,1100,321
0.69533371925354,0.0,0.0,0.7090909090909091,0.7090909090909091,0.2909090909090909,0.2909090909090909,0.8545454545454545,780,0,1100,320
0.6945858001708984,0.0,0.0,0.71,0.71,0.29,0.29,0.855,781,0,1100,319
0.6945599317550659,0.0,0.0,0.7109090909090909,0.7109090909090909,0.28909090909090907,0.28909090909090907,0.8554545454545455,782,0,1100,318
0.694134533405304,0.0,0.0,0.7118181818181818,0.7118181818181818,0.2881818181818182,0.2881818181818182,0.855909090909091,783,0,1100,317
0.6939827799797058,0.0,0.0,0.7127272727272728,0.7127272727272728,0.2872727272727273,0.2872727272727273,0.8563636363636363,784,0,1100,316
0.693749189376831,0.0,0.0,0.7136363636363636,0.7136363636363636,0.2863636363636364,0.2863636363636364,0.8568181818181818,785,0,1100,315
0.6934424638748169,0.0,0.0,0.7145454545454546,0.7145454545454546,0.28545454545454546,0.28545454545454546,0.8572727272727273,786,0,1100,314
0.6930140256881714,0.0,0.0,0.7154545454545455,0.7154545454545455,0.28454545454545455,0.28454545454545455,0.8577272727272728,787,0,1100,313
0.6919035315513611,0.0,0.0,0.7163636363636363,0.7163636363636363,0.28363636363636363,0.28363636363636363,0.8581818181818182,788,0,1100,312
0.6917879581451416,0.0,0.0,0.7172727272727273,0.7172727272727273,0.2827272727272727,0.2827272727272727,0.8586363636363636,789,0,1100,311
0.6917234063148499,0.0,0.0,0.7181818181818181,0.7181818181818181,0.2818181818181818,0.2818181818181818,0.8590909090909091,790,0,1100,310
0.6915644407272339,0.0,0.0,0.7190909090909091,0.7190909090909091,0.2809090909090909,0.2809090909090909,0.8595454545454545,791,0,1100,309
0.6914888024330139,0.0,0.0,0.72,0.72,0.28,0.28,0.86,792,0,1100,308
0.691463053226471,0.0,0.0,0.7209090909090909,0.7209090909090909,0.2790909090909091,0.2790909090909091,0.8604545454545455,793,0,1100,307
0.6912861466407776,0.0,0.0,0.7218181818181818,0.7218181818181818,0.2781818181818182,0.2781818181818182,0.860909090909091,794,0,1100,306
0.6909999847412109,0.0,0.0,0.7227272727272728,0.7227272727272728,0.2772727272727273,0.2772727272727273,0.8613636363636363,795,0,1100,305
0.6909780502319336,0.0,0.0,0.7236363636363636,0.7236363636363636,0.27636363636363637,0.27636363636363637,0.8618181818181818,796,0,1100,304
0.6907206177711487,0.0,0.0,0.7245454545454545,0.7245454545454545,0.27545454545454545,0.27545454545454545,0.8622727272727273,797,0,1100,303
0.6902242302894592,0.0,0.0,0.7254545454545455,0.7254545454545455,0.27454545454545454,0.27454545454545454,0.8627272727272727,798,0,1100,302
0.6897079944610596,0.0,0.0,0.7263636363636363,0.7263636363636363,0.2736363636363636,0.2736363636363636,0.8631818181818182,799,0,1100,301
0.6895875334739685,0.0,0.0,0.7272727272727273,0.7272727272727273,0.2727272727272727,0.2727272727272727,0.8636363636363636,800,0,1100,300
0.6890711784362793,0.0,0.0,0.7281818181818182,0.7281818181818182,0.2718181818181818,0.2718181818181818,0.8640909090909091,801,0,1100,299
0.6889921426773071,0.0,0.0,0.7290909090909091,0.7290909090909091,0.27090909090909093,0.27090909090909093,0.8645454545454545,802,0,1100,298
0.6886669397354126,0.0,0.0,0.73,0.73,0.27,0.27,0.865,803,0,1100,297
0.6885008215904236,0.0,0.0,0.730909090909091,0.730909090909091,0.2690909090909091,0.2690909090909091,0.8654545454545455,804,0,1100,296
0.6882161498069763,0.0,0.0,0.7318181818181818,0.7318181818181818,0.2681818181818182,0.2681818181818182,0.865909090909091,805,0,1100,295
0.6881816387176514,0.0,0.0,0.7327272727272728,0.7327272727272728,0.2672727272727273,0.2672727272727273,0.8663636363636363,806,0,1100,294
0.6881654858589172,0.0,0.0,0.7336363636363636,0.7336363636363636,0.26636363636363636,0.26636363636363636,0.8668181818181818,807,0,1100,293
0.6879808902740479,0.0,0.0,0.7345454545454545,0.7345454545454545,0.26545454545454544,0.26545454545454544,0.8672727272727273,808,0,1100,292
0.6875228881835938,0.0,0.0,0.7354545454545455,0.7354545454545455,0.26454545454545453,0.26454545454545453,0.8677272727272727,809,0,1100,291
0.6868722438812256,0.0,0.0,0.7363636363636363,0.7363636363636363,0.2636363636363636,0.2636363636363636,0.8681818181818182,810,0,1100,290
0.6868504285812378,0.0,0.0,0.7372727272727273,0.7372727272727273,0.26272727272727275,0.26272727272727275,0.8686363636363637,811,0,1100,289
0.6849310994148254,0.0,0.0,0.7381818181818182,0.7381818181818182,0.26181818181818184,0.26181818181818184,0.8690909090909091,812,0,1100,288
0.6845766305923462,0.0,0.0,0.7390909090909091,0.7390909090909091,0.2609090909090909,0.2609090909090909,0.8695454545454545,813,0,1100,287
0.684441864490509,0.0,0.0,0.74,0.74,0.26,0.26,0.87,814,0,1100,286
0.6841500401496887,0.0,0.0,0.740909090909091,0.740909090909091,0.2590909090909091,0.2590909090909091,0.8704545454545455,815,0,1100,285
0.6840960383415222,0.0,0.0,0.7418181818181818,0.7418181818181818,0.2581818181818182,0.2581818181818182,0.8709090909090909,816,0,1100,284
0.6838963627815247,0.0,0.0,0.7427272727272727,0.7427272727272727,0.25727272727272726,0.25727272727272726,0.8713636363636363,817,0,1100,283
0.6829892992973328,0.0,0.0,0.7436363636363637,0.7436363636363637,0.25636363636363635,0.25636363636363635,0.8718181818181818,818,0,1100,282
0.6827704310417175,0.0,0.0,0.7445454545454545,0.7445454545454545,0.25545454545454543,0.25545454545454543,0.8722727272727273,819,0,1100,281
0.682237446308136,0.0,0.0,0.7454545454545455,0.7454545454545455,0.2545454545454545,0.2545454545454545,0.8727272727272727,820,0,1100,280
0.6821760535240173,0.0,0.0,0.7463636363636363,0.7463636363636363,0.25363636363636366,0.25363636363636366,0.8731818181818182,821,0,1100,279
0.6818593144416809,0.0,0.0,0.7472727272727273,0.7472727272727273,0.25272727272727274,0.25272727272727274,0.8736363636363637,822,0,1100,278
0.6802217364311218,0.0,0.0,0.7481818181818182,0.7481818181818182,0.25181818181818183,0.25181818181818183,0.8740909090909091,823,0,1100,277
0.6800938248634338,0.0,0.0,0.7490909090909091,0.7490909090909091,0.2509090909090909,0.2509090909090909,0.8745454545454545,824,0,1100,276
0.6799853444099426,0.0,0.0,0.75,0.75,0.25,0.25,0.875,825,0,1100,275
0.6797946691513062,0.0,0.0,0.7509090909090909,0.7509090909090909,0.24909090909090909,0.24909090909090909,0.8754545454545455,826,0,1100,274
0.6797335147857666,0.0,0.0,0.7518181818181818,0.7518181818181818,0.24818181818181817,0.24818181818181817,0.8759090909090909,827,0,1100,273
0.679097592830658,0.0,0.0,0.7527272727272727,0.7527272727272727,0.24727272727272728,0.24727272727272728,0.8763636363636363,828,0,1100,272
0.6787689924240112,0.0,0.0,0.7536363636363637,0.7536363636363637,0.24636363636363637,0.24636363636363637,0.8768181818181818,829,0,1100,271
0.6780673265457153,0.0,0.0,0.7545454545454545,0.7545454545454545,0.24545454545454545,0.24545454545454545,0.8772727272727273,830,0,1100,270
0.6778519153594971,0.0,0.0,0.7554545454545455,0.7554545454545455,0.24454545454545454,0.24454545454545454,0.8777272727272727,831,0,1100,269
0.6776629686355591,0.0,0.0,0.7563636363636363,0.7563636363636363,0.24363636363636362,0.24363636363636362,0.8781818181818182,832,0,1100,268
0.6775274872779846,0.0,0.0,0.7572727272727273,0.7572727272727273,0.24272727272727274,0.24272727272727274,0.8786363636363637,833,0,1100,267
0.6774221658706665,0.0,0.0,0.7581818181818182,0.7581818181818182,0.24181818181818182,0.24181818181818182,0.8790909090909091,834,0,1100,266
0.6772347688674927,0.0,0.0,0.759090909090909,0.759090909090909,0.2409090909090909,0.2409090909090909,0.8795454545454545,835,0,1100,265
0.6769901514053345,0.0,0.0,0.76,0.76,0.24,0.24,0.88,836,0,1100,264
0.6765540242195129,0.0,0.0,0.7609090909090909,0.7609090909090909,0.2390909090909091,0.2390909090909091,0.8804545454545455,837,0,1100,263
0.6761589646339417,0.0,0.0,0.7618181818181818,0.7618181818181818,0.2381818181818182,0.2381818181818182,0.8809090909090909,838,0,1100,262
0.6756197810173035,0.0,0.0,0.7627272727272727,0.7627272727272727,0.23727272727272727,0.23727272727272727,0.8813636363636363,839,0,1100,261
0.6753990650177002,0.0,0.0,0.7636363636363637,0.7636363636363637,0.23636363636363636,0.23636363636363636,0.8818181818181818,840,0,1100,260
0.6746580004692078,0.0,0.0,0.7645454545454545,0.7645454545454545,0.23545454545454544,0.23545454545454544,0.8822727272727273,841,0,1100,259
0.6723698377609253,0.0,0.0,0.7654545454545455,0.7654545454545455,0.23454545454545456,0.23454545454545456,0.8827272727272727,842,0,1100,258
0.6717046499252319,0.0,0.0,0.7663636363636364,0.7663636363636364,0.23363636363636364,0.23363636363636364,0.8831818181818182,843,0,1100,257
0.6708819270133972,0.0,0.0,0.7672727272727272,0.7672727272727272,0.23272727272727273,0.23272727272727273,0.8836363636363637,844,0,1100,256
0.6708768010139465,0.0,0.0,0.7681818181818182,0.7681818181818182,0.2318181818181818,0.2318181818181818,0.884090909090909,845,0,1100,255
0.6705425977706909,0.0,0.0,0.769090909090909,0.769090909090909,0.2309090909090909,0.2309090909090909,0.8845454545454545,846,0,1100,254
0.6704933643341064,0.0,0.0,0.77,0.77,0.23,0.23,0.885,847,0,1100,253
0.6698796153068542,0.0,0.0,0.7709090909090909,0.7709090909090909,0.2290909090909091,0.2290909090909091,0.8854545454545455,848,0,1100,252
0.6696428060531616,0.0,0.0,0.7718181818181818,0.7718181818181818,0.22818181818181818,0.22818181818181818,0.8859090909090909,849,0,1100,251
0.6692793369293213,0.0,0.0,0.7727272727272727,0.7727272727272727,0.22727272727272727,0.22727272727272727,0.8863636363636364,850,0,1100,250
0.6692133545875549,0.0,0.0,0.7736363636363637,0.7736363636363637,0.22636363636363635,0.22636363636363635,0.8868181818181818,851,0,1100,249
0.6690861582756042,0.0,0.0,0.7745454545454545,0.7745454545454545,0.22545454545454546,0.22545454545454546,0.8872727272727273,852,0,1100,248
0.6686145663261414,0.0,0.0,0.7754545454545455,0.7754545454545455,0.22454545454545455,0.22454545454545455,0.8877272727272727,853,0,1100,247
0.6648020148277283,0.0,0.0,0.7763636363636364,0.7763636363636364,0.22363636363636363,0.22363636363636363,0.8881818181818182,854,0,1100,246
0.6643441319465637,0.0,0.0,0.7772727272727272,0.7772727272727272,0.22272727272727272,0.22272727272727272,0.8886363636363637,855,0,1100,245
0.6639733910560608,0.0,0.0,0.7781818181818182,0.7781818181818182,0.22181818181818183,0.22181818181818183,0.889090909090909,856,0,1100,244
0.6629889607429504,0.0,0.0,0.7790909090909091,0.7790909090909091,0.22090909090909092,0.22090909090909092,0.8895454545454545,857,0,1100,243
0.6623324155807495,0.0,0.0,0.78,0.78,0.22,0.22,0.89,858,0,1100,242
0.6621627807617188,0.0,0.0,0.7809090909090909,0.7809090909090909,0.2190909090909091,0.2190909090909091,0.8904545454545455,859,0,1100,241
0.6618940830230713,0.0,0.0,0.7818181818181819,0.7818181818181819,0.21818181818181817,0.21818181818181817,0.8909090909090909,860,0,1100,240
0.6579342484474182,0.0,0.0,0.7827272727272727,0.7827272727272727,0.21727272727272728,0.21727272727272728,0.8913636363636364,861,0,1100,239
0.6570459008216858,0.0,0.0,0.7836363636363637,0.7836363636363637,0.21636363636363637,0.21636363636363637,0.8918181818181818,862,0,1100,238
0.656304657459259,0.0,0.0,0.7845454545454545,0.7845454545454545,0.21545454545454545,0.21545454545454545,0.8922727272727272,863,0,1100,237
0.6560872197151184,0.0,0.0,0.7854545454545454,0.7854545454545454,0.21454545454545454,0.21454545454545454,0.8927272727272727,864,0,1100,236
0.6556636095046997,0.0,0.0,0.7863636363636364,0.7863636363636364,0.21363636363636362,0.21363636363636362,0.8931818181818182,865,0,1100,235
0.6553454995155334,0.0,0.0,0.7872727272727272,0.7872727272727272,0.21272727272727274,0.21272727272727274,0.8936363636363637,866,0,1100,234
0.6551352739334106,0.0,0.0,0.7881818181818182,0.7881818181818182,0.21181818181818182,0.21181818181818182,0.894090909090909,867,0,1100,233
0.6549299955368042,0.0,0.0,0.7890909090909091,0.7890909090909091,0.2109090909090909,0.2109090909090909,0.8945454545454545,868,0,1100,232
0.65440833568573,0.0,0.0,0.79,0.79,0.21,0.21,0.895,869,0,1100,231
0.654301106929779,0.0,0.0,0.7909090909090909,0.7909090909090909,0.20909090909090908,0.20909090909090908,0.8954545454545455,870,0,1100,230
0.6539530754089355,0.0,0.0,0.7918181818181819,0.7918181818181819,0.2081818181818182,0.2081818181818182,0.8959090909090909,871,0,1100,229
0.6525482535362244,0.0,0.0,0.7927272727272727,0.7927272727272727,0.20727272727272728,0.20727272727272728,0.8963636363636364,872,0,1100,228
0.6519404053688049,0.0,0.0,0.7936363636363636,0.7936363636363636,0.20636363636363636,0.20636363636363636,0.8968181818181818,873,0,1100,227
0.6514319777488708,0.0,0.0,0.7945454545454546,0.7945454545454546,0.20545454545454545,0.20545454545454545,0.8972727272727272,874,0,1100,226
0.650584876537323,0.0,0.0,0.7954545454545454,0.7954545454545454,0.20454545454545456,0.20454545454545456,0.8977272727272727,875,0,1100,225
0.6504906415939331,0.0,0.0,0.7963636363636364,0.7963636363636364,0.20363636363636364,0.20363636363636364,0.8981818181818182,876,0,1100,224
0.6499891877174377,0.0,0.0,0.7972727272727272,0.7972727272727272,0.20272727272727273,0.20272727272727273,0.8986363636363637,877,0,1100,223
0.6489516496658325,0.0,0.0,0.7981818181818182,0.7981818181818182,0.2018181818181818,0.2018181818181818,0.899090909090909,878,0,1100,222
0.6475476622581482,0.0,0.0,0.7990909090909091,0.7990909090909091,0.2009090909090909,0.2009090909090909,0.8995454545454545,879,0,1100,221
0.647334098815918,0.0,0.0,0.8,0.8,0.2,0.2,0.9,880,0,1100,220
0.6464138031005859,0.0,0.0,0.8009090909090909,0.8009090909090909,0.1990909090909091,0.1990909090909091,0.9004545454545455,881,0,1100,219
0.6459680795669556,0.0,0.0,0.8018181818181818,0.8018181818181818,0.19818181818181818,0.19818181818181818,0.9009090909090909,882,0,1100,218
0.645959734916687,0.0,0.0,0.8027272727272727,0.8027272727272727,0.19727272727272727,0.19727272727272727,0.9013636363636364,883,0,1100,217
0.6436852216720581,0.0,0.0,0.8036363636363636,0.8036363636363636,0.19636363636363635,0.19636363636363635,0.9018181818181819,884,0,1100,216
0.6432967185974121,0.0,0.0,0.8045454545454546,0.8045454545454546,0.19545454545454546,0.19545454545454546,0.9022727272727272,885,0,1100,215
0.6428372263908386,0.0,0.0,0.8054545454545454,0.8054545454545454,0.19454545454545455,0.19454545454545455,0.9027272727272727,886,0,1100,214
0.6414740681648254,0.0,0.0,0.8063636363636364,0.8063636363636364,0.19363636363636363,0.19363636363636363,0.9031818181818182,887,0,1100,213
0.6412380933761597,0.0,0.0,0.8072727272727273,0.8072727272727273,0.19272727272727272,0.19272727272727272,0.9036363636363637,888,0,1100,212
0.6411253213882446,0.0,0.0,0.8081818181818182,0.8081818181818182,0.1918181818181818,0.1918181818181818,0.9040909090909091,889,0,1100,211
0.640030026435852,0.0,0.0,0.8090909090909091,0.8090909090909091,0.19090909090909092,0.19090909090909092,0.9045454545454545,890,0,1100,210
0.6399349570274353,0.0,0.0,0.81,0.81,0.19,0.19,0.905,891,0,1100,209
0.6394463777542114,0.0,0.0,0.8109090909090909,0.8109090909090909,0.1890909090909091,0.1890909090909091,0.9054545454545454,892,0,1100,208
0.6391429901123047,0.0,0.0,0.8118181818181818,0.8118181818181818,0.18818181818181817,0.18818181818181817,0.9059090909090909,893,0,1100,207
0.6388208270072937,0.0,0.0,0.8127272727272727,0.8127272727272727,0.18727272727272729,0.18727272727272729,0.9063636363636364,894,0,1100,206
0.6387553811073303,0.0,0.0,0.8136363636363636,0.8136363636363636,0.18636363636363637,0.18636363636363637,0.9068181818181819,895,0,1100,205
0.638741135597229,0.0,0.0,0.8145454545454546,0.8145454545454546,0.18545454545454546,0.18545454545454546,0.9072727272727272,896,0,1100,204
0.6380897760391235,0.0,0.0,0.8154545454545454,0.8154545454545454,0.18454545454545454,0.18454545454545454,0.9077272727272727,897,0,1100,203
0.6375409364700317,0.0,0.0,0.8163636363636364,0.8163636363636364,0.18363636363636363,0.18363636363636363,0.9081818181818182,898,0,1100,202
0.6374155879020691,0.0,0.0,0.8172727272727273,0.8172727272727273,0.18272727272727274,0.18272727272727274,0.9086363636363637,899,0,1100,201
0.6370319128036499,0.0,0.0,0.8181818181818182,0.8181818181818182,0.18181818181818182,0.18181818181818182,0.9090909090909091,900,0,1100,200
0.636839747428894,0.0,0.0,0.8190909090909091,0.8190909090909091,0.1809090909090909,0.1809090909090909,0.9095454545454545,901,0,1100,199
0.6359689831733704,0.0,0.0,0.82,0.82,0.18,0.18,0.91,902,0,1100,198
0.6355137825012207,0.0,0.0,0.8209090909090909,0.8209090909090909,0.17909090909090908,0.17909090909090908,0.9104545454545454,903,0,1100,197
0.6352149844169617,0.0,0.0,0.8218181818181818,0.8218181818181818,0.1781818181818182,0.1781818181818182,0.9109090909090909,904,0,1100,196
0.634962797164917,0.0,0.0,0.8227272727272728,0.8227272727272728,0.17727272727272728,0.17727272727272728,0.9113636363636364,905,0,1100,195
0.6344831585884094,0.0,0.0,0.8236363636363636,0.8236363636363636,0.17636363636363636,0.17636363636363636,0.9118181818181819,906,0,1100,194
0.6327559351921082,0.0,0.0,0.8245454545454546,0.8245454545454546,0.17545454545454545,0.17545454545454545,0.9122727272727272,907,0,1100,193
0.6325755715370178,0.0,0.0,0.8254545454545454,0.8254545454545454,0.17454545454545456,0.17454545454545456,0.9127272727272727,908,0,1100,192
0.632496178150177,0.0,0.0,0.8263636363636364,0.8263636363636364,0.17363636363636364,0.17363636363636364,0.9131818181818182,909,0,1100,191
0.6310063600540161,0.0,0.0,0.8272727272727273,0.8272727272727273,0.17272727272727273,0.17272727272727273,0.9136363636363637,910,0,1100,190
0.6308271884918213,0.0,0.0,0.8281818181818181,0.8281818181818181,0.17181818181818181,0.17181818181818181,0.9140909090909091,911,0,1100,189
0.6294196248054504,0.0,0.0,0.8290909090909091,0.8290909090909091,0.1709090909090909,0.1709090909090909,0.9145454545454546,912,0,1100,188
0.6289100646972656,0.0,0.0,0.83,0.83,0.17,0.17,0.915,913,0,1100,187
0.6282065510749817,0.0,0.0,0.8309090909090909,0.8309090909090909,0.1690909090909091,0.1690909090909091,0.9154545454545454,914,0,1100,186
0.6268693208694458,0.0,0.0,0.8318181818181818,0.8318181818181818,0.16818181818181818,0.16818181818181818,0.9159090909090909,915,0,1100,185
0.6267890930175781,0.0,0.0,0.8327272727272728,0.8327272727272728,0.16727272727272727,0.16727272727272727,0.9163636363636364,916,0,1100,184
0.6266515851020813,0.0,0.0,0.8336363636363636,0.8336363636363636,0.16636363636363635,0.16636363636363635,0.9168181818181819,917,0,1100,183
0.6262324452400208,0.0,0.0,0.8345454545454546,0.8345454545454546,0.16545454545454547,0.16545454545454547,0.9172727272727272,918,0,1100,182
0.6262101531028748,0.0,0.0,0.8354545454545454,0.8354545454545454,0.16454545454545455,0.16454545454545455,0.9177272727272727,919,0,1100,181
0.625898540019989,0.0,0.0,0.8363636363636363,0.8363636363636363,0.16363636363636364,0.16363636363636364,0.9181818181818182,920,0,1100,180
0.6254414319992065,0.0,0.0,0.8372727272727273,0.8372727272727273,0.16272727272727272,0.16272727272727272,0.9186363636363636,921,0,1100,179
0.6249812245368958,0.0,0.0,0.8381818181818181,0.8381818181818181,0.1618181818181818,0.1618181818181818,0.9190909090909091,922,0,1100,178
0.6248554587364197,0.0,0.0,0.8390909090909091,0.8390909090909091,0.16090909090909092,0.16090909090909092,0.9195454545454546,923,0,1100,177
0.6241604089736938,0.0,0.0,0.84,0.84,0.16,0.16,0.92,924,0,1100,176
0.6233919858932495,0.0,0.0,0.8409090909090909,0.8409090909090909,0.1590909090909091,0.1590909090909091,0.9204545454545454,925,0,1100,175
0.6203436851501465,0.0,0.0,0.8418181818181818,0.8418181818181818,0.15818181818181817,0.15818181818181817,0.9209090909090909,926,0,1100,174
0.6186157464981079,0.0,0.0,0.8427272727272728,0.8427272727272728,0.1572727272727273,0.1572727272727273,0.9213636363636364,927,0,1100,173
0.6186128854751587,0.0,0.0,0.8436363636363636,0.8436363636363636,0.15636363636363637,0.15636363636363637,0.9218181818181819,928,0,1100,172
0.6186079978942871,0.0,0.0,0.8445454545454546,0.8445454545454546,0.15545454545454546,0.15545454545454546,0.9222727272727272,929,0,1100,171
0.6183595657348633,0.0,0.0,0.8454545454545455,0.8454545454545455,0.15454545454545454,0.15454545454545454,0.9227272727272727,930,0,1100,170
0.6166950464248657,0.0,0.0,0.8463636363636363,0.8463636363636363,0.15363636363636363,0.15363636363636363,0.9231818181818182,931,0,1100,169
0.6164863109588623,0.0,0.0,0.8472727272727273,0.8472727272727273,0.15272727272727274,0.15272727272727274,0.9236363636363636,932,0,1100,168
0.6162538528442383,0.0,0.0,0.8481818181818181,0.8481818181818181,0.15181818181818182,0.15181818181818182,0.9240909090909091,933,0,1100,167
0.6156831979751587,0.0,0.0,0.8490909090909091,0.8490909090909091,0.1509090909090909,0.1509090909090909,0.9245454545454546,934,0,1100,166
0.6156404614448547,0.0,0.0,0.85,0.85,0.15,0.15,0.925,935,0,1100,165
0.614936888217926,0.0,0.0,0.850909090909091,0.850909090909091,0.14909090909090908,0.14909090909090908,0.9254545454545454,936,0,1100,164
0.6148133873939514,0.0,0.0,0.8518181818181818,0.8518181818181818,0.1481818181818182,0.1481818181818182,0.9259090909090909,937,0,1100,163
0.6141756176948547,0.0,0.0,0.8527272727272728,0.8527272727272728,0.14727272727272728,0.14727272727272728,0.9263636363636364,938,0,1100,162
0.6132078170776367,0.0,0.0,0.8536363636363636,0.8536363636363636,0.14636363636363636,0.14636363636363636,0.9268181818181818,939,0,1100,161
0.6118848323822021,0.0,0.0,0.8545454545454545,0.8545454545454545,0.14545454545454545,0.14545454545454545,0.9272727272727272,940,0,1100,160
0.6113793849945068,0.0,0.0,0.8554545454545455,0.8554545454545455,0.14454545454545453,0.14454545454545453,0.9277272727272727,941,0,1100,159
0.6107697486877441,0.0,0.0,0.8563636363636363,0.8563636363636363,0.14363636363636365,0.14363636363636365,0.9281818181818182,942,0,1100,158
0.6098143458366394,0.0,0.0,0.8572727272727273,0.8572727272727273,0.14272727272727273,0.14272727272727273,0.9286363636363636,943,0,1100,157
0.6094959378242493,0.0,0.0,0.8581818181818182,0.8581818181818182,0.14181818181818182,0.14181818181818182,0.9290909090909091,944,0,1100,156
0.6087297797203064,0.0,0.0,0.8590909090909091,0.8590909090909091,0.1409090909090909,0.1409090909090909,0.9295454545454546,945,0,1100,155
0.6080406904220581,0.0,0.0,0.86,0.86,0.14,0.14,0.93,946,0,1100,154
0.6074479818344116,0.0,0.0,0.860909090909091,0.860909090909091,0.1390909090909091,0.1390909090909091,0.9304545454545454,947,0,1100,153
0.6072935461997986,0.0,0.0,0.8618181818181818,0.8618181818181818,0.13818181818181818,0.13818181818181818,0.9309090909090909,948,0,1100,152
0.6068263649940491,0.0,0.0,0.8627272727272727,0.8627272727272727,0.13727272727272727,0.13727272727272727,0.9313636363636364,949,0,1100,151
0.6067202687263489,0.0,0.0,0.8636363636363636,0.8636363636363636,0.13636363636363635,0.13636363636363635,0.9318181818181818,950,0,1100,150
0.6058812737464905,0.0009090909090909091,0.0009090909090909091,0.8636363636363636,0.8636363636363636,0.13636363636363635,0.13636363636363635,0.9313636363636364,950,1,1099,150
0.6056711077690125,0.0009090909090909091,0.0009090909090909091,0.8645454545454545,0.8645454545454545,0.13545454545454547,0.13545454545454547,0.9318181818181818,951,1,1099,149
0.6045904755592346,0.0009090909090909091,0.0009090909090909091,0.8654545454545455,0.8654545454545455,0.13454545454545455,0.13454545454545455,0.9322727272727273,952,1,1099,148
0.6040523648262024,0.0009090909090909091,0.0009090909090909091,0.8663636363636363,0.8663636363636363,0.13363636363636364,0.13363636363636364,0.9327272727272727,953,1,1099,147
0.603830099105835,0.0009090909090909091,0.0009090909090909091,0.8672727272727273,0.8672727272727273,0.13272727272727272,0.13272727272727272,0.9331818181818182,954,1,1099,146
0.6037169098854065,0.0009090909090909091,0.0009090909090909091,0.8681818181818182,0.8681818181818182,0.1318181818181818,0.1318181818181818,0.9336363636363636,955,1,1099,145
0.6034336686134338,0.0009090909090909091,0.0009090909090909091,0.8690909090909091,0.8690909090909091,0.13090909090909092,0.13090909090909092,0.9340909090909091,956,1,1099,144
0.6024611592292786,0.0009090909090909091,0.0009090909090909091,0.87,0.87,0.13,0.13,0.9345454545454546,957,1,1099,143
0.6019577980041504,0.0009090909090909091,0.0009090909090909091,0.8709090909090909,0.8709090909090909,0.1290909090909091,0.1290909090909091,0.935,958,1,1099,142
0.6017172336578369,0.0009090909090909091,0.0009090909090909091,0.8718181818181818,0.8718181818181818,0.12818181818181817,0.12818181818181817,0.9354545454545454,959,1,1099,141
0.5995017886161804,0.0009090909090909091,0.0009090909090909091,0.8727272727272727,0.8727272727272727,0.12727272727272726,0.12727272727272726,0.9359090909090909,960,1,1099,140
0.5987181663513184,0.0009090909090909091,0.0009090909090909091,0.8736363636363637,0.8736363636363637,0.12636363636363637,0.12636363636363637,0.9363636363636364,961,1,1099,139
0.5986289381980896,0.0009090909090909091,0.0009090909090909091,0.8745454545454545,0.8745454545454545,0.12545454545454546,0.12545454545454546,0.9368181818181818,962,1,1099,138
0.5981694459915161,0.0009090909090909091,0.0009090909090909091,0.8754545454545455,0.8754545454545455,0.12454545454545454,0.12454545454545454,0.9372727272727273,963,1,1099,137
0.597036600112915,0.0009090909090909091,0.0009090909090909091,0.8763636363636363,0.8763636363636363,0.12363636363636364,0.12363636363636364,0.9377272727272727,964,1,1099,136
0.5952016711235046,0.0009090909090909091,0.0009090909090909091,0.8772727272727273,0.8772727272727273,0.12272727272727273,0.12272727272727273,0.9381818181818182,965,1,1099,135
0.5947818756103516,0.0009090909090909091,0.0009090909090909091,0.8781818181818182,0.8781818181818182,0.12181818181818181,0.12181818181818181,0.9386363636363636,966,1,1099,134
0.5947584509849548,0.0009090909090909091,0.0009090909090909091,0.8790909090909091,0.8790909090909091,0.12090909090909091,0.12090909090909091,0.9390909090909091,967,1,1099,133
0.5943477153778076,0.0009090909090909091,0.0009090909090909091,0.88,0.88,0.12,0.12,0.9395454545454546,968,1,1099,132
0.5932281017303467,0.0009090909090909091,0.0009090909090909091,0.8809090909090909,0.8809090909090909,0.1190909090909091,0.1190909090909091,0.94,969,1,1099,131
0.5927675366401672,0.0009090909090909091,0.0009090909090909091,0.8818181818181818,0.8818181818181818,0.11818181818181818,0.11818181818181818,0.9404545454545454,970,1,1099,130
0.5926406979560852,0.0009090909090909091,0.0009090909090909091,0.8827272727272727,0.8827272727272727,0.11727272727272728,0.11727272727272728,0.9409090909090909,971,1,1099,129
0.5908294916152954,0.0009090909090909091,0.0009090909090909091,0.8836363636363637,0.8836363636363637,0.11636363636363636,0.11636363636363636,0.9413636363636364,972,1,1099,128
0.5902683734893799,0.0009090909090909091,0.0009090909090909091,0.8845454545454545,0.8845454545454545,0.11545454545454545,0.11545454545454545,0.9418181818181818,973,1,1099,127
0.5867511630058289,0.0009090909090909091,0.0009090909090909091,0.8854545454545455,0.8854545454545455,0.11454545454545455,0.11454545454545455,0.9422727272727273,974,1,1099,126
0.5854889154434204,0.0009090909090909091,0.0009090909090909091,0.8863636363636364,0.8863636363636364,0.11363636363636363,0.11363636363636363,0.9427272727272727,975,1,1099,125
0.5818571448326111,0.0009090909090909091,0.0009090909090909091,0.8872727272727273,0.8872727272727273,0.11272727272727273,0.11272727272727273,0.9431818181818182,976,1,1099,124
0.577843427658081,0.0009090909090909091,0.0009090909090909091,0.8881818181818182,0.8881818181818182,0.11181818181818182,0.11181818181818182,0.9436363636363636,977,1,1099,123
0.5776767730712891,0.0009090909090909091,0.0009090909090909091,0.889090909090909,0.889090909090909,0.11090909090909092,0.11090909090909092,0.9440909090909091,978,1,1099,122
0.5741933584213257,0.0009090909090909091,0.0009090909090909091,0.89,0.89,0.11,0.11,0.9445454545454546,979,1,1099,121
0.573575496673584,0.0009090909090909091,0.0009090909090909091,0.8909090909090909,0.8909090909090909,0.10909090909090909,0.10909090909090909,0.945,980,1,1099,120
0.5704032778739929,0.0009090909090909091,0.0009090909090909091,0.8918181818181818,0.8918181818181818,0.10818181818181818,0.10818181818181818,0.9454545454545454,981,1,1099,119
0.5672192573547363,0.0009090909090909091,0.0009090909090909091,0.8927272727272727,0.8927272727272727,0.10727272727272727,0.10727272727272727,0.9459090909090909,982,1,1099,118
0.5661900043487549,0.0009090909090909091,0.0009090909090909091,0.8936363636363637,0.8936363636363637,0.10636363636363637,0.10636363636363637,0.9463636363636364,983,1,1099,117
0.5639674663543701,0.0009090909090909091,0.0009090909090909091,0.8945454545454545,0.8945454545454545,0.10545454545454545,0.10545454545454545,0.9468181818181818,984,1,1099,116
0.5606134533882141,0.0009090909090909091,0.0009090909090909091,0.8954545454545455,0.8954545454545455,0.10454545454545454,0.10454545454545454,0.9472727272727273,985,1,1099,115
0.5583848357200623,0.0009090909090909091,0.0009090909090909091,0.8963636363636364,0.8963636363636364,0.10363636363636364,0.10363636363636364,0.9477272727272728,986,1,1099,114
0.5574954152107239,0.0009090909090909091,0.0009090909090909091,0.8972727272727272,0.8972727272727272,0.10272727272727272,0.10272727272727272,0.9481818181818182,987,1,1099,113
0.5555422306060791,0.0009090909090909091,0.0009090909090909091,0.8981818181818182,0.8981818181818182,0.10181818181818182,0.10181818181818182,0.9486363636363636,988,1,1099,112
0.5534718036651611,0.0009090909090909091,0.0009090909090909091,0.899090909090909,0.899090909090909,0.1009090909090909,0.1009090909090909,0.9490909090909091,989,1,1099,111
0.5534249544143677,0.0009090909090909091,0.0009090909090909091,0.9,0.9,0.1,0.1,0.9495454545454546,990,1,1099,110
0.5508624911308289,0.0009090909090909091,0.0009090909090909091,0.9009090909090909,0.9009090909090909,0.09909090909090909,0.09909090909090909,0.95,991,1,1099,109
0.5507744550704956,0.0009090909090909091,0.0009090909090909091,0.9018181818181819,0.9018181818181819,0.09818181818181818,0.09818181818181818,0.9504545454545454,992,1,1099,108
0.5506128668785095,0.0009090909090909091,0.0009090909090909091,0.9027272727272727,0.9027272727272727,0.09727272727272727,0.09727272727272727,0.9509090909090909,993,1,1099,107
0.5504832863807678,0.0009090909090909091,0.0009090909090909091,0.9036363636363637,0.9036363636363637,0.09636363636363636,0.09636363636363636,0.9513636363636364,994,1,1099,106
0.548980176448822,0.0009090909090909091,0.0009090909090909091,0.9045454545454545,0.9045454545454545,0.09545454545454546,0.09545454545454546,0.9518181818181818,995,1,1099,105
0.5483024716377258,0.0009090909090909091,0.0009090909090909091,0.9054545454545454,0.9054545454545454,0.09454545454545454,0.09454545454545454,0.9522727272727273,996,1,1099,104
0.5454498529434204,0.0009090909090909091,0.0009090909090909091,0.9063636363636364,0.9063636363636364,0.09363636363636364,0.09363636363636364,0.9527272727272728,997,1,1099,103
0.5454065799713135,0.0009090909090909091,0.0009090909090909091,0.9072727272727272,0.9072727272727272,0.09272727272727273,0.09272727272727273,0.9531818181818181,998,1,1099,102
0.541132926940918,0.0009090909090909091,0.0009090909090909091,0.9081818181818182,0.9081818181818182,0.09181818181818181,0.09181818181818181,0.9536363636363636,999,1,1099,101
0.539759635925293,0.0009090909090909091,0.0009090909090909091,0.9090909090909091,0.9090909090909091,0.09090909090909091,0.09090909090909091,0.9540909090909091,1000,1,1099,100
0.5395501852035522,0.0009090909090909091,0.0009090909090909091,0.91,0.91,0.09,0.09,0.9545454545454546,1001,1,1099,99
0.5391181707382202,0.0009090909090909091,0.0009090909090909091,0.9109090909090909,0.9109090909090909,0.0890909090909091,0.0890909090909091,0.955,1002,1,1099,98
0.5340015888214111,0.0009090909090909091,0.0009090909090909091,0.9118181818181819,0.9118181818181819,0.08818181818181818,0.08818181818181818,0.9554545454545454,1003,1,1099,97
0.5323060750961304,0.0009090909090909091,0.0009090909090909091,0.9127272727272727,0.9127272727272727,0.08727272727272728,0.08727272727272728,0.9559090909090909,1004,1,1099,96
0.5318437218666077,0.0009090909090909091,0.0009090909090909091,0.9136363636363637,0.9136363636363637,0.08636363636363636,0.08636363636363636,0.9563636363636364,1005,1,1099,95
0.5289754271507263,0.0009090909090909091,0.0009090909090909091,0.9145454545454546,0.9145454545454546,0.08545454545454545,0.08545454545454545,0.9568181818181818,1006,1,1099,94
0.5283663868904114,0.0009090909090909091,0.0009090909090909091,0.9154545454545454,0.9154545454545454,0.08454545454545455,0.08454545454545455,0.9572727272727273,1007,1,1099,93
0.5275577902793884,0.0009090909090909091,0.0009090909090909091,0.9163636363636364,0.9163636363636364,0.08363636363636363,0.08363636363636363,0.9577272727272728,1008,1,1099,92
0.5273855924606323,0.0018181818181818182,0.0018181818181818182,0.9163636363636364,0.9163636363636364,0.08363636363636363,0.08363636363636363,0.9572727272727273,1008,2,1098,92
0.5271694660186768,0.0018181818181818182,0.0018181818181818182,0.9172727272727272,0.9172727272727272,0.08272727272727273,0.08272727272727273,0.9577272727272728,1009,2,1098,91
0.5255367755889893,0.0027272727272727275,0.0027272727272727275,0.9172727272727272,0.9172727272727272,0.08272727272727273,0.08272727272727273,0.9572727272727273,1009,3,1097,91
0.5214122533798218,0.0027272727272727275,0.0027272727272727275,0.9181818181818182,0.9181818181818182,0.08181818181818182,0.08181818181818182,0.9577272727272728,1010,3,1097,90
0.5179933905601501,0.0027272727272727275,0.0027272727272727275,0.9190909090909091,0.9190909090909091,0.0809090909090909,0.0809090909090909,0.9581818181818181,1011,3,1097,89
0.5179840326309204,0.0027272727272727275,0.0027272727272727275,0.92,0.92,0.08,0.08,0.9586363636363636,1012,3,1097,88
0.5128463506698608,0.0027272727272727275,0.0027272727272727275,0.9209090909090909,0.9209090909090909,0.07909090909090909,0.07909090909090909,0.9590909090909091,1013,3,1097,87
0.5093459486961365,0.0027272727272727275,0.0027272727272727275,0.9218181818181819,0.9218181818181819,0.07818181818181819,0.07818181818181819,0.9595454545454546,1014,3,1097,86
0.5045410394668579,0.0027272727272727275,0.0027272727272727275,0.9227272727272727,0.9227272727272727,0.07727272727272727,0.07727272727272727,0.96,1015,3,1097,85
0.5000896453857422,0.0027272727272727275,0.0027272727272727275,0.9236363636363636,0.9236363636363636,0.07636363636363637,0.07636363636363637,0.9604545454545454,1016,3,1097,84
0.4952150881290436,0.0027272727272727275,0.0027272727272727275,0.9245454545454546,0.9245454545454546,0.07545454545454545,0.07545454545454545,0.9609090909090909,1017,3,1097,83
0.4947030246257782,0.0027272727272727275,0.0027272727272727275,0.9254545454545454,0.9254545454545454,0.07454545454545454,0.07454545454545454,0.9613636363636363,1018,3,1097,82
0.4945235550403595,0.0027272727272727275,0.0027272727272727275,0.9263636363636364,0.9263636363636364,0.07363636363636364,0.07363636363636364,0.9618181818181818,1019,3,1097,81
0.49262115359306335,0.0027272727272727275,0.0027272727272727275,0.9272727272727272,0.9272727272727272,0.07272727272727272,0.07272727272727272,0.9622727272727273,1020,3,1097,80
0.4913523197174072,0.0027272727272727275,0.0027272727272727275,0.9281818181818182,0.9281818181818182,0.07181818181818182,0.07181818181818182,0.9627272727272728,1021,3,1097,79
0.49048152565956116,0.0027272727272727275,0.0027272727272727275,0.9290909090909091,0.9290909090909091,0.07090909090909091,0.07090909090909091,0.9631818181818181,1022,3,1097,78
0.48746395111083984,0.0027272727272727275,0.0027272727272727275,0.93,0.93,0.07,0.07,0.9636363636363636,1023,3,1097,77
0.4864408075809479,0.0027272727272727275,0.0027272727272727275,0.9309090909090909,0.9309090909090909,0.06909090909090909,0.06909090909090909,0.9640909090909091,1024,3,1097,76
0.4850289821624756,0.0027272727272727275,0.0027272727272727275,0.9318181818181818,0.9318181818181818,0.06818181818181818,0.06818181818181818,0.9645454545454546,1025,3,1097,75
0.48332178592681885,0.0027272727272727275,0.0027272727272727275,0.9327272727272727,0.9327272727272727,0.06727272727272728,0.06727272727272728,0.965,1026,3,1097,74
0.48146533966064453,0.0036363636363636364,0.0036363636363636364,0.9327272727272727,0.9327272727272727,0.06727272727272728,0.06727272727272728,0.9645454545454546,1026,4,1096,74
0.4800611138343811,0.0036363636363636364,0.0036363636363636364,0.9336363636363636,0.9336363636363636,0.06636363636363636,0.06636363636363636,0.965,1027,4,1096,73
0.477051705121994,0.0036363636363636364,0.0036363636363636364,0.9345454545454546,0.9345454545454546,0.06545454545454546,0.06545454545454546,0.9654545454545455,1028,4,1096,72
0.4767346978187561,0.0036363636363636364,0.0036363636363636364,0.9354545454545454,0.9354545454545454,0.06454545454545454,0.06454545454545454,0.9659090909090909,1029,4,1096,71
0.4719083309173584,0.004545454545454545,0.004545454545454545,0.9354545454545454,0.9354545454545454,0.06454545454545454,0.06454545454545454,0.9654545454545455,1029,5,1095,71
0.4669695496559143,0.005454545454545455,0.005454545454545455,0.9354545454545454,0.9354545454545454,0.06454545454545454,0.06454545454545454,0.965,1029,6,1094,71
0.45811060070991516,0.006363636363636364,0.006363636363636364,0.9354545454545454,0.9354545454545454,0.06454545454545454,0.06454545454545454,0.9645454545454546,1029,7,1093,71
0.45494544506073,0.006363636363636364,0.006363636363636364,0.9363636363636364,0.9363636363636364,0.06363636363636363,0.06363636363636363,0.965,1030,7,1093,70
0.45434868335723877,0.006363636363636364,0.006363636363636364,0.9372727272727273,0.9372727272727273,0.06272727272727273,0.06272727272727273,0.9654545454545455,1031,7,1093,69
0.4438193440437317,0.006363636363636364,0.006363636363636364,0.9381818181818182,0.9381818181818182,0.06181818181818182,0.06181818181818182,0.9659090909090909,1032,7,1093,68
0.44336116313934326,0.006363636363636364,0.006363636363636364,0.9390909090909091,0.9390909090909091,0.060909090909090906,0.060909090909090906,0.9663636363636363,1033,7,1093,67
0.4411173462867737,0.007272727272727273,0.007272727272727273,0.9390909090909091,0.9390909090909091,0.060909090909090906,0.060909090909090906,0.9659090909090909,1033,8,1092,67
0.44016575813293457,0.007272727272727273,0.007272727272727273,0.94,0.94,0.06,0.06,0.9663636363636363,1034,8,1092,66
0.43528738617897034,0.007272727272727273,0.007272727272727273,0.9409090909090909,0.9409090909090909,0.05909090909090909,0.05909090909090909,0.9668181818181818,1035,8,1092,65
0.4319212734699249,0.007272727272727273,0.007272727272727273,0.9418181818181818,0.9418181818181818,0.05818181818181818,0.05818181818181818,0.9672727272727273,1036,8,1092,64
0.42687514424324036,0.007272727272727273,0.007272727272727273,0.9427272727272727,0.9427272727272727,0.057272727272727274,0.057272727272727274,0.9677272727272728,1037,8,1092,63
0.42513442039489746,0.007272727272727273,0.007272727272727273,0.9436363636363636,0.9436363636363636,0.056363636363636366,0.056363636363636366,0.9681818181818181,1038,8,1092,62
0.42337673902511597,0.007272727272727273,0.007272727272727273,0.9445454545454546,0.9445454545454546,0.05545454545454546,0.05545454545454546,0.9686363636363636,1039,8,1092,61
0.41725805401802063,0.007272727272727273,0.007272727272727273,0.9454545454545454,0.9454545454545454,0.05454545454545454,0.05454545454545454,0.9690909090909091,1040,8,1092,60
0.4142725467681885,0.008181818181818182,0.008181818181818182,0.9454545454545454,0.9454545454545454,0.05454545454545454,0.05454545454545454,0.9686363636363636,1040,9,1091,60
0.4129539430141449,0.008181818181818182,0.008181818181818182,0.9463636363636364,0.9463636363636364,0.053636363636363635,0.053636363636363635,0.9690909090909091,1041,9,1091,59
0.4124596118927002,0.008181818181818182,0.008181818181818182,0.9472727272727273,0.9472727272727273,0.05272727272727273,0.05272727272727273,0.9695454545454546,1042,9,1091,58
0.41125965118408203,0.00909090909090909,0.00909090909090909,0.9472727272727273,0.9472727272727273,0.05272727272727273,0.05272727272727273,0.9690909090909091,1042,10,1090,58
0.40885865688323975,0.01,0.01,0.9472727272727273,0.9472727272727273,0.05272727272727273,0.05272727272727273,0.9686363636363636,1042,11,1089,58
0.4047890901565552,0.01090909090909091,0.01090909090909091,0.9472727272727273,0.9472727272727273,0.05272727272727273,0.05272727272727273,0.9681818181818181,1042,12,1088,58
0.40389156341552734,0.011818181818181818,0.011818181818181818,0.9472727272727273,0.9472727272727273,0.05272727272727273,0.05272727272727273,0.9677272727272728,1042,13,1087,58
0.4033040404319763,0.011818181818181818,0.011818181818181818,0.9481818181818182,0.9481818181818182,0.05181818181818182,0.05181818181818182,0.9681818181818181,1043,13,1087,57
0.3981037735939026,0.012727272727272728,0.012727272727272728,0.9481818181818182,0.9481818181818182,0.05181818181818182,0.05181818181818182,0.9677272727272728,1043,14,1086,57
0.3906871974468231,0.012727272727272728,0.012727272727272728,0.9490909090909091,0.9490909090909091,0.05090909090909091,0.05090909090909091,0.9681818181818181,1044,14,1086,56
0.3837451934814453,0.013636363636363636,0.013636363636363636,0.9490909090909091,0.9490909090909091,0.05090909090909091,0.05090909090909091,0.9677272727272728,1044,15,1085,56
0.38306593894958496,0.014545454545454545,0.014545454545454545,0.9490909090909091,0.9490909090909091,0.05090909090909091,0.05090909090909091,0.9672727272727273,1044,16,1084,56
0.38143688440322876,0.014545454545454545,0.014545454545454545,0.95,0.95,0.05,0.05,0.9677272727272728,1045,16,1084,55
0.37856781482696533,0.015454545454545455,0.015454545454545455,0.95,0.95,0.05,0.05,0.9672727272727273,1045,17,1083,55
0.3735989034175873,0.016363636363636365,0.016363636363636365,0.95,0.95,0.05,0.05,0.9668181818181818,1045,18,1082,55
0.36502230167388916,0.017272727272727273,0.017272727272727273,0.95,0.95,0.05,0.05,0.9663636363636363,1045,19,1081,55
0.3648482859134674,0.01818181818181818,0.01818181818181818,0.95,0.95,0.05,0.05,0.9659090909090909,1045,20,1080,55
0.35652896761894226,0.019090909090909092,0.019090909090909092,0.95,0.95,0.05,0.05,0.9654545454545455,1045,21,1079,55
0.35247960686683655,0.019090909090909092,0.019090909090909092,0.9509090909090909,0.9509090909090909,0.04909090909090909,0.04909090909090909,0.9659090909090909,1046,21,1079,54
0.35109269618988037,0.02,0.02,0.9509090909090909,0.9509090909090909,0.04909090909090909,0.04909090909090909,0.9654545454545455,1046,22,1078,54
0.3507772386074066,0.02090909090909091,0.02090909090909091,0.9509090909090909,0.9509090909090909,0.04909090909090909,0.04909090909090909,0.965,1046,23,1077,54
0.345032274723053,0.02181818181818182,0.02181818181818182,0.9509090909090909,0.9509090909090909,0.04909090909090909,0.04909090909090909,0.9645454545454546,1046,24,1076,54
0.34360939264297485,0.02181818181818182,0.02181818181818182,0.9518181818181818,0.9518181818181818,0.04818181818181818,0.04818181818181818,0.965,1047,24,1076,53
0.34332510828971863,0.022727272727272728,0.022727272727272728,0.9518181818181818,0.9518181818181818,0.04818181818181818,0.04818181818181818,0.9645454545454546,1047,25,1075,53
0.3421086072921753,0.022727272727272728,0.022727272727272728,0.9527272727272728,0.9527272727272728,0.04727272727272727,0.04727272727272727,0.965,1048,25,1075,52
0.33386659622192383,0.023636363636363636,0.023636363636363636,0.9527272727272728,0.9527272727272728,0.04727272727272727,0.04727272727272727,0.9645454545454546,1048,26,1074,52
0.3310993015766144,0.024545454545454544,0.024545454545454544,0.9527272727272728,0.9527272727272728,0.04727272727272727,0.04727272727272727,0.9640909090909091,1048,27,1073,52
0.3309565782546997,0.025454545454545455,0.025454545454545455,0.9527272727272728,0.9527272727272728,0.04727272727272727,0.04727272727272727,0.9636363636363636,1048,28,1072,52
0.32964643836021423,0.025454545454545455,0.025454545454545455,0.9536363636363636,0.9536363636363636,0.046363636363636364,0.046363636363636364,0.9640909090909091,1049,28,1072,51
0.3288978934288025,0.026363636363636363,0.026363636363636363,0.9536363636363636,0.9536363636363636,0.046363636363636364,0.046363636363636364,0.9636363636363636,1049,29,1071,51
0.3281218707561493,0.02727272727272727,0.02727272727272727,0.9536363636363636,0.9536363636363636,0.046363636363636364,0.046363636363636364,0.9631818181818181,1049,30,1070,51
0.32793205976486206,0.028181818181818183,0.028181818181818183,0.9536363636363636,0.9536363636363636,0.046363636363636364,0.046363636363636364,0.9627272727272728,1049,31,1069,51
0.32772576808929443,0.02909090909090909,0.02909090909090909,0.9536363636363636,0.9536363636363636,0.046363636363636364,0.046363636363636364,0.9622727272727273,1049,32,1068,51
0.3274539113044739,0.03,0.03,0.9536363636363636,0.9536363636363636,0.046363636363636364,0.046363636363636364,0.9618181818181818,1049,33,1067,51
0.32078656554222107,0.03090909090909091,0.03090909090909091,0.9536363636363636,0.9536363636363636,0.046363636363636364,0.046363636363636364,0.9613636363636363,1049,34,1066,51
0.31949618458747864,0.031818181818181815,0.031818181818181815,0.9536363636363636,0.9536363636363636,0.046363636363636364,0.046363636363636364,0.9609090909090909,1049,35,1065,51
0.3192237317562103,0.03272727272727273,0.03272727272727273,0.9536363636363636,0.9536363636363636,0.046363636363636364,0.046363636363636364,0.9604545454545454,1049,36,1064,51
0.31786951422691345,0.03363636363636364,0.03363636363636364,0.9536363636363636,0.9536363636363636,0.046363636363636364,0.046363636363636364,0.96,1049,37,1063,51
0.3134727478027344,0.03363636363636364,0.03363636363636364,0.9545454545454546,0.9545454545454546,0.045454545454545456,0.045454545454545456,0.9604545454545454,1050,37,1063,50
0.3133297860622406,0.034545454545454546,0.034545454545454546,0.9545454545454546,0.9545454545454546,0.045454545454545456,0.045454545454545456,0.96,1050,38,1062,50
0.31197497248649597,0.035454545454545454,0.035454545454545454,0.9545454545454546,0.9545454545454546,0.045454545454545456,0.045454545454545456,0.9595454545454546,1050,39,1061,50
0.3086806535720825,0.03636363636363636,0.03636363636363636,0.9545454545454546,0.9545454545454546,0.045454545454545456,0.045454545454545456,0.9590909090909091,1050,40,1060,50
0.30862337350845337,0.03727272727272727,0.03727272727272727,0.9545454545454546,0.9545454545454546,0.045454545454545456,0.045454545454545456,0.9586363636363636,1050,41,1059,50
0.30760616064071655,0.03727272727272727,0.03727272727272727,0.9554545454545454,0.9554545454545454,0.04454545454545455,0.04454545454545455,0.9590909090909091,1051,41,1059,49
0.3067188262939453,0.038181818181818185,0.038181818181818185,0.9554545454545454,0.9554545454545454,0.04454545454545455,0.04454545454545455,0.9586363636363636,1051,42,1058,49
0.30430927872657776,0.03909090909090909,0.03909090909090909,0.9554545454545454,0.9554545454545454,0.04454545454545455,0.04454545454545455,0.9581818181818181,1051,43,1057,49
0.3031630516052246,0.04,0.04,0.9554545454545454,0.9554545454545454,0.04454545454545455,0.04454545454545455,0.9577272727272728,1051,44,1056,49
0.2996046841144562,0.04090909090909091,0.04090909090909091,0.9554545454545454,0.9554545454545454,0.04454545454545455,0.04454545454545455,0.9572727272727273,1051,45,1055,49
0.29945001006126404,0.04181818181818182,0.04181818181818182,0.9554545454545454,0.9554545454545454,0.04454545454545455,0.04454545454545455,0.9568181818181818,1051,46,1054,49
0.2989629805088043,0.04181818181818182,0.04181818181818182,0.9563636363636364,0.9563636363636364,0.04363636363636364,0.04363636363636364,0.9572727272727273,1052,46,1054,48
0.29885268211364746,0.04181818181818182,0.04181818181818182,0.9572727272727273,0.9572727272727273,0.042727272727272725,0.042727272727272725,0.9577272727272728,1053,46,1054,47
0.29717835783958435,0.042727272727272725,0.042727272727272725,0.9572727272727273,0.9572727272727273,0.042727272727272725,0.042727272727272725,0.9572727272727273,1053,47,1053,47
0.2923416793346405,0.04363636363636364,0.04363636363636364,0.9572727272727273,0.9572727272727273,0.042727272727272725,0.042727272727272725,0.9568181818181818,1053,48,1052,47
0.29233983159065247,0.04454545454545455,0.04454545454545455,0.9572727272727273,0.9572727272727273,0.042727272727272725,0.042727272727272725,0.9563636363636364,1053,49,1051,47
0.28903552889823914,0.045454545454545456,0.045454545454545456,0.9572727272727273,0.9572727272727273,0.042727272727272725,0.042727272727272725,0.9559090909090909,1053,50,1050,47
0.2889506220817566,0.046363636363636364,0.046363636363636364,0.9572727272727273,0.9572727272727273,0.042727272727272725,0.042727272727272725,0.9554545454545454,1053,51,1049,47
0.28843116760253906,0.04727272727272727,0.04727272727272727,0.9572727272727273,0.9572727272727273,0.042727272727272725,0.042727272727272725,0.955,1053,52,1048,47
0.28754910826683044,0.04818181818181818,0.04818181818181818,0.9572727272727273,0.9572727272727273,0.042727272727272725,0.042727272727272725,0.9545454545454546,1053,53,1047,47
0.28695565462112427,0.04909090909090909,0.04909090909090909,0.9572727272727273,0.9572727272727273,0.042727272727272725,0.042727272727272725,0.9540909090909091,1053,54,1046,47
0.2822626531124115,0.05,0.05,0.9572727272727273,0.9572727272727273,0.042727272727272725,0.042727272727272725,0.9536363636363636,1053,55,1045,47
0.2795461118221283,0.05090909090909091,0.05090909090909091,0.9572727272727273,0.9572727272727273,0.042727272727272725,0.042727272727272725,0.9531818181818181,1053,56,1044,47
0.278056263923645,0.05181818181818182,0.05181818181818182,0.9572727272727273,0.9572727272727273,0.042727272727272725,0.042727272727272725,0.9527272727272728,1053,57,1043,47
0.2756631076335907,0.05181818181818182,0.05181818181818182,0.9581818181818181,0.9581818181818181,0.04181818181818182,0.04181818181818182,0.9531818181818181,1054,57,1043,46
0.27551305294036865,0.05272727272727273,0.05272727272727273,0.9581818181818181,0.9581818181818181,0.04181818181818182,0.04181818181818182,0.9527272727272728,1054,58,1042,46
0.27479231357574463,0.053636363636363635,0.053636363636363635,0.9581818181818181,0.9581818181818181,0.04181818181818182,0.04181818181818182,0.9522727272727273,1054,59,1041,46
0.27418220043182373,0.05454545454545454,0.05454545454545454,0.9581818181818181,0.9581818181818181,0.04181818181818182,0.04181818181818182,0.9518181818181818,1054,60,1040,46
0.27321290969848633,0.05545454545454546,0.05545454545454546,0.9581818181818181,0.9581818181818181,0.04181818181818182,0.04181818181818182,0.9513636363636364,1054,61,1039,46
0.27107226848602295,0.056363636363636366,0.056363636363636366,0.9581818181818181,0.9581818181818181,0.04181818181818182,0.04181818181818182,0.9509090909090909,1054,62,1038,46
0.2707462012767792,0.057272727272727274,0.057272727272727274,0.9581818181818181,0.9581818181818181,0.04181818181818182,0.04181818181818182,0.9504545454545454,1054,63,1037,46
0.27018749713897705,0.05818181818181818,0.05818181818181818,0.9581818181818181,0.9581818181818181,0.04181818181818182,0.04181818181818182,0.95,1054,64,1036,46
0.26760876178741455,0.05909090909090909,0.05909090909090909,0.9581818181818181,0.9581818181818181,0.04181818181818182,0.04181818181818182,0.9495454545454546,1054,65,1035,46
0.26745569705963135,0.06,0.06,0.9581818181818181,0.9581818181818181,0.04181818181818182,0.04181818181818182,0.9490909090909091,1054,66,1034,46
0.26496392488479614,0.060909090909090906,0.060909090909090906,0.9581818181818181,0.9581818181818181,0.04181818181818182,0.04181818181818182,0.9486363636363636,1054,67,1033,46
0.2619621753692627,0.06181818181818182,0.06181818181818182,0.9581818181818181,0.9581818181818181,0.04181818181818182,0.04181818181818182,0.9481818181818182,1054,68,1032,46
0.261921763420105,0.06272727272727273,0.06272727272727273,0.9581818181818181,0.9581818181818181,0.04181818181818182,0.04181818181818182,0.9477272727272728,1054,69,1031,46
0.2614666521549225,0.06363636363636363,0.06363636363636363,0.9581818181818181,0.9581818181818181,0.04181818181818182,0.04181818181818182,0.9472727272727273,1054,70,1030,46
0.2606274485588074,0.06454545454545454,0.06454545454545454,0.9581818181818181,0.9581818181818181,0.04181818181818182,0.04181818181818182,0.9468181818181818,1054,71,1029,46
0.2600306570529938,0.06545454545454546,0.06545454545454546,0.9581818181818181,0.9581818181818181,0.04181818181818182,0.04181818181818182,0.9463636363636364,1054,72,1028,46
0.25980719923973083,0.06636363636363636,0.06636363636363636,0.9581818181818181,0.9581818181818181,0.04181818181818182,0.04181818181818182,0.9459090909090909,1054,73,1027,46
0.25927817821502686,0.06727272727272728,0.06727272727272728,0.9581818181818181,0.9581818181818181,0.04181818181818182,0.04181818181818182,0.9454545454545454,1054,74,1026,46
0.25871723890304565,0.06818181818181818,0.06818181818181818,0.9581818181818181,0.9581818181818181,0.04181818181818182,0.04181818181818182,0.945,1054,75,1025,46
0.25671321153640747,0.06909090909090909,0.06909090909090909,0.9581818181818181,0.9581818181818181,0.04181818181818182,0.04181818181818182,0.9445454545454546,1054,76,1024,46
0.25525376200675964,0.07,0.07,0.9581818181818181,0.9581818181818181,0.04181818181818182,0.04181818181818182,0.9440909090909091,1054,77,1023,46
0.25499653816223145,0.07090909090909091,0.07090909090909091,0.9581818181818181,0.9581818181818181,0.04181818181818182,0.04181818181818182,0.9436363636363636,1054,78,1022,46
0.2537490725517273,0.07181818181818182,0.07181818181818182,0.9581818181818181,0.9581818181818181,0.04181818181818182,0.04181818181818182,0.9431818181818182,1054,79,1021,46
0.2512045204639435,0.07272727272727272,0.07272727272727272,0.9581818181818181,0.9581818181818181,0.04181818181818182,0.04181818181818182,0.9427272727272727,1054,80,1020,46
0.2498292177915573,0.07363636363636364,0.07363636363636364,0.9581818181818181,0.9581818181818181,0.04181818181818182,0.04181818181818182,0.9422727272727273,1054,81,1019,46
0.24966785311698914,0.07454545454545454,0.07454545454545454,0.9581818181818181,0.9581818181818181,0.04181818181818182,0.04181818181818182,0.9418181818181818,1054,82,1018,46
0.24947848916053772,0.07545454545454545,0.07545454545454545,0.9581818181818181,0.9581818181818181,0.04181818181818182,0.04181818181818182,0.9413636363636364,1054,83,1017,46
0.24829994142055511,0.07636363636363637,0.07636363636363637,0.9581818181818181,0.9581818181818181,0.04181818181818182,0.04181818181818182,0.9409090909090909,1054,84,1016,46
0.2481245994567871,0.07727272727272727,0.07727272727272727,0.9581818181818181,0.9581818181818181,0.04181818181818182,0.04181818181818182,0.9404545454545454,1054,85,1015,46
0.2474440038204193,0.07818181818181819,0.07818181818181819,0.9581818181818181,0.9581818181818181,0.04181818181818182,0.04181818181818182,0.94,1054,86,1014,46
0.24740755558013916,0.07909090909090909,0.07909090909090909,0.9581818181818181,0.9581818181818181,0.04181818181818182,0.04181818181818182,0.9395454545454546,1054,87,1013,46
0.24419867992401123,0.07909090909090909,0.07909090909090909,0.9590909090909091,0.9590909090909091,0.04090909090909091,0.04090909090909091,0.94,1055,87,1013,45
0.24306724965572357,0.08,0.08,0.9590909090909091,0.9590909090909091,0.04090909090909091,0.04090909090909091,0.9395454545454546,1055,88,1012,45
0.24282671511173248,0.0809090909090909,0.0809090909090909,0.9590909090909091,0.9590909090909091,0.04090909090909091,0.04090909090909091,0.9390909090909091,1055,89,1011,45
0.2423926740884781,0.08181818181818182,0.08181818181818182,0.9590909090909091,0.9590909090909091,0.04090909090909091,0.04090909090909091,0.9386363636363636,1055,90,1010,45
0.24121767282485962,0.08272727272727273,0.08272727272727273,0.9590909090909091,0.9590909090909091,0.04090909090909091,0.04090909090909091,0.9381818181818182,1055,91,1009,45
0.24102343618869781,0.08272727272727273,0.08272727272727273,0.96,0.96,0.04,0.04,0.9386363636363636,1056,91,1009,44
0.23806676268577576,0.08363636363636363,0.08363636363636363,0.96,0.96,0.04,0.04,0.9381818181818182,1056,92,1008,44
0.2370903491973877,0.08454545454545455,0.08454545454545455,0.96,0.96,0.04,0.04,0.9377272727272727,1056,93,1007,44
0.23521417379379272,0.08545454545454545,0.08545454545454545,0.96,0.96,0.04,0.04,0.9372727272727273,1056,94,1006,44
0.23359188437461853,0.08636363636363636,0.08636363636363636,0.96,0.96,0.04,0.04,0.9368181818181818,1056,95,1005,44
0.23257774114608765,0.08727272727272728,0.08727272727272728,0.96,0.96,0.04,0.04,0.9363636363636364,1056,96,1004,44
0.23201984167099,0.08818181818181818,0.08818181818181818,0.96,0.96,0.04,0.04,0.9359090909090909,1056,97,1003,44
0.2314266562461853,0.0890909090909091,0.0890909090909091,0.96,0.96,0.04,0.04,0.9354545454545454,1056,98,1002,44
0.23032961785793304,0.09,0.09,0.96,0.96,0.04,0.04,0.935,1056,99,1001,44
0.22940172255039215,0.09090909090909091,0.09090909090909091,0.96,0.96,0.04,0.04,0.9345454545454546,1056,100,1000,44
0.2293718159198761,0.09181818181818181,0.09181818181818181,0.96,0.96,0.04,0.04,0.9340909090909091,1056,101,999,44
0.22826439142227173,0.09272727272727273,0.09272727272727273,0.96,0.96,0.04,0.04,0.9336363636363636,1056,102,998,44
0.2266973853111267,0.09363636363636364,0.09363636363636364,0.96,0.96,0.04,0.04,0.9331818181818182,1056,103,997,44
0.22596067190170288,0.09454545454545454,0.09454545454545454,0.96,0.96,0.04,0.04,0.9327272727272727,1056,104,996,44
0.22513845562934875,0.09545454545454546,0.09545454545454546,0.96,0.96,0.04,0.04,0.9322727272727273,1056,105,995,44
0.2245454490184784,0.09636363636363636,0.09636363636363636,0.96,0.96,0.04,0.04,0.9318181818181818,1056,106,994,44
0.22395873069763184,0.09727272727272727,0.09727272727272727,0.96,0.96,0.04,0.04,0.9313636363636364,1056,107,993,44
0.22373786568641663,0.09818181818181818,0.09818181818181818,0.96,0.96,0.04,0.04,0.9309090909090909,1056,108,992,44
0.22362002730369568,0.09818181818181818,0.09818181818181818,0.9609090909090909,0.9609090909090909,0.03909090909090909,0.03909090909090909,0.9313636363636364,1057,108,992,43
0.22282370924949646,0.09909090909090909,0.09909090909090909,0.9609090909090909,0.9609090909090909,0.03909090909090909,0.03909090909090909,0.9309090909090909,1057,109,991,43
0.22246336936950684,0.1,0.1,0.9609090909090909,0.9609090909090909,0.03909090909090909,0.03909090909090909,0.9304545454545454,1057,110,990,43
0.22189724445343018,0.1009090909090909,0.1009090909090909,0.9609090909090909,0.9609090909090909,0.03909090909090909,0.03909090909090909,0.93,1057,111,989,43
0.22002069652080536,0.10181818181818182,0.10181818181818182,0.9609090909090909,0.9609090909090909,0.03909090909090909,0.03909090909090909,0.9295454545454546,1057,112,988,43
0.2199203073978424,0.10272727272727272,0.10272727272727272,0.9609090909090909,0.9609090909090909,0.03909090909090909,0.03909090909090909,0.9290909090909091,1057,113,987,43
0.2190970480442047,0.10363636363636364,0.10363636363636364,0.9609090909090909,0.9609090909090909,0.03909090909090909,0.03909090909090909,0.9286363636363636,1057,114,986,43
0.21818973124027252,0.10454545454545454,0.10454545454545454,0.9609090909090909,0.9609090909090909,0.03909090909090909,0.03909090909090909,0.9281818181818182,1057,115,985,43
0.2177520990371704,0.10545454545454545,0.10545454545454545,0.9609090909090909,0.9609090909090909,0.03909090909090909,0.03909090909090909,0.9277272727272727,1057,116,984,43
0.21771696209907532,0.10636363636363637,0.10636363636363637,0.9609090909090909,0.9609090909090909,0.03909090909090909,0.03909090909090909,0.9272727272727272,1057,117,983,43
0.2176969349384308,0.10727272727272727,0.10727272727272727,0.9609090909090909,0.9609090909090909,0.03909090909090909,0.03909090909090909,0.9268181818181818,1057,118,982,43
0.21728840470314026,0.10818181818181818,0.10818181818181818,0.9609090909090909,0.9609090909090909,0.03909090909090909,0.03909090909090909,0.9263636363636364,1057,119,981,43
0.2124737650156021,0.10909090909090909,0.10909090909090909,0.9609090909090909,0.9609090909090909,0.03909090909090909,0.03909090909090909,0.9259090909090909,1057,120,980,43
0.21229277551174164,0.11,0.11,0.9609090909090909,0.9609090909090909,0.03909090909090909,0.03909090909090909,0.9254545454545454,1057,121,979,43
0.21183255314826965,0.11090909090909092,0.11090909090909092,0.9609090909090909,0.9609090909090909,0.03909090909090909,0.03909090909090909,0.925,1057,122,978,43
0.21080878376960754,0.11181818181818182,0.11181818181818182,0.9609090909090909,0.9609090909090909,0.03909090909090909,0.03909090909090909,0.9245454545454546,1057,123,977,43
0.2103256732225418,0.11272727272727273,0.11272727272727273,0.9609090909090909,0.9609090909090909,0.03909090909090909,0.03909090909090909,0.9240909090909091,1057,124,976,43
0.21006426215171814,0.11363636363636363,0.11363636363636363,0.9609090909090909,0.9609090909090909,0.03909090909090909,0.03909090909090909,0.9236363636363636,1057,125,975,43
0.20736870169639587,0.11454545454545455,0.11454545454545455,0.9609090909090909,0.9609090909090909,0.03909090909090909,0.03909090909090909,0.9231818181818182,1057,126,974,43
0.20730921626091003,0.11545454545454545,0.11545454545454545,0.9609090909090909,0.9609090909090909,0.03909090909090909,0.03909090909090909,0.9227272727272727,1057,127,973,43
0.2064654380083084,0.11636363636363636,0.11636363636363636,0.9609090909090909,0.9609090909090909,0.03909090909090909,0.03909090909090909,0.9222727272727272,1057,128,972,43
0.20590947568416595,0.11727272727272728,0.11727272727272728,0.9609090909090909,0.9609090909090909,0.03909090909090909,0.03909090909090909,0.9218181818181819,1057,129,971,43
0.20558027923107147,0.11727272727272728,0.11727272727272728,0.9618181818181818,0.9618181818181818,0.038181818181818185,0.038181818181818185,0.9222727272727272,1058,129,971,42
0.2055375576019287,0.11818181818181818,0.11818181818181818,0.9618181818181818,0.9618181818181818,0.038181818181818185,0.038181818181818185,0.9218181818181819,1058,130,970,42
0.20469379425048828,0.1190909090909091,0.1190909090909091,0.9618181818181818,0.9618181818181818,0.038181818181818185,0.038181818181818185,0.9213636363636364,1058,131,969,42
0.2045382857322693,0.12,0.12,0.9618181818181818,0.9618181818181818,0.038181818181818185,0.038181818181818185,0.9209090909090909,1058,132,968,42
0.20450183749198914,0.12090909090909091,0.12090909090909091,0.9618181818181818,0.9618181818181818,0.038181818181818185,0.038181818181818185,0.9204545454545454,1058,133,967,42
0.20335084199905396,0.12181818181818181,0.12181818181818181,0.9618181818181818,0.9618181818181818,0.038181818181818185,0.038181818181818185,0.92,1058,134,966,42
0.20174339413642883,0.12272727272727273,0.12272727272727273,0.9618181818181818,0.9618181818181818,0.038181818181818185,0.038181818181818185,0.9195454545454546,1058,135,965,42
0.20058612525463104,0.12363636363636364,0.12363636363636364,0.9618181818181818,0.9618181818181818,0.038181818181818185,0.038181818181818185,0.9190909090909091,1058,136,964,42
0.19987982511520386,0.12454545454545454,0.12454545454545454,0.9618181818181818,0.9618181818181818,0.038181818181818185,0.038181818181818185,0.9186363636363636,1058,137,963,42
0.19983087480068207,0.12545454545454546,0.12545454545454546,0.9618181818181818,0.9618181818181818,0.038181818181818185,0.038181818181818185,0.9181818181818182,1058,138,962,42
0.19958588480949402,0.12636363636363637,0.12636363636363637,0.9618181818181818,0.9618181818181818,0.038181818181818185,0.038181818181818185,0.9177272727272727,1058,139,961,42
0.19951428472995758,0.12727272727272726,0.12727272727272726,0.9618181818181818,0.9618181818181818,0.038181818181818185,0.038181818181818185,0.9172727272727272,1058,140,960,42
0.19940617680549622,0.12818181818181817,0.12818181818181817,0.9618181818181818,0.9618181818181818,0.038181818181818185,0.038181818181818185,0.9168181818181819,1058,141,959,42
0.1990775465965271,0.1290909090909091,0.1290909090909091,0.9618181818181818,0.9618181818181818,0.038181818181818185,0.038181818181818185,0.9163636363636364,1058,142,958,42
0.19900351762771606,0.13,0.13,0.9618181818181818,0.9618181818181818,0.038181818181818185,0.038181818181818185,0.9159090909090909,1058,143,957,42
0.19897188246250153,0.13090909090909092,0.13090909090909092,0.9618181818181818,0.9618181818181818,0.038181818181818185,0.038181818181818185,0.9154545454545454,1058,144,956,42
0.19884732365608215,0.1318181818181818,0.1318181818181818,0.9618181818181818,0.9618181818181818,0.038181818181818185,0.038181818181818185,0.915,1058,145,955,42
0.19842669367790222,0.13272727272727272,0.13272727272727272,0.9618181818181818,0.9618181818181818,0.038181818181818185,0.038181818181818185,0.9145454545454546,1058,146,954,42
0.19840243458747864,0.13363636363636364,0.13363636363636364,0.9618181818181818,0.9618181818181818,0.038181818181818185,0.038181818181818185,0.9140909090909091,1058,147,953,42
0.1973881721496582,0.13454545454545455,0.13454545454545455,0.9618181818181818,0.9618181818181818,0.038181818181818185,0.038181818181818185,0.9136363636363637,1058,148,952,42
0.19701795279979706,0.13545454545454547,0.13545454545454547,0.9618181818181818,0.9618181818181818,0.038181818181818185,0.038181818181818185,0.9131818181818182,1058,149,951,42
0.19658175110816956,0.13636363636363635,0.13636363636363635,0.9618181818181818,0.9618181818181818,0.038181818181818185,0.038181818181818185,0.9127272727272727,1058,150,950,42
0.19528724253177643,0.13727272727272727,0.13727272727272727,0.9618181818181818,0.9618181818181818,0.038181818181818185,0.038181818181818185,0.9122727272727272,1058,151,949,42
0.19411316514015198,0.13818181818181818,0.13818181818181818,0.9618181818181818,0.9618181818181818,0.038181818181818185,0.038181818181818185,0.9118181818181819,1058,152,948,42
0.19402466714382172,0.1390909090909091,0.1390909090909091,0.9618181818181818,0.9618181818181818,0.038181818181818185,0.038181818181818185,0.9113636363636364,1058,153,947,42
0.19393080472946167,0.14,0.14,0.9618181818181818,0.9618181818181818,0.038181818181818185,0.038181818181818185,0.9109090909090909,1058,154,946,42
0.1936011016368866,0.1409090909090909,0.1409090909090909,0.9618181818181818,0.9618181818181818,0.038181818181818185,0.038181818181818185,0.9104545454545454,1058,155,945,42
0.19178681075572968,0.14181818181818182,0.14181818181818182,0.9618181818181818,0.9618181818181818,0.038181818181818185,0.038181818181818185,0.91,1058,156,944,42
0.19168078899383545,0.14272727272727273,0.14272727272727273,0.9618181818181818,0.9618181818181818,0.038181818181818185,0.038181818181818185,0.9095454545454545,1058,157,943,42
0.19140253961086273,0.14363636363636365,0.14363636363636365,0.9618181818181818,0.9618181818181818,0.038181818181818185,0.038181818181818185,0.9090909090909091,1058,158,942,42
0.19091683626174927,0.14454545454545453,0.14454545454545453,0.9618181818181818,0.9618181818181818,0.038181818181818185,0.038181818181818185,0.9086363636363637,1058,159,941,42
0.1907385289669037,0.14545454545454545,0.14545454545454545,0.9618181818181818,0.9618181818181818,0.038181818181818185,0.038181818181818185,0.9081818181818182,1058,160,940,42
0.18956968188285828,0.14636363636363636,0.14636363636363636,0.9618181818181818,0.9618181818181818,0.038181818181818185,0.038181818181818185,0.9077272727272727,1058,161,939,42
0.18872672319412231,0.14727272727272728,0.14727272727272728,0.9618181818181818,0.9618181818181818,0.038181818181818185,0.038181818181818185,0.9072727272727272,1058,162,938,42
0.1884845495223999,0.1481818181818182,0.1481818181818182,0.9618181818181818,0.9618181818181818,0.038181818181818185,0.038181818181818185,0.9068181818181819,1058,163,937,42
0.18801097571849823,0.14909090909090908,0.14909090909090908,0.9618181818181818,0.9618181818181818,0.038181818181818185,0.038181818181818185,0.9063636363636364,1058,164,936,42
0.18797534704208374,0.15,0.15,0.9618181818181818,0.9618181818181818,0.038181818181818185,0.038181818181818185,0.9059090909090909,1058,165,935,42
0.18789294362068176,0.1509090909090909,0.1509090909090909,0.9618181818181818,0.9618181818181818,0.038181818181818185,0.038181818181818185,0.9054545454545454,1058,166,934,42
0.18781138956546783,0.15181818181818182,0.15181818181818182,0.9618181818181818,0.9618181818181818,0.038181818181818185,0.038181818181818185,0.905,1058,167,933,42
0.18745699524879456,0.15272727272727274,0.15272727272727274,0.9618181818181818,0.9618181818181818,0.038181818181818185,0.038181818181818185,0.9045454545454545,1058,168,932,42
0.18732218444347382,0.15363636363636363,0.15363636363636363,0.9618181818181818,0.9618181818181818,0.038181818181818185,0.038181818181818185,0.9040909090909091,1058,169,931,42
0.1858009696006775,0.15454545454545454,0.15454545454545454,0.9618181818181818,0.9618181818181818,0.038181818181818185,0.038181818181818185,0.9036363636363637,1058,170,930,42
0.18578462302684784,0.15545454545454546,0.15545454545454546,0.9618181818181818,0.9618181818181818,0.038181818181818185,0.038181818181818185,0.9031818181818182,1058,171,929,42
0.1852101981639862,0.15636363636363637,0.15636363636363637,0.9618181818181818,0.9618181818181818,0.038181818181818185,0.038181818181818185,0.9027272727272727,1058,172,928,42
0.18482980132102966,0.1572727272727273,0.1572727272727273,0.9618181818181818,0.9618181818181818,0.038181818181818185,0.038181818181818185,0.9022727272727272,1058,173,927,42
0.1840249001979828,0.15818181818181817,0.15818181818181817,0.9618181818181818,0.9618181818181818,0.038181818181818185,0.038181818181818185,0.9018181818181819,1058,174,926,42
0.18331094086170197,0.1590909090909091,0.1590909090909091,0.9618181818181818,0.9618181818181818,0.038181818181818185,0.038181818181818185,0.9013636363636364,1058,175,925,42
0.18283215165138245,0.16,0.16,0.9618181818181818,0.9618181818181818,0.038181818181818185,0.038181818181818185,0.9009090909090909,1058,176,924,42
0.1824822872877121,0.16090909090909092,0.16090909090909092,0.9618181818181818,0.9618181818181818,0.038181818181818185,0.038181818181818185,0.9004545454545455,1058,177,923,42
0.18228252232074738,0.1618181818181818,0.1618181818181818,0.9618181818181818,0.9618181818181818,0.038181818181818185,0.038181818181818185,0.9,1058,178,922,42
0.18204167485237122,0.16272727272727272,0.16272727272727272,0.9618181818181818,0.9618181818181818,0.038181818181818185,0.038181818181818185,0.8995454545454545,1058,179,921,42
0.17887453734874725,0.16363636363636364,0.16363636363636364,0.9618181818181818,0.9618181818181818,0.038181818181818185,0.038181818181818185,0.899090909090909,1058,180,920,42
0.178582102060318,0.16454545454545455,0.16454545454545455,0.9618181818181818,0.9618181818181818,0.038181818181818185,0.038181818181818185,0.8986363636363637,1058,181,919,42
0.17784196138381958,0.16545454545454547,0.16545454545454547,0.9618181818181818,0.9618181818181818,0.038181818181818185,0.038181818181818185,0.8981818181818182,1058,182,918,42
0.1777656227350235,0.16636363636363635,0.16636363636363635,0.9618181818181818,0.9618181818181818,0.038181818181818185,0.038181818181818185,0.8977272727272727,1058,183,917,42
0.17768456041812897,0.16727272727272727,0.16727272727272727,0.9618181818181818,0.9618181818181818,0.038181818181818185,0.038181818181818185,0.8972727272727272,1058,184,916,42
0.17537279427051544,0.16727272727272727,0.16727272727272727,0.9627272727272728,0.9627272727272728,0.03727272727272727,0.03727272727272727,0.8977272727272727,1059,184,916,41
0.1749057173728943,0.16818181818181818,0.16818181818181818,0.9627272727272728,0.9627272727272728,0.03727272727272727,0.03727272727272727,0.8972727272727272,1059,185,915,41
0.17436671257019043,0.1690909090909091,0.1690909090909091,0.9627272727272728,0.9627272727272728,0.03727272727272727,0.03727272727272727,0.8968181818181818,1059,186,914,41
0.17414003610610962,0.17,0.17,0.9627272727272728,0.9627272727272728,0.03727272727272727,0.03727272727272727,0.8963636363636364,1059,187,913,41
0.17285262048244476,0.1709090909090909,0.1709090909090909,0.9627272727272728,0.9627272727272728,0.03727272727272727,0.03727272727272727,0.8959090909090909,1059,188,912,41
0.1714780330657959,0.17181818181818181,0.17181818181818181,0.9627272727272728,0.9627272727272728,0.03727272727272727,0.03727272727272727,0.8954545454545455,1059,189,911,41
0.16936175525188446,0.17272727272727273,0.17272727272727273,0.9627272727272728,0.9627272727272728,0.03727272727272727,0.03727272727272727,0.895,1059,190,910,41
0.16909410059452057,0.17363636363636364,0.17363636363636364,0.9627272727272728,0.9627272727272728,0.03727272727272727,0.03727272727272727,0.8945454545454545,1059,191,909,41
0.16821156442165375,0.17454545454545456,0.17454545454545456,0.9627272727272728,0.9627272727272728,0.03727272727272727,0.03727272727272727,0.894090909090909,1059,192,908,41
0.16786503791809082,0.17545454545454545,0.17545454545454545,0.9627272727272728,0.9627272727272728,0.03727272727272727,0.03727272727272727,0.8936363636363637,1059,193,907,41
0.16694185137748718,0.17636363636363636,0.17636363636363636,0.9627272727272728,0.9627272727272728,0.03727272727272727,0.03727272727272727,0.8931818181818182,1059,194,906,41
0.1668449491262436,0.17727272727272728,0.17727272727272728,0.9627272727272728,0.9627272727272728,0.03727272727272727,0.03727272727272727,0.8927272727272727,1059,195,905,41
0.16565093398094177,0.1781818181818182,0.1781818181818182,0.9627272727272728,0.9627272727272728,0.03727272727272727,0.03727272727272727,0.8922727272727272,1059,196,904,41
0.16521373391151428,0.1781818181818182,0.1781818181818182,0.9636363636363636,0.9636363636363636,0.03636363636363636,0.03636363636363636,0.8927272727272727,1060,196,904,40
0.16224995255470276,0.17909090909090908,0.17909090909090908,0.9636363636363636,0.9636363636363636,0.03636363636363636,0.03636363636363636,0.8922727272727272,1060,197,903,40
0.16191847622394562,0.18,0.18,0.9636363636363636,0.9636363636363636,0.03636363636363636,0.03636363636363636,0.8918181818181818,1060,198,902,40
0.1617857664823532,0.1809090909090909,0.1809090909090909,0.9636363636363636,0.9636363636363636,0.03636363636363636,0.03636363636363636,0.8913636363636364,1060,199,901,40
0.1616736650466919,0.18181818181818182,0.18181818181818182,0.9636363636363636,0.9636363636363636,0.03636363636363636,0.03636363636363636,0.8909090909090909,1060,200,900,40
0.16151338815689087,0.18272727272727274,0.18272727272727274,0.9636363636363636,0.9636363636363636,0.03636363636363636,0.03636363636363636,0.8904545454545455,1060,201,899,40
0.16128197312355042,0.18363636363636363,0.18363636363636363,0.9636363636363636,0.9636363636363636,0.03636363636363636,0.03636363636363636,0.89,1060,202,898,40
0.1610608994960785,0.18454545454545454,0.18454545454545454,0.9636363636363636,0.9636363636363636,0.03636363636363636,0.03636363636363636,0.8895454545454545,1060,203,897,40
0.16035304963588715,0.18545454545454546,0.18545454545454546,0.9636363636363636,0.9636363636363636,0.03636363636363636,0.03636363636363636,0.889090909090909,1060,204,896,40
0.16018478572368622,0.18636363636363637,0.18636363636363637,0.9636363636363636,0.9636363636363636,0.03636363636363636,0.03636363636363636,0.8886363636363637,1060,205,895,40
0.15976299345493317,0.18727272727272729,0.18727272727272729,0.9636363636363636,0.9636363636363636,0.03636363636363636,0.03636363636363636,0.8881818181818182,1060,206,894,40
0.15973880887031555,0.18818181818181817,0.18818181818181817,0.9636363636363636,0.9636363636363636,0.03636363636363636,0.03636363636363636,0.8877272727272727,1060,207,893,40
0.15887652337551117,0.1890909090909091,0.1890909090909091,0.9636363636363636,0.9636363636363636,0.03636363636363636,0.03636363636363636,0.8872727272727273,1060,208,892,40
0.15882450342178345,0.19,0.19,0.9636363636363636,0.9636363636363636,0.03636363636363636,0.03636363636363636,0.8868181818181818,1060,209,891,40
0.15806837379932404,0.19090909090909092,0.19090909090909092,0.9636363636363636,0.9636363636363636,0.03636363636363636,0.03636363636363636,0.8863636363636364,1060,210,890,40
0.15786324441432953,0.1918181818181818,0.1918181818181818,0.9636363636363636,0.9636363636363636,0.03636363636363636,0.03636363636363636,0.8859090909090909,1060,211,889,40
0.1578548401594162,0.19272727272727272,0.19272727272727272,0.9636363636363636,0.9636363636363636,0.03636363636363636,0.03636363636363636,0.8854545454545455,1060,212,888,40
0.15714436769485474,0.19363636363636363,0.19363636363636363,0.9636363636363636,0.9636363636363636,0.03636363636363636,0.03636363636363636,0.885,1060,213,887,40
0.15713252127170563,0.19454545454545455,0.19454545454545455,0.9636363636363636,0.9636363636363636,0.03636363636363636,0.03636363636363636,0.8845454545454545,1060,214,886,40
0.15695889294147491,0.19545454545454546,0.19545454545454546,0.9636363636363636,0.9636363636363636,0.03636363636363636,0.03636363636363636,0.884090909090909,1060,215,885,40
0.15614116191864014,0.19545454545454546,0.19545454545454546,0.9645454545454546,0.9645454545454546,0.035454545454545454,0.035454545454545454,0.8845454545454545,1061,215,885,39
0.15608899295330048,0.19636363636363635,0.19636363636363635,0.9645454545454546,0.9645454545454546,0.035454545454545454,0.035454545454545454,0.884090909090909,1061,216,884,39
0.155536949634552,0.19727272727272727,0.19727272727272727,0.9645454545454546,0.9645454545454546,0.035454545454545454,0.035454545454545454,0.8836363636363637,1061,217,883,39
0.15447816252708435,0.19818181818181818,0.19818181818181818,0.9645454545454546,0.9645454545454546,0.035454545454545454,0.035454545454545454,0.8831818181818182,1061,218,882,39
0.1535014808177948,0.1990909090909091,0.1990909090909091,0.9645454545454546,0.9645454545454546,0.035454545454545454,0.035454545454545454,0.8827272727272727,1061,219,881,39
0.1533641666173935,0.2,0.2,0.9645454545454546,0.9645454545454546,0.035454545454545454,0.035454545454545454,0.8822727272727273,1061,220,880,39
0.15316611528396606,0.2009090909090909,0.2009090909090909,0.9645454545454546,0.9645454545454546,0.035454545454545454,0.035454545454545454,0.8818181818181818,1061,221,879,39
0.15269818902015686,0.2018181818181818,0.2018181818181818,0.9645454545454546,0.9645454545454546,0.035454545454545454,0.035454545454545454,0.8813636363636363,1061,222,878,39
0.1525316834449768,0.20272727272727273,0.20272727272727273,0.9645454545454546,0.9645454545454546,0.035454545454545454,0.035454545454545454,0.8809090909090909,1061,223,877,39
0.15219378471374512,0.20363636363636364,0.20363636363636364,0.9645454545454546,0.9645454545454546,0.035454545454545454,0.035454545454545454,0.8804545454545455,1061,224,876,39
0.15198609232902527,0.20454545454545456,0.20454545454545456,0.9645454545454546,0.9645454545454546,0.035454545454545454,0.035454545454545454,0.88,1061,225,875,39
0.15174101293087006,0.20545454545454545,0.20545454545454545,0.9645454545454546,0.9645454545454546,0.035454545454545454,0.035454545454545454,0.8795454545454545,1061,226,874,39
0.15097759664058685,0.20636363636363636,0.20636363636363636,0.9645454545454546,0.9645454545454546,0.035454545454545454,0.035454545454545454,0.8790909090909091,1061,227,873,39
0.1490819901227951,0.20727272727272728,0.20727272727272728,0.9645454545454546,0.9645454545454546,0.035454545454545454,0.035454545454545454,0.8786363636363637,1061,228,872,39
0.14878204464912415,0.2081818181818182,0.2081818181818182,0.9645454545454546,0.9645454545454546,0.035454545454545454,0.035454545454545454,0.8781818181818182,1061,229,871,39
0.1485317200422287,0.20909090909090908,0.20909090909090908,0.9645454545454546,0.9645454545454546,0.035454545454545454,0.035454545454545454,0.8777272727272727,1061,230,870,39
0.1484588086605072,0.21,0.21,0.9645454545454546,0.9645454545454546,0.035454545454545454,0.035454545454545454,0.8772727272727273,1061,231,869,39
0.14824941754341125,0.2109090909090909,0.2109090909090909,0.9645454545454546,0.9645454545454546,0.035454545454545454,0.035454545454545454,0.8768181818181818,1061,232,868,39
0.1478351503610611,0.21181818181818182,0.21181818181818182,0.9645454545454546,0.9645454545454546,0.035454545454545454,0.035454545454545454,0.8763636363636363,1061,233,867,39
0.14765521883964539,0.21272727272727274,0.21272727272727274,0.9645454545454546,0.9645454545454546,0.035454545454545454,0.035454545454545454,0.8759090909090909,1061,234,866,39
0.14760445058345795,0.21363636363636362,0.21363636363636362,0.9645454545454546,0.9645454545454546,0.035454545454545454,0.035454545454545454,0.8754545454545455,1061,235,865,39
0.14759622514247894,0.21454545454545454,0.21454545454545454,0.9645454545454546,0.9645454545454546,0.035454545454545454,0.035454545454545454,0.875,1061,236,864,39
0.14612239599227905,0.21545454545454545,0.21545454545454545,0.9645454545454546,0.9645454545454546,0.035454545454545454,0.035454545454545454,0.8745454545454545,1061,237,863,39
0.14569836854934692,0.21636363636363637,0.21636363636363637,0.9645454545454546,0.9645454545454546,0.035454545454545454,0.035454545454545454,0.8740909090909091,1061,238,862,39
0.1452641636133194,0.21727272727272728,0.21727272727272728,0.9645454545454546,0.9645454545454546,0.035454545454545454,0.035454545454545454,0.8736363636363637,1061,239,861,39
0.14487174153327942,0.21818181818181817,0.21818181818181817,0.9645454545454546,0.9645454545454546,0.035454545454545454,0.035454545454545454,0.8731818181818182,1061,240,860,39
0.14469175040721893,0.2190909090909091,0.2190909090909091,0.9645454545454546,0.9645454545454546,0.035454545454545454,0.035454545454545454,0.8727272727272727,1061,241,859,39
0.14383700489997864,0.22,0.22,0.9645454545454546,0.9645454545454546,0.035454545454545454,0.035454545454545454,0.8722727272727273,1061,242,858,39
0.14285774528980255,0.22090909090909092,0.22090909090909092,0.9645454545454546,0.9645454545454546,0.035454545454545454,0.035454545454545454,0.8718181818181818,1061,243,857,39
0.14260385930538177,0.22181818181818183,0.22181818181818183,0.9645454545454546,0.9645454545454546,0.035454545454545454,0.035454545454545454,0.8713636363636363,1061,244,856,39
0.14114776253700256,0.22272727272727272,0.22272727272727272,0.9645454545454546,0.9645454545454546,0.035454545454545454,0.035454545454545454,0.8709090909090909,1061,245,855,39
0.14113986492156982,0.22363636363636363,0.22363636363636363,0.9645454545454546,0.9645454545454546,0.035454545454545454,0.035454545454545454,0.8704545454545455,1061,246,854,39
0.1407637596130371,0.22454545454545455,0.22454545454545455,0.9645454545454546,0.9645454545454546,0.035454545454545454,0.035454545454545454,0.87,1061,247,853,39
0.1404801309108734,0.22545454545454546,0.22545454545454546,0.9645454545454546,0.9645454545454546,0.035454545454545454,0.035454545454545454,0.8695454545454545,1061,248,852,39
0.14033956825733185,0.22636363636363635,0.22636363636363635,0.9645454545454546,0.9645454545454546,0.035454545454545454,0.035454545454545454,0.8690909090909091,1061,249,851,39
0.13963951170444489,0.22727272727272727,0.22727272727272727,0.9645454545454546,0.9645454545454546,0.035454545454545454,0.035454545454545454,0.8686363636363637,1061,250,850,39
0.13960790634155273,0.22818181818181818,0.22818181818181818,0.9645454545454546,0.9645454545454546,0.035454545454545454,0.035454545454545454,0.8681818181818182,1061,251,849,39
0.13940858840942383,0.2290909090909091,0.2290909090909091,0.9645454545454546,0.9645454545454546,0.035454545454545454,0.035454545454545454,0.8677272727272727,1061,252,848,39
0.13939180970191956,0.23,0.23,0.9645454545454546,0.9645454545454546,0.035454545454545454,0.035454545454545454,0.8672727272727273,1061,253,847,39
0.1392170786857605,0.2309090909090909,0.2309090909090909,0.9645454545454546,0.9645454545454546,0.035454545454545454,0.035454545454545454,0.8668181818181818,1061,254,846,39
0.138523668050766,0.2318181818181818,0.2318181818181818,0.9645454545454546,0.9645454545454546,0.035454545454545454,0.035454545454545454,0.8663636363636363,1061,255,845,39
0.13832487165927887,0.23272727272727273,0.23272727272727273,0.9645454545454546,0.9645454545454546,0.035454545454545454,0.035454545454545454,0.865909090909091,1061,256,844,39
0.1371283084154129,0.23272727272727273,0.23272727272727273,0.9654545454545455,0.9654545454545455,0.034545454545454546,0.034545454545454546,0.8663636363636363,1062,256,844,38
0.1368855983018875,0.23363636363636364,0.23363636363636364,0.9654545454545455,0.9654545454545455,0.034545454545454546,0.034545454545454546,0.865909090909091,1062,257,843,38
0.1352931708097458,0.23454545454545456,0.23454545454545456,0.9654545454545455,0.9654545454545455,0.034545454545454546,0.034545454545454546,0.8654545454545455,1062,258,842,38
0.13458944857120514,0.23545454545454544,0.23545454545454544,0.9654545454545455,0.9654545454545455,0.034545454545454546,0.034545454545454546,0.865,1062,259,841,38
0.13458728790283203,0.23636363636363636,0.23636363636363636,0.9654545454545455,0.9654545454545455,0.034545454545454546,0.034545454545454546,0.8645454545454545,1062,260,840,38
0.134224995970726,0.23727272727272727,0.23727272727272727,0.9654545454545455,0.9654545454545455,0.034545454545454546,0.034545454545454546,0.8640909090909091,1062,261,839,38
0.13404911756515503,0.2381818181818182,0.2381818181818182,0.9654545454545455,0.9654545454545455,0.034545454545454546,0.034545454545454546,0.8636363636363636,1062,262,838,38
0.13358429074287415,0.2390909090909091,0.2390909090909091,0.9654545454545455,0.9654545454545455,0.034545454545454546,0.034545454545454546,0.8631818181818182,1062,263,837,38
0.132992684841156,0.24,0.24,0.9654545454545455,0.9654545454545455,0.034545454545454546,0.034545454545454546,0.8627272727272727,1062,264,836,38
0.13255277276039124,0.2409090909090909,0.2409090909090909,0.9654545454545455,0.9654545454545455,0.034545454545454546,0.034545454545454546,0.8622727272727273,1062,265,835,38
0.1324010193347931,0.24181818181818182,0.24181818181818182,0.9654545454545455,0.9654545454545455,0.034545454545454546,0.034545454545454546,0.8618181818181818,1062,266,834,38
0.13203400373458862,0.24272727272727274,0.24272727272727274,0.9654545454545455,0.9654545454545455,0.034545454545454546,0.034545454545454546,0.8613636363636363,1062,267,833,38
0.13184119760990143,0.24363636363636362,0.24363636363636362,0.9654545454545455,0.9654545454545455,0.034545454545454546,0.034545454545454546,0.860909090909091,1062,268,832,38
0.1308472603559494,0.24454545454545454,0.24454545454545454,0.9654545454545455,0.9654545454545455,0.034545454545454546,0.034545454545454546,0.8604545454545455,1062,269,831,38
0.13079603016376495,0.24545454545454545,0.24545454545454545,0.9654545454545455,0.9654545454545455,0.034545454545454546,0.034545454545454546,0.86,1062,270,830,38
0.12996035814285278,0.24636363636363637,0.24636363636363637,0.9654545454545455,0.9654545454545455,0.034545454545454546,0.034545454545454546,0.8595454545454545,1062,271,829,38
0.12993523478507996,0.24636363636363637,0.24636363636363637,0.9663636363636363,0.9663636363636363,0.03363636363636364,0.03363636363636364,0.86,1063,271,829,37
0.12906654179096222,0.24727272727272728,0.24727272727272728,0.9663636363636363,0.9663636363636363,0.03363636363636364,0.03363636363636364,0.8595454545454545,1063,272,828,37
0.12725584208965302,0.24818181818181817,0.24818181818181817,0.9663636363636363,0.9663636363636363,0.03363636363636364,0.03363636363636364,0.8590909090909091,1063,273,827,37
0.12699346244335175,0.24909090909090909,0.24909090909090909,0.9663636363636363,0.9663636363636363,0.03363636363636364,0.03363636363636364,0.8586363636363636,1063,274,826,37
0.12651510536670685,0.25,0.25,0.9663636363636363,0.9663636363636363,0.03363636363636364,0.03363636363636364,0.8581818181818182,1063,275,825,37
0.12646055221557617,0.2509090909090909,0.2509090909090909,0.9663636363636363,0.9663636363636363,0.03363636363636364,0.03363636363636364,0.8577272727272728,1063,276,824,37
0.12578389048576355,0.25181818181818183,0.25181818181818183,0.9663636363636363,0.9663636363636363,0.03363636363636364,0.03363636363636364,0.8572727272727273,1063,277,823,37
0.1246107667684555,0.25272727272727274,0.25272727272727274,0.9663636363636363,0.9663636363636363,0.03363636363636364,0.03363636363636364,0.8568181818181818,1063,278,822,37
0.12457482516765594,0.25363636363636366,0.25363636363636366,0.9663636363636363,0.9663636363636363,0.03363636363636364,0.03363636363636364,0.8563636363636363,1063,279,821,37
0.12417828291654587,0.2545454545454545,0.2545454545454545,0.9663636363636363,0.9663636363636363,0.03363636363636364,0.03363636363636364,0.855909090909091,1063,280,820,37
0.12402571737766266,0.25545454545454543,0.25545454545454543,0.9663636363636363,0.9663636363636363,0.03363636363636364,0.03363636363636364,0.8554545454545455,1063,281,819,37
0.12364468723535538,0.25636363636363635,0.25636363636363635,0.9663636363636363,0.9663636363636363,0.03363636363636364,0.03363636363636364,0.855,1063,282,818,37
0.12262879312038422,0.25727272727272726,0.25727272727272726,0.9663636363636363,0.9663636363636363,0.03363636363636364,0.03363636363636364,0.8545454545454545,1063,283,817,37
0.12252799421548843,0.2581818181818182,0.2581818181818182,0.9663636363636363,0.9663636363636363,0.03363636363636364,0.03363636363636364,0.8540909090909091,1063,284,816,37
0.12242419272661209,0.2590909090909091,0.2590909090909091,0.9663636363636363,0.9663636363636363,0.03363636363636364,0.03363636363636364,0.8536363636363636,1063,285,815,37
0.12192936986684799,0.26,0.26,0.9663636363636363,0.9663636363636363,0.03363636363636364,0.03363636363636364,0.8531818181818182,1063,286,814,37
0.12184681743383408,0.2609090909090909,0.2609090909090909,0.9663636363636363,0.9663636363636363,0.03363636363636364,0.03363636363636364,0.8527272727272728,1063,287,813,37
0.12118605524301529,0.2609090909090909,0.2609090909090909,0.9672727272727273,0.9672727272727273,0.03272727272727273,0.03272727272727273,0.8531818181818182,1064,287,813,36
0.12086956948041916,0.26181818181818184,0.26181818181818184,0.9672727272727273,0.9672727272727273,0.03272727272727273,0.03272727272727273,0.8527272727272728,1064,288,812,36
0.12045244872570038,0.26272727272727275,0.26272727272727275,0.9672727272727273,0.9672727272727273,0.03272727272727273,0.03272727272727273,0.8522727272727273,1064,289,811,36
0.11979453265666962,0.2636363636363636,0.2636363636363636,0.9672727272727273,0.9672727272727273,0.03272727272727273,0.03272727272727273,0.8518181818181818,1064,290,810,36
0.11978092789649963,0.26454545454545453,0.26454545454545453,0.9672727272727273,0.9672727272727273,0.03272727272727273,0.03272727272727273,0.8513636363636363,1064,291,809,36
0.11953596025705338,0.26545454545454544,0.26545454545454544,0.9672727272727273,0.9672727272727273,0.03272727272727273,0.03272727272727273,0.850909090909091,1064,292,808,36
0.11879029124975204,0.26636363636363636,0.26636363636363636,0.9672727272727273,0.9672727272727273,0.03272727272727273,0.03272727272727273,0.8504545454545455,1064,293,807,36
0.11855849623680115,0.2672727272727273,0.2672727272727273,0.9672727272727273,0.9672727272727273,0.03272727272727273,0.03272727272727273,0.85,1064,294,806,36
0.11834016442298889,0.2681818181818182,0.2681818181818182,0.9672727272727273,0.9672727272727273,0.03272727272727273,0.03272727272727273,0.8495454545454545,1064,295,805,36
0.11781751364469528,0.2690909090909091,0.2690909090909091,0.9672727272727273,0.9672727272727273,0.03272727272727273,0.03272727272727273,0.8490909090909091,1064,296,804,36
0.11757581681013107,0.27,0.27,0.9672727272727273,0.9672727272727273,0.03272727272727273,0.03272727272727273,0.8486363636363636,1064,297,803,36
0.11742012202739716,0.27090909090909093,0.27090909090909093,0.9672727272727273,0.9672727272727273,0.03272727272727273,0.03272727272727273,0.8481818181818181,1064,298,802,36
0.11597451567649841,0.2718181818181818,0.2718181818181818,0.9672727272727273,0.9672727272727273,0.03272727272727273,0.03272727272727273,0.8477272727272728,1064,299,801,36
0.11571915447711945,0.2718181818181818,0.2718181818181818,0.9681818181818181,0.9681818181818181,0.031818181818181815,0.031818181818181815,0.8481818181818181,1065,299,801,35
0.11497119069099426,0.2727272727272727,0.2727272727272727,0.9681818181818181,0.9681818181818181,0.031818181818181815,0.031818181818181815,0.8477272727272728,1065,300,800,35
0.11486117541790009,0.2736363636363636,0.2736363636363636,0.9681818181818181,0.9681818181818181,0.031818181818181815,0.031818181818181815,0.8472727272727273,1065,301,799,35
0.11423827707767487,0.27454545454545454,0.27454545454545454,0.9681818181818181,0.9681818181818181,0.031818181818181815,0.031818181818181815,0.8468181818181818,1065,302,798,35
0.11360625922679901,0.27545454545454545,0.27545454545454545,0.9681818181818181,0.9681818181818181,0.031818181818181815,0.031818181818181815,0.8463636363636363,1065,303,797,35
0.1135559156537056,0.27636363636363637,0.27636363636363637,0.9681818181818181,0.9681818181818181,0.031818181818181815,0.031818181818181815,0.8459090909090909,1065,304,796,35
0.1134888082742691,0.2772727272727273,0.2772727272727273,0.9681818181818181,0.9681818181818181,0.031818181818181815,0.031818181818181815,0.8454545454545455,1065,305,795,35
0.11334839463233948,0.2781818181818182,0.2781818181818182,0.9681818181818181,0.9681818181818181,0.031818181818181815,0.031818181818181815,0.845,1065,306,794,35
0.11284612119197845,0.2790909090909091,0.2790909090909091,0.9681818181818181,0.9681818181818181,0.031818181818181815,0.031818181818181815,0.8445454545454546,1065,307,793,35
0.11260928958654404,0.28,0.28,0.9681818181818181,0.9681818181818181,0.031818181818181815,0.031818181818181815,0.8440909090909091,1065,308,792,35
0.11253444850444794,0.28,0.28,0.9690909090909091,0.9690909090909091,0.03090909090909091,0.03090909090909091,0.8445454545454546,1066,308,792,34
0.11207957565784454,0.2809090909090909,0.2809090909090909,0.9690909090909091,0.9690909090909091,0.03090909090909091,0.03090909090909091,0.8440909090909091,1066,309,791,34
0.11203087866306305,0.2818181818181818,0.2818181818181818,0.9690909090909091,0.9690909090909091,0.03090909090909091,0.03090909090909091,0.8436363636363636,1066,310,790,34
0.11184577643871307,0.2827272727272727,0.2827272727272727,0.9690909090909091,0.9690909090909091,0.03090909090909091,0.03090909090909091,0.8431818181818181,1066,311,789,34
0.11135948449373245,0.28363636363636363,0.28363636363636363,0.9690909090909091,0.9690909090909091,0.03090909090909091,0.03090909090909091,0.8427272727272728,1066,312,788,34
0.110658198595047,0.28454545454545455,0.28454545454545455,0.9690909090909091,0.9690909090909091,0.03090909090909091,0.03090909090909091,0.8422727272727273,1066,313,787,34
0.10941207408905029,0.28545454545454546,0.28545454545454546,0.9690909090909091,0.9690909090909091,0.03090909090909091,0.03090909090909091,0.8418181818181818,1066,314,786,34
0.10932417213916779,0.2863636363636364,0.2863636363636364,0.9690909090909091,0.9690909090909091,0.03090909090909091,0.03090909090909091,0.8413636363636363,1066,315,785,34
0.10772033780813217,0.2872727272727273,0.2872727272727273,0.9690909090909091,0.9690909090909091,0.03090909090909091,0.03090909090909091,0.8409090909090909,1066,316,784,34
0.10771594941616058,0.2881818181818182,0.2881818181818182,0.9690909090909091,0.9690909090909091,0.03090909090909091,0.03090909090909091,0.8404545454545455,1066,317,783,34
0.10757612437009811,0.28909090909090907,0.28909090909090907,0.9690909090909091,0.9690909090909091,0.03090909090909091,0.03090909090909091,0.84,1066,318,782,34
0.10740476101636887,0.29,0.29,0.9690909090909091,0.9690909090909091,0.03090909090909091,0.03090909090909091,0.8395454545454546,1066,319,781,34
0.10738519579172134,0.2909090909090909,0.2909090909090909,0.9690909090909091,0.9690909090909091,0.03090909090909091,0.03090909090909091,0.8390909090909091,1066,320,780,34
0.10692860931158066,0.2918181818181818,0.2918181818181818,0.9690909090909091,0.9690909090909091,0.03090909090909091,0.03090909090909091,0.8386363636363636,1066,321,779,34
0.10670541971921921,0.2927272727272727,0.2927272727272727,0.9690909090909091,0.9690909090909091,0.03090909090909091,0.03090909090909091,0.8381818181818181,1066,322,778,34
0.10657055675983429,0.29363636363636364,0.29363636363636364,0.9690909090909091,0.9690909090909091,0.03090909090909091,0.03090909090909091,0.8377272727272728,1066,323,777,34
0.10578461736440659,0.29454545454545455,0.29454545454545455,0.9690909090909091,0.9690909090909091,0.03090909090909091,0.03090909090909091,0.8372727272727273,1066,324,776,34
0.1050242930650711,0.29545454545454547,0.29545454545454547,0.9690909090909091,0.9690909090909091,0.03090909090909091,0.03090909090909091,0.8368181818181818,1066,325,775,34
0.10449407994747162,0.2963636363636364,0.2963636363636364,0.9690909090909091,0.9690909090909091,0.03090909090909091,0.03090909090909091,0.8363636363636363,1066,326,774,34
0.10442276298999786,0.2972727272727273,0.2972727272727273,0.9690909090909091,0.9690909090909091,0.03090909090909091,0.03090909090909091,0.8359090909090909,1066,327,773,34
0.10403416305780411,0.29818181818181816,0.29818181818181816,0.9690909090909091,0.9690909090909091,0.03090909090909091,0.03090909090909091,0.8354545454545454,1066,328,772,34
0.10286341607570648,0.2990909090909091,0.2990909090909091,0.9690909090909091,0.9690909090909091,0.03090909090909091,0.03090909090909091,0.835,1066,329,771,34
0.10274107754230499,0.3,0.3,0.9690909090909091,0.9690909090909091,0.03090909090909091,0.03090909090909091,0.8345454545454546,1066,330,770,34
0.10176257789134979,0.3009090909090909,0.3009090909090909,0.9690909090909091,0.9690909090909091,0.03090909090909091,0.03090909090909091,0.8340909090909091,1066,331,769,34
0.10173048079013824,0.3018181818181818,0.3018181818181818,0.9690909090909091,0.9690909090909091,0.03090909090909091,0.03090909090909091,0.8336363636363636,1066,332,768,34
0.10151179879903793,0.3018181818181818,0.3018181818181818,0.97,0.97,0.03,0.03,0.8340909090909091,1067,332,768,33
0.10102923959493637,0.30272727272727273,0.30272727272727273,0.97,0.97,0.03,0.03,0.8336363636363636,1067,333,767,33
0.1006682813167572,0.30363636363636365,0.30363636363636365,0.97,0.97,0.03,0.03,0.8331818181818181,1067,334,766,33
0.1003759354352951,0.30454545454545456,0.30454545454545456,0.97,0.97,0.03,0.03,0.8327272727272728,1067,335,765,33
0.10019033402204514,0.3054545454545455,0.3054545454545455,0.97,0.97,0.03,0.03,0.8322727272727273,1067,336,764,33
0.09924745559692383,0.30636363636363634,0.30636363636363634,0.97,0.97,0.03,0.03,0.8318181818181818,1067,337,763,33
0.09861654043197632,0.30727272727272725,0.30727272727272725,0.97,0.97,0.03,0.03,0.8313636363636364,1067,338,762,33
0.09819477051496506,0.30818181818181817,0.30818181818181817,0.97,0.97,0.03,0.03,0.8309090909090909,1067,339,761,33
0.09805121272802353,0.3090909090909091,0.3090909090909091,0.97,0.97,0.03,0.03,0.8304545454545454,1067,340,760,33
0.09784814715385437,0.31,0.31,0.97,0.97,0.03,0.03,0.83,1067,341,759,33
0.09778720885515213,0.3109090909090909,0.3109090909090909,0.97,0.97,0.03,0.03,0.8295454545454546,1067,342,758,33
0.09740015119314194,0.3118181818181818,0.3118181818181818,0.97,0.97,0.03,0.03,0.8290909090909091,1067,343,757,33
0.09710102528333664,0.3118181818181818,0.3118181818181818,0.9709090909090909,0.9709090909090909,0.02909090909090909,0.02909090909090909,0.8295454545454546,1068,343,757,32
0.09687598049640656,0.31272727272727274,0.31272727272727274,0.9709090909090909,0.9709090909090909,0.02909090909090909,0.02909090909090909,0.8290909090909091,1068,344,756,32
0.09669319540262222,0.31363636363636366,0.31363636363636366,0.9709090909090909,0.9709090909090909,0.02909090909090909,0.02909090909090909,0.8286363636363636,1068,345,755,32
0.0965801253914833,0.3145454545454546,0.3145454545454546,0.9709090909090909,0.9709090909090909,0.02909090909090909,0.02909090909090909,0.8281818181818181,1068,346,754,32
0.09596475958824158,0.31545454545454543,0.31545454545454543,0.9709090909090909,0.9709090909090909,0.02909090909090909,0.02909090909090909,0.8277272727272728,1068,347,753,32
0.09594247490167618,0.31636363636363635,0.31636363636363635,0.9709090909090909,0.9709090909090909,0.02909090909090909,0.02909090909090909,0.8272727272727273,1068,348,752,32
0.0954664871096611,0.31727272727272726,0.31727272727272726,0.9709090909090909,0.9709090909090909,0.02909090909090909,0.02909090909090909,0.8268181818181818,1068,349,751,32
0.09473871439695358,0.3181818181818182,0.3181818181818182,0.9709090909090909,0.9709090909090909,0.02909090909090909,0.02909090909090909,0.8263636363636364,1068,350,750,32
0.09430191665887833,0.3190909090909091,0.3190909090909091,0.9709090909090909,0.9709090909090909,0.02909090909090909,0.02909090909090909,0.8259090909090909,1068,351,749,32
0.09399223327636719,0.32,0.32,0.9709090909090909,0.9709090909090909,0.02909090909090909,0.02909090909090909,0.8254545454545454,1068,352,748,32
0.0934157520532608,0.3209090909090909,0.3209090909090909,0.9709090909090909,0.9709090909090909,0.02909090909090909,0.02909090909090909,0.825,1068,353,747,32
0.09190499037504196,0.32181818181818184,0.32181818181818184,0.9709090909090909,0.9709090909090909,0.02909090909090909,0.02909090909090909,0.8245454545454546,1068,354,746,32
0.09176909923553467,0.32272727272727275,0.32272727272727275,0.9709090909090909,0.9709090909090909,0.02909090909090909,0.02909090909090909,0.8240909090909091,1068,355,745,32
0.09085431694984436,0.3236363636363636,0.3236363636363636,0.9709090909090909,0.9709090909090909,0.02909090909090909,0.02909090909090909,0.8236363636363636,1068,356,744,32
0.09043420106172562,0.3236363636363636,0.3236363636363636,0.9718181818181818,0.9718181818181818,0.028181818181818183,0.028181818181818183,0.8240909090909091,1069,356,744,31
0.0898522287607193,0.3245454545454545,0.3245454545454545,0.9718181818181818,0.9718181818181818,0.028181818181818183,0.028181818181818183,0.8236363636363636,1069,357,743,31
0.08967892825603485,0.32545454545454544,0.32545454545454544,0.9718181818181818,0.9718181818181818,0.028181818181818183,0.028181818181818183,0.8231818181818182,1069,358,742,31
0.08925367146730423,0.32636363636363636,0.32636363636363636,0.9718181818181818,0.9718181818181818,0.028181818181818183,0.028181818181818183,0.8227272727272728,1069,359,741,31
0.08916983753442764,0.32727272727272727,0.32727272727272727,0.9718181818181818,0.9718181818181818,0.028181818181818183,0.028181818181818183,0.8222727272727273,1069,360,740,31
0.08879876136779785,0.3281818181818182,0.3281818181818182,0.9718181818181818,0.9718181818181818,0.028181818181818183,0.028181818181818183,0.8218181818181818,1069,361,739,31
0.08866948634386063,0.3290909090909091,0.3290909090909091,0.9718181818181818,0.9718181818181818,0.028181818181818183,0.028181818181818183,0.8213636363636364,1069,362,738,31
0.0882076621055603,0.33,0.33,0.9718181818181818,0.9718181818181818,0.028181818181818183,0.028181818181818183,0.8209090909090909,1069,363,737,31
0.0876912847161293,0.33090909090909093,0.33090909090909093,0.9718181818181818,0.9718181818181818,0.028181818181818183,0.028181818181818183,0.8204545454545454,1069,364,736,31
0.0872713029384613,0.33181818181818185,0.33181818181818185,0.9718181818181818,0.9718181818181818,0.028181818181818183,0.028181818181818183,0.82,1069,365,735,31
0.08676581084728241,0.3327272727272727,0.3327272727272727,0.9718181818181818,0.9718181818181818,0.028181818181818183,0.028181818181818183,0.8195454545454546,1069,366,734,31
0.08669080585241318,0.3336363636363636,0.3336363636363636,0.9718181818181818,0.9718181818181818,0.028181818181818183,0.028181818181818183,0.8190909090909091,1069,367,733,31
0.08665688335895538,0.33454545454545453,0.33454545454545453,0.9718181818181818,0.9718181818181818,0.028181818181818183,0.028181818181818183,0.8186363636363636,1069,368,732,31
0.08659148216247559,0.33545454545454545,0.33545454545454545,0.9718181818181818,0.9718181818181818,0.028181818181818183,0.028181818181818183,0.8181818181818182,1069,369,731,31
0.08643290400505066,0.33636363636363636,0.33636363636363636,0.9718181818181818,0.9718181818181818,0.028181818181818183,0.028181818181818183,0.8177272727272727,1069,370,730,31
0.08586141467094421,0.3372727272727273,0.3372727272727273,0.9718181818181818,0.9718181818181818,0.028181818181818183,0.028181818181818183,0.8172727272727273,1069,371,729,31
0.08564553409814835,0.3372727272727273,0.3372727272727273,0.9727272727272728,0.9727272727272728,0.02727272727272727,0.02727272727272727,0.8177272727272727,1070,371,729,30
0.08514387160539627,0.3381818181818182,0.3381818181818182,0.9727272727272728,0.9727272727272728,0.02727272727272727,0.02727272727272727,0.8172727272727273,1070,372,728,30
0.0849558562040329,0.3390909090909091,0.3390909090909091,0.9727272727272728,0.9727272727272728,0.02727272727272727,0.02727272727272727,0.8168181818181818,1070,373,727,30
0.08464472740888596,0.34,0.34,0.9727272727272728,0.9727272727272728,0.02727272727272727,0.02727272727272727,0.8163636363636364,1070,374,726,30
0.0839829295873642,0.3409090909090909,0.3409090909090909,0.9727272727272728,0.9727272727272728,0.02727272727272727,0.02727272727272727,0.8159090909090909,1070,375,725,30
0.08325894922018051,0.3418181818181818,0.3418181818181818,0.9727272727272728,0.9727272727272728,0.02727272727272727,0.02727272727272727,0.8154545454545454,1070,376,724,30
0.08257877826690674,0.3427272727272727,0.3427272727272727,0.9727272727272728,0.9727272727272728,0.02727272727272727,0.02727272727272727,0.815,1070,377,723,30
0.0825280174612999,0.34363636363636363,0.34363636363636363,0.9727272727272728,0.9727272727272728,0.02727272727272727,0.02727272727272727,0.8145454545454546,1070,378,722,30
0.0822068452835083,0.34454545454545454,0.34454545454545454,0.9727272727272728,0.9727272727272728,0.02727272727272727,0.02727272727272727,0.8140909090909091,1070,379,721,30
0.08154425024986267,0.34545454545454546,0.34545454545454546,0.9727272727272728,0.9727272727272728,0.02727272727272727,0.02727272727272727,0.8136363636363636,1070,380,720,30
0.08145318925380707,0.3463636363636364,0.3463636363636364,0.9727272727272728,0.9727272727272728,0.02727272727272727,0.02727272727272727,0.8131818181818182,1070,381,719,30
0.08079840242862701,0.3472727272727273,0.3472727272727273,0.9727272727272728,0.9727272727272728,0.02727272727272727,0.02727272727272727,0.8127272727272727,1070,382,718,30
0.08073537796735764,0.3481818181818182,0.3481818181818182,0.9727272727272728,0.9727272727272728,0.02727272727272727,0.02727272727272727,0.8122727272727273,1070,383,717,30
0.08058874309062958,0.3490909090909091,0.3490909090909091,0.9727272727272728,0.9727272727272728,0.02727272727272727,0.02727272727272727,0.8118181818181818,1070,384,716,30
0.08032728731632233,0.35,0.35,0.9727272727272728,0.9727272727272728,0.02727272727272727,0.02727272727272727,0.8113636363636364,1070,385,715,30
0.07969122380018234,0.3509090909090909,0.3509090909090909,0.9727272727272728,0.9727272727272728,0.02727272727272727,0.02727272727272727,0.8109090909090909,1070,386,714,30
0.07966995984315872,0.3518181818181818,0.3518181818181818,0.9727272727272728,0.9727272727272728,0.02727272727272727,0.02727272727272727,0.8104545454545454,1070,387,713,30
0.0792756974697113,0.3527272727272727,0.3527272727272727,0.9727272727272728,0.9727272727272728,0.02727272727272727,0.02727272727272727,0.81,1070,388,712,30
0.07888825982809067,0.35363636363636364,0.35363636363636364,0.9727272727272728,0.9727272727272728,0.02727272727272727,0.02727272727272727,0.8095454545454546,1070,389,711,30
0.07777979969978333,0.35454545454545455,0.35454545454545455,0.9727272727272728,0.9727272727272728,0.02727272727272727,0.02727272727272727,0.8090909090909091,1070,390,710,30
0.07773089408874512,0.35545454545454547,0.35545454545454547,0.9727272727272728,0.9727272727272728,0.02727272727272727,0.02727272727272727,0.8086363636363636,1070,391,709,30
0.07661234587430954,0.3563636363636364,0.3563636363636364,0.9727272727272728,0.9727272727272728,0.02727272727272727,0.02727272727272727,0.8081818181818182,1070,392,708,30
0.07626334577798843,0.3572727272727273,0.3572727272727273,0.9727272727272728,0.9727272727272728,0.02727272727272727,0.02727272727272727,0.8077272727272727,1070,393,707,30
0.07613472640514374,0.35818181818181816,0.35818181818181816,0.9727272727272728,0.9727272727272728,0.02727272727272727,0.02727272727272727,0.8072727272727273,1070,394,706,30
0.07605189085006714,0.35909090909090907,0.35909090909090907,0.9727272727272728,0.9727272727272728,0.02727272727272727,0.02727272727272727,0.8068181818181818,1070,395,705,30
0.07566666603088379,0.36,0.36,0.9727272727272728,0.9727272727272728,0.02727272727272727,0.02727272727272727,0.8063636363636364,1070,396,704,30
0.07566273957490921,0.3609090909090909,0.3609090909090909,0.9727272727272728,0.9727272727272728,0.02727272727272727,0.02727272727272727,0.8059090909090909,1070,397,703,30
0.07553344964981079,0.3618181818181818,0.3618181818181818,0.9727272727272728,0.9727272727272728,0.02727272727272727,0.02727272727272727,0.8054545454545454,1070,398,702,30
0.07515795528888702,0.36272727272727273,0.36272727272727273,0.9727272727272728,0.9727272727272728,0.02727272727272727,0.02727272727272727,0.805,1070,399,701,30
0.07496324926614761,0.36363636363636365,0.36363636363636365,0.9727272727272728,0.9727272727272728,0.02727272727272727,0.02727272727272727,0.8045454545454546,1070,400,700,30
0.07482928782701492,0.36454545454545456,0.36454545454545456,0.9727272727272728,0.9727272727272728,0.02727272727272727,0.02727272727272727,0.8040909090909091,1070,401,699,30
0.07452285289764404,0.3654545454545455,0.3654545454545455,0.9727272727272728,0.9727272727272728,0.02727272727272727,0.02727272727272727,0.8036363636363636,1070,402,698,30
0.0742766261100769,0.3663636363636364,0.3663636363636364,0.9727272727272728,0.9727272727272728,0.02727272727272727,0.02727272727272727,0.8031818181818182,1070,403,697,30
0.07390806078910828,0.36727272727272725,0.36727272727272725,0.9727272727272728,0.9727272727272728,0.02727272727272727,0.02727272727272727,0.8027272727272727,1070,404,696,30
0.07344526797533035,0.36818181818181817,0.36818181818181817,0.9727272727272728,0.9727272727272728,0.02727272727272727,0.02727272727272727,0.8022727272727272,1070,405,695,30
0.07317047566175461,0.3690909090909091,0.3690909090909091,0.9727272727272728,0.9727272727272728,0.02727272727272727,0.02727272727272727,0.8018181818181818,1070,406,694,30
0.07293158024549484,0.37,0.37,0.9727272727272728,0.9727272727272728,0.02727272727272727,0.02727272727272727,0.8013636363636364,1070,407,693,30
0.07279729098081589,0.3709090909090909,0.3709090909090909,0.9727272727272728,0.9727272727272728,0.02727272727272727,0.02727272727272727,0.8009090909090909,1070,408,692,30
0.07230329513549805,0.3718181818181818,0.3718181818181818,0.9727272727272728,0.9727272727272728,0.02727272727272727,0.02727272727272727,0.8004545454545454,1070,409,691,30
0.07198672741651535,0.37272727272727274,0.37272727272727274,0.9727272727272728,0.9727272727272728,0.02727272727272727,0.02727272727272727,0.8,1070,410,690,30
0.07022707909345627,0.37363636363636366,0.37363636363636366,0.9727272727272728,0.9727272727272728,0.02727272727272727,0.02727272727272727,0.7995454545454546,1070,411,689,30
0.06999316066503525,0.37454545454545457,0.37454545454545457,0.9727272727272728,0.9727272727272728,0.02727272727272727,0.02727272727272727,0.7990909090909091,1070,412,688,30
0.06965474784374237,0.37454545454545457,0.37454545454545457,0.9736363636363636,0.9736363636363636,0.026363636363636363,0.026363636363636363,0.7995454545454546,1071,412,688,29
0.06913653761148453,0.37545454545454543,0.37545454545454543,0.9736363636363636,0.9736363636363636,0.026363636363636363,0.026363636363636363,0.7990909090909091,1071,413,687,29
0.0690598264336586,0.37636363636363634,0.37636363636363634,0.9736363636363636,0.9736363636363636,0.026363636363636363,0.026363636363636363,0.7986363636363636,1071,414,686,29
0.06877829879522324,0.37636363636363634,0.37636363636363634,0.9745454545454545,0.9745454545454545,0.025454545454545455,0.025454545454545455,0.7990909090909091,1072,414,686,28
0.06831256300210953,0.37727272727272726,0.37727272727272726,0.9745454545454545,0.9745454545454545,0.025454545454545455,0.025454545454545455,0.7986363636363636,1072,415,685,28
0.06819455325603485,0.3781818181818182,0.3781818181818182,0.9745454545454545,0.9745454545454545,0.025454545454545455,0.025454545454545455,0.7981818181818182,1072,416,684,28
0.06766225397586823,0.3790909090909091,0.3790909090909091,0.9745454545454545,0.9745454545454545,0.025454545454545455,0.025454545454545455,0.7977272727272727,1072,417,683,28
0.0658971518278122,0.38,0.38,0.9745454545454545,0.9745454545454545,0.025454545454545455,0.025454545454545455,0.7972727272727272,1072,418,682,28
0.0656677782535553,0.3809090909090909,0.3809090909090909,0.9745454545454545,0.9745454545454545,0.025454545454545455,0.025454545454545455,0.7968181818181819,1072,419,681,28
0.06520609557628632,0.3809090909090909,0.3809090909090909,0.9754545454545455,0.9754545454545455,0.024545454545454544,0.024545454545454544,0.7972727272727272,1073,419,681,27
0.0641392394900322,0.38181818181818183,0.38181818181818183,0.9754545454545455,0.9754545454545455,0.024545454545454544,0.024545454545454544,0.7968181818181819,1073,420,680,27
0.06407208740711212,0.38272727272727275,0.38272727272727275,0.9754545454545455,0.9754545454545455,0.024545454545454544,0.024545454545454544,0.7963636363636364,1073,421,679,27
0.06385309994220734,0.3836363636363636,0.3836363636363636,0.9754545454545455,0.9754545454545455,0.024545454545454544,0.024545454545454544,0.7959090909090909,1073,422,678,27
0.06356360018253326,0.3845454545454545,0.3845454545454545,0.9754545454545455,0.9754545454545455,0.024545454545454544,0.024545454545454544,0.7954545454545454,1073,423,677,27
0.0634780153632164,0.38545454545454544,0.38545454545454544,0.9754545454545455,0.9754545454545455,0.024545454545454544,0.024545454545454544,0.795,1073,424,676,27
0.06346680968999863,0.38636363636363635,0.38636363636363635,0.9754545454545455,0.9754545454545455,0.024545454545454544,0.024545454545454544,0.7945454545454546,1073,425,675,27
0.06305442750453949,0.38727272727272727,0.38727272727272727,0.9754545454545455,0.9754545454545455,0.024545454545454544,0.024545454545454544,0.7940909090909091,1073,426,674,27
0.06303878873586655,0.3881818181818182,0.3881818181818182,0.9754545454545455,0.9754545454545455,0.024545454545454544,0.024545454545454544,0.7936363636363636,1073,427,673,27
0.06282849609851837,0.3890909090909091,0.3890909090909091,0.9754545454545455,0.9754545454545455,0.024545454545454544,0.024545454545454544,0.7931818181818182,1073,428,672,27
0.06246383115649223,0.39,0.39,0.9754545454545455,0.9754545454545455,0.024545454545454544,0.024545454545454544,0.7927272727272727,1073,429,671,27
0.06214497983455658,0.39090909090909093,0.39090909090909093,0.9754545454545455,0.9754545454545455,0.024545454545454544,0.024545454545454544,0.7922727272727272,1073,430,670,27
0.061423998326063156,0.39181818181818184,0.39181818181818184,0.9754545454545455,0.9754545454545455,0.024545454545454544,0.024545454545454544,0.7918181818181819,1073,431,669,27
0.061352524906396866,0.3927272727272727,0.3927272727272727,0.9754545454545455,0.9754545454545455,0.024545454545454544,0.024545454545454544,0.7913636363636364,1073,432,668,27
0.06111098453402519,0.3936363636363636,0.3936363636363636,0.9754545454545455,0.9754545454545455,0.024545454545454544,0.024545454545454544,0.7909090909090909,1073,433,667,27
0.061076004058122635,0.39454545454545453,0.39454545454545453,0.9754545454545455,0.9754545454545455,0.024545454545454544,0.024545454545454544,0.7904545454545454,1073,434,666,27
0.060411348938941956,0.39545454545454545,0.39545454545454545,0.9754545454545455,0.9754545454545455,0.024545454545454544,0.024545454545454544,0.79,1073,435,665,27
0.06009622663259506,0.39636363636363636,0.39636363636363636,0.9754545454545455,0.9754545454545455,0.024545454545454544,0.024545454545454544,0.7895454545454546,1073,436,664,27
0.059721991419792175,0.3972727272727273,0.3972727272727273,0.9754545454545455,0.9754545454545455,0.024545454545454544,0.024545454545454544,0.7890909090909091,1073,437,663,27
0.05949007347226143,0.3981818181818182,0.3981818181818182,0.9754545454545455,0.9754545454545455,0.024545454545454544,0.024545454545454544,0.7886363636363637,1073,438,662,27
0.05902496352791786,0.3990909090909091,0.3990909090909091,0.9754545454545455,0.9754545454545455,0.024545454545454544,0.024545454545454544,0.7881818181818182,1073,439,661,27
0.058752406388521194,0.4,0.4,0.9754545454545455,0.9754545454545455,0.024545454545454544,0.024545454545454544,0.7877272727272727,1073,440,660,27
0.058470092713832855,0.4,0.4,0.9763636363636363,0.9763636363636363,0.023636363636363636,0.023636363636363636,0.7881818181818182,1074,440,660,26
0.05833762511610985,0.4009090909090909,0.4009090909090909,0.9763636363636363,0.9763636363636363,0.023636363636363636,0.023636363636363636,0.7877272727272727,1074,441,659,26
0.05822829529643059,0.4018181818181818,0.4018181818181818,0.9763636363636363,0.9763636363636363,0.023636363636363636,0.023636363636363636,0.7872727272727272,1074,442,658,26
0.05815896391868591,0.4027272727272727,0.4027272727272727,0.9763636363636363,0.9763636363636363,0.023636363636363636,0.023636363636363636,0.7868181818181819,1074,443,657,26
0.0580197349190712,0.4036363636363636,0.4036363636363636,0.9763636363636363,0.9763636363636363,0.023636363636363636,0.023636363636363636,0.7863636363636364,1074,444,656,26
0.0579928383231163,0.40454545454545454,0.40454545454545454,0.9763636363636363,0.9763636363636363,0.023636363636363636,0.023636363636363636,0.7859090909090909,1074,445,655,26
0.05794598162174225,0.40545454545454546,0.40545454545454546,0.9763636363636363,0.9763636363636363,0.023636363636363636,0.023636363636363636,0.7854545454545454,1074,446,654,26
0.05771983414888382,0.40636363636363637,0.40636363636363637,0.9763636363636363,0.9763636363636363,0.023636363636363636,0.023636363636363636,0.785,1074,447,653,26
0.0575488843023777,0.4072727272727273,0.4072727272727273,0.9763636363636363,0.9763636363636363,0.023636363636363636,0.023636363636363636,0.7845454545454545,1074,448,652,26
0.05712063983082771,0.4081818181818182,0.4081818181818182,0.9763636363636363,0.9763636363636363,0.023636363636363636,0.023636363636363636,0.7840909090909091,1074,449,651,26
0.057076938450336456,0.4081818181818182,0.4081818181818182,0.9772727272727273,0.9772727272727273,0.022727272727272728,0.022727272727272728,0.7845454545454545,1075,449,651,25
0.05635540932416916,0.4090909090909091,0.4090909090909091,0.9772727272727273,0.9772727272727273,0.022727272727272728,0.022727272727272728,0.7840909090909091,1075,450,650,25
0.05577173829078674,0.41,0.41,0.9772727272727273,0.9772727272727273,0.022727272727272728,0.022727272727272728,0.7836363636363637,1075,451,649,25
0.055644311010837555,0.4109090909090909,0.4109090909090909,0.9772727272727273,0.9772727272727273,0.022727272727272728,0.022727272727272728,0.7831818181818182,1075,452,648,25
0.05557198077440262,0.4118181818181818,0.4118181818181818,0.9772727272727273,0.9772727272727273,0.022727272727272728,0.022727272727272728,0.7827272727272727,1075,453,647,25
0.05551579222083092,0.4118181818181818,0.4118181818181818,0.9781818181818182,0.9781818181818182,0.02181818181818182,0.02181818181818182,0.7831818181818182,1076,453,647,24
0.055289603769779205,0.4127272727272727,0.4127272727272727,0.9781818181818182,0.9781818181818182,0.02181818181818182,0.02181818181818182,0.7827272727272727,1076,454,646,24
0.055011849850416183,0.41363636363636364,0.41363636363636364,0.9781818181818182,0.9781818181818182,0.02181818181818182,0.02181818181818182,0.7822727272727272,1076,455,645,24
0.05395055562257767,0.41454545454545455,0.41454545454545455,0.9781818181818182,0.9781818181818182,0.02181818181818182,0.02181818181818182,0.7818181818181819,1076,456,644,24
0.053047504276037216,0.41545454545454547,0.41545454545454547,0.9781818181818182,0.9781818181818182,0.02181818181818182,0.02181818181818182,0.7813636363636364,1076,457,643,24
0.052930425852537155,0.4163636363636364,0.4163636363636364,0.9781818181818182,0.9781818181818182,0.02181818181818182,0.02181818181818182,0.7809090909090909,1076,458,642,24
0.05286116153001785,0.4172727272727273,0.4172727272727273,0.9781818181818182,0.9781818181818182,0.02181818181818182,0.02181818181818182,0.7804545454545454,1076,459,641,24
0.05254548043012619,0.41818181818181815,0.41818181818181815,0.9781818181818182,0.9781818181818182,0.02181818181818182,0.02181818181818182,0.78,1076,460,640,24
0.0524473674595356,0.41909090909090907,0.41909090909090907,0.9781818181818182,0.9781818181818182,0.02181818181818182,0.02181818181818182,0.7795454545454545,1076,461,639,24
0.051525410264730453,0.42,0.42,0.9781818181818182,0.9781818181818182,0.02181818181818182,0.02181818181818182,0.7790909090909091,1076,462,638,24
0.05126689001917839,0.4209090909090909,0.4209090909090909,0.9781818181818182,0.9781818181818182,0.02181818181818182,0.02181818181818182,0.7786363636363637,1076,463,637,24
0.05125661939382553,0.4218181818181818,0.4218181818181818,0.9781818181818182,0.9781818181818182,0.02181818181818182,0.02181818181818182,0.7781818181818182,1076,464,636,24
0.05108761042356491,0.42272727272727273,0.42272727272727273,0.9781818181818182,0.9781818181818182,0.02181818181818182,0.02181818181818182,0.7777272727272727,1076,465,635,24
0.05076524615287781,0.42363636363636364,0.42363636363636364,0.9781818181818182,0.9781818181818182,0.02181818181818182,0.02181818181818182,0.7772727272727272,1076,466,634,24
0.05011168494820595,0.42454545454545456,0.42454545454545456,0.9781818181818182,0.9781818181818182,0.02181818181818182,0.02181818181818182,0.7768181818181819,1076,467,633,24
0.04974539577960968,0.4254545454545455,0.4254545454545455,0.9781818181818182,0.9781818181818182,0.02181818181818182,0.02181818181818182,0.7763636363636364,1076,468,632,24
0.049222469329833984,0.4263636363636364,0.4263636363636364,0.9781818181818182,0.9781818181818182,0.02181818181818182,0.02181818181818182,0.7759090909090909,1076,469,631,24
0.04911453276872635,0.42727272727272725,0.42727272727272725,0.9781818181818182,0.9781818181818182,0.02181818181818182,0.02181818181818182,0.7754545454545455,1076,470,630,24
0.04894579201936722,0.42727272727272725,0.42727272727272725,0.9790909090909091,0.9790909090909091,0.02090909090909091,0.02090909090909091,0.7759090909090909,1077,470,630,23
0.04888993129134178,0.42818181818181816,0.42818181818181816,0.9790909090909091,0.9790909090909091,0.02090909090909091,0.02090909090909091,0.7754545454545455,1077,471,629,23
0.04868472367525101,0.42818181818181816,0.42818181818181816,0.98,0.98,0.02,0.02,0.7759090909090909,1078,471,629,22
0.04857511445879936,0.4290909090909091,0.4290909090909091,0.98,0.98,0.02,0.02,0.7754545454545455,1078,472,628,22
0.04831411689519882,0.43,0.43,0.98,0.98,0.02,0.02,0.775,1078,473,627,22
0.04811098799109459,0.4309090909090909,0.4309090909090909,0.98,0.98,0.02,0.02,0.7745454545454545,1078,474,626,22
0.04772954806685448,0.4318181818181818,0.4318181818181818,0.98,0.98,0.02,0.02,0.774090909090909,1078,475,625,22
0.04703379422426224,0.43272727272727274,0.43272727272727274,0.98,0.98,0.02,0.02,0.7736363636363637,1078,476,624,22
0.04675310105085373,0.43363636363636365,0.43363636363636365,0.98,0.98,0.02,0.02,0.7731818181818182,1078,477,623,22
0.04661724716424942,0.43454545454545457,0.43454545454545457,0.98,0.98,0.02,0.02,0.7727272727272727,1078,478,622,22
0.046157777309417725,0.4354545454545454,0.4354545454545454,0.98,0.98,0.02,0.02,0.7722727272727272,1078,479,621,22
0.045681461691856384,0.43636363636363634,0.43636363636363634,0.98,0.98,0.02,0.02,0.7718181818181818,1078,480,620,22
0.04539673402905464,0.43727272727272726,0.43727272727272726,0.98,0.98,0.02,0.02,0.7713636363636364,1078,481,619,22
0.044599052518606186,0.4381818181818182,0.4381818181818182,0.98,0.98,0.02,0.02,0.7709090909090909,1078,482,618,22
0.04428768903017044,0.4381818181818182,0.4381818181818182,0.980909090909091,0.980909090909091,0.019090909090909092,0.019090909090909092,0.7713636363636364,1079,482,618,21
0.04352455213665962,0.4381818181818182,0.4381818181818182,0.9818181818181818,0.9818181818181818,0.01818181818181818,0.01818181818181818,0.7718181818181818,1080,482,618,20
0.043293267488479614,0.4390909090909091,0.4390909090909091,0.9818181818181818,0.9818181818181818,0.01818181818181818,0.01818181818181818,0.7713636363636364,1080,483,617,20
0.04221460595726967,0.44,0.44,0.9818181818181818,0.9818181818181818,0.01818181818181818,0.01818181818181818,0.7709090909090909,1080,484,616,20
0.04220091551542282,0.4409090909090909,0.4409090909090909,0.9818181818181818,0.9818181818181818,0.01818181818181818,0.01818181818181818,0.7704545454545455,1080,485,615,20
0.04199843108654022,0.44181818181818183,0.44181818181818183,0.9818181818181818,0.9818181818181818,0.01818181818181818,0.01818181818181818,0.77,1080,486,614,20
0.04129989817738533,0.44272727272727275,0.44272727272727275,0.9818181818181818,0.9818181818181818,0.01818181818181818,0.01818181818181818,0.7695454545454545,1080,487,613,20
0.041260719299316406,0.44363636363636366,0.44363636363636366,0.9818181818181818,0.9818181818181818,0.01818181818181818,0.01818181818181818,0.769090909090909,1080,488,612,20
0.04113970696926117,0.4445454545454545,0.4445454545454545,0.9818181818181818,0.9818181818181818,0.01818181818181818,0.01818181818181818,0.7686363636363637,1080,489,611,20
0.04051860421895981,0.44545454545454544,0.44545454545454544,0.9818181818181818,0.9818181818181818,0.01818181818181818,0.01818181818181818,0.7681818181818182,1080,490,610,20
0.040453724563121796,0.44636363636363635,0.44636363636363635,0.9818181818181818,0.9818181818181818,0.01818181818181818,0.01818181818181818,0.7677272727272727,1080,491,609,20
0.040096625685691833,0.44727272727272727,0.44727272727272727,0.9818181818181818,0.9818181818181818,0.01818181818181818,0.01818181818181818,0.7672727272727272,1080,492,608,20
0.03969840705394745,0.4481818181818182,0.4481818181818182,0.9818181818181818,0.9818181818181818,0.01818181818181818,0.01818181818181818,0.7668181818181818,1080,493,607,20
0.03968436270952225,0.4490909090909091,0.4490909090909091,0.9818181818181818,0.9818181818181818,0.01818181818181818,0.01818181818181818,0.7663636363636364,1080,494,606,20
0.03961416333913803,0.45,0.45,0.9818181818181818,0.9818181818181818,0.01818181818181818,0.01818181818181818,0.7659090909090909,1080,495,605,20
0.039566412568092346,0.4509090909090909,0.4509090909090909,0.9818181818181818,0.9818181818181818,0.01818181818181818,0.01818181818181818,0.7654545454545455,1080,496,604,20
0.03932829946279526,0.45181818181818184,0.45181818181818184,0.9818181818181818,0.9818181818181818,0.01818181818181818,0.01818181818181818,0.765,1080,497,603,20
0.039219263941049576,0.4527272727272727,0.4527272727272727,0.9818181818181818,0.9818181818181818,0.01818181818181818,0.01818181818181818,0.7645454545454545,1080,498,602,20
0.038849905133247375,0.4536363636363636,0.4536363636363636,0.9818181818181818,0.9818181818181818,0.01818181818181818,0.01818181818181818,0.764090909090909,1080,499,601,20
0.038814034312963486,0.45454545454545453,0.45454545454545453,0.9818181818181818,0.9818181818181818,0.01818181818181818,0.01818181818181818,0.7636363636363637,1080,500,600,20
0.038423873484134674,0.45545454545454545,0.45545454545454545,0.9818181818181818,0.9818181818181818,0.01818181818181818,0.01818181818181818,0.7631818181818182,1080,501,599,20
0.038073815405368805,0.45636363636363636,0.45636363636363636,0.9818181818181818,0.9818181818181818,0.01818181818181818,0.01818181818181818,0.7627272727272727,1080,502,598,20
0.03794845566153526,0.4572727272727273,0.4572727272727273,0.9818181818181818,0.9818181818181818,0.01818181818181818,0.01818181818181818,0.7622727272727273,1080,503,597,20
0.037276916205883026,0.4581818181818182,0.4581818181818182,0.9818181818181818,0.9818181818181818,0.01818181818181818,0.01818181818181818,0.7618181818181818,1080,504,596,20
0.036898963153362274,0.4590909090909091,0.4590909090909091,0.9818181818181818,0.9818181818181818,0.01818181818181818,0.01818181818181818,0.7613636363636364,1080,505,595,20
0.036881040781736374,0.46,0.46,0.9818181818181818,0.9818181818181818,0.01818181818181818,0.01818181818181818,0.7609090909090909,1080,506,594,20
0.03675003722310066,0.46090909090909093,0.46090909090909093,0.9818181818181818,0.9818181818181818,0.01818181818181818,0.01818181818181818,0.7604545454545455,1080,507,593,20
0.03619074076414108,0.4618181818181818,0.4618181818181818,0.9818181818181818,0.9818181818181818,0.01818181818181818,0.01818181818181818,0.76,1080,508,592,20
0.0361199826002121,0.4618181818181818,0.4618181818181818,0.9827272727272728,0.9827272727272728,0.017272727272727273,0.017272727272727273,0.7604545454545455,1081,508,592,19
0.035853397101163864,0.4627272727272727,0.4627272727272727,0.9827272727272728,0.9827272727272728,0.017272727272727273,0.017272727272727273,0.76,1081,509,591,19
0.035576436668634415,0.4636363636363636,0.4636363636363636,0.9827272727272728,0.9827272727272728,0.017272727272727273,0.017272727272727273,0.7595454545454545,1081,510,590,19
0.0355621799826622,0.46454545454545454,0.46454545454545454,0.9827272727272728,0.9827272727272728,0.017272727272727273,0.017272727272727273,0.759090909090909,1081,511,589,19
0.0354841910302639,0.46545454545454545,0.46545454545454545,0.9827272727272728,0.9827272727272728,0.017272727272727273,0.017272727272727273,0.7586363636363637,1081,512,588,19
0.03488101810216904,0.46636363636363637,0.46636363636363637,0.9827272727272728,0.9827272727272728,0.017272727272727273,0.017272727272727273,0.7581818181818182,1081,513,587,19
0.034860625863075256,0.4672727272727273,0.4672727272727273,0.9827272727272728,0.9827272727272728,0.017272727272727273,0.017272727272727273,0.7577272727272727,1081,514,586,19
0.034827910363674164,0.4681818181818182,0.4681818181818182,0.9827272727272728,0.9827272727272728,0.017272727272727273,0.017272727272727273,0.7572727272727273,1081,515,585,19
0.034087054431438446,0.4690909090909091,0.4690909090909091,0.9827272727272728,0.9827272727272728,0.017272727272727273,0.017272727272727273,0.7568181818181818,1081,516,584,19
0.03407880663871765,0.47,0.47,0.9827272727272728,0.9827272727272728,0.017272727272727273,0.017272727272727273,0.7563636363636363,1081,517,583,19
0.03399556875228882,0.4709090909090909,0.4709090909090909,0.9827272727272728,0.9827272727272728,0.017272727272727273,0.017272727272727273,0.7559090909090909,1081,518,582,19
0.0327761247754097,0.4718181818181818,0.4718181818181818,0.9827272727272728,0.9827272727272728,0.017272727272727273,0.017272727272727273,0.7554545454545455,1081,519,581,19
0.03224299103021622,0.4727272727272727,0.4727272727272727,0.9827272727272728,0.9827272727272728,0.017272727272727273,0.017272727272727273,0.755,1081,520,580,19
0.031125381588935852,0.47363636363636363,0.47363636363636363,0.9827272727272728,0.9827272727272728,0.017272727272727273,0.017272727272727273,0.7545454545454545,1081,521,579,19
0.030783087015151978,0.47454545454545455,0.47454545454545455,0.9827272727272728,0.9827272727272728,0.017272727272727273,0.017272727272727273,0.7540909090909091,1081,522,578,19
0.03070203959941864,0.47545454545454546,0.47545454545454546,0.9827272727272728,0.9827272727272728,0.017272727272727273,0.017272727272727273,0.7536363636363637,1081,523,577,19
0.030563566833734512,0.4763636363636364,0.4763636363636364,0.9827272727272728,0.9827272727272728,0.017272727272727273,0.017272727272727273,0.7531818181818182,1081,524,576,19
0.03045574575662613,0.4772727272727273,0.4772727272727273,0.9827272727272728,0.9827272727272728,0.017272727272727273,0.017272727272727273,0.7527272727272727,1081,525,575,19
0.0304105281829834,0.4781818181818182,0.4781818181818182,0.9827272727272728,0.9827272727272728,0.017272727272727273,0.017272727272727273,0.7522727272727273,1081,526,574,19
0.030393172055482864,0.47909090909090907,0.47909090909090907,0.9827272727272728,0.9827272727272728,0.017272727272727273,0.017272727272727273,0.7518181818181818,1081,527,573,19
0.030314447358250618,0.48,0.48,0.9827272727272728,0.9827272727272728,0.017272727272727273,0.017272727272727273,0.7513636363636363,1081,528,572,19
0.029374180361628532,0.4809090909090909,0.4809090909090909,0.9827272727272728,0.9827272727272728,0.017272727272727273,0.017272727272727273,0.7509090909090909,1081,529,571,19
0.029183220118284225,0.4818181818181818,0.4818181818181818,0.9827272727272728,0.9827272727272728,0.017272727272727273,0.017272727272727273,0.7504545454545455,1081,530,570,19
0.02893238514661789,0.4827272727272727,0.4827272727272727,0.9827272727272728,0.9827272727272728,0.017272727272727273,0.017272727272727273,0.75,1081,531,569,19
0.028853727504611015,0.48363636363636364,0.48363636363636364,0.9827272727272728,0.9827272727272728,0.017272727272727273,0.017272727272727273,0.7495454545454545,1081,532,568,19
0.02845967933535576,0.48454545454545456,0.48454545454545456,0.9827272727272728,0.9827272727272728,0.017272727272727273,0.017272727272727273,0.7490909090909091,1081,533,567,19
0.028265809640288353,0.48545454545454547,0.48545454545454547,0.9827272727272728,0.9827272727272728,0.017272727272727273,0.017272727272727273,0.7486363636363637,1081,534,566,19
0.028178546577692032,0.4863636363636364,0.4863636363636364,0.9827272727272728,0.9827272727272728,0.017272727272727273,0.017272727272727273,0.7481818181818182,1081,535,565,19
0.027923569083213806,0.48727272727272725,0.48727272727272725,0.9827272727272728,0.9827272727272728,0.017272727272727273,0.017272727272727273,0.7477272727272727,1081,536,564,19
0.027575192973017693,0.48818181818181816,0.48818181818181816,0.9827272727272728,0.9827272727272728,0.017272727272727273,0.017272727272727273,0.7472727272727273,1081,537,563,19
0.027454303577542305,0.4890909090909091,0.4890909090909091,0.9827272727272728,0.9827272727272728,0.017272727272727273,0.017272727272727273,0.7468181818181818,1081,538,562,19
0.026980234310030937,0.49,0.49,0.9827272727272728,0.9827272727272728,0.017272727272727273,0.017272727272727273,0.7463636363636363,1081,539,561,19
0.02565811015665531,0.4909090909090909,0.4909090909090909,0.9827272727272728,0.9827272727272728,0.017272727272727273,0.017272727272727273,0.7459090909090909,1081,540,560,19
0.025310566648840904,0.4918181818181818,0.4918181818181818,0.9827272727272728,0.9827272727272728,0.017272727272727273,0.017272727272727273,0.7454545454545455,1081,541,559,19
0.025299787521362305,0.49272727272727274,0.49272727272727274,0.9827272727272728,0.9827272727272728,0.017272727272727273,0.017272727272727273,0.745,1081,542,558,19
0.02519666776061058,0.49363636363636365,0.49363636363636365,0.9827272727272728,0.9827272727272728,0.017272727272727273,0.017272727272727273,0.7445454545454545,1081,543,557,19
0.025166355073451996,0.49454545454545457,0.49454545454545457,0.9827272727272728,0.9827272727272728,0.017272727272727273,0.017272727272727273,0.7440909090909091,1081,544,556,19
0.025040186941623688,0.4954545454545455,0.4954545454545455,0.9827272727272728,0.9827272727272728,0.017272727272727273,0.017272727272727273,0.7436363636363637,1081,545,555,19
0.02463606558740139,0.49636363636363634,0.49636363636363634,0.9827272727272728,0.9827272727272728,0.017272727272727273,0.017272727272727273,0.7431818181818182,1081,546,554,19
0.02398020587861538,0.49727272727272726,0.49727272727272726,0.9827272727272728,0.9827272727272728,0.017272727272727273,0.017272727272727273,0.7427272727272727,1081,547,553,19
0.022906620055437088,0.49818181818181817,0.49818181818181817,0.9827272727272728,0.9827272727272728,0.017272727272727273,0.017272727272727273,0.7422727272727273,1081,548,552,19
0.022186655551195145,0.4990909090909091,0.4990909090909091,0.9827272727272728,0.9827272727272728,0.017272727272727273,0.017272727272727273,0.7418181818181818,1081,549,551,19
0.022183505818247795,0.5,0.5,0.9827272727272728,0.9827272727272728,0.017272727272727273,0.017272727272727273,0.7413636363636363,1081,550,550,19
0.02208230271935463,0.5009090909090909,0.5009090909090909,0.9827272727272728,0.9827272727272728,0.017272727272727273,0.017272727272727273,0.740909090909091,1081,551,549,19
0.021879177540540695,0.5018181818181818,0.5018181818181818,0.9827272727272728,0.9827272727272728,0.017272727272727273,0.017272727272727273,0.7404545454545455,1081,552,548,19
0.021771829575300217,0.5027272727272727,0.5027272727272727,0.9827272727272728,0.9827272727272728,0.017272727272727273,0.017272727272727273,0.74,1081,553,547,19
0.021282508969306946,0.5036363636363637,0.5036363636363637,0.9827272727272728,0.9827272727272728,0.017272727272727273,0.017272727272727273,0.7395454545454545,1081,554,546,19
0.020980900153517723,0.5045454545454545,0.5045454545454545,0.9827272727272728,0.9827272727272728,0.017272727272727273,0.017272727272727273,0.7390909090909091,1081,555,545,19
0.020700614899396896,0.5054545454545455,0.5054545454545455,0.9827272727272728,0.9827272727272728,0.017272727272727273,0.017272727272727273,0.7386363636363636,1081,556,544,19
0.020691832527518272,0.5063636363636363,0.5063636363636363,0.9827272727272728,0.9827272727272728,0.017272727272727273,0.017272727272727273,0.7381818181818182,1081,557,543,19
0.02063003182411194,0.5072727272727273,0.5072727272727273,0.9827272727272728,0.9827272727272728,0.017272727272727273,0.017272727272727273,0.7377272727272727,1081,558,542,19
0.02058161050081253,0.5081818181818182,0.5081818181818182,0.9827272727272728,0.9827272727272728,0.017272727272727273,0.017272727272727273,0.7372727272727273,1081,559,541,19
0.020476095378398895,0.509090909090909,0.509090909090909,0.9827272727272728,0.9827272727272728,0.017272727272727273,0.017272727272727273,0.7368181818181818,1081,560,540,19
0.020338181406259537,0.51,0.51,0.9827272727272728,0.9827272727272728,0.017272727272727273,0.017272727272727273,0.7363636363636363,1081,561,539,19
0.02030862681567669,0.51,0.51,0.9836363636363636,0.9836363636363636,0.016363636363636365,0.016363636363636365,0.7368181818181818,1082,561,539,18
0.01995077356696129,0.5109090909090909,0.5109090909090909,0.9836363636363636,0.9836363636363636,0.016363636363636365,0.016363636363636365,0.7363636363636363,1082,562,538,18
0.019822552800178528,0.5118181818181818,0.5118181818181818,0.9836363636363636,0.9836363636363636,0.016363636363636365,0.016363636363636365,0.735909090909091,1082,563,537,18
0.019540106877684593,0.5127272727272727,0.5127272727272727,0.9836363636363636,0.9836363636363636,0.016363636363636365,0.016363636363636365,0.7354545454545455,1082,564,536,18
0.01937853917479515,0.5136363636363637,0.5136363636363637,0.9836363636363636,0.9836363636363636,0.016363636363636365,0.016363636363636365,0.735,1082,565,535,18
0.019245978444814682,0.5145454545454545,0.5145454545454545,0.9836363636363636,0.9836363636363636,0.016363636363636365,0.016363636363636365,0.7345454545454545,1082,566,534,18
0.018069976940751076,0.5154545454545455,0.5154545454545455,0.9836363636363636,0.9836363636363636,0.016363636363636365,0.016363636363636365,0.7340909090909091,1082,567,533,18
0.017812851816415787,0.5163636363636364,0.5163636363636364,0.9836363636363636,0.9836363636363636,0.016363636363636365,0.016363636363636365,0.7336363636363636,1082,568,532,18
0.01749768853187561,0.5172727272727272,0.5172727272727272,0.9836363636363636,0.9836363636363636,0.016363636363636365,0.016363636363636365,0.7331818181818182,1082,569,531,18
0.0172788854688406,0.5181818181818182,0.5181818181818182,0.9836363636363636,0.9836363636363636,0.016363636363636365,0.016363636363636365,0.7327272727272728,1082,570,530,18
0.017203055322170258,0.519090909090909,0.519090909090909,0.9836363636363636,0.9836363636363636,0.016363636363636365,0.016363636363636365,0.7322727272727273,1082,571,529,18
0.01650097221136093,0.52,0.52,0.9836363636363636,0.9836363636363636,0.016363636363636365,0.016363636363636365,0.7318181818181818,1082,572,528,18
0.016405701637268066,0.5209090909090909,0.5209090909090909,0.9836363636363636,0.9836363636363636,0.016363636363636365,0.016363636363636365,0.7313636363636363,1082,573,527,18
0.01567668281495571,0.5218181818181818,0.5218181818181818,0.9836363636363636,0.9836363636363636,0.016363636363636365,0.016363636363636365,0.730909090909091,1082,574,526,18
0.01407194510102272,0.5227272727272727,0.5227272727272727,0.9836363636363636,0.9836363636363636,0.016363636363636365,0.016363636363636365,0.7304545454545455,1082,575,525,18
0.01401488110423088,0.5236363636363637,0.5236363636363637,0.9836363636363636,0.9836363636363636,0.016363636363636365,0.016363636363636365,0.73,1082,576,524,18
0.013401268050074577,0.5245454545454545,0.5245454545454545,0.9836363636363636,0.9836363636363636,0.016363636363636365,0.016363636363636365,0.7295454545454545,1082,577,523,18
0.013260726816952229,0.5254545454545455,0.5254545454545455,0.9836363636363636,0.9836363636363636,0.016363636363636365,0.016363636363636365,0.7290909090909091,1082,578,522,18
0.013079007156193256,0.5263636363636364,0.5263636363636364,0.9836363636363636,0.9836363636363636,0.016363636363636365,0.016363636363636365,0.7286363636363636,1082,579,521,18
0.012854404747486115,0.5272727272727272,0.5272727272727272,0.9836363636363636,0.9836363636363636,0.016363636363636365,0.016363636363636365,0.7281818181818182,1082,580,520,18
0.012484539300203323,0.5281818181818182,0.5281818181818182,0.9836363636363636,0.9836363636363636,0.016363636363636365,0.016363636363636365,0.7277272727272728,1082,581,519,18
0.009824482724070549,0.5290909090909091,0.5290909090909091,0.9836363636363636,0.9836363636363636,0.016363636363636365,0.016363636363636365,0.7272727272727273,1082,582,518,18
0.009585250169038773,0.5290909090909091,0.5290909090909091,0.9845454545454545,0.9845454545454545,0.015454545454545455,0.015454545454545455,0.7277272727272728,1083,582,518,17
0.009385725483298302,0.53,0.53,0.9845454545454545,0.9845454545454545,0.015454545454545455,0.015454545454545455,0.7272727272727273,1083,583,517,17
0.008648396469652653,0.5309090909090909,0.5309090909090909,0.9845454545454545,0.9845454545454545,0.015454545454545455,0.015454545454545455,0.7268181818181818,1083,584,516,17
0.0077952612191438675,0.5318181818181819,0.5318181818181819,0.9845454545454545,0.9845454545454545,0.015454545454545455,0.015454545454545455,0.7263636363636363,1083,585,515,17
0.007363652344793081,0.5327272727272727,0.5327272727272727,0.9845454545454545,0.9845454545454545,0.015454545454545455,0.015454545454545455,0.725909090909091,1083,586,514,17
0.007155516184866428,0.5336363636363637,0.5336363636363637,0.9845454545454545,0.9845454545454545,0.015454545454545455,0.015454545454545455,0.7254545454545455,1083,587,513,17
0.006898539140820503,0.5345454545454545,0.5345454545454545,0.9845454545454545,0.9845454545454545,0.015454545454545455,0.015454545454545455,0.725,1083,588,512,17
0.00625975988805294,0.5354545454545454,0.5354545454545454,0.9845454545454545,0.9845454545454545,0.015454545454545455,0.015454545454545455,0.7245454545454545,1083,589,511,17
0.006083371117711067,0.5363636363636364,0.5363636363636364,0.9845454545454545,0.9845454545454545,0.015454545454545455,0.015454545454545455,0.7240909090909091,1083,590,510,17
0.005927165504544973,0.5372727272727272,0.5372727272727272,0.9845454545454545,0.9845454545454545,0.015454545454545455,0.015454545454545455,0.7236363636363636,1083,591,509,17
0.005814071744680405,0.5381818181818182,0.5381818181818182,0.9845454545454545,0.9845454545454545,0.015454545454545455,0.015454545454545455,0.7231818181818181,1083,592,508,17
0.005243208259344101,0.5390909090909091,0.5390909090909091,0.9845454545454545,0.9845454545454545,0.015454545454545455,0.015454545454545455,0.7227272727272728,1083,593,507,17
0.005062698852270842,0.54,0.54,0.9845454545454545,0.9845454545454545,0.015454545454545455,0.015454545454545455,0.7222727272727273,1083,594,506,17
0.004847094416618347,0.5409090909090909,0.5409090909090909,0.9845454545454545,0.9845454545454545,0.015454545454545455,0.015454545454545455,0.7218181818181818,1083,595,505,17
0.003271648194640875,0.5409090909090909,0.5409090909090909,0.9854545454545455,0.9854545454545455,0.014545454545454545,0.014545454545454545,0.7222727272727273,1084,595,505,16
0.0030597117729485035,0.5418181818181819,0.5418181818181819,0.9854545454545455,0.9854545454545455,0.014545454545454545,0.014545454545454545,0.7218181818181818,1084,596,504,16
0.0017646511550992727,0.5427272727272727,0.5427272727272727,0.9854545454545455,0.9854545454545455,0.014545454545454545,0.014545454545454545,0.7213636363636363,1084,597,503,16
0.001712791621685028,0.5436363636363636,0.5436363636363636,0.9854545454545455,0.9854545454545455,0.014545454545454545,0.014545454545454545,0.7209090909090909,1084,598,502,16
0.0014061554102227092,0.5445454545454546,0.5445454545454546,0.9854545454545455,0.9854545454545455,0.014545454545454545,0.014545454545454545,0.7204545454545455,1084,599,501,16
0.0013515236787497997,0.5454545454545454,0.5454545454545454,0.9854545454545455,0.9854545454545455,0.014545454545454545,0.014545454545454545,0.72,1084,600,500,16
0.000631481409072876,0.5463636363636364,0.5463636363636364,0.9854545454545455,0.9854545454545455,0.014545454545454545,0.014545454545454545,0.7195454545454546,1084,601,499,16
0.00010072533041238785,0.5472727272727272,0.5472727272727272,0.9854545454545455,0.9854545454545455,0.014545454545454545,0.014545454545454545,0.7190909090909091,1084,602,498,16
-7.37849622964859e-05,0.5481818181818182,0.5481818181818182,0.9854545454545455,0.9854545454545455,0.014545454545454545,0.014545454545454545,0.7186363636363636,1084,603,497,16
-0.00025159958750009537,0.5490909090909091,0.5490909090909091,0.9854545454545455,0.9854545454545455,0.014545454545454545,0.014545454545454545,0.7181818181818181,1084,604,496,16
-0.00039491988718509674,0.55,0.55,0.9854545454545455,0.9854545454545455,0.014545454545454545,0.014545454545454545,0.7177272727272728,1084,605,495,16
-0.0006163492216728628,0.5509090909090909,0.5509090909090909,0.9854545454545455,0.9854545454545455,0.014545454545454545,0.014545454545454545,0.7172727272727273,1084,606,494,16
-0.0007675551460124552,0.5518181818181818,0.5518181818181818,0.9854545454545455,0.9854545454545455,0.014545454545454545,0.014545454545454545,0.7168181818181818,1084,607,493,16
-0.0013209347380325198,0.5527272727272727,0.5527272727272727,0.9854545454545455,0.9854545454545455,0.014545454545454545,0.014545454545454545,0.7163636363636363,1084,608,492,16
-0.0015113521367311478,0.5536363636363636,0.5536363636363636,0.9854545454545455,0.9854545454545455,0.014545454545454545,0.014545454545454545,0.7159090909090909,1084,609,491,16
-0.00209660641849041,0.5545454545454546,0.5545454545454546,0.9854545454545455,0.9854545454545455,0.014545454545454545,0.014545454545454545,0.7154545454545455,1084,610,490,16
-0.0021605361253023148,0.5554545454545454,0.5554545454545454,0.9854545454545455,0.9854545454545455,0.014545454545454545,0.014545454545454545,0.715,1084,611,489,16
-0.0023561641573905945,0.5563636363636364,0.5563636363636364,0.9854545454545455,0.9854545454545455,0.014545454545454545,0.014545454545454545,0.7145454545454546,1084,612,488,16
-0.002542143687605858,0.5572727272727273,0.5572727272727273,0.9854545454545455,0.9854545454545455,0.014545454545454545,0.014545454545454545,0.7140909090909091,1084,613,487,16
-0.0027683302760124207,0.5581818181818182,0.5581818181818182,0.9854545454545455,0.9854545454545455,0.014545454545454545,0.014545454545454545,0.7136363636363636,1084,614,486,16
-0.002903795102611184,0.5590909090909091,0.5590909090909091,0.9854545454545455,0.9854545454545455,0.014545454545454545,0.014545454545454545,0.7131818181818181,1084,615,485,16
-0.0030425982549786568,0.56,0.56,0.9854545454545455,0.9854545454545455,0.014545454545454545,0.014545454545454545,0.7127272727272728,1084,616,484,16
-0.003770947689190507,0.5609090909090909,0.5609090909090909,0.9854545454545455,0.9854545454545455,0.014545454545454545,0.014545454545454545,0.7122727272727273,1084,617,483,16
-0.005090147722512484,0.5618181818181818,0.5618181818181818,0.9854545454545455,0.9854545454545455,0.014545454545454545,0.014545454545454545,0.7118181818181818,1084,618,482,16
-0.006182036828249693,0.5627272727272727,0.5627272727272727,0.9854545454545455,0.9854545454545455,0.014545454545454545,0.014545454545454545,0.7113636363636363,1084,619,481,16
-0.006489594001322985,0.5636363636363636,0.5636363636363636,0.9854545454545455,0.9854545454545455,0.014545454545454545,0.014545454545454545,0.7109090909090909,1084,620,480,16
-0.0069129616022109985,0.5645454545454546,0.5645454545454546,0.9854545454545455,0.9854545454545455,0.014545454545454545,0.014545454545454545,0.7104545454545454,1084,621,479,16
-0.007315198890864849,0.5654545454545454,0.5654545454545454,0.9854545454545455,0.9854545454545455,0.014545454545454545,0.014545454545454545,0.71,1084,622,478,16
-0.007380071096122265,0.5663636363636364,0.5663636363636364,0.9854545454545455,0.9854545454545455,0.014545454545454545,0.014545454545454545,0.7095454545454546,1084,623,477,16
-0.008360711857676506,0.5672727272727273,0.5672727272727273,0.9854545454545455,0.9854545454545455,0.014545454545454545,0.014545454545454545,0.7090909090909091,1084,624,476,16
-0.008647051639854908,0.5681818181818182,0.5681818181818182,0.9854545454545455,0.9854545454545455,0.014545454545454545,0.014545454545454545,0.7086363636363636,1084,625,475,16
-0.008679591119289398,0.5690909090909091,0.5690909090909091,0.9854545454545455,0.9854545454545455,0.014545454545454545,0.014545454545454545,0.7081818181818181,1084,626,474,16
-0.00888105295598507,0.57,0.57,0.9854545454545455,0.9854545454545455,0.014545454545454545,0.014545454545454545,0.7077272727272728,1084,627,473,16
-0.00893541518598795,0.5709090909090909,0.5709090909090909,0.9854545454545455,0.9854545454545455,0.014545454545454545,0.014545454545454545,0.7072727272727273,1084,628,472,16
-0.00909017026424408,0.5718181818181818,0.5718181818181818,0.9854545454545455,0.9854545454545455,0.014545454545454545,0.014545454545454545,0.7068181818181818,1084,629,471,16
-0.009160622023046017,0.5727272727272728,0.5727272727272728,0.9854545454545455,0.9854545454545455,0.014545454545454545,0.014545454545454545,0.7063636363636364,1084,630,470,16
-0.009363585151731968,0.5736363636363636,0.5736363636363636,0.9854545454545455,0.9854545454545455,0.014545454545454545,0.014545454545454545,0.7059090909090909,1084,631,469,16
-0.010061737149953842,0.5745454545454546,0.5745454545454546,0.9854545454545455,0.9854545454545455,0.014545454545454545,0.014545454545454545,0.7054545454545454,1084,632,468,16
-0.010408986359834671,0.5754545454545454,0.5754545454545454,0.9854545454545455,0.9854545454545455,0.014545454545454545,0.014545454545454545,0.705,1084,633,467,16
-0.01157259102910757,0.5763636363636364,0.5763636363636364,0.9854545454545455,0.9854545454545455,0.014545454545454545,0.014545454545454545,0.7045454545454546,1084,634,466,16
-0.012306436896324158,0.5772727272727273,0.5772727272727273,0.9854545454545455,0.9854545454545455,0.014545454545454545,0.014545454545454545,0.7040909090909091,1084,635,465,16
-0.012443264946341515,0.5781818181818181,0.5781818181818181,0.9854545454545455,0.9854545454545455,0.014545454545454545,0.014545454545454545,0.7036363636363636,1084,636,464,16
-0.012539689429104328,0.5790909090909091,0.5790909090909091,0.9854545454545455,0.9854545454545455,0.014545454545454545,0.014545454545454545,0.7031818181818181,1084,637,463,16
-0.012643810361623764,0.58,0.58,0.9854545454545455,0.9854545454545455,0.014545454545454545,0.014545454545454545,0.7027272727272728,1084,638,462,16
-0.012844270095229149,0.5809090909090909,0.5809090909090909,0.9854545454545455,0.9854545454545455,0.014545454545454545,0.014545454545454545,0.7022727272727273,1084,639,461,16
-0.01299791969358921,0.5818181818181818,0.5818181818181818,0.9854545454545455,0.9854545454545455,0.014545454545454545,0.014545454545454545,0.7018181818181818,1084,640,460,16
-0.013425019569694996,0.5827272727272728,0.5827272727272728,0.9854545454545455,0.9854545454545455,0.014545454545454545,0.014545454545454545,0.7013636363636364,1084,641,459,16
-0.013786310330033302,0.5836363636363636,0.5836363636363636,0.9854545454545455,0.9854545454545455,0.014545454545454545,0.014545454545454545,0.7009090909090909,1084,642,458,16
-0.014833373948931694,0.5845454545454546,0.5845454545454546,0.9854545454545455,0.9854545454545455,0.014545454545454545,0.014545454545454545,0.7004545454545454,1084,643,457,16
-0.014939473010599613,0.5845454545454546,0.5845454545454546,0.9863636363636363,0.9863636363636363,0.013636363636363636,0.013636363636363636,0.7009090909090909,1085,643,457,15
-0.01514575257897377,0.5854545454545454,0.5854545454545454,0.9863636363636363,0.9863636363636363,0.013636363636363636,0.013636363636363636,0.7004545454545454,1085,644,456,15
-0.015601880848407745,0.5863636363636363,0.5863636363636363,0.9863636363636363,0.9863636363636363,0.013636363636363636,0.013636363636363636,0.7,1085,645,455,15
-0.016054855659604073,0.5872727272727273,0.5872727272727273,0.9863636363636363,0.9863636363636363,0.013636363636363636,0.013636363636363636,0.6995454545454546,1085,646,454,15
-0.016055339947342873,0.5881818181818181,0.5881818181818181,0.9863636363636363,0.9863636363636363,0.013636363636363636,0.013636363636363636,0.6990909090909091,1085,647,453,15
-0.0162607803940773,0.5890909090909091,0.5890909090909091,0.9863636363636363,0.9863636363636363,0.013636363636363636,0.013636363636363636,0.6986363636363636,1085,648,452,15
-0.016446098685264587,0.59,0.59,0.9863636363636363,0.9863636363636363,0.013636363636363636,0.013636363636363636,0.6981818181818182,1085,649,451,15
-0.016632745042443275,0.5909090909090909,0.5909090909090909,0.9863636363636363,0.9863636363636363,0.013636363636363636,0.013636363636363636,0.6977272727272728,1085,650,450,15
-0.01667807623744011,0.5918181818181818,0.5918181818181818,0.9863636363636363,0.9863636363636363,0.013636363636363636,0.013636363636363636,0.6972727272727273,1085,651,449,15
-0.017215950414538383,0.5927272727272728,0.5927272727272728,0.9863636363636363,0.9863636363636363,0.013636363636363636,0.013636363636363636,0.6968181818181818,1085,652,448,15
-0.017290497198700905,0.5936363636363636,0.5936363636363636,0.9863636363636363,0.9863636363636363,0.013636363636363636,0.013636363636363636,0.6963636363636364,1085,653,447,15
-0.01737723872065544,0.5945454545454546,0.5945454545454546,0.9863636363636363,0.9863636363636363,0.013636363636363636,0.013636363636363636,0.6959090909090909,1085,654,446,15
-0.017662158235907555,0.5945454545454546,0.5945454545454546,0.9872727272727273,0.9872727272727273,0.012727272727272728,0.012727272727272728,0.6963636363636364,1086,654,446,14
-0.018115200102329254,0.5954545454545455,0.5954545454545455,0.9872727272727273,0.9872727272727273,0.012727272727272728,0.012727272727272728,0.6959090909090909,1086,655,445,14
-0.018256941810250282,0.5963636363636363,0.5963636363636363,0.9872727272727273,0.9872727272727273,0.012727272727272728,0.012727272727272728,0.6954545454545454,1086,656,444,14
-0.018468700349330902,0.5972727272727273,0.5972727272727273,0.9872727272727273,0.9872727272727273,0.012727272727272728,0.012727272727272728,0.695,1086,657,443,14
-0.01852862723171711,0.5981818181818181,0.5981818181818181,0.9872727272727273,0.9872727272727273,0.012727272727272728,0.012727272727272728,0.6945454545454546,1086,658,442,14
-0.01938711106777191,0.5990909090909091,0.5990909090909091,0.9872727272727273,0.9872727272727273,0.012727272727272728,0.012727272727272728,0.6940909090909091,1086,659,441,14
-0.01967678591609001,0.6,0.6,0.9872727272727273,0.9872727272727273,0.012727272727272728,0.012727272727272728,0.6936363636363636,1086,660,440,14
-0.02043020725250244,0.600909090909091,0.600909090909091,0.9872727272727273,0.9872727272727273,0.012727272727272728,0.012727272727272728,0.6931818181818182,1086,661,439,14
-0.0204599741846323,0.6018181818181818,0.6018181818181818,0.9872727272727273,0.9872727272727273,0.012727272727272728,0.012727272727272728,0.6927272727272727,1086,662,438,14
-0.02059108391404152,0.6027272727272728,0.6027272727272728,0.9872727272727273,0.9872727272727273,0.012727272727272728,0.012727272727272728,0.6922727272727273,1086,663,437,14
-0.02063407376408577,0.6036363636363636,0.6036363636363636,0.9872727272727273,0.9872727272727273,0.012727272727272728,0.012727272727272728,0.6918181818181818,1086,664,436,14
-0.020990734919905663,0.6045454545454545,0.6045454545454545,0.9872727272727273,0.9872727272727273,0.012727272727272728,0.012727272727272728,0.6913636363636364,1086,665,435,14
-0.02151566371321678,0.6054545454545455,0.6054545454545455,0.9872727272727273,0.9872727272727273,0.012727272727272728,0.012727272727272728,0.6909090909090909,1086,666,434,14
-0.021547436714172363,0.6063636363636363,0.6063636363636363,0.9872727272727273,0.9872727272727273,0.012727272727272728,0.012727272727272728,0.6904545454545454,1086,667,433,14
-0.021555161103606224,0.6072727272727273,0.6072727272727273,0.9872727272727273,0.9872727272727273,0.012727272727272728,0.012727272727272728,0.69,1086,668,432,14
-0.021800179034471512,0.6081818181818182,0.6081818181818182,0.9872727272727273,0.9872727272727273,0.012727272727272728,0.012727272727272728,0.6895454545454546,1086,669,431,14
-0.02187470905482769,0.6090909090909091,0.6090909090909091,0.9872727272727273,0.9872727272727273,0.012727272727272728,0.012727272727272728,0.6890909090909091,1086,670,430,14
-0.02190501056611538,0.61,0.61,0.9872727272727273,0.9872727272727273,0.012727272727272728,0.012727272727272728,0.6886363636363636,1086,671,429,14
-0.022313861176371574,0.610909090909091,0.610909090909091,0.9872727272727273,0.9872727272727273,0.012727272727272728,0.012727272727272728,0.6881818181818182,1086,672,428,14
-0.022498279809951782,0.610909090909091,0.610909090909091,0.9881818181818182,0.9881818181818182,0.011818181818181818,0.011818181818181818,0.6886363636363636,1087,672,428,13
-0.022524895146489143,0.6118181818181818,0.6118181818181818,0.9881818181818182,0.9881818181818182,0.011818181818181818,0.011818181818181818,0.6881818181818182,1087,673,427,13
-0.0225625392049551,0.6127272727272727,0.6127272727272727,0.9881818181818182,0.9881818181818182,0.011818181818181818,0.011818181818181818,0.6877272727272727,1087,674,426,13
-0.02274372987449169,0.6136363636363636,0.6136363636363636,0.9881818181818182,0.9881818181818182,0.011818181818181818,0.011818181818181818,0.6872727272727273,1087,675,425,13
-0.023238984867930412,0.6145454545454545,0.6145454545454545,0.9881818181818182,0.9881818181818182,0.011818181818181818,0.011818181818181818,0.6868181818181818,1087,676,424,13
-0.023525668308138847,0.6154545454545455,0.6154545454545455,0.9881818181818182,0.9881818181818182,0.011818181818181818,0.011818181818181818,0.6863636363636364,1087,677,423,13
-0.023760054260492325,0.6163636363636363,0.6163636363636363,0.9881818181818182,0.9881818181818182,0.011818181818181818,0.011818181818181818,0.6859090909090909,1087,678,422,13
-0.023973826318979263,0.6172727272727273,0.6172727272727273,0.9881818181818182,0.9881818181818182,0.011818181818181818,0.011818181818181818,0.6854545454545454,1087,679,421,13
-0.02490609884262085,0.6181818181818182,0.6181818181818182,0.9881818181818182,0.9881818181818182,0.011818181818181818,0.011818181818181818,0.685,1087,680,420,13
-0.02511357143521309,0.6190909090909091,0.6190909090909091,0.9881818181818182,0.9881818181818182,0.011818181818181818,0.011818181818181818,0.6845454545454546,1087,681,419,13
-0.025793934240937233,0.62,0.62,0.9881818181818182,0.9881818181818182,0.011818181818181818,0.011818181818181818,0.6840909090909091,1087,682,418,13
-0.02606811933219433,0.6209090909090909,0.6209090909090909,0.9881818181818182,0.9881818181818182,0.011818181818181818,0.011818181818181818,0.6836363636363636,1087,683,417,13
-0.02659924328327179,0.6218181818181818,0.6218181818181818,0.9881818181818182,0.9881818181818182,0.011818181818181818,0.011818181818181818,0.6831818181818182,1087,684,416,13
-0.026833290234208107,0.6227272727272727,0.6227272727272727,0.9881818181818182,0.9881818181818182,0.011818181818181818,0.011818181818181818,0.6827272727272727,1087,685,415,13
-0.027116239070892334,0.6236363636363637,0.6236363636363637,0.9881818181818182,0.9881818181818182,0.011818181818181818,0.011818181818181818,0.6822727272727273,1087,686,414,13
-0.028502611443400383,0.6245454545454545,0.6245454545454545,0.9881818181818182,0.9881818181818182,0.011818181818181818,0.011818181818181818,0.6818181818181818,1087,687,413,13
-0.028579603880643845,0.6254545454545455,0.6254545454545455,0.9881818181818182,0.9881818181818182,0.011818181818181818,0.011818181818181818,0.6813636363636364,1087,688,412,13
-0.029456809163093567,0.6263636363636363,0.6263636363636363,0.9881818181818182,0.9881818181818182,0.011818181818181818,0.011818181818181818,0.6809090909090909,1087,689,411,13
-0.02949785627424717,0.6272727272727273,0.6272727272727273,0.9881818181818182,0.9881818181818182,0.011818181818181818,0.011818181818181818,0.6804545454545454,1087,690,410,13
-0.030020100995898247,0.6281818181818182,0.6281818181818182,0.9881818181818182,0.9881818181818182,0.011818181818181818,0.011818181818181818,0.68,1087,691,409,13
-0.030598895624279976,0.6290909090909091,0.6290909090909091,0.9881818181818182,0.9881818181818182,0.011818181818181818,0.011818181818181818,0.6795454545454546,1087,692,408,13
-0.030903613194823265,0.63,0.63,0.9881818181818182,0.9881818181818182,0.011818181818181818,0.011818181818181818,0.6790909090909091,1087,693,407,13
-0.031068285927176476,0.6309090909090909,0.6309090909090909,0.9881818181818182,0.9881818181818182,0.011818181818181818,0.011818181818181818,0.6786363636363636,1087,694,406,13
-0.031231792643666267,0.6318181818181818,0.6318181818181818,0.9881818181818182,0.9881818181818182,0.011818181818181818,0.011818181818181818,0.6781818181818182,1087,695,405,13
-0.03156045824289322,0.6327272727272727,0.6327272727272727,0.9881818181818182,0.9881818181818182,0.011818181818181818,0.011818181818181818,0.6777272727272727,1087,696,404,13
-0.031585693359375,0.6336363636363637,0.6336363636363637,0.9881818181818182,0.9881818181818182,0.011818181818181818,0.011818181818181818,0.6772727272727272,1087,697,403,13
-0.03241267800331116,0.6345454545454545,0.6345454545454545,0.9881818181818182,0.9881818181818182,0.011818181818181818,0.011818181818181818,0.6768181818181818,1087,698,402,13
-0.03272856026887894,0.6354545454545455,0.6354545454545455,0.9881818181818182,0.9881818181818182,0.011818181818181818,0.011818181818181818,0.6763636363636364,1087,699,401,13
-0.03276267647743225,0.6363636363636364,0.6363636363636364,0.9881818181818182,0.9881818181818182,0.011818181818181818,0.011818181818181818,0.6759090909090909,1087,700,400,13
-0.03306157514452934,0.6372727272727273,0.6372727272727273,0.9881818181818182,0.9881818181818182,0.011818181818181818,0.011818181818181818,0.6754545454545454,1087,701,399,13
-0.03308940678834915,0.6381818181818182,0.6381818181818182,0.9881818181818182,0.9881818181818182,0.011818181818181818,0.011818181818181818,0.675,1087,702,398,13
-0.033296748995780945,0.639090909090909,0.639090909090909,0.9881818181818182,0.9881818181818182,0.011818181818181818,0.011818181818181818,0.6745454545454546,1087,703,397,13
-0.03366803005337715,0.64,0.64,0.9881818181818182,0.9881818181818182,0.011818181818181818,0.011818181818181818,0.6740909090909091,1087,704,396,13
-0.03408712521195412,0.6409090909090909,0.6409090909090909,0.9881818181818182,0.9881818181818182,0.011818181818181818,0.011818181818181818,0.6736363636363636,1087,705,395,13
-0.03410308063030243,0.6418181818181818,0.6418181818181818,0.9881818181818182,0.9881818181818182,0.011818181818181818,0.011818181818181818,0.6731818181818182,1087,706,394,13
-0.034178655594587326,0.6427272727272727,0.6427272727272727,0.9881818181818182,0.9881818181818182,0.011818181818181818,0.011818181818181818,0.6727272727272727,1087,707,393,13
-0.03428763896226883,0.6436363636363637,0.6436363636363637,0.9881818181818182,0.9881818181818182,0.011818181818181818,0.011818181818181818,0.6722727272727272,1087,708,392,13
-0.03465167060494423,0.6445454545454545,0.6445454545454545,0.9881818181818182,0.9881818181818182,0.011818181818181818,0.011818181818181818,0.6718181818181819,1087,709,391,13
-0.03466242924332619,0.6454545454545455,0.6454545454545455,0.9881818181818182,0.9881818181818182,0.011818181818181818,0.011818181818181818,0.6713636363636364,1087,710,390,13
-0.03502654656767845,0.6463636363636364,0.6463636363636364,0.9881818181818182,0.9881818181818182,0.011818181818181818,0.011818181818181818,0.6709090909090909,1087,711,389,13
-0.03526293486356735,0.6463636363636364,0.6463636363636364,0.9890909090909091,0.9890909090909091,0.01090909090909091,0.01090909090909091,0.6713636363636364,1088,711,389,12
-0.035549063235521317,0.6472727272727272,0.6472727272727272,0.9890909090909091,0.9890909090909091,0.01090909090909091,0.01090909090909091,0.6709090909090909,1088,712,388,12
-0.03565502166748047,0.6481818181818182,0.6481818181818182,0.9890909090909091,0.9890909090909091,0.01090909090909091,0.01090909090909091,0.6704545454545454,1088,713,387,12
-0.035930197685956955,0.649090909090909,0.649090909090909,0.9890909090909091,0.9890909090909091,0.01090909090909091,0.01090909090909091,0.67,1088,714,386,12
-0.03608832508325577,0.65,0.65,0.9890909090909091,0.9890909090909091,0.01090909090909091,0.01090909090909091,0.6695454545454546,1088,715,385,12
-0.0368933230638504,0.6509090909090909,0.6509090909090909,0.9890909090909091,0.9890909090909091,0.01090909090909091,0.01090909090909091,0.6690909090909091,1088,716,384,12
-0.03724359720945358,0.6518181818181819,0.6518181818181819,0.9890909090909091,0.9890909090909091,0.01090909090909091,0.01090909090909091,0.6686363636363636,1088,717,383,12
-0.037368182092905045,0.6527272727272727,0.6527272727272727,0.9890909090909091,0.9890909090909091,0.01090909090909091,0.01090909090909091,0.6681818181818182,1088,718,382,12
-0.037558797746896744,0.6536363636363637,0.6536363636363637,0.9890909090909091,0.9890909090909091,0.01090909090909091,0.01090909090909091,0.6677272727272727,1088,719,381,12
-0.03794358670711517,0.6545454545454545,0.6545454545454545,0.9890909090909091,0.9890909090909091,0.01090909090909091,0.01090909090909091,0.6672727272727272,1088,720,380,12
-0.038819119334220886,0.6554545454545454,0.6554545454545454,0.9890909090909091,0.9890909090909091,0.01090909090909091,0.01090909090909091,0.6668181818181819,1088,721,379,12
-0.03908483684062958,0.6563636363636364,0.6563636363636364,0.9890909090909091,0.9890909090909091,0.01090909090909091,0.01090909090909091,0.6663636363636364,1088,722,378,12
-0.03936140239238739,0.6572727272727272,0.6572727272727272,0.9890909090909091,0.9890909090909091,0.01090909090909091,0.01090909090909091,0.6659090909090909,1088,723,377,12
-0.03952059894800186,0.6581818181818182,0.6581818181818182,0.9890909090909091,0.9890909090909091,0.01090909090909091,0.01090909090909091,0.6654545454545454,1088,724,376,12
-0.040185198187828064,0.6590909090909091,0.6590909090909091,0.9890909090909091,0.9890909090909091,0.01090909090909091,0.01090909090909091,0.665,1088,725,375,12
-0.0407145731151104,0.66,0.66,0.9890909090909091,0.9890909090909091,0.01090909090909091,0.01090909090909091,0.6645454545454546,1088,726,374,12
-0.04087876155972481,0.6609090909090909,0.6609090909090909,0.9890909090909091,0.9890909090909091,0.01090909090909091,0.01090909090909091,0.6640909090909091,1088,727,373,12
-0.040905021131038666,0.6618181818181819,0.6618181818181819,0.9890909090909091,0.9890909090909091,0.01090909090909091,0.01090909090909091,0.6636363636363637,1088,728,372,12
-0.04096665978431702,0.6627272727272727,0.6627272727272727,0.9890909090909091,0.9890909090909091,0.01090909090909091,0.01090909090909091,0.6631818181818182,1088,729,371,12
-0.04107869043946266,0.6636363636363637,0.6636363636363637,0.9890909090909091,0.9890909090909091,0.01090909090909091,0.01090909090909091,0.6627272727272727,1088,730,370,12
-0.041194453835487366,0.6645454545454546,0.6645454545454546,0.9890909090909091,0.9890909090909091,0.01090909090909091,0.01090909090909091,0.6622727272727272,1088,731,369,12
-0.04163205996155739,0.6654545454545454,0.6654545454545454,0.9890909090909091,0.9890909090909091,0.01090909090909091,0.01090909090909091,0.6618181818181819,1088,732,368,12
-0.04226381704211235,0.6663636363636364,0.6663636363636364,0.9890909090909091,0.9890909090909091,0.01090909090909091,0.01090909090909091,0.6613636363636364,1088,733,367,12
-0.042848218232393265,0.6672727272727272,0.6672727272727272,0.9890909090909091,0.9890909090909091,0.01090909090909091,0.01090909090909091,0.6609090909090909,1088,734,366,12
-0.043286219239234924,0.6681818181818182,0.6681818181818182,0.9890909090909091,0.9890909090909091,0.01090909090909091,0.01090909090909091,0.6604545454545454,1088,735,365,12
-0.04425276443362236,0.6690909090909091,0.6690909090909091,0.9890909090909091,0.9890909090909091,0.01090909090909091,0.01090909090909091,0.66,1088,736,364,12
-0.04428853839635849,0.67,0.67,0.9890909090909091,0.9890909090909091,0.01090909090909091,0.01090909090909091,0.6595454545454545,1088,737,363,12
-0.04434534162282944,0.6709090909090909,0.6709090909090909,0.9890909090909091,0.9890909090909091,0.01090909090909091,0.01090909090909091,0.6590909090909091,1088,738,362,12
-0.04449215531349182,0.6718181818181819,0.6718181818181819,0.9890909090909091,0.9890909090909091,0.01090909090909091,0.01090909090909091,0.6586363636363637,1088,739,361,12
-0.04466043412685394,0.6727272727272727,0.6727272727272727,0.9890909090909091,0.9890909090909091,0.01090909090909091,0.01090909090909091,0.6581818181818182,1088,740,360,12
-0.0448857918381691,0.6736363636363636,0.6736363636363636,0.9890909090909091,0.9890909090909091,0.01090909090909091,0.01090909090909091,0.6577272727272727,1088,741,359,12
-0.04522114247083664,0.6745454545454546,0.6745454545454546,0.9890909090909091,0.9890909090909091,0.01090909090909091,0.01090909090909091,0.6572727272727272,1088,742,358,12
-0.04533457010984421,0.6754545454545454,0.6754545454545454,0.9890909090909091,0.9890909090909091,0.01090909090909091,0.01090909090909091,0.6568181818181819,1088,743,357,12
-0.04588543251156807,0.6763636363636364,0.6763636363636364,0.9890909090909091,0.9890909090909091,0.01090909090909091,0.01090909090909091,0.6563636363636364,1088,744,356,12
-0.046123042702674866,0.6772727272727272,0.6772727272727272,0.9890909090909091,0.9890909090909091,0.01090909090909091,0.01090909090909091,0.6559090909090909,1088,745,355,12
-0.04627533257007599,0.6781818181818182,0.6781818181818182,0.9890909090909091,0.9890909090909091,0.01090909090909091,0.01090909090909091,0.6554545454545454,1088,746,354,12
-0.04652203992009163,0.6790909090909091,0.6790909090909091,0.9890909090909091,0.9890909090909091,0.01090909090909091,0.01090909090909091,0.655,1088,747,353,12
-0.04665811359882355,0.68,0.68,0.9890909090909091,0.9890909090909091,0.01090909090909091,0.01090909090909091,0.6545454545454545,1088,748,352,12
-0.046752624213695526,0.6809090909090909,0.6809090909090909,0.9890909090909091,0.9890909090909091,0.01090909090909091,0.01090909090909091,0.6540909090909091,1088,749,351,12
-0.04689212888479233,0.6818181818181818,0.6818181818181818,0.9890909090909091,0.9890909090909091,0.01090909090909091,0.01090909090909091,0.6536363636363637,1088,750,350,12
-0.04746340960264206,0.6818181818181818,0.6818181818181818,0.99,0.99,0.01,0.01,0.6540909090909091,1089,750,350,11
-0.047857463359832764,0.6827272727272727,0.6827272727272727,0.99,0.99,0.01,0.01,0.6536363636363637,1089,751,349,11
-0.04801250621676445,0.6836363636363636,0.6836363636363636,0.99,0.99,0.01,0.01,0.6531818181818182,1089,752,348,11
-0.04860671982169151,0.6845454545454546,0.6845454545454546,0.99,0.99,0.01,0.01,0.6527272727272727,1089,753,347,11
-0.04913850873708725,0.6854545454545454,0.6854545454545454,0.99,0.99,0.01,0.01,0.6522727272727272,1089,754,346,11
-0.050712328404188156,0.6863636363636364,0.6863636363636364,0.99,0.99,0.01,0.01,0.6518181818181819,1089,755,345,11
-0.050874099135398865,0.6872727272727273,0.6872727272727273,0.99,0.99,0.01,0.01,0.6513636363636364,1089,756,344,11
-0.05089643970131874,0.6881818181818182,0.6881818181818182,0.99,0.99,0.01,0.01,0.6509090909090909,1089,757,343,11
-0.05132158100605011,0.6890909090909091,0.6890909090909091,0.99,0.99,0.01,0.01,0.6504545454545455,1089,758,342,11
-0.051349490880966187,0.69,0.69,0.99,0.99,0.01,0.01,0.65,1089,759,341,11
-0.05140417441725731,0.6909090909090909,0.6909090909090909,0.99,0.99,0.01,0.01,0.6495454545454545,1089,760,340,11
-0.05198162794113159,0.6918181818181818,0.6918181818181818,0.99,0.99,0.01,0.01,0.649090909090909,1089,761,339,11
-0.05300379917025566,0.6927272727272727,0.6927272727272727,0.99,0.99,0.01,0.01,0.6486363636363637,1089,762,338,11
-0.053023435175418854,0.6936363636363636,0.6936363636363636,0.99,0.99,0.01,0.01,0.6481818181818182,1089,763,337,11
-0.05350705236196518,0.6945454545454546,0.6945454545454546,0.99,0.99,0.01,0.01,0.6477272727272727,1089,764,336,11
-0.054231055080890656,0.6954545454545454,0.6954545454545454,0.99,0.99,0.01,0.01,0.6472727272727272,1089,765,335,11
-0.054716840386390686,0.6963636363636364,0.6963636363636364,0.99,0.99,0.01,0.01,0.6468181818181818,1089,766,334,11
-0.055658839643001556,0.6972727272727273,0.6972727272727273,0.99,0.99,0.01,0.01,0.6463636363636364,1089,767,333,11
-0.05582064390182495,0.6981818181818182,0.6981818181818182,0.99,0.99,0.01,0.01,0.6459090909090909,1089,768,332,11
-0.05629301071166992,0.6990909090909091,0.6990909090909091,0.99,0.99,0.01,0.01,0.6454545454545455,1089,769,331,11
-0.05673724785447121,0.7,0.7,0.99,0.99,0.01,0.01,0.645,1089,770,330,11
-0.05722794309258461,0.7009090909090909,0.7009090909090909,0.99,0.99,0.01,0.01,0.6445454545454545,1089,771,329,11
-0.05723336711525917,0.7018181818181818,0.7018181818181818,0.99,0.99,0.01,0.01,0.644090909090909,1089,772,328,11
-0.057618025690317154,0.7027272727272728,0.7027272727272728,0.99,0.99,0.01,0.01,0.6436363636363637,1089,773,327,11
-0.057960812002420425,0.7036363636363636,0.7036363636363636,0.99,0.99,0.01,0.01,0.6431818181818182,1089,774,326,11
-0.05838608741760254,0.7045454545454546,0.7045454545454546,0.99,0.99,0.01,0.01,0.6427272727272727,1089,775,325,11
-0.05844084918498993,0.7054545454545454,0.7054545454545454,0.99,0.99,0.01,0.01,0.6422727272727272,1089,776,324,11
-0.05849967896938324,0.7063636363636364,0.7063636363636364,0.99,0.99,0.01,0.01,0.6418181818181818,1089,777,323,11
-0.05910971015691757,0.7072727272727273,0.7072727272727273,0.99,0.99,0.01,0.01,0.6413636363636364,1089,778,322,11
-0.05985433608293533,0.7081818181818181,0.7081818181818181,0.99,0.99,0.01,0.01,0.6409090909090909,1089,779,321,11
-0.060448016971349716,0.7090909090909091,0.7090909090909091,0.99,0.99,0.01,0.01,0.6404545454545455,1089,780,320,11
-0.06077805534005165,0.71,0.71,0.99,0.99,0.01,0.01,0.64,1089,781,319,11
-0.061378300189971924,0.7109090909090909,0.7109090909090909,0.99,0.99,0.01,0.01,0.6395454545454545,1089,782,318,11
-0.06176657974720001,0.7118181818181818,0.7118181818181818,0.99,0.99,0.01,0.01,0.639090909090909,1089,783,317,11
-0.062358856201171875,0.7127272727272728,0.7127272727272728,0.99,0.99,0.01,0.01,0.6386363636363637,1089,784,316,11
-0.0627501830458641,0.7136363636363636,0.7136363636363636,0.99,0.99,0.01,0.01,0.6381818181818182,1089,785,315,11
-0.06288238614797592,0.7145454545454546,0.7145454545454546,0.99,0.99,0.01,0.01,0.6377272727272727,1089,786,314,11
-0.06311190873384476,0.7154545454545455,0.7154545454545455,0.99,0.99,0.01,0.01,0.6372727272727273,1089,787,313,11
-0.0633603036403656,0.7163636363636363,0.7163636363636363,0.99,0.99,0.01,0.01,0.6368181818181818,1089,788,312,11
-0.06381599605083466,0.7172727272727273,0.7172727272727273,0.99,0.99,0.01,0.01,0.6363636363636364,1089,789,311,11
-0.06389933824539185,0.7181818181818181,0.7181818181818181,0.99,0.99,0.01,0.01,0.6359090909090909,1089,790,310,11
-0.06431790441274643,0.7190909090909091,0.7190909090909091,0.99,0.99,0.01,0.01,0.6354545454545455,1089,791,309,11
-0.0643358901143074,0.72,0.72,0.99,0.99,0.01,0.01,0.635,1089,792,308,11
-0.06512229144573212,0.7209090909090909,0.7209090909090909,0.99,0.99,0.01,0.01,0.6345454545454545,1089,793,307,11
-0.06613890081644058,0.7218181818181818,0.7218181818181818,0.99,0.99,0.01,0.01,0.634090909090909,1089,794,306,11
-0.06615626811981201,0.7227272727272728,0.7227272727272728,0.99,0.99,0.01,0.01,0.6336363636363637,1089,795,305,11
-0.0667746439576149,0.7236363636363636,0.7236363636363636,0.99,0.99,0.01,0.01,0.6331818181818182,1089,796,304,11
-0.06703800708055496,0.7245454545454545,0.7245454545454545,0.99,0.99,0.01,0.01,0.6327272727272727,1089,797,303,11
-0.06786201894283295,0.7254545454545455,0.7254545454545455,0.99,0.99,0.01,0.01,0.6322727272727273,1089,798,302,11
-0.06819517910480499,0.7263636363636363,0.7263636363636363,0.99,0.99,0.01,0.01,0.6318181818181818,1089,799,301,11
-0.06834603101015091,0.7272727272727273,0.7272727272727273,0.99,0.99,0.01,0.01,0.6313636363636363,1089,800,300,11
-0.0683559849858284,0.7281818181818182,0.7281818181818182,0.99,0.99,0.01,0.01,0.6309090909090909,1089,801,299,11
-0.06947791576385498,0.7290909090909091,0.7290909090909091,0.99,0.99,0.01,0.01,0.6304545454545455,1089,802,298,11
-0.06964626163244247,0.73,0.73,0.99,0.99,0.01,0.01,0.63,1089,803,297,11
-0.06995839625597,0.730909090909091,0.730909090909091,0.99,0.99,0.01,0.01,0.6295454545454545,1089,804,296,11
-0.07039099186658859,0.7318181818181818,0.7318181818181818,0.99,0.99,0.01,0.01,0.6290909090909091,1089,805,295,11
-0.07084479182958603,0.7327272727272728,0.7327272727272728,0.99,0.99,0.01,0.01,0.6286363636363637,1089,806,294,11
-0.07141145318746567,0.7336363636363636,0.7336363636363636,0.99,0.99,0.01,0.01,0.6281818181818182,1089,807,293,11
-0.071657694876194,0.7345454545454545,0.7345454545454545,0.99,0.99,0.01,0.01,0.6277272727272727,1089,808,292,11
-0.072042316198349,0.7354545454545455,0.7354545454545455,0.99,0.99,0.01,0.01,0.6272727272727273,1089,809,291,11
-0.0722448006272316,0.7363636363636363,0.7363636363636363,0.99,0.99,0.01,0.01,0.6268181818181818,1089,810,290,11
-0.07472115755081177,0.7372727272727273,0.7372727272727273,0.99,0.99,0.01,0.01,0.6263636363636363,1089,811,289,11
-0.07544125616550446,0.7381818181818182,0.7381818181818182,0.99,0.99,0.01,0.01,0.6259090909090909,1089,812,288,11
-0.07615490257740021,0.7390909090909091,0.7390909090909091,0.99,0.99,0.01,0.01,0.6254545454545455,1089,813,287,11
-0.07755264639854431,0.74,0.74,0.99,0.99,0.01,0.01,0.625,1089,814,286,11
-0.07757499814033508,0.740909090909091,0.740909090909091,0.99,0.99,0.01,0.01,0.6245454545454545,1089,815,285,11
-0.07830911129713058,0.7418181818181818,0.7418181818181818,0.99,0.99,0.01,0.01,0.6240909090909091,1089,816,284,11
-0.07926034182310104,0.7427272727272727,0.7427272727272727,0.99,0.99,0.01,0.01,0.6236363636363637,1089,817,283,11
-0.07961539924144745,0.7436363636363637,0.7436363636363637,0.99,0.99,0.01,0.01,0.6231818181818182,1089,818,282,11
-0.08009063452482224,0.7445454545454545,0.7445454545454545,0.99,0.99,0.01,0.01,0.6227272727272727,1089,819,281,11
-0.08021630346775055,0.7454545454545455,0.7454545454545455,0.99,0.99,0.01,0.01,0.6222727272727273,1089,820,280,11
-0.08083487302064896,0.7463636363636363,0.7463636363636363,0.99,0.99,0.01,0.01,0.6218181818181818,1089,821,279,11
-0.08098770678043365,0.7472727272727273,0.7472727272727273,0.99,0.99,0.01,0.01,0.6213636363636363,1089,822,278,11
-0.08177586644887924,0.7481818181818182,0.7481818181818182,0.99,0.99,0.01,0.01,0.6209090909090909,1089,823,277,11
-0.08189920336008072,0.7490909090909091,0.7490909090909091,0.99,0.99,0.01,0.01,0.6204545454545455,1089,824,276,11
-0.08221656829118729,0.75,0.75,0.99,0.99,0.01,0.01,0.62,1089,825,275,11
-0.08231394737958908,0.7509090909090909,0.7509090909090909,0.99,0.99,0.01,0.01,0.6195454545454545,1089,826,274,11
-0.08337204903364182,0.7518181818181818,0.7518181818181818,0.99,0.99,0.01,0.01,0.6190909090909091,1089,827,273,11
-0.08347529172897339,0.7527272727272727,0.7527272727272727,0.99,0.99,0.01,0.01,0.6186363636363637,1089,828,272,11
-0.08357475697994232,0.7536363636363637,0.7536363636363637,0.99,0.99,0.01,0.01,0.6181818181818182,1089,829,271,11
-0.08389554172754288,0.7545454545454545,0.7545454545454545,0.99,0.99,0.01,0.01,0.6177272727272727,1089,830,270,11
-0.08446857333183289,0.7554545454545455,0.7554545454545455,0.99,0.99,0.01,0.01,0.6172727272727273,1089,831,269,11
-0.0847170501947403,0.7563636363636363,0.7563636363636363,0.99,0.99,0.01,0.01,0.6168181818181818,1089,832,268,11
-0.0853082612156868,0.7572727272727273,0.7572727272727273,0.99,0.99,0.01,0.01,0.6163636363636363,1089,833,267,11
-0.08540739864110947,0.7581818181818182,0.7581818181818182,0.99,0.99,0.01,0.01,0.615909090909091,1089,834,266,11
-0.08624321967363358,0.759090909090909,0.759090909090909,0.99,0.99,0.01,0.01,0.6154545454545455,1089,835,265,11
-0.08633909374475479,0.76,0.76,0.99,0.99,0.01,0.01,0.615,1089,836,264,11
-0.08746606856584549,0.7609090909090909,0.7609090909090909,0.99,0.99,0.01,0.01,0.6145454545454545,1089,837,263,11
-0.08768012374639511,0.7618181818181818,0.7618181818181818,0.99,0.99,0.01,0.01,0.6140909090909091,1089,838,262,11
-0.08771484345197678,0.7627272727272727,0.7627272727272727,0.99,0.99,0.01,0.01,0.6136363636363636,1089,839,261,11
-0.08889515697956085,0.7636363636363637,0.7636363636363637,0.99,0.99,0.01,0.01,0.6131818181818182,1089,840,260,11
-0.08907465636730194,0.7645454545454545,0.7645454545454545,0.99,0.99,0.01,0.01,0.6127272727272727,1089,841,259,11
-0.08911645412445068,0.7654545454545455,0.7654545454545455,0.99,0.99,0.01,0.01,0.6122727272727273,1089,842,258,11
-0.08915892243385315,0.7654545454545455,0.7654545454545455,0.990909090909091,0.990909090909091,0.00909090909090909,0.00909090909090909,0.6127272727272727,1090,842,258,10
-0.08929857611656189,0.7663636363636364,0.7663636363636364,0.990909090909091,0.990909090909091,0.00909090909090909,0.00909090909090909,0.6122727272727273,1090,843,257,10
-0.09028001129627228,0.7672727272727272,0.7672727272727272,0.990909090909091,0.990909090909091,0.00909090909090909,0.00909090909090909,0.6118181818181818,1090,844,256,10
-0.09043554961681366,0.7681818181818182,0.7681818181818182,0.990909090909091,0.990909090909091,0.00909090909090909,0.00909090909090909,0.6113636363636363,1090,845,255,10
-0.09179958701133728,0.769090909090909,0.769090909090909,0.990909090909091,0.990909090909091,0.00909090909090909,0.00909090909090909,0.610909090909091,1090,846,254,10
-0.09215916693210602,0.77,0.77,0.990909090909091,0.990909090909091,0.00909090909090909,0.00909090909090909,0.6104545454545455,1090,847,253,10
-0.09259074181318283,0.7709090909090909,0.7709090909090909,0.990909090909091,0.990909090909091,0.00909090909090909,0.00909090909090909,0.61,1090,848,252,10
-0.09265092015266418,0.7718181818181818,0.7718181818181818,0.990909090909091,0.990909090909091,0.00909090909090909,0.00909090909090909,0.6095454545454545,1090,849,251,10
-0.09324286133050919,0.7727272727272727,0.7727272727272727,0.990909090909091,0.990909090909091,0.00909090909090909,0.00909090909090909,0.6090909090909091,1090,850,250,10
-0.09332885593175888,0.7736363636363637,0.7736363636363637,0.990909090909091,0.990909090909091,0.00909090909090909,0.00909090909090909,0.6086363636363636,1090,851,249,10
-0.09345938265323639,0.7745454545454545,0.7745454545454545,0.990909090909091,0.990909090909091,0.00909090909090909,0.00909090909090909,0.6081818181818182,1090,852,248,10
-0.09363598376512527,0.7754545454545455,0.7754545454545455,0.990909090909091,0.990909090909091,0.00909090909090909,0.00909090909090909,0.6077272727272728,1090,853,247,10
-0.09396272897720337,0.7763636363636364,0.7763636363636364,0.990909090909091,0.990909090909091,0.00909090909090909,0.00909090909090909,0.6072727272727273,1090,854,246,10
-0.0940193310379982,0.7772727272727272,0.7772727272727272,0.990909090909091,0.990909090909091,0.00909090909090909,0.00909090909090909,0.6068181818181818,1090,855,245,10
-0.0940336361527443,0.7781818181818182,0.7781818181818182,0.990909090909091,0.990909090909091,0.00909090909090909,0.00909090909090909,0.6063636363636363,1090,856,244,10
-0.09403812885284424,0.7790909090909091,0.7790909090909091,0.990909090909091,0.990909090909091,0.00909090909090909,0.00909090909090909,0.605909090909091,1090,857,243,10
-0.09422976523637772,0.78,0.78,0.990909090909091,0.990909090909091,0.00909090909090909,0.00909090909090909,0.6054545454545455,1090,858,242,10
-0.09531842172145844,0.7809090909090909,0.7809090909090909,0.990909090909091,0.990909090909091,0.00909090909090909,0.00909090909090909,0.605,1090,859,241,10
-0.09554044902324677,0.7818181818181819,0.7818181818181819,0.990909090909091,0.990909090909091,0.00909090909090909,0.00909090909090909,0.6045454545454545,1090,860,240,10
-0.09610896557569504,0.7827272727272727,0.7827272727272727,0.990909090909091,0.990909090909091,0.00909090909090909,0.00909090909090909,0.6040909090909091,1090,861,239,10
-0.09611301124095917,0.7836363636363637,0.7836363636363637,0.990909090909091,0.990909090909091,0.00909090909090909,0.00909090909090909,0.6036363636363636,1090,862,238,10
-0.0964645966887474,0.7845454545454545,0.7845454545454545,0.990909090909091,0.990909090909091,0.00909090909090909,0.00909090909090909,0.6031818181818182,1090,863,237,10
-0.09745928645133972,0.7854545454545454,0.7854545454545454,0.990909090909091,0.990909090909091,0.00909090909090909,0.00909090909090909,0.6027272727272728,1090,864,236,10
-0.09832337498664856,0.7863636363636364,0.7863636363636364,0.990909090909091,0.990909090909091,0.00909090909090909,0.00909090909090909,0.6022727272727273,1090,865,235,10
-0.09886794537305832,0.7872727272727272,0.7872727272727272,0.990909090909091,0.990909090909091,0.00909090909090909,0.00909090909090909,0.6018181818181818,1090,866,234,10
-0.09887219220399857,0.7881818181818182,0.7881818181818182,0.990909090909091,0.990909090909091,0.00909090909090909,0.00909090909090909,0.6013636363636363,1090,867,233,10
-0.09901050478219986,0.7890909090909091,0.7890909090909091,0.990909090909091,0.990909090909091,0.00909090909090909,0.00909090909090909,0.600909090909091,1090,868,232,10
-0.09953991323709488,0.79,0.79,0.990909090909091,0.990909090909091,0.00909090909090909,0.00909090909090909,0.6004545454545455,1090,869,231,10
-0.10084093362092972,0.7909090909090909,0.7909090909090909,0.990909090909091,0.990909090909091,0.00909090909090909,0.00909090909090909,0.6,1090,870,230,10
-0.1011234000325203,0.7918181818181819,0.7918181818181819,0.990909090909091,0.990909090909091,0.00909090909090909,0.00909090909090909,0.5995454545454545,1090,871,229,10
-0.10193924605846405,0.7927272727272727,0.7927272727272727,0.990909090909091,0.990909090909091,0.00909090909090909,0.00909090909090909,0.5990909090909091,1090,872,228,10
-0.10220938175916672,0.7936363636363636,0.7936363636363636,0.990909090909091,0.990909090909091,0.00909090909090909,0.00909090909090909,0.5986363636363636,1090,873,227,10
-0.10344325006008148,0.7945454545454546,0.7945454545454546,0.990909090909091,0.990909090909091,0.00909090909090909,0.00909090909090909,0.5981818181818181,1090,874,226,10
-0.10344675183296204,0.7954545454545454,0.7954545454545454,0.990909090909091,0.990909090909091,0.00909090909090909,0.00909090909090909,0.5977272727272728,1090,875,225,10
-0.10389865934848785,0.7963636363636364,0.7963636363636364,0.990909090909091,0.990909090909091,0.00909090909090909,0.00909090909090909,0.5972727272727273,1090,876,224,10
-0.10401825606822968,0.7972727272727272,0.7972727272727272,0.990909090909091,0.990909090909091,0.00909090909090909,0.00909090909090909,0.5968181818181818,1090,877,223,10
-0.10418299585580826,0.7981818181818182,0.7981818181818182,0.990909090909091,0.990909090909091,0.00909090909090909,0.00909090909090909,0.5963636363636363,1090,878,222,10
-0.10452757775783539,0.7990909090909091,0.7990909090909091,0.990909090909091,0.990909090909091,0.00909090909090909,0.00909090909090909,0.5959090909090909,1090,879,221,10
-0.10516535490751266,0.8,0.8,0.990909090909091,0.990909090909091,0.00909090909090909,0.00909090909090909,0.5954545454545455,1090,880,220,10
-0.1056218147277832,0.8009090909090909,0.8009090909090909,0.990909090909091,0.990909090909091,0.00909090909090909,0.00909090909090909,0.595,1090,881,219,10
-0.10590246319770813,0.8018181818181818,0.8018181818181818,0.990909090909091,0.990909090909091,0.00909090909090909,0.00909090909090909,0.5945454545454546,1090,882,218,10
-0.10646895319223404,0.8027272727272727,0.8027272727272727,0.990909090909091,0.990909090909091,0.00909090909090909,0.00909090909090909,0.5940909090909091,1090,883,217,10
-0.10709761083126068,0.8036363636363636,0.8036363636363636,0.990909090909091,0.990909090909091,0.00909090909090909,0.00909090909090909,0.5936363636363636,1090,884,216,10
-0.10796989500522614,0.8045454545454546,0.8045454545454546,0.990909090909091,0.990909090909091,0.00909090909090909,0.00909090909090909,0.5931818181818181,1090,885,215,10
-0.10810694098472595,0.8054545454545454,0.8054545454545454,0.990909090909091,0.990909090909091,0.00909090909090909,0.00909090909090909,0.5927272727272728,1090,886,214,10
-0.10970977693796158,0.8063636363636364,0.8063636363636364,0.990909090909091,0.990909090909091,0.00909090909090909,0.00909090909090909,0.5922727272727273,1090,887,213,10
-0.11148475855588913,0.8072727272727273,0.8072727272727273,0.990909090909091,0.990909090909091,0.00909090909090909,0.00909090909090909,0.5918181818181818,1090,888,212,10
-0.11148645728826523,0.8081818181818182,0.8081818181818182,0.990909090909091,0.990909090909091,0.00909090909090909,0.00909090909090909,0.5913636363636363,1090,889,211,10
-0.11156138777732849,0.8090909090909091,0.8090909090909091,0.990909090909091,0.990909090909091,0.00909090909090909,0.00909090909090909,0.5909090909090909,1090,890,210,10
-0.11172310262918472,0.81,0.81,0.990909090909091,0.990909090909091,0.00909090909090909,0.00909090909090909,0.5904545454545455,1090,891,209,10
-0.11213111877441406,0.8109090909090909,0.8109090909090909,0.990909090909091,0.990909090909091,0.00909090909090909,0.00909090909090909,0.59,1090,892,208,10
-0.11217665672302246,0.8118181818181818,0.8118181818181818,0.990909090909091,0.990909090909091,0.00909090909090909,0.00909090909090909,0.5895454545454546,1090,893,207,10
-0.11400050669908524,0.8127272727272727,0.8127272727272727,0.990909090909091,0.990909090909091,0.00909090909090909,0.00909090909090909,0.5890909090909091,1090,894,206,10
-0.11412766575813293,0.8136363636363636,0.8136363636363636,0.990909090909091,0.990909090909091,0.00909090909090909,0.00909090909090909,0.5886363636363636,1090,895,205,10
-0.11491180956363678,0.8145454545454546,0.8145454545454546,0.990909090909091,0.990909090909091,0.00909090909090909,0.00909090909090909,0.5881818181818181,1090,896,204,10
-0.11528882384300232,0.8154545454545454,0.8154545454545454,0.990909090909091,0.990909090909091,0.00909090909090909,0.00909090909090909,0.5877272727272728,1090,897,203,10
-0.11578421294689178,0.8163636363636364,0.8163636363636364,0.990909090909091,0.990909090909091,0.00909090909090909,0.00909090909090909,0.5872727272727273,1090,898,202,10
-0.11599186807870865,0.8172727272727273,0.8172727272727273,0.990909090909091,0.990909090909091,0.00909090909090909,0.00909090909090909,0.5868181818181818,1090,899,201,10
-0.11607059091329575,0.8181818181818182,0.8181818181818182,0.990909090909091,0.990909090909091,0.00909090909090909,0.00909090909090909,0.5863636363636363,1090,900,200,10
-0.11661151051521301,0.8190909090909091,0.8190909090909091,0.990909090909091,0.990909090909091,0.00909090909090909,0.00909090909090909,0.5859090909090909,1090,901,199,10
-0.11716693639755249,0.82,0.82,0.990909090909091,0.990909090909091,0.00909090909090909,0.00909090909090909,0.5854545454545454,1090,902,198,10
-0.11773681640625,0.8209090909090909,0.8209090909090909,0.990909090909091,0.990909090909091,0.00909090909090909,0.00909090909090909,0.585,1090,903,197,10
-0.11893294751644135,0.8218181818181818,0.8218181818181818,0.990909090909091,0.990909090909091,0.00909090909090909,0.00909090909090909,0.5845454545454546,1090,904,196,10
-0.11893394589424133,0.8227272727272728,0.8227272727272728,0.990909090909091,0.990909090909091,0.00909090909090909,0.00909090909090909,0.5840909090909091,1090,905,195,10
-0.11928137391805649,0.8236363636363636,0.8236363636363636,0.990909090909091,0.990909090909091,0.00909090909090909,0.00909090909090909,0.5836363636363636,1090,906,194,10
-0.11952756345272064,0.8245454545454546,0.8245454545454546,0.990909090909091,0.990909090909091,0.00909090909090909,0.00909090909090909,0.5831818181818181,1090,907,193,10
-0.12021986395120621,0.8254545454545454,0.8254545454545454,0.990909090909091,0.990909090909091,0.00909090909090909,0.00909090909090909,0.5827272727272728,1090,908,192,10
-0.12027217447757721,0.8263636363636364,0.8263636363636364,0.990909090909091,0.990909090909091,0.00909090909090909,0.00909090909090909,0.5822727272727273,1090,909,191,10
-0.1204441636800766,0.8263636363636364,0.8263636363636364,0.9918181818181818,0.9918181818181818,0.008181818181818182,0.008181818181818182,0.5827272727272728,1091,909,191,9
-0.12063848227262497,0.8272727272727273,0.8272727272727273,0.9918181818181818,0.9918181818181818,0.008181818181818182,0.008181818181818182,0.5822727272727273,1091,910,190,9
-0.12083819508552551,0.8281818181818181,0.8281818181818181,0.9918181818181818,0.9918181818181818,0.008181818181818182,0.008181818181818182,0.5818181818181818,1091,911,189,9
-0.12179689109325409,0.8290909090909091,0.8290909090909091,0.9918181818181818,0.9918181818181818,0.008181818181818182,0.008181818181818182,0.5813636363636364,1091,912,188,9
-0.12216272205114365,0.83,0.83,0.9918181818181818,0.9918181818181818,0.008181818181818182,0.008181818181818182,0.5809090909090909,1091,913,187,9
-0.1235736608505249,0.8309090909090909,0.8309090909090909,0.9918181818181818,0.9918181818181818,0.008181818181818182,0.008181818181818182,0.5804545454545454,1091,914,186,9
-0.12410018593072891,0.8318181818181818,0.8318181818181818,0.9918181818181818,0.9918181818181818,0.008181818181818182,0.008181818181818182,0.58,1091,915,185,9
-0.12417349219322205,0.8327272727272728,0.8327272727272728,0.9918181818181818,0.9918181818181818,0.008181818181818182,0.008181818181818182,0.5795454545454546,1091,916,184,9
-0.12492753565311432,0.8336363636363636,0.8336363636363636,0.9918181818181818,0.9918181818181818,0.008181818181818182,0.008181818181818182,0.5790909090909091,1091,917,183,9
-0.1257898211479187,0.8345454545454546,0.8345454545454546,0.9918181818181818,0.9918181818181818,0.008181818181818182,0.008181818181818182,0.5786363636363636,1091,918,182,9
-0.12632760405540466,0.8354545454545454,0.8354545454545454,0.9918181818181818,0.9918181818181818,0.008181818181818182,0.008181818181818182,0.5781818181818181,1091,919,181,9
-0.12642455101013184,0.8363636363636363,0.8363636363636363,0.9918181818181818,0.9918181818181818,0.008181818181818182,0.008181818181818182,0.5777272727272728,1091,920,180,9
-0.12736225128173828,0.8372727272727273,0.8372727272727273,0.9918181818181818,0.9918181818181818,0.008181818181818182,0.008181818181818182,0.5772727272727273,1091,921,179,9
-0.12785497307777405,0.8381818181818181,0.8381818181818181,0.9918181818181818,0.9918181818181818,0.008181818181818182,0.008181818181818182,0.5768181818181818,1091,922,178,9
-0.12904885411262512,0.8390909090909091,0.8390909090909091,0.9918181818181818,0.9918181818181818,0.008181818181818182,0.008181818181818182,0.5763636363636364,1091,923,177,9
-0.12916438281536102,0.84,0.84,0.9918181818181818,0.9918181818181818,0.008181818181818182,0.008181818181818182,0.5759090909090909,1091,924,176,9
-0.1294925957918167,0.8409090909090909,0.8409090909090909,0.9918181818181818,0.9918181818181818,0.008181818181818182,0.008181818181818182,0.5754545454545454,1091,925,175,9
-0.12954840064048767,0.8418181818181818,0.8418181818181818,0.9918181818181818,0.9918181818181818,0.008181818181818182,0.008181818181818182,0.575,1091,926,174,9
-0.1296055167913437,0.8427272727272728,0.8427272727272728,0.9918181818181818,0.9918181818181818,0.008181818181818182,0.008181818181818182,0.5745454545454546,1091,927,173,9
-0.13070282340049744,0.8436363636363636,0.8436363636363636,0.9918181818181818,0.9918181818181818,0.008181818181818182,0.008181818181818182,0.5740909090909091,1091,928,172,9
-0.13159896433353424,0.8445454545454546,0.8445454545454546,0.9918181818181818,0.9918181818181818,0.008181818181818182,0.008181818181818182,0.5736363636363636,1091,929,171,9
-0.13171175122261047,0.8454545454545455,0.8454545454545455,0.9918181818181818,0.9918181818181818,0.008181818181818182,0.008181818181818182,0.5731818181818182,1091,930,170,9
-0.13180039823055267,0.8463636363636363,0.8463636363636363,0.9918181818181818,0.9918181818181818,0.008181818181818182,0.008181818181818182,0.5727272727272728,1091,931,169,9
-0.13220593333244324,0.8472727272727273,0.8472727272727273,0.9918181818181818,0.9918181818181818,0.008181818181818182,0.008181818181818182,0.5722727272727273,1091,932,168,9
-0.13226452469825745,0.8481818181818181,0.8481818181818181,0.9918181818181818,0.9918181818181818,0.008181818181818182,0.008181818181818182,0.5718181818181818,1091,933,167,9
-0.1324893832206726,0.8490909090909091,0.8490909090909091,0.9918181818181818,0.9918181818181818,0.008181818181818182,0.008181818181818182,0.5713636363636364,1091,934,166,9
-0.13282892107963562,0.85,0.85,0.9918181818181818,0.9918181818181818,0.008181818181818182,0.008181818181818182,0.5709090909090909,1091,935,165,9
-0.13286712765693665,0.850909090909091,0.850909090909091,0.9918181818181818,0.9918181818181818,0.008181818181818182,0.008181818181818182,0.5704545454545454,1091,936,164,9
-0.13376976549625397,0.8518181818181818,0.8518181818181818,0.9918181818181818,0.9918181818181818,0.008181818181818182,0.008181818181818182,0.57,1091,937,163,9
-0.13388000428676605,0.8527272727272728,0.8527272727272728,0.9918181818181818,0.9918181818181818,0.008181818181818182,0.008181818181818182,0.5695454545454546,1091,938,162,9
-0.1341618150472641,0.8536363636363636,0.8536363636363636,0.9918181818181818,0.9918181818181818,0.008181818181818182,0.008181818181818182,0.5690909090909091,1091,939,161,9
-0.13431966304779053,0.8545454545454545,0.8545454545454545,0.9918181818181818,0.9918181818181818,0.008181818181818182,0.008181818181818182,0.5686363636363636,1091,940,160,9
-0.13446468114852905,0.8554545454545455,0.8554545454545455,0.9918181818181818,0.9918181818181818,0.008181818181818182,0.008181818181818182,0.5681818181818182,1091,941,159,9
-0.13454550504684448,0.8563636363636363,0.8563636363636363,0.9918181818181818,0.9918181818181818,0.008181818181818182,0.008181818181818182,0.5677272727272727,1091,942,158,9
-0.13486804068088531,0.8572727272727273,0.8572727272727273,0.9918181818181818,0.9918181818181818,0.008181818181818182,0.008181818181818182,0.5672727272727273,1091,943,157,9
-0.13593217730522156,0.8581818181818182,0.8581818181818182,0.9918181818181818,0.9918181818181818,0.008181818181818182,0.008181818181818182,0.5668181818181818,1091,944,156,9
-0.1362379938364029,0.8590909090909091,0.8590909090909091,0.9918181818181818,0.9918181818181818,0.008181818181818182,0.008181818181818182,0.5663636363636364,1091,945,155,9
-0.1372436285018921,0.86,0.86,0.9918181818181818,0.9918181818181818,0.008181818181818182,0.008181818181818182,0.5659090909090909,1091,946,154,9
-0.138497456908226,0.860909090909091,0.860909090909091,0.9918181818181818,0.9918181818181818,0.008181818181818182,0.008181818181818182,0.5654545454545454,1091,947,153,9
-0.13893815875053406,0.8618181818181818,0.8618181818181818,0.9918181818181818,0.9918181818181818,0.008181818181818182,0.008181818181818182,0.565,1091,948,152,9
-0.13900282979011536,0.8627272727272727,0.8627272727272727,0.9918181818181818,0.9918181818181818,0.008181818181818182,0.008181818181818182,0.5645454545454546,1091,949,151,9
-0.1392158567905426,0.8636363636363636,0.8636363636363636,0.9918181818181818,0.9918181818181818,0.008181818181818182,0.008181818181818182,0.5640909090909091,1091,950,150,9
-0.13931584358215332,0.8645454545454545,0.8645454545454545,0.9918181818181818,0.9918181818181818,0.008181818181818182,0.008181818181818182,0.5636363636363636,1091,951,149,9
-0.13986259698867798,0.8654545454545455,0.8654545454545455,0.9918181818181818,0.9918181818181818,0.008181818181818182,0.008181818181818182,0.5631818181818182,1091,952,148,9
-0.14010460674762726,0.8663636363636363,0.8663636363636363,0.9918181818181818,0.9918181818181818,0.008181818181818182,0.008181818181818182,0.5627272727272727,1091,953,147,9
-0.14032001793384552,0.8672727272727273,0.8672727272727273,0.9918181818181818,0.9918181818181818,0.008181818181818182,0.008181818181818182,0.5622727272727273,1091,954,146,9
-0.14090323448181152,0.8681818181818182,0.8681818181818182,0.9918181818181818,0.9918181818181818,0.008181818181818182,0.008181818181818182,0.5618181818181818,1091,955,145,9
-0.14136874675750732,0.8690909090909091,0.8690909090909091,0.9918181818181818,0.9918181818181818,0.008181818181818182,0.008181818181818182,0.5613636363636364,1091,956,144,9
-0.14293117821216583,0.87,0.87,0.9918181818181818,0.9918181818181818,0.008181818181818182,0.008181818181818182,0.5609090909090909,1091,957,143,9
-0.14348027110099792,0.8709090909090909,0.8709090909090909,0.9918181818181818,0.9918181818181818,0.008181818181818182,0.008181818181818182,0.5604545454545454,1091,958,142,9
-0.14358305931091309,0.8718181818181818,0.8718181818181818,0.9918181818181818,0.9918181818181818,0.008181818181818182,0.008181818181818182,0.56,1091,959,141,9
-0.14400321245193481,0.8727272727272727,0.8727272727272727,0.9918181818181818,0.9918181818181818,0.008181818181818182,0.008181818181818182,0.5595454545454546,1091,960,140,9
-0.14536598324775696,0.8736363636363637,0.8736363636363637,0.9918181818181818,0.9918181818181818,0.008181818181818182,0.008181818181818182,0.5590909090909091,1091,961,139,9
-0.14711648225784302,0.8745454545454545,0.8745454545454545,0.9918181818181818,0.9918181818181818,0.008181818181818182,0.008181818181818182,0.5586363636363636,1091,962,138,9
-0.1471266746520996,0.8745454545454545,0.8745454545454545,0.9927272727272727,0.9927272727272727,0.007272727272727273,0.007272727272727273,0.5590909090909091,1092,962,138,8
-0.14811842143535614,0.8754545454545455,0.8754545454545455,0.9927272727272727,0.9927272727272727,0.007272727272727273,0.007272727272727273,0.5586363636363636,1092,963,137,8
-0.14915524423122406,0.8763636363636363,0.8763636363636363,0.9927272727272727,0.9927272727272727,0.007272727272727273,0.007272727272727273,0.5581818181818182,1092,964,136,8
-0.15093357861042023,0.8772727272727273,0.8772727272727273,0.9927272727272727,0.9927272727272727,0.007272727272727273,0.007272727272727273,0.5577272727272727,1092,965,135,8
-0.15123353898525238,0.8781818181818182,0.8781818181818182,0.9927272727272727,0.9927272727272727,0.007272727272727273,0.007272727272727273,0.5572727272727273,1092,966,134,8
-0.1513003408908844,0.8790909090909091,0.8790909090909091,0.9927272727272727,0.9927272727272727,0.007272727272727273,0.007272727272727273,0.5568181818181818,1092,967,133,8
-0.15139362215995789,0.88,0.88,0.9927272727272727,0.9927272727272727,0.007272727272727273,0.007272727272727273,0.5563636363636364,1092,968,132,8
-0.15159092843532562,0.8809090909090909,0.8809090909090909,0.9927272727272727,0.9927272727272727,0.007272727272727273,0.007272727272727273,0.5559090909090909,1092,969,131,8
-0.15203702449798584,0.8818181818181818,0.8818181818181818,0.9927272727272727,0.9927272727272727,0.007272727272727273,0.007272727272727273,0.5554545454545454,1092,970,130,8
-0.15378865599632263,0.8827272727272727,0.8827272727272727,0.9927272727272727,0.9927272727272727,0.007272727272727273,0.007272727272727273,0.555,1092,971,129,8
-0.15399670600891113,0.8836363636363637,0.8836363636363637,0.9927272727272727,0.9927272727272727,0.007272727272727273,0.007272727272727273,0.5545454545454546,1092,972,128,8
-0.15507468581199646,0.8845454545454545,0.8845454545454545,0.9927272727272727,0.9927272727272727,0.007272727272727273,0.007272727272727273,0.5540909090909091,1092,973,127,8
-0.15514427423477173,0.8854545454545455,0.8854545454545455,0.9927272727272727,0.9927272727272727,0.007272727272727273,0.007272727272727273,0.5536363636363636,1092,974,126,8
-0.15597547590732574,0.8863636363636364,0.8863636363636364,0.9927272727272727,0.9927272727272727,0.007272727272727273,0.007272727272727273,0.5531818181818182,1092,975,125,8
-0.15598003566265106,0.8872727272727273,0.8872727272727273,0.9927272727272727,0.9927272727272727,0.007272727272727273,0.007272727272727273,0.5527272727272727,1092,976,124,8
-0.15613898634910583,0.8881818181818182,0.8881818181818182,0.9927272727272727,0.9927272727272727,0.007272727272727273,0.007272727272727273,0.5522727272727272,1092,977,123,8
-0.15642988681793213,0.889090909090909,0.889090909090909,0.9927272727272727,0.9927272727272727,0.007272727272727273,0.007272727272727273,0.5518181818181818,1092,978,122,8
-0.15718533098697662,0.89,0.89,0.9927272727272727,0.9927272727272727,0.007272727272727273,0.007272727272727273,0.5513636363636364,1092,979,121,8
-0.15913917124271393,0.8909090909090909,0.8909090909090909,0.9927272727272727,0.9927272727272727,0.007272727272727273,0.007272727272727273,0.5509090909090909,1092,980,120,8
-0.16040271520614624,0.8918181818181818,0.8918181818181818,0.9927272727272727,0.9927272727272727,0.007272727272727273,0.007272727272727273,0.5504545454545454,1092,981,119,8
-0.1605827659368515,0.8927272727272727,0.8927272727272727,0.9927272727272727,0.9927272727272727,0.007272727272727273,0.007272727272727273,0.55,1092,982,118,8
-0.16144827008247375,0.8936363636363637,0.8936363636363637,0.9927272727272727,0.9927272727272727,0.007272727272727273,0.007272727272727273,0.5495454545454546,1092,983,117,8
-0.16184882819652557,0.8945454545454545,0.8945454545454545,0.9927272727272727,0.9927272727272727,0.007272727272727273,0.007272727272727273,0.5490909090909091,1092,984,116,8
-0.1619928479194641,0.8954545454545455,0.8954545454545455,0.9927272727272727,0.9927272727272727,0.007272727272727273,0.007272727272727273,0.5486363636363636,1092,985,115,8
-0.16225683689117432,0.8963636363636364,0.8963636363636364,0.9927272727272727,0.9927272727272727,0.007272727272727273,0.007272727272727273,0.5481818181818182,1092,986,114,8
-0.16327984631061554,0.8972727272727272,0.8972727272727272,0.9927272727272727,0.9927272727272727,0.007272727272727273,0.007272727272727273,0.5477272727272727,1092,987,113,8
-0.16439038515090942,0.8972727272727272,0.8972727272727272,0.9936363636363637,0.9936363636363637,0.006363636363636364,0.006363636363636364,0.5481818181818182,1093,987,113,7
-0.16498681902885437,0.8981818181818182,0.8981818181818182,0.9936363636363637,0.9936363636363637,0.006363636363636364,0.006363636363636364,0.5477272727272727,1093,988,112,7
-0.16519808769226074,0.899090909090909,0.899090909090909,0.9936363636363637,0.9936363636363637,0.006363636363636364,0.006363636363636364,0.5472727272727272,1093,989,111,7
-0.1664687544107437,0.9,0.9,0.9936363636363637,0.9936363636363637,0.006363636363636364,0.006363636363636364,0.5468181818181819,1093,990,110,7
-0.16655582189559937,0.9009090909090909,0.9009090909090909,0.9936363636363637,0.9936363636363637,0.006363636363636364,0.006363636363636364,0.5463636363636364,1093,991,109,7
-0.16715006530284882,0.9018181818181819,0.9018181818181819,0.9936363636363637,0.9936363636363637,0.006363636363636364,0.006363636363636364,0.5459090909090909,1093,992,108,7
-0.16757409274578094,0.9027272727272727,0.9027272727272727,0.9936363636363637,0.9936363636363637,0.006363636363636364,0.006363636363636364,0.5454545454545454,1093,993,107,7
-0.16841761767864227,0.9036363636363637,0.9036363636363637,0.9936363636363637,0.9936363636363637,0.006363636363636364,0.006363636363636364,0.545,1093,994,106,7
-0.17104345560073853,0.9045454545454545,0.9045454545454545,0.9936363636363637,0.9936363636363637,0.006363636363636364,0.006363636363636364,0.5445454545454546,1093,995,105,7
-0.17265990376472473,0.9054545454545454,0.9054545454545454,0.9936363636363637,0.9936363636363637,0.006363636363636364,0.006363636363636364,0.5440909090909091,1093,996,104,7
-0.17319144308567047,0.9063636363636364,0.9063636363636364,0.9936363636363637,0.9936363636363637,0.006363636363636364,0.006363636363636364,0.5436363636363636,1093,997,103,7
-0.17440856993198395,0.9072727272727272,0.9072727272727272,0.9936363636363637,0.9936363636363637,0.006363636363636364,0.006363636363636364,0.5431818181818182,1093,998,102,7
-0.17453694343566895,0.9081818181818182,0.9081818181818182,0.9936363636363637,0.9936363636363637,0.006363636363636364,0.006363636363636364,0.5427272727272727,1093,999,101,7
-0.17460422217845917,0.9090909090909091,0.9090909090909091,0.9936363636363637,0.9936363636363637,0.006363636363636364,0.006363636363636364,0.5422727272727272,1093,1000,100,7
-0.17460833489894867,0.91,0.91,0.9936363636363637,0.9936363636363637,0.006363636363636364,0.006363636363636364,0.5418181818181819,1093,1001,99,7
-0.1755005270242691,0.9109090909090909,0.9109090909090909,0.9936363636363637,0.9936363636363637,0.006363636363636364,0.006363636363636364,0.5413636363636364,1093,1002,98,7
-0.176236093044281,0.9118181818181819,0.9118181818181819,0.9936363636363637,0.9936363636363637,0.006363636363636364,0.006363636363636364,0.5409090909090909,1093,1003,97,7
-0.17645813524723053,0.9127272727272727,0.9127272727272727,0.9936363636363637,0.9936363636363637,0.006363636363636364,0.006363636363636364,0.5404545454545454,1093,1004,96,7
-0.17651696503162384,0.9136363636363637,0.9136363636363637,0.9936363636363637,0.9936363636363637,0.006363636363636364,0.006363636363636364,0.54,1093,1005,95,7
-0.1786481738090515,0.9145454545454546,0.9145454545454546,0.9936363636363637,0.9936363636363637,0.006363636363636364,0.006363636363636364,0.5395454545454546,1093,1006,94,7
-0.17995214462280273,0.9154545454545454,0.9154545454545454,0.9936363636363637,0.9936363636363637,0.006363636363636364,0.006363636363636364,0.5390909090909091,1093,1007,93,7
-0.1800941824913025,0.9154545454545454,0.9154545454545454,0.9945454545454545,0.9945454545454545,0.005454545454545455,0.005454545454545455,0.5395454545454546,1094,1007,93,6
-0.18061552941799164,0.9163636363636364,0.9163636363636364,0.9945454545454545,0.9945454545454545,0.005454545454545455,0.005454545454545455,0.5390909090909091,1094,1008,92,6
-0.18186353147029877,0.9172727272727272,0.9172727272727272,0.9945454545454545,0.9945454545454545,0.005454545454545455,0.005454545454545455,0.5386363636363637,1094,1009,91,6
-0.18348798155784607,0.9181818181818182,0.9181818181818182,0.9945454545454545,0.9945454545454545,0.005454545454545455,0.005454545454545455,0.5381818181818182,1094,1010,90,6
-0.18377260863780975,0.9190909090909091,0.9190909090909091,0.9945454545454545,0.9945454545454545,0.005454545454545455,0.005454545454545455,0.5377272727272727,1094,1011,89,6
-0.1849888563156128,0.9190909090909091,0.9190909090909091,0.9954545454545455,0.9954545454545455,0.004545454545454545,0.004545454545454545,0.5381818181818182,1095,1011,89,5
-0.1852075159549713,0.92,0.92,0.9954545454545455,0.9954545454545455,0.004545454545454545,0.004545454545454545,0.5377272727272727,1095,1012,88,5
-0.1853419989347458,0.92,0.92,0.9963636363636363,0.9963636363636363,0.0036363636363636364,0.0036363636363636364,0.5381818181818182,1096,1012,88,4
-0.1857944130897522,0.9209090909090909,0.9209090909090909,0.9963636363636363,0.9963636363636363,0.0036363636363636364,0.0036363636363636364,0.5377272727272727,1096,1013,87,4
-0.1863383650779724,0.9218181818181819,0.9218181818181819,0.9963636363636363,0.9963636363636363,0.0036363636363636364,0.0036363636363636364,0.5372727272727272,1096,1014,86,4
-0.1868133842945099,0.9227272727272727,0.9227272727272727,0.9963636363636363,0.9963636363636363,0.0036363636363636364,0.0036363636363636364,0.5368181818181819,1096,1015,85,4
-0.18726089596748352,0.9236363636363636,0.9236363636363636,0.9963636363636363,0.9963636363636363,0.0036363636363636364,0.0036363636363636364,0.5363636363636364,1096,1016,84,4
-0.18883256614208221,0.9245454545454546,0.9245454545454546,0.9963636363636363,0.9963636363636363,0.0036363636363636364,0.0036363636363636364,0.5359090909090909,1096,1017,83,4
-0.18952223658561707,0.9254545454545454,0.9254545454545454,0.9963636363636363,0.9963636363636363,0.0036363636363636364,0.0036363636363636364,0.5354545454545454,1096,1018,82,4
-0.18954895436763763,0.9263636363636364,0.9263636363636364,0.9963636363636363,0.9963636363636363,0.0036363636363636364,0.0036363636363636364,0.535,1096,1019,81,4
-0.1902736872434616,0.9272727272727272,0.9272727272727272,0.9963636363636363,0.9963636363636363,0.0036363636363636364,0.0036363636363636364,0.5345454545454545,1096,1020,80,4
-0.1911611109972,0.9281818181818182,0.9281818181818182,0.9963636363636363,0.9963636363636363,0.0036363636363636364,0.0036363636363636364,0.5340909090909091,1096,1021,79,4
-0.19159182906150818,0.9290909090909091,0.9290909090909091,0.9963636363636363,0.9963636363636363,0.0036363636363636364,0.0036363636363636364,0.5336363636363637,1096,1022,78,4
-0.19288243353366852,0.93,0.93,0.9963636363636363,0.9963636363636363,0.0036363636363636364,0.0036363636363636364,0.5331818181818182,1096,1023,77,4
-0.19509536027908325,0.9309090909090909,0.9309090909090909,0.9963636363636363,0.9963636363636363,0.0036363636363636364,0.0036363636363636364,0.5327272727272727,1096,1024,76,4
-0.19610324501991272,0.9318181818181818,0.9318181818181818,0.9963636363636363,0.9963636363636363,0.0036363636363636364,0.0036363636363636364,0.5322727272727272,1096,1025,75,4
-0.1981479972600937,0.9327272727272727,0.9327272727272727,0.9963636363636363,0.9963636363636363,0.0036363636363636364,0.0036363636363636364,0.5318181818181819,1096,1026,74,4
-0.1982981115579605,0.9327272727272727,0.9327272727272727,0.9972727272727273,0.9972727272727273,0.0027272727272727275,0.0027272727272727275,0.5322727272727272,1097,1026,74,3
-0.2035813182592392,0.9336363636363636,0.9336363636363636,0.9972727272727273,0.9972727272727273,0.0027272727272727275,0.0027272727272727275,0.5318181818181819,1097,1027,73,3
-0.20362815260887146,0.9345454545454546,0.9345454545454546,0.9972727272727273,0.9972727272727273,0.0027272727272727275,0.0027272727272727275,0.5313636363636364,1097,1028,72,3
-0.20589487254619598,0.9354545454545454,0.9354545454545454,0.9972727272727273,0.9972727272727273,0.0027272727272727275,0.0027272727272727275,0.5309090909090909,1097,1029,71,3
-0.20691078901290894,0.9363636363636364,0.9363636363636364,0.9972727272727273,0.9972727272727273,0.0027272727272727275,0.0027272727272727275,0.5304545454545454,1097,1030,70,3
-0.2090120017528534,0.9372727272727273,0.9372727272727273,0.9972727272727273,0.9972727272727273,0.0027272727272727275,0.0027272727272727275,0.53,1097,1031,69,3
-0.2095963954925537,0.9381818181818182,0.9381818181818182,0.9972727272727273,0.9972727272727273,0.0027272727272727275,0.0027272727272727275,0.5295454545454545,1097,1032,68,3
-0.2095997929573059,0.9390909090909091,0.9390909090909091,0.9972727272727273,0.9972727272727273,0.0027272727272727275,0.0027272727272727275,0.5290909090909091,1097,1033,67,3
-0.21046099066734314,0.94,0.94,0.9972727272727273,0.9972727272727273,0.0027272727272727275,0.0027272727272727275,0.5286363636363637,1097,1034,66,3
-0.21099746227264404,0.9409090909090909,0.9409090909090909,0.9972727272727273,0.9972727272727273,0.0027272727272727275,0.0027272727272727275,0.5281818181818182,1097,1035,65,3
-0.2117968648672104,0.9418181818181818,0.9418181818181818,0.9972727272727273,0.9972727272727273,0.0027272727272727275,0.0027272727272727275,0.5277272727272727,1097,1036,64,3
-0.2135276049375534,0.9427272727272727,0.9427272727272727,0.9972727272727273,0.9972727272727273,0.0027272727272727275,0.0027272727272727275,0.5272727272727272,1097,1037,63,3
-0.21552878618240356,0.9436363636363636,0.9436363636363636,0.9972727272727273,0.9972727272727273,0.0027272727272727275,0.0027272727272727275,0.5268181818181819,1097,1038,62,3
-0.21595974266529083,0.9445454545454546,0.9445454545454546,0.9972727272727273,0.9972727272727273,0.0027272727272727275,0.0027272727272727275,0.5263636363636364,1097,1039,61,3
-0.2160884439945221,0.9454545454545454,0.9454545454545454,0.9972727272727273,0.9972727272727273,0.0027272727272727275,0.0027272727272727275,0.5259090909090909,1097,1040,60,3
-0.21662230789661407,0.9463636363636364,0.9463636363636364,0.9972727272727273,0.9972727272727273,0.0027272727272727275,0.0027272727272727275,0.5254545454545455,1097,1041,59,3
-0.21746721863746643,0.9472727272727273,0.9472727272727273,0.9972727272727273,0.9972727272727273,0.0027272727272727275,0.0027272727272727275,0.525,1097,1042,58,3
-0.21830318868160248,0.9481818181818182,0.9481818181818182,0.9972727272727273,0.9972727272727273,0.0027272727272727275,0.0027272727272727275,0.5245454545454545,1097,1043,57,3
-0.21888241171836853,0.9490909090909091,0.9490909090909091,0.9972727272727273,0.9972727272727273,0.0027272727272727275,0.0027272727272727275,0.524090909090909,1097,1044,56,3
-0.21897506713867188,0.95,0.95,0.9972727272727273,0.9972727272727273,0.0027272727272727275,0.0027272727272727275,0.5236363636363637,1097,1045,55,3
-0.22159110009670258,0.9509090909090909,0.9509090909090909,0.9972727272727273,0.9972727272727273,0.0027272727272727275,0.0027272727272727275,0.5231818181818182,1097,1046,54,3
-0.22416584193706512,0.9518181818181818,0.9518181818181818,0.9972727272727273,0.9972727272727273,0.0027272727272727275,0.0027272727272727275,0.5227272727272727,1097,1047,53,3
-0.2242370843887329,0.9527272727272728,0.9527272727272728,0.9972727272727273,0.9972727272727273,0.0027272727272727275,0.0027272727272727275,0.5222727272727272,1097,1048,52,3
-0.22448468208312988,0.9536363636363636,0.9536363636363636,0.9972727272727273,0.9972727272727273,0.0027272727272727275,0.0027272727272727275,0.5218181818181818,1097,1049,51,3
-0.22485840320587158,0.9545454545454546,0.9545454545454546,0.9972727272727273,0.9972727272727273,0.0027272727272727275,0.0027272727272727275,0.5213636363636364,1097,1050,50,3
-0.22509479522705078,0.9554545454545454,0.9554545454545454,0.9972727272727273,0.9972727272727273,0.0027272727272727275,0.0027272727272727275,0.5209090909090909,1097,1051,49,3
-0.22532570362091064,0.9563636363636364,0.9563636363636364,0.9972727272727273,0.9972727272727273,0.0027272727272727275,0.0027272727272727275,0.5204545454545455,1097,1052,48,3
-0.22620946168899536,0.9572727272727273,0.9572727272727273,0.9972727272727273,0.9972727272727273,0.0027272727272727275,0.0027272727272727275,0.52,1097,1053,47,3
-0.2264535129070282,0.9581818181818181,0.9581818181818181,0.9972727272727273,0.9972727272727273,0.0027272727272727275,0.0027272727272727275,0.5195454545454545,1097,1054,46,3
-0.22994554042816162,0.9590909090909091,0.9590909090909091,0.9972727272727273,0.9972727272727273,0.0027272727272727275,0.0027272727272727275,0.519090909090909,1097,1055,45,3
-0.230421781539917,0.96,0.96,0.9972727272727273,0.9972727272727273,0.0027272727272727275,0.0027272727272727275,0.5186363636363637,1097,1056,44,3
-0.2307133972644806,0.96,0.96,0.9981818181818182,0.9981818181818182,0.0018181818181818182,0.0018181818181818182,0.519090909090909,1098,1056,44,2
-0.23164893686771393,0.9609090909090909,0.9609090909090909,0.9981818181818182,0.9981818181818182,0.0018181818181818182,0.0018181818181818182,0.5186363636363637,1098,1057,43,2
-0.23218251764774323,0.9618181818181818,0.9618181818181818,0.9981818181818182,0.9981818181818182,0.0018181818181818182,0.0018181818181818182,0.5181818181818182,1098,1058,42,2
-0.23623716831207275,0.9627272727272728,0.9627272727272728,0.9981818181818182,0.9981818181818182,0.0018181818181818182,0.0018181818181818182,0.5177272727272727,1098,1059,41,2
-0.23684298992156982,0.9636363636363636,0.9636363636363636,0.9981818181818182,0.9981818181818182,0.0018181818181818182,0.0018181818181818182,0.5172727272727272,1098,1060,40,2
-0.24065542221069336,0.9636363636363636,0.9636363636363636,0.9990909090909091,0.9990909090909091,0.0009090909090909091,0.0009090909090909091,0.5177272727272727,1099,1060,40,1
-0.24113422632217407,0.9645454545454546,0.9645454545454546,0.9990909090909091,0.9990909090909091,0.0009090909090909091,0.0009090909090909091,0.5172727272727272,1099,1061,39,1
-0.2412637174129486,0.9654545454545455,0.9654545454545455,0.9990909090909091,0.9990909090909091,0.0009090909090909091,0.0009090909090909091,0.5168181818181818,1099,1062,38,1
-0.2454565465450287,0.9663636363636363,0.9663636363636363,0.9990909090909091,0.9990909090909091,0.0009090909090909091,0.0009090909090909091,0.5163636363636364,1099,1063,37,1
-0.24643178284168243,0.9672727272727273,0.9672727272727273,0.9990909090909091,0.9990909090909091,0.0009090909090909091,0.0009090909090909091,0.5159090909090909,1099,1064,36,1
-0.24654044210910797,0.9681818181818181,0.9681818181818181,0.9990909090909091,0.9990909090909091,0.0009090909090909091,0.0009090909090909091,0.5154545454545455,1099,1065,35,1
-0.2480674386024475,0.9690909090909091,0.9690909090909091,0.9990909090909091,0.9990909090909091,0.0009090909090909091,0.0009090909090909091,0.515,1099,1066,34,1
-0.24854180216789246,0.97,0.97,0.9990909090909091,0.9990909090909091,0.0009090909090909091,0.0009090909090909091,0.5145454545454545,1099,1067,33,1
-0.2490941733121872,0.9709090909090909,0.9709090909090909,0.9990909090909091,0.9990909090909091,0.0009090909090909091,0.0009090909090909091,0.514090909090909,1099,1068,32,1
-0.25113993883132935,0.9718181818181818,0.9718181818181818,0.9990909090909091,0.9990909090909091,0.0009090909090909091,0.0009090909090909091,0.5136363636363637,1099,1069,31,1
-0.2526988685131073,0.9718181818181818,0.9718181818181818,1.0,1.0,0.0,0.0,0.514090909090909,1100,1069,31,0
-0.25368285179138184,0.9727272727272728,0.9727272727272728,1.0,1.0,0.0,0.0,0.5136363636363637,1100,1070,30,0
-0.2538374066352844,0.9736363636363636,0.9736363636363636,1.0,1.0,0.0,0.0,0.5131818181818182,1100,1071,29,0
-0.2565211057662964,0.9745454545454545,0.9745454545454545,1.0,1.0,0.0,0.0,0.5127272727272727,1100,1072,28,0
-0.25705432891845703,0.9754545454545455,0.9754545454545455,1.0,1.0,0.0,0.0,0.5122727272727273,1100,1073,27,0
-0.25921112298965454,0.9763636363636363,0.9763636363636363,1.0,1.0,0.0,0.0,0.5118181818181818,1100,1074,26,0
-0.26018664240837097,0.9772727272727273,0.9772727272727273,1.0,1.0,0.0,0.0,0.5113636363636364,1100,1075,25,0
-0.2609715461730957,0.9781818181818182,0.9781818181818182,1.0,1.0,0.0,0.0,0.5109090909090909,1100,1076,24,0
-0.26154568791389465,0.9790909090909091,0.9790909090909091,1.0,1.0,0.0,0.0,0.5104545454545455,1100,1077,23,0
-0.2628273069858551,0.98,0.98,1.0,1.0,0.0,0.0,0.51,1100,1078,22,0
-0.26300352811813354,0.980909090909091,0.980909090909091,1.0,1.0,0.0,0.0,0.5095454545454545,1100,1079,21,0
-0.264293372631073,0.9818181818181818,0.9818181818181818,1.0,1.0,0.0,0.0,0.509090909090909,1100,1080,20,0
-0.2700740098953247,0.9827272727272728,0.9827272727272728,1.0,1.0,0.0,0.0,0.5086363636363637,1100,1081,19,0
-0.270113468170166,0.9836363636363636,0.9836363636363636,1.0,1.0,0.0,0.0,0.5081818181818182,1100,1082,18,0
-0.27501675486564636,0.9845454545454545,0.9845454545454545,1.0,1.0,0.0,0.0,0.5077272727272727,1100,1083,17,0
-0.2830486297607422,0.9854545454545455,0.9854545454545455,1.0,1.0,0.0,0.0,0.5072727272727273,1100,1084,16,0
-0.2838194966316223,0.9863636363636363,0.9863636363636363,1.0,1.0,0.0,0.0,0.5068181818181818,1100,1085,15,0
-0.29568716883659363,0.9872727272727273,0.9872727272727273,1.0,1.0,0.0,0.0,0.5063636363636363,1100,1086,14,0
-0.30547046661376953,0.9881818181818182,0.9881818181818182,1.0,1.0,0.0,0.0,0.5059090909090909,1100,1087,13,0
-0.306127667427063,0.9890909090909091,0.9890909090909091,1.0,1.0,0.0,0.0,0.5054545454545455,1100,1088,12,0
-0.3062851130962372,0.99,0.99,1.0,1.0,0.0,0.0,0.505,1100,1089,11,0
-0.31258079409599304,0.990909090909091,0.990909090909091,1.0,1.0,0.0,0.0,0.5045454545454545,1100,1090,10,0
-0.3332429528236389,0.9918181818181818,0.9918181818181818,1.0,1.0,0.0,0.0,0.5040909090909091,1100,1091,9,0
-0.33637258410453796,0.9927272727272727,0.9927272727272727,1.0,1.0,0.0,0.0,0.5036363636363637,1100,1092,8,0
-0.3588847517967224,0.9936363636363637,0.9936363636363637,1.0,1.0,0.0,0.0,0.5031818181818182,1100,1093,7,0
-0.3633294701576233,0.9945454545454545,0.9945454545454545,1.0,1.0,0.0,0.0,0.5027272727272727,1100,1094,6,0
-0.3711291551589966,0.9954545454545455,0.9954545454545455,1.0,1.0,0.0,0.0,0.5022727272727273,1100,1095,5,0
-0.3767685294151306,0.9963636363636363,0.9963636363636363,1.0,1.0,0.0,0.0,0.5018181818181818,1100,1096,4,0
-0.3819175362586975,0.9972727272727273,0.9972727272727273,1.0,1.0,0.0,0.0,0.5013636363636363,1100,1097,3,0
-0.3905436396598816,0.9981818181818182,0.9981818181818182,1.0,1.0,0.0,0.0,0.5009090909090909,1100,1098,2,0
-0.4318758547306061,0.9990909090909091,0.9990909090909091,1.0,1.0,0.0,0.0,0.5004545454545455,1100,1099,1,0
-0.49535027146339417,1.0,1.0,1.0,1.0,0.0,0.0,0.5,1100,1100,0,0
